id,title,original_title,description,category,url,content,summary,word_count,char_count,collected
musk_supplement_1,SpaceX Starship,SpaceX Starship,Mars rocket project details,spacex,https://en.wikipedia.org/wiki/SpaceX_Starship,"Starship is a two-stage, fully reusable, super heavy-lift launch vehicle under development by American aerospace company SpaceX. Currently built and launched from Starbase in Texas, it is intended as the successor to the company's Falcon 9 and Falcon Heavy rockets, and is part of SpaceX's broader reusable launch system development program. If completed as designed, Starship would be the first fully reusable orbital rocket and have the highest payload capacity of any launch vehicle to date. As of August 26, 2025, Starship has launched 10 times, with 5 successful flights and 5 failures.
The vehicle consists of two stages: the Super Heavy booster and the Starship spacecraft, both powered by Raptor engines burning liquid methane (the main component of natural gas) and liquid oxygen. Both stages are intended to return to the launch site and land vertically at the launch tower for potential reuse. Once in space, the Starship upper stage is intended to function as a standalone spacecraft capable of carrying crew and cargo. Missions beyond low Earth orbit would require multiple in-orbit refueling flights. At the end of its mission, Starship reenters the atmosphere using heat shield tiles similar to those of the Space Shuttle. SpaceX states that its goal is to reduce launch costs by both reusing and mass producing both stages.
SpaceX has proposed a wide range of missions for Starship, such as deploying large satellites, space station modules, and space telescopes. A crewed variant, developed under contract with NASA, is called the Starship Human Landing System, which is scheduled to deliver astronauts to the Moon as part Artemis program, beginning with Artemis III currently scheduled for 2027. SpaceX has also expressed ambitions to use Starship for crewed missions to Mars.
SpaceX began developing concepts for a super heavy-lift reusable launch vehicle as early as 2005, when it was called BFR (Big Falcon Rocket). Starship's current design and name were introduced in 2018. Development has followed an iterative and incremental approach, involving a high number of test flights and prototype vehicles. The first launch of a full Starship vehicle occurred on April 20, 2023, and ended with the explosion of the rocket four minutes after liftoff. The program has failed to meet many of its optimistic schedule goals. Its development has had several setbacks, including the in-flight failure of all three upper stages launched in the first half of 2025.


== Description ==
When stacked and fully fueled, Starship has a mass of approximately 5,300 t (11,700,000 lb), a diameter of 9 m (30 ft) and a height of 121.3 m (398 ft). The rocket has been designed with the goal of being fully reusable to reduce launch costs; it consists of the Super Heavy booster and the Starship upper stage which are powered by Raptor and Raptor Vacuum engines.
The bodies of both rocket stages are made from stainless steel and are manufactured by stacking and welding stainless steel cylinders. These cylinders have a height of 1.83 m (6 ft), and a thickness of 3.97 mm (0.156 in).
Domes inside the spacecraft separate the methane and oxygen tanks. SpaceX has stated that Starship, in its ""baseline reusable design"", will have a payload capacity of 100–150 t (220,000–331,000 lb) to low Earth orbit and 27 t (60,000 lb) to geostationary transfer orbit.


=== Super Heavy booster ===

Super Heavy is 71 m (233 ft) tall, 9 m (30 ft) wide, and is composed of four general sections: the engines, the oxygen tank, the fuel tank, and the interstage. SpaceX CEO Elon Musk stated in 2021 that the final design will have a dry mass between 160 t (350,000 lb) and 200 t (440,000 lb), with the tanks weighing 80 t (180,000 lb) and the interstage 20 t (44,000 lb).


==== Tanks ====
The two cryogenic propellant tanks on Super Heavy are separated by a common bulkhead, a similar structural design to the S-II and S-IVB stages on the Saturn V rocket. After Starship's second flight test, the common dome's design was changed to be more elliptical, altering the propellant capacity of both tanks by a small amount. Each tank possesses roughly 74 stringers for structural reinforcement, attached to their interior walls. The booster's two tanks hold a combined 3,400 t (7,500,000 lb) of propellant: 2,700 t (6,000,000 lb) of liquid oxygen and 700 t (1,500,000 lb) of liquid methane. Fuel is fed to the engines via a single liquid funnel, and channeled into distribution manifolds of the engines. This system was upgraded on Block 3 boosters, featuring a substantially larger transfer tube connecting the engines and the methane tank. Block 1 and 2 boosters both have a single booster quick disconnect, along with multiple quick disconnects for the outer engines, while Block 3 boosters have two quick disconnects. One disconnect feeds liquid oxygen into the vehicle, the other liquid methane.
The oxygen tank ends at the thrust structure of the vehicle. While the outer twenty engines are mounted to the walls of the aft bay, the inner thirteen are mounted onto the thrust puck, a part of the aft dome. Large steel structures are attached to the bottom of the dome, reinforcing the puck sufficiently to fully support the inner thirteen engines, and at the same time providing pathways for methane and oxygen into the engines. In addition, large filters were added in this region beginning on Booster 10. Liquid oxygen is supplied by a header tank during landing burn for the inner thirteen engines. On Booster 15, the header tank had at least nine additional tanks attached, increasing capacity for the landing burn. The added tanks may have been present on Boosters 12, 13, and 14, though this was unconfirmed as of February 2025. Booster 5 was the only 29-engine booster to receive a header tank, mounted to the side of the oxygen tank instead of being integrated with the thrust puck.
The methane funnel is partially contained within the header tank, as the methane sump is directly below it. On Booster 7 and all subsequent vehicles, four aerodynamic chines are located on the outside of the oxygen tank, providing aerodynamic lift during descent, as well as housing batteries, composite overwrapped pressure vessels (COPVs) for spin start, and CO2 tanks for fire suppression. On vehicles with hydraulic power units (HPUs), COPVs dedicated to engine ignition, batteries, and communication antennae were located within the HPU cover instead of the chines.


==== Propulsion ====
Super Heavy is powered by 33 Raptor engines, which on Block 1 and 2 vehicles are housed within a dedicated shielding compartment. This compartment is not present before engine installation, thus boosters are roughly three meters shorter prior to engine installation. The outer 20 engines, arranged in a ring, are fixed in place. To save weight, the 20 engines are started using ground support equipment on the launch mount and cannot be reignited for subsequent burns. The inner thirteen engines are equipped with gimbal actuators and reignite for the boostback and landing burns. After Starship's first flight test, this gimbaling system was switched from a hydraulic system to an electric one, enabling the removal of the hydraulic power units. This change was made to the upper stage after the second flight test. During the ascent and boostback burns, the engines draw propellant from the main tanks, with the liquid oxygen being drawn from a dedicated header tank during the landing burn. Like the thrust vector control system, the engine shielding, which isolates individual engines in the event of a failure, was upgraded after Starship's first flight test, alongside the fire suppression system. The aft bay has eighteen vents visible on the outside of the booster, which are believed to be connected to the outer 20 engines, while the center engines vent directly below the launch pad.
The Raptor engine uses a full-flow staged combustion cycle with oxygen and methane-rich turbopumps. Before 2014, only two full-flow staged-combustion rocket engine designs had advanced enough to undergo testing: the Soviet RD-270 project in the 1960s and the Aerojet Rocketdyne Integrated Powerhead Demonstrator in the mid-2000s. To improve performance, the engines burn subcooled propellant; i.e. the propellants are cooled below their respective boiling points to further increase their density and the engine mass flow rates.
The Block 1 version of the booster (used through November 2024) produces a total of 73.5 MN (16,500,000 lbf) just over twice that of the Saturn V first stage, with this total being expected to increase to 80.8 MN (18,200,000 lbf) for Block 3 boosters and later up to 98.1 MN (22,100,000 lbf) with the Block 4 vehicle.The thirty three engines collectively produce large shock diamonds in the exhaust jet, visible during ascent and descent.
During unpowered flight in the upper atmosphere, control authority is provided by cold gas thrusters fed with residual ullage gas. Four perpendicular vents are located within the interstage. Additional vents are located just below the common dome, pointing down toward the engines at a slight angle.
The Block 3 booster contains an updated aft dome, with metallic heat shield tiles mounted upon it.


==== Interstage ====
The interstage is equipped with four electrically actuated grid fins made of stainless steel, each with a mass of roughly 3 t (6,600 lb). The fins remain extended during ascent to save weight, though this results in mild warping during stage separation. The interstage also has protruding hardpoints, located between grid fins, allowing the booster to be lifted or caught by the launch tower. The ability to lift a booster from these hardpoints was proven on August 23, 2022, when Booster 7 was lifted onto OLM A. The first catch of a booster occurred on October 13, 2024, using Booster 12.After the first Starship test flight, all boosters have an additional 1.8 m tall vented interstage to enable hot staging. During hot staging, Super Heavy shuts down all but the three center engines, while the second stage fires its engines before separating, thus the second stage ""pushes off"" from the first stage, giving added thrust. The vented interstage contains a dome to shield the top of Super Heavy from the second stage's exhaust. Elon Musk in 2023 claimed that this change might result in a 10% increase in the payload to low Earth orbit. Beginning with Booster 11, the vented interstage is jettisoned after completion of the boostback burn, to reduce mass during descent. As of June 2024, SpaceX does not intend to jettison the interstage when flying Block 2 and Block 3 boosters, as the vented section will be directly integrated into the vehicle.
On Block 3 boosters, the interstage is directly integrated into the methane tank, and the number of grid fins is reduced from four to three, in a 90/90/180 degree arrangement. These grid fins are roughly one and a half times the size of the Block 1 and 2 grid fins, and are positioned lower on the vehicle. According to SpaceX, the repositioning reduces the heat experienced during stage separation. Additionally, the fins are integrated with the catch pins.


=== Starship spacecraft ===

The Block 2 version of Starship is 52.1 m (171 ft) tall, 9 m (30 ft) wide, and is composed of four general sections: the engine bay, the oxygen tank, the fuel tank, and the payload bay. The retired Block 1 was constructed in a similar manner, though it was only 50.3 m (165 ft) tall. Elon Musk stated in 2021 that the vehicle has a dry mass of roughly 100 t (220,000 lb). The windward side is protected by a heat shield, which is composed of eighteen thousand hexagonal black tiles that can withstand temperatures of 1,400 °C (2,600 °F). It is designed to protect the vehicle during atmospheric entry and to be used multiple times with minimal maintenance between flights. The silica-based tiles are attached to Starship with pins, and have small gaps in between to allow for heat expansion. After flight test 4, SpaceX added a secondary ablative layer under the primary heat shield, though this was only added to the flaps of the flight test 6 vehicle. This ablative layer is likely composed of pyron, which is similar in composition to carbon composites. The total mass of the heat shield and ablative layer of a Block 1 ship is 10.5 t (23,000 lb).


==== Tanks ====
The propellant tanks on Starship are separated by a common bulkhead, similar to the ones used on the S-II and S-IVB stages on the Saturn V rocket. While Block 2 vehicles use an elliptical dome, the common and forward domes of the Block 1 design were more conical. Block 1 vehicles only had 24 stringers within the oxygen tank, while Block 2 vehicles had these added to the methane tanks. The vehicle's tanks hold 1,500 t (3,300,000 lb) of propellant, consisting of 1,170 t (2,580,000 lb) of liquid oxygen and 330 t (730,000 lb) of liquid methane. 
Fuel is fed to the engines via four downcomers, with three smaller downcomers feeding the Vacuum Raptors/RVacs and the central downcomer feeding the inner three engines. The central downcomer connects to a large sump, instead of directly to the methane tank itself. The original design only featured a single downcomer. The LOX downcomer extends into the LOX tank, with a small expanded portion of unknown purpose. Two additional downcomers route methane and oxygen from the header tanks. A camera is located on the walls of the tank, pointed towards the payload bay.
The oxygen tank terminates with the thrust structure of the vehicle. The RVacs are mounted directly to the aft dome, which has reinforcements mounted inside of the tank. The three sea level engines are mounted on the thrust puck, which forms the bottom of the aft dome. A conical steel structure is mounted inside the bottom of the dome, reinforcing the thrust puck enough to enable its support of the inner three engines. The propellant lines on the vehicles are all vacuum jacketed, reducing boiloff while in orbit. 


==== Propulsion ====
Starship is powered by six Raptor engines, which are housed within a dedicated shielding compartment. Blocks 1 through 3 feature three sea-level engines, as well as three engines optimized for operation in the vacuum of space, called RVacs. Block 4 ships are expected to feature three additional RVacs. The sea-level engines are equipped with gimbal actuators, and reignite for the landing burns. After Starship's second flight test, this gimbaling system was switched from a hydraulic system to an electric one, enabling the removal of the hydraulic power units. This change was made to the booster after the first flight test. There are four engine chill lines onboard the vehicle, though two of these lines may serve another purpose.
Each engine is protected by a dedicated shielding compartment. Beginning with S25, the Block 1 design had between 14 and 16 such vents. Additional vents were added after flight 7. The fire suppression system, which uses gaseous nitrogen to purge the engine bay during flight, was upgraded after flight 7. A similar system on the booster uses carbon dioxide to purge the individual engine compartments during flight and static fires.
The Raptor engine uses a full-flow staged combustion cycle, which has both oxygen and methane-rich turbopumps. Before 2014, only two full-flow staged-combustion rocket engine designs had advanced enough to undergo testing: the Soviet RD-270 project in the 1960s and the Aerojet Rocketdyne Integrated Powerhead Demonstrator in the mid-2000s. To improve performance, the engines burn supercooled propellant.
The Block 1 version of the ship (used through November 2024) produces a total of 12.25 MN (2,750,000 lbf) almost triple the thrust of the Saturn V second stage, with this being expected to increase to 15.69 MN (3,530,000 lbf) for Block 2 boosters and later up to 26.48 MN (5,950,000 lbf) with the Block 3 vehicle.
During unpowered flight in orbit, control authority is provided by cold gas thrusters fed with residual ullage gas. Four such thrusters are located just below the payload bay, and two on the oxygen tank. Near the top of the nosecone, there are two vents connected to the header tanks. Additional vents were added at the base of the vehicle after flight two.


==== Payload bay ====
The payload bay hosts the nosecone, header tanks, forward flaps, multiple COPVs, and the ""PEZ dispenser"". The header tanks are mounted at the tip of the payload bay. The LOX header tank forms the top of the nosecone, with the methane header tank attached directly below it. These tanks terminate in a conical sump, which are attached to the downcomers. Several COPVs are mounted in the space around the methane header tank, providing the startup gas for the engines, with twelve additional COPVs within the base of the payload bay.
The nosecone has substantial internal reinforcement, mainly around the forward flap attachment points and lifting points for the chopsticks. The number of internal stringers was increased between Block 1 and Block 2 vehicles. Additional reinforcements are used to support the PEZ dispenser on ships equipped with one. Four Starlink antennas are located within the nosecone.
The PEZ dispenser is used to deploy Starlink satellites into LEO. It was first added to S24, though it was permanently sealed until flight 3. It consists of the dispenser mechanism and the door. The door opens by folding into the payload bay.
The dispenser itself is mounted directly to the forward dome. It has a truss structure for its base, with solid steel used elsewhere. A mobile track is used in the base, enabling the dispenser to push the satellite out of the vehicle. After dispensing a satellite, the next payload is lowered onto the base, and is deployed. The opposite occurs during loading, with the dispenser raising its payloads to receive another satellite. In order to prevent the satellite from floating out of the mechanism during zero-g operations, the dispenser locks the satellites in position using a ""retention frame"". This is lowered alongside the satellites during operation.


==== Flaps ====

Starship controls its reentry with four flaps, two aft flaps mounted to the sides of the engine bay and LOX tank and two forward flaps on the payload bay. Substantial reinforcements are present in the nosecone for the support of the forward flaps. According to SpaceX, the flaps replace the need for wings or tailplane, reduce the fuel needed for landing, and allow landing at destinations in the Solar System where runways do not exist (for example, Mars). The flap's hinges are sealed in aerocovers because they would otherwise be easily damaged during reentry. Static wicks are present on the flaps, aiding in the discharge of static electricity.
Despite this, damage to the forward flaps was observed on flights four, five, and six, with near complete loss occurring on flight 4. Beginning with Block 2, the design of these forward flaps was significantly changed, moving leeward and becoming thinner and angled.  This sets them at an approximately 140-degree angle, compared to the 180-degree angle of the aft flaps and previous version of the forward flaps. This change was made to prevent the static aero from creating a tendency for the Ship to pitch up, even when the forward flaps were stowed, and also reduces the heating on the static aero and forward flaps observed on the last three flights of the Block 1 ship. Both sets of flaps feature cameras in their hinges.


=== Raptor engine ===

Raptor is a family of rocket engines developed by SpaceX for use in Starship and Super Heavy vehicles. It burns liquid oxygen and methane in an efficient and complex full-flow staged combustion power cycle. The Raptor engine uses methane as fuel rather than kerosene because methane gives higher performance and prevents the build-up of deposits in the engine from coking. Methane can also be produced from carbon dioxide and water using the Sabatier reaction. The engines are designed to be reused many times with little maintenance.
Raptor operates with an oxygen-to-methane mixture ratio of about 3.6:1, lower than the stoichiometric mixture ratio of 4:1 necessary for complete combustion, since operating at higher temperatures would melt the engine. The propellants leave the pre-burners and get injected into the main combustion chamber as hot gases instead of liquid droplets, enabling a higher power density as the propellants mix rapidly via diffusion. The methane and oxygen are at high enough temperatures and pressures that they ignite on contact, eliminating the need for igniters in the main combustion chamber. The engine structure itself is mostly aluminum, copper, and steel; oxidizer-side turbopumps and manifolds subject to corrosive oxygen-rich flames are made of an Inconel-like SX500 superalloy. Some components are 3D printed.
A Raptor 2 engine produces 2.3 MN (520,000 lbf) at a specific impulse of 327 seconds (3.21 km/s) at sea level and 350 seconds (3.4 km/s) in a vacuum. Raptor vacuum, used on the Starship upper stage, is modified with a regeneratively cooled nozzle extension made of brazed steel tubes, increasing its expansion ratio to about 90 and its specific impulse in vacuum to 380 seconds (3.7 km/s). The main combustion chamber operates at a pressure of 350 bar (5,100 psi) exceeding that of any prior operational rocket engine. The Raptor's gimbaling range is 15°, higher than the RS-25's 12.5° and the Merlin's 5°. SpaceX has stated they aim to achieve a per unit production cost of US$250,000 upon starting mass production.


== Versions ==

On April 4, 2024, Elon Musk provided an update on Starship at Starbase, where two new versions of Starship were announced, Block 2 and Block 3, intended to address the shortcomings of the pre-production prototypes.


=== Block 1 ===
Block 1 vehicles have been retired but were used for the first six flight tests. Block 2 for both stages started being used as of flight test 7 from the start of 2025.


=== Block 2 ===
Block 2 upper stage vehicles feature a thinner forward flap design, flaps that are positioned more leeward, a 25% increase in propellant capacity, integrated vented interstage, redesigned avionics, two raceways, and an increase in thrust. The integrated vehicle is 3.1 m (10 ft) taller than the previous Block 1 vehicle and was planned to have a payload capacity of at least 100 tons to orbit when reused (similar to the original design before the Block 2 rework), but was retired before an orbital flight, with the final estimate of 35t of payload to orbit. Additionally, Block 2 vehicles were planned to use Raptor 3 engines, removing the need for secondary engine shielding. However, the first Block 2 vehicle, S33, received upgraded Raptor 2 engines, with an unknown increase in thrust. The Block 2 ship and booster first flew on the seventh flight test. A  total of four block 2 vehicles were produced.


=== Block 3 ===
Block 3 ships feature a different tile design, Raptor 3 engines, as well as hardware for refueling operations in low Earth orbit (LEO), such as docking ports and a redesigned quick disconnect. The switch to Raptor 3 also enables the removal of most of the aft section's shielding.
Block 3 boosters have an integrated vented interstage/forward dome, three grid fins instead of the prior four, as well as the use of the grid fins as catch points. Like with the ship, the Block 3 boosters use Raptor 3 engines, allowing for the removal of the majority of the booster's engine shielding.


== Planned launch and landing profile ==

Payloads will be integrated into Starship at a separate facility and then rolled out to the launch site. Super Heavy and Starship are then to be stacked onto their launch mount and loaded with fuel via the ship quick disconnect (SQD) arm and booster quick disconnect (BQD). The SQD and BQD retract, all 33 engines of Super Heavy ignite, and the rocket lifts off.
At approximately 159 seconds after launch at an altitude of roughly 64 km (40 mi), Super Heavy cuts off all but three of its center gimbaling rocket engines. Starship then ignites its engines while still attached to the booster, and separates. During hot-staging, the booster throttles down its engines. The booster then rotates, before igniting ten additional engines for a ""boostback burn"" which stops all forward velocity. After the boostback burn, the booster's engines shut off with Super Heavy on a trajectory for a controlled descent to the launch site using its grid fins for minor course corrections. Roughly six minutes after launch, shortly before landing, it ignites its inner 13 engines, then shuts off all but the inner 3, to perform a landing burn which slows it sufficiently to be caught by a pair of hydraulic actuating arms attached to the launch tower. The booster landing and catch was successfully demonstrated for the first time on October 13, 2024, with the landing of Booster 12.
Meanwhile, the Starship spacecraft continues accelerating to orbital velocity with its six Raptor engines. Once in orbit, the spacecraft is planned to be able to be refueled by another Starship tanker variant. Musk has estimated that 8 launches would be needed to refuel a Starship in low Earth orbit completely. NASA has estimated that 16 launches in short succession (due to cryogenic propellant boil-off) would be needed to refuel Starship for one lunar landing partially. To land on bodies without an atmosphere, such as the Moon, Starship will fire its engines to slow down. To land on bodies with an atmosphere, such as the Earth and Mars, Starship first slows by entering the atmosphere using a heat shield. The spacecraft would then perform a ""belly-flop"" maneuver by diving through the atmosphere at a 60° angle to the ground, controlling its fall using four flaps at the front and aft of the spacecraft. Shortly before landing, the Raptor engines fire, using fuel from the header tanks, to perform a ""landing flip"" maneuver to return to a vertical orientation, with the Raptor engines' gimbaling helping to maneuver the craft. The HLS and depot cannot reenter the atmosphere, as they lack a thermal protection system, flaps, and other necessary catch hardware.
If Starship's second stage lands on a pad, a mobile hydraulic lift will move it to a transporter vehicle. If it lands on a floating platform, it will be transported by a barge to a port and then transported by road. The recovered Starship will either be positioned on the launch mount for another launch or refurbished at a SpaceX facility.


== Development ==


=== Early design concepts (2012–2019) ===

In November 2005, before SpaceX had launched its first rocket the Falcon 1, CEO Elon Musk first mentioned a high-capacity rocket concept able to launch 100 t (220,000 lb) to low Earth orbit, dubbed the BFR. Later in 2012, Elon Musk first publicly announced plans to develop a rocket surpassing the capabilities of Space X's existing Falcon 9. SpaceX called it the Mars Colonial Transporter, as the rocket was to transport humans to Mars and back. In 2016, the descriptor was changed to Interplanetary Transport System, as the rocket was planned to travel beyond Mars as well. The conceptual design called for a carbon fiber structure, a mass in excess of 10,000 t (22,000,000 lb) when fully fueled, a payload of 300 t (660,000 lb) to low Earth orbit while being fully reusable. By 2017, the concept was again re-dubbed the BFR.
In December 2018, the structural material was changed from carbon composites to stainless steel, marking the transition from early design concepts of the Starship. Musk cited numerous reasons for the change of material; low cost and ease of manufacture, increased strength of stainless steel at cryogenic temperatures, as well as its ability to withstand high heat. In 2019, SpaceX began to refer to the entire vehicle as Starship, with the second stage also being called Starship, and the booster Super Heavy. They also announced that Starship would use reusable heat-shield tiles similar to those of the Space Shuttle. The second-stage design had also settled on six Raptor engines by 2019: three optimized for sea-level and three optimized for vacuum. In 2019, SpaceX announced a change to the second stage's design, reducing the number of aft flaps from three to two to reduce weight. In March 2020 SpaceX released a Starship Users Guide, in which they stated the payload of Starship to Low Earth Orbit (LEO) would be over 100 t (220,000 lb), with a payload to GTO of 21 t (46,000 lb).


=== Low-altitude flight tests (2019–2021) ===


==== Starhopper to SN6 ====

The first tests started with the construction of the first prototype in 2018, Starhopper, which performed several static fires and two successful low-altitude flights in 2019. SpaceX began constructing the first full-size Starship MK1 and MK2 upper-stage prototypes before 2019, at the SpaceX facilities in Boca Chica, Texas, and Cocoa, Florida, respectively. Neither prototype flew: MK1 was destroyed in November 2019 during a pressure stress test and MK2's Florida facility was deconstructed throughout 2020. Prototypes were built using 301 stainless steel. This was noted for its corrosion resistance and lower cost compared to carbon fiber but faced some challenges, particularly with interlaminar toughness at cryogenic temperatures.
SpaceX then began naming its new Starship upper-stage prototypes with the prefix ""SN"", short for ""serial number"". No prototypes between SN1 and SN4 flew either—SN1 and SN3 collapsed during pressure stress tests, and SN4 exploded after its fifth engine firing.
In June 2020, SpaceX started constructing a launch pad for orbital Starship flights. The first flight-capable prototype, SN5, was cylindrical as it had no flaps or nose cone: just one Raptor engine, fuel tanks, and a mass simulator. On August 5, 2020, SN5 performed a 150 m (500 ft) high flight and successfully landed on a nearby pad. On September 3, 2020, the similar-looking Starship SN6 repeated the hop; later that month, a Raptor vacuum engine underwent its first full duration firing at McGregor, Texas.


==== SN8 to SN15 ====

Starship SN8 was the first full-sized upper-stage prototype, though it lacked a heat shield. It underwent four preliminary static fire tests between October and November 2020. On December 9, 2020, SN8 flew, slowly turning off its three engines one by one, and reached an altitude of 12.5 km (7.8 mi). After SN8 dove back to the ground, its engines were hampered by low methane header tank pressure during the landing attempt, which led to a hard impact on the landing pad and subsequent explosion of the vehicle. SN7 used 304L stainless steel, which is less brittle and more weldable. Later vehicles used a proprietary alloy, 30X, whose composition is proprietary that costs slightly over €3.6/kg.
Because SpaceX had violated its launch license and ignored warnings of worsening shock wave damage, the Federal Aviation Administration investigated the incident for two months. During the SN8 launch, SpaceX ignored FAA warnings that the flight profile posed a risk of explosion. FAA space division chief Wayne Monteith said SpaceX's violation was ""inconsistent with a strong safety culture"", and criticized the company for proceeding with the launch ""based on 'impressions' and 'assumptions,' rather than procedural checks and positive affirmations"".
On February 2, 2021, Starship SN9 launched to 10 km (6.2 mi) in a flight path similar to SN8. The prototype crashed upon landing because one engine did not ignite properly. A month later, on March 3, Starship SN10 launched on the same flight path as SN9. The vehicle landed hard and crushed its landing legs, leaning to one side. A fire was seen at the vehicle's base and it exploded less than ten minutes later, potentially due to a propellant tank rupture. On March 30, Starship SN11 flew into thick fog along the same flight path. The vehicle exploded during descent, possibly due to excess propellant in a Raptor's methane turbopump.
In March 2021, the company disclosed a public construction plan for two sub-orbital launch pads, two orbital launch pads, two landing pads, two test stands, and a large propellant tank farm. The company soon proposed developing the surrounding Boca Chica Village, Texas, into a company town named Starbase. Locals raised concerns about SpaceX's authority, power, and a potential threat for eviction through eminent domain. In 2025, it was incorporated as Starbase, Texas.
In early April, the orbital launch pad's fuel storage tanks began mounting. SN12 through SN14 were scrapped before completion; SN15 was selected to fly instead, due to improved avionics, structure, and engines. On May 5, 2021, SN15 launched, completed the same maneuvers as older prototypes, and landed safely. SN15 had a fire in the engine area after landing but it was extinguished. According to a later report by SpaceX, SN15 experienced several issues while landing, including the loss of tank pressure and an engine.


=== Integrated flight tests (2023–) ===

In June 2022, the Federal Aviation Administration determined that SpaceX must address more than 75 issues identified in the preliminary environmental assessment before flight tests could start.


==== First flight test ====

In July 2022, Booster 7 tested the liquid oxygen turbopumps on all 33 Raptor engines, resulting in an explosion at the vehicle's base, which destroyed a pressure pipe and caused minor damage to the launchpad. By the end of November, Ship 24 had performed 2 static test fires, while Booster 7 had performed 6 static test fires and finally on February 9, 2023, a static fire with 31 engines at 50% throttle. In January 2023, the whole Starship stack underwent a full wet dress rehearsal.
After a launch attempt aborted on April 17, 2023, Booster 7 and Ship 24 lifted off on April 20 at 13:33 UTC in the first orbital flight test. Three engines were disabled during the launch sequence and several more failed during the flight. The booster later lost thrust vectoring control of the Raptor engines, which led to the rocket spinning out of control. The vehicle reached a maximum altitude of 24 mi (39 km). Approximately 3 minutes after lift-off the rocket's autonomous flight termination system was activated, though the vehicle tumbled for another 40 seconds before disintegrating. The first flight test blasted large amounts of sand and soil in the air, reaching communities within a 10.7 km (6.6 mi) radius. A brushfire on nearby state parkland also occurred, burning 3.5 acres of state parkland.


==== Second flight test ====

After the first test flight, SpaceX began work on the launch mount to repair the damage it sustained during the test and to prevent future issues. The foundation of the launch tower was reinforced and a water-powered flame deflector was built under the launch mount. Ship 25 and Booster 9 were rolled to the suborbital and orbital launch sites in May to undergo multiple tests.
On November 18, 2023, Booster 9 and Ship 25 lifted off the pad. All 33 engines continued to function until staging, where the second stage separated by pushing itself away from the first stage using a hot-staging technique. Following separation, the Super Heavy booster completed its flip maneuver and initiated the boostback burn, but then experienced multiple successive engine failures and exploded. Blockage in a liquid oxygen filter caused one of the engines to fail in a way that resulted in the destruction of the booster, which occurred three and a half minutes into the flight at an altitude of ~90 km over the Gulf of Mexico.
The second stage continued until it reached an altitude of ~149 kilometres (93 mi), after over eight minutes of flight; before engine cutoff, telemetry was lost on the second stage. SpaceX said that a safe command based on flight performance data triggered the flight termination system and destroyed the second stage, before achieving its planned orbit or attempting re-entry. It appeared to re-enter a few hundred miles north of the Virgin Islands, according to NOAA weather radar data.


==== Third flight test ====

Following the second flight test (which saw the loss of both stages), significant changes were implemented, including upgrading Starship's thrust vector control system to electric thrust vector control (TVC) and measures to delay liquid oxygen (LOX) venting until after Starship engine cutoff (SECO) has taken place.
Flight 3 launched from the SpaceX Starbase facility along the South Texas coast around 8:25 a.m. CDT on March 14, 2024, coincidentally the 22nd anniversary of the founding of SpaceX. Like flight 2, all 33 engines on the booster ignited and stage separation was successful. B10 conducted a boostback burn, however, the planned landing in the Gulf of Mexico was not successful, as it exploded at 462 m (1,516 ft) above the surface.
The Starship spacecraft itself, after reaching space and orbital velocity, conducted several tests after engine cutoff, including initiating a propellant transfer demo and payload dispenser test. It attempted to re-enter the atmosphere, and at an altitude of around 65 km (40 mi), all telemetry from Ship 28 stopped, indicating a loss of the vehicle. This flight test demonstrated a cryogenic propellant transfer, by transferring propellant from the Ship's header tanks into its main tanks while in space, a technology which is required for Starship HLS to exit Low Earth orbit (LEO). The result of this test was declared successful by NASA and SpaceX. Additional data analysis is occurring on the fluid dynamics such as slosh and boil-off of the propellant.


==== Fourth flight test ====

The fourth flight test of the full Starship configuration launched on June 6, 2024, at 7:50 a.m. CDT. The goals for the test flight were for the Super Heavy booster to land on a 'virtual tower' in the ocean, and for the Ship to survive peak heating during atmospheric reentry. The flight test was successful in both regards, with Super Heavy achieving a soft splashdown and Ship surviving atmospheric reentry and a controlled splashdown.


==== Fifth flight test ====

In April 2024, Musk stated one of the goals was to attempt a booster tower landing based on successful booster performance in flight 4. Vehicle testing commenced in May 2024. SpaceX claimed that B12 and S30 were ready to launch in early August, in advance of regulatory approval. SpaceX flew S30 and B12 on October 13, 2024, with B12 returning to the launch site for a successful catch for the first time, and S30 successfully splashing down in the Indian Ocean.


==== Sixth flight test ====

Ship 31 completed a successful cryogenic test in July 2024 and a static fire in September. Booster 13 completed similar tests in April and October. Flight 6 was flown on November 19, 2024, with a water landing of the booster rather than a catch. Flight 6 was the first to successfully conduct a Raptor engine relight in the vacuum of space, paving the way for payload deployments on future flights. A stuffed toy banana served as the zero-g indicator, becoming Starship's first payload, though it remained within the vehicle for the duration of the flight. Eric Berger claimed that due to the success of the in-space relight, Starship would likely be ""cleared to travel into orbit"".


==== Seventh flight test ====

Ship 33 completed a successful cryogenic test in October 2024 and a static fire in late December. Its counterpart, Booster 14, also underwent cryogenic testing in October. Booster 14 rolled out to OLP-1 and conducted a successful spin prime test and static fire in early December. Flight 7 was flown on January 16, 2025; the mission profile for flight test 7 was expected to be similar to the previous launch, targeting a splashdown in the Indian Ocean after attempting an in-space engine relight. Ship 33 was also expected to deploy ten Starlink ""simulators,"" which were also expected to reenter over the Indian Ocean. Contact with Ship 33 was lost shortly before its engines were scheduled to shut down. Subsequently, Ship 33 was seen exploding as it flew over the Turks and Caicos Islands. The booster successfully returned to the launch site and was caught by the chopsticks on OLP-A. As a result of the explosion, numerous commercial airline flights were diverted or delayed.


==== Eighth flight test ====

On March 3, 2025, a launch attempt was aborted after multiple holds at T−40 seconds. Shortly before the scheduled launch at 6:45 p.m. CDT, an issue caused a hold for more than five minutes. The hold was briefly lifted, but a new hold was put in place due to issues connected to the Super Heavy booster. SpaceX called for a cancellation of the launch and set March 6 for the launch. The eighth flight test was later launched on March 6, 2025, at 23:30 hours UTC. The Super Heavy booster was successfully caught by the launch tower. During Ship 34's initial burn, four of its six engines experienced premature shutdowns that resulted in a loss of attitude control followed by a total loss of telemetry. The vehicle's breakup was observed from Florida, Jamaica, and the Turks and Caicos Islands. According to SpaceX, communications with the spacecraft ended 9 minutes and 30 seconds after liftoff. The flight was the second of the Block 2 Ship, and attempted to repeat the previous flight's profile. Due to the breakup of the vehicles, the Federal Aviation Administration briefly issued ground stop orders for multiple Florida airports.


==== Ninth flight test ====

Starship's ninth flight test launched on May 27, 2025, with Booster 14, the program's first reused Super Heavy booster. The booster completed its ascent, executed a boost-back and entry burn and re-entered at a higher angle of attack than previous flights, but was lost before its planned splashdown in the Gulf of Mexico. Ship 35 reached engine cutoff, yet a propellant leak caused loss of attitude control preventing reignition of a raptor engine and the payload bay door failed to open preventing deployment of the dummy starlink satellites; the vehicle broke up during re-entry.


==== Ship 36 explosion ====
On June 18, 2025, Ship 36, the Block 2 upper stage slated for the program's tenth flight test, exploded during a planned six-engine static-fire at SpaceX's Massey test stand near Starbase, Texas. Preliminary analysis suggested the failure of a composite-overwrapped pressure vessel (COPV) in the nose section, which ruptured and ignited methane and liquid-oxygen propellants. No personnel were injured, but SpaceX paused further testing to inspect Block 2 pressurization hardware and repair the damaged stand.


==== Tenth flight test ====

Starship's tenth flight test was scheduled for August 24, 2025, but was scrubbed shortly before liftoff. After a second aborted attempt on August 25, Flight 10 successfully launched on August 26. The booster completed the ascent, boostback, and landing burns despite losing an engine on ascent, and the ship deployed a payload (dummy Starlink satellites) for the first time. It completed a Raptor relight before reentry and successfully splashed down in the Indian Ocean within a few meters of the observation buoy.


== Cost and funding ==
SpaceX develops the Starship primarily with private funding. SpaceX Chief Financial Officer Bret Johnsen disclosed in court that SpaceX has invested more than $3 billion into the Starbase facility and Starship systems from July 2014 to May 2023. Elon Musk stated in April 2023 that SpaceX expected to spend about $2 billion on Starship development in 2023. In a 2024 response to a lawsuit, SpaceX stated that the cost of the Starship program was approximately $4 million per day. Adding that any day of delay to the Starship program represented a loss of $100,000.
Musk has theorized that a Starship orbital launch might eventually cost SpaceX only $1 million to launch. Eurospace's director of research Pierre Lionnet stated in 2022 that Starship's launch price to customers would likely be higher because of the rocket's development cost.
As part of the development of the Human Landing System for the Artemis program, SpaceX was awarded in April 2021 a $2.89 billion fixed-price contract from NASA to develop the Starship lunar lander for Artemis III. Blue Origin, a bidding competitor to SpaceX, disputed the decision and began a legal case against NASA and SpaceX in August 2021, causing NASA to suspend the contract for three months until the case was dismissed in the Court of Federal Claims. Two years later Blue Origin was awarded a $3.4 billion fixed-price contract for its lunar lander.
In 2022, NASA awarded SpaceX a $1.15 billion fixed-price contract for a second lunar lander for Artemis IV. The same year, SpaceX was awarded a $102 million five-year contract to develop the Rocket Cargo program for the United States Space Force.


== Launch history ==


=== Past launches ===


==== 2023 ====


==== 2024 ====


==== 2025 ====
In a talk in November 2024, Starbase General Manager Kathy Lueders announced that SpaceX hoped to be able to catch a Starship upper stage sometime in the next 6 months and have as many as 25 launches in 2025.  This did not occur.  In the event, Starship was launched just four times by August, with few planned during the remaining months of 2025.


=== Future launches ===

Future launches are listed chronologically when firm plans are in place. Launches are expected to take place ""no earlier than"" (NET) the listed date.


==== 2025 ====


==== 2026 ====


==== 2027 and beyond ====


== Potential missions ==


=== Starlink ===
SpaceX plans to use Starship to launch the second generation of satellites for SpaceX's Starlink system, which currently delivers high-speed internet to over 70 countries. An analyst at financial services company Morgan Stanley stated development of Starship and Starlink are intertwined, with Starship's planned launch capacity enabling cheaper Starlink launches, and Starlink's profits financing Starship's development costs. In deficit from its inception until the end of 2022, Starlink was first reported to be cash flow positive in the first quarter of 2023, though Elon Musk said that Starlink had only reached ""break-even cashflow"" in 2023. In December 2023, the FCC issued a final denial of a $885 million Starlink RDOF subsidy because of Starlink's ""continuing inability to successfully launch on the Starship rocket"".


=== Artemis Program ===

Starship HLS was initially chosen by NASA as the sole lunar Human Landing System for the planned Artemis III and Artemis IV crewed missions, as part of the Artemis program. Starship HLS is to be launched into a low Earth orbit, and refueled by multiple Starship tanker spacecraft. Once fueled, it would perform a trans lunar injection burn and enter a near-rectilinear halo orbit around the Moon, with a perilune of 1,500 km (930 mi) occurring over the north pole and an apolune of 70,000 km (43,000 mi) occurring over the south pole. The Orion spacecraft would then dock with Starship HLS and two of its four crew would transfer into Starship HLS. Starship HLS would then use its engines to make a powered descent and land near the lunar south pole. After the crew performs the surface portion of its mission, the HLS would ascend with the crew. The crew would then transfer into the Orion spacecraft and return to Earth.


=== Astronomy ===
Astronomers have called to consider Starship's larger mass to orbit and wider cargo bay for proposed space telescopes such as LUVOIR, and to develop larger telescopes to take advantage of these capabilities. Starship's 9 m (30 ft) fairing width could hold an 8 m (26 ft) wide space telescope mirror in a single piece, alleviating the need for complex unfolding such as that of the JWST's 6.5 m (21 ft) mirror, which added cost and delays. Ariane 5 imposed a ~6,500 kg limit on the telescope's weight. Starship's low launch cost could also allow probes to use heavier, more common, cheaper materials, such as glass instead of beryllium for large telescope mirrors. With a 5 t (11,000 lb) mirror built using similar methods to the Hubble Space Telescope's mirror, the JWST would represent only 10% of the mass deliverable by a (refueled) Starship to the Sun–Earth L2 point, and therefore minimizing the weight of the telescope would not have been a dominant design consideration.
The National Academies of Science's 2020 survey recommended the Habitable Worlds Observatory (HWO); the space observatory, requiring a super heavy lift launch vehicle, will search for signs of life on exoplanets. The HWO's team hopes for the success of big launchers due to their critical importance to the HWO's mission. Lee Feinberg, NASA HWO lead architect and JWST manager, stays in communication with SpaceX to track Starship's progress and has visited them in 2024 for that same purpose. The NASA Habitable Worlds Observatory will have a 6–8 meter mirror for now, but its design should be flexible to leverage launchers with potentially double the mass and volume by the time it launches in the 2040s. Former NASA JPL architect Casey Handmer believes the HWO to be far too conservative compared to what is possible with Starship. Handmer argues that Starship enables telescopes to scale up to the point of surface-level exoplanet imaging, perhaps big enough to detect seasonal migration patterns.


=== Rocket cargo ===

In January 2022, SpaceX was awarded a $102 million five-year contract to develop the Rocket Cargo program for the United States Space Force. The five-year contract is intended to ""determine exactly what a rocket can achieve when used for cargo transport"", and will see the Air Force Research Laboratory collect data during commercial launches of Starship. The contract includes an eventual demonstration mission with the launch and landing of a cargo-laden Starship in a point-to-point flight.
The Department of Defense has planned a test with Starship as part of its program to demonstrate the ability to rapidly deploy up to 100 tons of cargo and supplies, a capability it calls point-to-point delivery (P2PD). The test is envisioned to take place in FY25 or FY26.


=== Mars Sample Return ===
In 2024, the NASA-ESA Mars Sample Return project, one of NASA's highest priority flagship projects, suffered a setback when an independent review board assessing the project's feasibility concluded that the project could not be completed under its mission profile. In April 2024, the Administrator of NASA then announced that a new mission profile was needed for the project and that NASA would turn to industry for proposals, with responses due in fall 2024, and a high emphasis on lower total cost and lower risk. Starship was proposed by some space journalists as a leading candidate to serve as a central component of the new mission profile architecture.


=== Transportation ===
SpaceX has proposed using Starship for point-to-point flights (called ""Earth to Earth"" flights by SpaceX), traveling anywhere on Earth in under an hour. Musk stated that SpaceX would complete hundreds of cargo flights before launching with human passengers.


=== Space colonization ===

According to SpaceX, the design of Starship is driven by its requirement to be able to land crews on Mars, though SpaceX has not published technical plans or designs about Starship's life support systems, radiation protection, docking system, or in-orbit refueling system for Mars. The spacecraft would be launched to low Earth orbit and refueled in orbit before heading to Mars. After landing on Mars, the Sabatier reaction could be used to synthesize liquid methane and liquid oxygen, Starship's fuel, in a power-to-gas plant. The plant's raw resources would be Martian water and Martian carbon dioxide. On Earth, similar technologies could be used to make carbon-neutral propellant for the rocket. To date, there has been one proof of concept experiment (MOXIE) demonstrating the extraction of oxygen from Martian carbon dioxide, with George Dvorsky writing for Gizmodo commenting that we are not ""remotely close"" to turning this ""into something practical"".
SpaceX and Musk have stated their goal of colonizing Mars to ensure the long-term survival of humanity, with an ambition of having sent one million people to Mars by 2050. In March 2022, he estimated that the first crewed Mars landing could occur in 2029. This timeline has been criticized as unrealistic by Kevin Olsen, a physicist at the University of Oxford, England, who has said that ""colony needs to become a factory"" to produce air, fuel and water as it is ""fundamentally impossible to create a completely closed environment in space"", and that the technology to do so is ""far, far behind the technology of space flight and habitation construction"". Serkan Saydam, a mining engineering professor from the University of New South Wales, Australia, stated that humanity currently lacks the necessary technology to establish a Martian colony, and will likely lack the capacity to establish a Martian city with one million people by 2050.


=== Other missions ===
One future payload is the Superbird-9 communication satellite, which was Starship's first contract for externally made commercial satellites. Another planned payload is the Starlab space station, which Starship will launch in a single piece.
In the future, the spacecraft's crewed version could be used for space tourism—for example, for the third flight of the Polaris program.
Research conducted by Project Lyra determined that with refueling in LEO, a Starship could send a spacecraft to 'Oumuamua on a journey taking 20 years. A gravity assist would be required at Jupiter.


== Facilities ==


=== Testing and manufacturing ===

Starbase consists of a manufacturing facility and launch site, and is located at Boca Chica, Texas. Both facilities operate 24 hours a day. A maximum of 450 full-time employees may be onsite. The site is planned to consist of two launch sites, one payload processing facility, one seven-acre solar farm, and other facilities. The company leases Starbase's land for the STARGATE research facility, owned by the University of Texas Rio Grande Valley. It uses part of it for Starship development.
Raptor engines are tested at the Rocket Development facility in McGregor, Texas. The facility has two main test stands: one horizontal stand for both engine types and one vertical stand for sea-level-optimized rocket engines. In the future, a nearby factory, which as of September 2021 was under construction, will make the new generation of sea-level Raptors while SpaceX's headquarters in California will continue building the Raptor Vacuum and test new designs.
At Florida, a facility at Cocoa purifies silica for Starship heat-shield tiles, producing a slurry that is then shipped to a facility at Cape Canaveral. In the past, workers constructed the Starship MK2 prototype in competition with Starbase's crews. The Kennedy Space Center, also in Florida, is planned to host other Starship facilities, such as a Starship launch site at Launch Complex 39A and a production facility at Roberts Road. This production facility is being expanded from ""Hangar X"", the Falcon rocket boosters' storage and maintenance facility. It will include a 30,000 m2 (320,000 sq ft) building, loading dock, and a place for constructing integration tower sections. Adjacent to the Kennedy Space Center will be an additional launch site at Cape Canaveral Space Launch Complex 37, likely to service missions for the complex owner, the United States Space Force.


=== Launch sites ===


==== Starbase ====

Starbase is planned to host two launch sites, named Pad A and Pad B. A launch site at Starbase has large facilities, such as a tank farm, an orbital launch mount, and an integration tower. Smaller facilities are present at the launch site: tanks surrounding the area containing methane, oxygen, nitrogen, helium, hydraulic fluid, etc.; subcoolers near the tank farm cool propellant using liquid nitrogen; and various pipes are installed at large facilities. Each tank farm consists of eight tanks, enough to support one orbital launch. The current launch mount on Pad A has a water-powered flame diverter, 20 clamps holding the booster, and a quick disconnect mount providing liquid fuel and electricity to the Super Heavy booster before it lifts off.
The integration tower or launch tower consists of steel truss sections, a lightning rod on top, and a pair of mechanical arms that can lift, catch and recover the booster. The decision to catch the booster with the arms was made to reduce the rocket's mass and mechanical complexity by removing the need for landing legs, as well as enabling more rapid reuse by placing the rocket directly back on the launchpad. The mechanical arms are attached to a carriage and controlled by a pulley at the top of the tower. The pulley is linked to a winch and spool at the base of the tower using a cable. Using the winch and the carriage, the mechanical arms can move vertically, with support from bearings attached at the sides of the carriage. A linear hydraulic actuator moves the arms horizontally. On top of the arms are tracks, which are used to position the booster or spacecraft. The tower is mounted with a quick disconnect arm extending to and contracting from the Starship spacecraft; its functions are similar to the quick disconnect mount that powers the booster.


==== Florida ====

SpaceX has been constructing a Starship launch pad at Kennedy Space Center Launch Complex 39A (LC-39A) since 2021. The site was leased to the company in 2014 and is used to launch Falcon 9 rockets. A Finding of No Significant Impact was issued by SpaceX's environmental impact statement (EIS), with NASA as the lead agency, earlier in September 2019 for the launch pad site. In 2024, the Federal Aviation Administration began the process of preparing an EIS evaluating the potential impacts of the new infrastructure and a higher launch cadence of up to 44 per year at LC-39A.
In June 2024, Blue Origin and United Launch Alliance (ULA) provided comments as part of the EIS process, both objecting to the impact that Starship launch operations may have on their own activities at the site. Blue Origin suggested several mitigations, including allowing other operators to object to a Starship launch that would conflict with one of its own, limiting Starship operations to particular times, or expanding the number of launchpads in the area to reduce the impact of conflicting launches. ULA suggested regulators prevent Starship from launching in Florida altogether because a fully fueled Starship would require an evacuation zone so large that it would prevent other operators from using their facilities, and the noise generated by repetitive launches could be injurious to those who live or work nearby. Elon Musk suggested that the two companies' comments were disingenuous and that their true motivation was to impede SpaceX's progress by lawfare.
The company has also proposed building another Starship launch pad at the nearby Cape Canaveral Space Launch Complex 37 (SLC-37) which became vacant in 2024 after the retirement of the Delta IV rocket. That year, the United States Space Force began the process of preparing an EIS evaluating the potential impacts of new infrastructure and a launch cadence of up to 76 times per year at SLC-37. SpaceX and NASA have also worked on assessing LC-49 to the north of 39A. The Kennedy Space Center's Master Plan One has stated that LC-49 could avoid overflight issues with pad 39B and minimize conflict with the Canaveral National Seashore. On January 18, 2024, NASA does not have activities underway at LC-49.
Both EIS processes must be complete before SpaceX will be cleared to launch Starship from Florida, which likely will not occur until late 2025. The Playalinda Beach has been closed by KSC Police and the National Park Service for many launches from 39A and 39B. The towers and mechanical arms at the sites should be similar to the ones at Starbase.


== Responses to Starship development ==

In order to compete with SpaceX and close their technological gap with the company, the China Aerospace Science and Tech Corp and other aerospace actors in China have reportedly been working on their own equivalent of Starship—the Long March 9 super-heavy lift rocket, which is also designed to eventually be fully reusable. In 2021, the China Academy of Launch Vehicle Technology (CALT) showed a rendered video of a rocket noted to be ""strikingly"" similar to Starship in appearance and function. In a 2022 event organized by the International Astronautical Federation and the Chinese Society of Astronautics, the CALT communicated performing research on a crewed launch vehicle powered by LOX-methane propellant, with a second stage that was very similar to Starship's.
SpaceNews noted that the Chinese start-up Space Epoch and engine maker Jiuzhou Yunjian were developing a smaller Starship-like rocket with a methane-LOX engine similar to Raptor, stainless steel tanks, and an iterative design. Starship's reusability and stainless-steel construction might also have inspired Project Jarvis, a reusable upper stage for Blue Origin's New Glenn heavy-lift launch vehicle intended to replace New Glenn's expendable upper stage in the future.
In 2021, members of the U.S. Congress voiced concerns about the U.S. FAA's response to SpaceX's launch license violations following the explosion of SN8, calling on the FAA to ""resist any potential undue influence on launch safety decision-making"". In 2023, prior to Starship's second test flight, SpaceX's vice president and ex-NASA engineer Bill Gerstenmaier made statements at the U.S. Senate on the importance of innovation in light of ""strategic competition from state actors like China"". He said SpaceX was under a contract with NASA to use Starship to land American astronauts on the Moon before China does, and that the Starship test flights campaign was being held up by ""regulatory headwinds and unnecessary bureaucracy"" unrelated to public safety.
Following the second flight test of Starship, the U.S. Government Accountability Office (GAO) made recommendations to the U.S. FAA to ""improve its mishap investigation process"", finding that historically they have allowed the launch operator to conduct their investigation with the FAA supervising. Several environmental groups have filed lawsuits against the FAA and SpaceX, claiming that environmental reviews were bypassed due to Musk's political and financial influence.


== Notes ==


== See also ==
Comparison of orbital launch systems
Comparison of orbital launcher families
SpaceX reusable launch system development program


== References ==


== External links ==

Official website 
Programmatic Environmental Assessment by the Federal Aviation Administration
""Starship of SpaceX"". eoPortal. European Space Agency. Archived from the original on September 19, 2024. Retrieved December 23, 2024.
Tim Dodd's Starship interviews with Elon Musk on YouTube:
A conversation with Elon Musk about Starship. October 1, 2019. Retrieved December 23, 2024 – via YouTube.
[2022] Elon Musk Explains Updates To Starship And Starbase! part 1. May 14, 2022. Retrieved December 23, 2024 – via YouTube. part 2. August 7, 2021. Retrieved December 23, 2024 – via YouTube. and Starbase Launchpad Tour with Elon Musk part 3. August 11, 2021. Retrieved December 23, 2024 – via YouTube.
Launch tower and Raptor engine tour overview. May 14, 2022. Retrieved December 23, 2024 – via YouTube., Go up SpaceX's Starship-catching robotic launch tower with Elon Musk!. May 26, 2022. Retrieved December 23, 2024 – via YouTube., Elon Musk Explains SpaceX's Raptor Engine!. July 9, 2022. Retrieved December 23, 2024 – via YouTube.
First Look Inside SpaceX's Starfactory w/ Elon Musk. June 22, 2024. Retrieved December 23, 2024 – via YouTube.
Join Elon Musk on a tour of Starship just before it launches! (w/ post launch interview). June 25, 2024. Retrieved December 23, 2024 – via YouTube.","Starship is a two-stage, fully reusable, super heavy-lift launch vehicle under development by American aerospace company SpaceX. Currently built and launched from Starbase in Texas, it is intended as the successor to the company's Falcon 9 and Falcon Heavy rockets, and is part of SpaceX's broader reusable launch system development program. If completed as designed, Starship would be the first fully reusable orbital rocket and have the highest payload capacity of any launch vehicle to date. As of August 26, 2025, Starship has launched 10 times, with 5 successful flights and 5 failures.
The vehicle consists of two stages: the Super Heavy booster and the Starship spacecraft, both powered by Raptor engines burning liquid methane (the main component of natural gas) and liquid oxygen. Both stages are intended to return to the launch site and land vertically at the launch tower for potential reuse. Once in space, the Starship upper stage is intended to function as a standalone spacecraft capable of carrying crew and cargo. Missions beyond low Earth orbit would require multiple in-orbit refueling flights. At the end of its mission, Starship reenters the atmosphere using heat shield tiles similar to those of the Space Shuttle. SpaceX states that its goal is to reduce launch costs by both reusing and mass producing both stages.
SpaceX has proposed a wide range of missions for Starship, such as deploying large satellites, space station modules, and space telescopes. A crewed variant, developed under contract with NASA, is called the Starship Human Landing System, which is scheduled to deliver astronauts to the Moon as part Artemis program, beginning with Artemis III currently scheduled for 2027. SpaceX has also expressed ambitions to use Starship for crewed missions to Mars.
SpaceX began developing concepts for a super heavy-lift reusable launch vehicle as early as 2005, when it was called BFR (Big Falcon Rocket). Starship's current design and name were introduced in 2018. Development has followed an iterative and incremental approach, involving a high number of test flights and prototype vehicles. The first launch of a full Starship vehicle occurred on April 20, 2023, and ended with the explosion of the rocket four minutes after liftoff. The program has failed to meet many of its optimistic schedule goals. Its development has had several setbacks, including the in-flight failure of all three upper stages launched in the first half of 2025.

",10469,64104,2025-10-04T15:03:09.166784
musk_supplement_2,Falcon 9,SpaceX Falcon 9,Reusable rocket technology,spacex,https://en.wikipedia.org/wiki/Falcon_9,"Falcon 9 is a partially reusable, two-stage-to-orbit, medium-lift launch vehicle designed and manufactured in the United States by SpaceX. The first Falcon 9 launch was on June 4, 2010, and the first commercial resupply mission to the International Space Station (ISS) launched on October 8, 2012. In 2020, it became the first commercial rocket to launch humans to orbit. The Falcon 9 has been noted for its reliability and high launch cadence, with 539 successful launches, two in-flight failures, one partial failure and one pre-flight destruction. It is the most-launched American orbital rocket in history.
The rocket has two stages. The first (booster) stage carries the second stage and payload to a predetermined speed and altitude, after which the second stage accelerates the payload to its target orbit. The booster is capable of landing vertically to facilitate reuse. This feat was first achieved on flight 20 in December 2015. As of October 3, 2025, SpaceX has successfully landed Falcon 9 boosters 498 times. Individual boosters have flown as many as 30 flights. Both stages are powered by SpaceX Merlin engines, using cryogenic liquid oxygen and rocket-grade kerosene (RP-1) as propellants.
The heaviest payloads flown to geostationary transfer orbit (GTO) were Intelsat 35e carrying 6,761 kg (14,905 lb), and Telstar 19V with 7,075 kg (15,598 lb). The former was launched into an advantageous super-synchronous transfer orbit, while the latter went into a lower-energy GTO, with an apogee well below the geostationary altitude. On January 24, 2021, Falcon 9 set a record for the most satellites launched by a single rocket, carrying 143 into orbit.
Falcon 9 is human-rated for transporting NASA astronauts to the ISS, certified for the National Security Space Launch program and the NASA Launch Services Program lists it as a ""Category 3"" (Low Risk) launch vehicle allowing it to launch the agency's most expensive, important, and complex missions.

Several versions of Falcon 9 have been built and flown: v1.0 flew from 2010 to 2013, v1.1 flew from 2013 to 2016, while v1.2 Full Thrust first launched in 2015, encompassing the Block 5 variant, which has been in operation since May 2018.


== Development history ==


=== Conception and funding ===
In October 2005, SpaceX announced plans to launch Falcon 9 in the first half of 2007. The initial launch would not occur until 2010.
SpaceX spent its own capital to develop and fly its previous launcher, Falcon 1, with no pre-arranged sales of launch services. SpaceX developed Falcon 9 with private capital as well, but did have pre-arranged commitments by NASA to purchase several operational flights once specific capabilities were demonstrated. Milestone-specific payments were provided under the Commercial Orbital Transportation Services (COTS) program in 2006. The NASA contract was structured as a Space Act Agreement (SAA) ""to develop and demonstrate commercial orbital transportation service"", including the purchase of three demonstration flights. The overall contract award was US$278 million to provide three demonstration launches of Falcon 9 with the SpaceX Dragon cargo spacecraft. Additional milestones were added later, raising the total contract value to US$396 million.
In 2008, SpaceX won a Commercial Resupply Services (CRS) contract in NASA's Commercial Orbital Transportation Services (COTS) program to deliver cargo to ISS using Falcon 9/Dragon. Funds would be disbursed only after the demonstration missions were successfully and thoroughly completed. The contract totaled US$1.6 billion for a minimum of 12 missions to ferry supplies to and from the ISS.
In 2011, SpaceX estimated that Falcon 9 v1.0 development costs were approximately US$300 million. NASA estimated development costs of US$3.6 billion had a traditional cost-plus contract approach been used. A 2011 NASA report ""estimated that it would have cost the agency about US$4 billion to develop a rocket like the Falcon 9 booster based upon NASA's traditional contracting processes"" while ""a more commercial development"" approach might have allowed the agency to pay only US$1.7 billion"".
In 2014, SpaceX released combined development costs for Falcon 9 and Dragon. NASA provided US$396 million, while SpaceX provided over US$450 million.
Congressional testimony by SpaceX in 2017 suggested that the unusual NASA process of ""setting only a high-level requirement for cargo transport to the space station [while] leaving the details to industry"" had allowed SpaceX to complete the task at a substantially lower cost. ""According to NASA's own independently verified numbers, SpaceX's development costs of both the Falcon 1 and Falcon 9 rockets were estimated at approximately $390 million in total.""


=== Development ===
SpaceX originally intended to follow its Falcon 1 launch vehicle with an intermediate capacity vehicle, Falcon 5. The Falcon line of vehicles are named after the Millennium Falcon, a fictional starship from the Star Wars film series. In 2005, SpaceX announced that it was instead proceeding with Falcon 9, a ""fully reusable heavy-lift launch vehicle"", and had already secured a government customer. Falcon 9 was described as capable of launching approximately 9,500 kilograms (20,900 lb) to low Earth orbit and was projected to be priced at US$27 million per flight with a 3.7 m (12 ft) payload fairing and US$35 million with a 5.2 m (17 ft) fairing. SpaceX also announced a heavy version of Falcon 9 with a payload capacity of approximately 25,000 kilograms (55,000 lb). Falcon 9 was intended to support LEO and GTO missions, as well as crew and cargo missions to the ISS.


=== Testing ===
The original NASA COTS contract called for the first demonstration flight in September 2008, and the completion of all three demonstration missions by September 2009. In February 2008, the date slipped into the first quarter of 2009. According to Musk, complexity and Cape Canaveral regulatory requirements contributed to the delay.
The first multi-engine test (two engines firing simultaneously, connected to the first stage) was completed in January 2008. Successive tests led to a 178-second (mission length), nine engine test-fire in November 2008. In October 2009, the first flight-ready all-engine test fire was at its test facility in McGregor, Texas. In November, SpaceX conducted the initial second stage test firing, lasting forty seconds. In January 2010, a 329-second (mission length) orbit-insertion firing of the second stage was conducted at McGregor.
The elements of the stack arrived at the launch site for integration at the beginning of February 2010. The flight stack went vertical at Space Launch Complex 40, Cape Canaveral, and in March, SpaceX performed a static fire test, where the first stage was fired without launch. The test was aborted at T−2 due to a failure in the high-pressure helium pump. All systems up to the abort performed as expected, and no additional issues needed addressing. A subsequent test on March 13 fired the first-stage engines for 3.5 seconds.


=== Production ===

In December 2010, the SpaceX production line manufactured a Falcon 9 (and Dragon spacecraft) every three months. By September 2013, SpaceX's total manufacturing space had increased to nearly 93,000 m2 (1,000,000 sq ft), in order to support a production capacity of 40 rocket cores annually. The factory was producing one Falcon 9 per month as of November 2013.
By February 2016 the production rate for Falcon 9 cores had increased to 18 per year, and the number of first stage cores that could be assembled at one time reached six.
Since 2018, SpaceX has routinely reused first stages, reducing the demand for new cores. In 2023, SpaceX performed 91 launches of Falcon 9 with only 4 using new boosters and successfully recovered the booster on all flights. The Hawthorne factory continues to produce one (expendable) second stage for each launch.


== Launch history ==


== Notable flights and payloads ==

Flight 1, Dragon Spacecraft Qualification Unit — June 4, 2010, first flight of Falcon 9 and first test of Dragon,
Flight 3, Dragon C2+ — first cargo delivery to the International Space Station,
Flight 4, CRS-1 — first operational cargo mission to the ISS, and the first demonstration of the rocket's engine-out capability due to the failure of a first-stage Merlin engine,
Flight 6, CASSIOPE — first v1.1 rocket, first launch from Vandenberg AFB, first attempt at propulsive return of the first stage,
Flight 7, SES-8 — first launch to geosynchronous transfer orbit (GTO), first non-governmental payload,
Flight 9, CRS-3 — added landing legs, first fully controlled descent and vertical ocean touchdown,
Flight 15, Deep Space Climate Observatory (DSCOVR) — first mission injecting spacecraft into Sun–Earth L1 point,
Flight 19, CRS-7 — total loss of mission due to structural failure and helium overpressure in the second stage,
Flight 20, Orbcomm OG-2 — first vertical landing of an orbital-class rocket booster,
Flight 23, CRS-8 — first vertical landing achieved on an autonomous spaceport drone ship at sea,
AMOS-6 — total vehicle and payload loss prior to static fire test (would have been Flight 29),
Flight 30, CRS-10 — first launch from LC-39A at the Kennedy Space Center,
Flight 32, SES-10 — first reflight of a previously flown orbital class booster (B1021, previously used for SpaceX CRS-8), first recovery of a fairing,
Flight 41, X-37B OTV-5 — first launch of a spaceplane,
Flight 54 Bangladesh Satellite-1 — first flight of the Block 5 version,
Flight 58 Telstar 19V — heaviest communications satellite delivered to GEO, at the time,
Flight 69 Crew Dragon Demo-1 — first launch of the Crew Dragon (did not carry astronauts),
Flight 72, RADARSAT Constellation — most valuable commercial payload put into orbit,
Flight 81 — Starlink launch, was a successful flight, but had the first recovery failure of a previously flown and recovered booster,
Flight 83 — successful Starlink launch, saw the first failure of a Merlin 1D first-stage engine during ascent, and the second ascent engine failure on the rocket following CRS-1 on flight 4,
Flight 85, Crew Dragon Demo-2 — first crewed launch of the Crew Dragon, carrying two astronauts,
Flight 98, Crew-1 — first crewed operational launch of the Crew Dragon, holding the record for the longest spaceflight by a US crew vehicle,
Flight 101, CRS-21 — first launch of the Cargo Dragon 2, an uncrewed variant of the Crew Dragon,
Flight 106, Transporter-1 — first dedicated smallsat rideshare launch arranged by SpaceX, set the record of the most satellites launched on a single launch with 143 satellites, surpassing the previous record of 108 satellites held by the November 17, 2018, launch of an Antares,
Flight 108 — routine Starlink launch which experienced early shut-down of a first-stage Merlin 1D engine during ascent due to damage, but still delivered the payload to the target orbit,
Flight 126, Inspiration4 — first orbital spaceflight of an all-private crew,
Flight 129, DART — first planetary defense mission against near-Earth objects,
Flight 134, CRS-24 — 100th successful vertical landing of an orbital-class rocket, on the sixth anniversary of the first landing in 2015,
Flight 232 — 200th overall successful booster landing,
Flight 236 — first launch with a fairing half flying for the tenth time,
Flight 300 — 200th consecutive successful vertical landing for the orbital class Falcon booster,
Flight 323 — B1062 becomes the first Falcon 9 booster to fly and land 20 times; this was preceded by certification of boosters to fly that often, double the initial goal,
Flight 328 — 300th consecutive successful Falcon 9 mission.
Flight 354 — Starlink Group 9–3 — Second stage failed to relight, Starlink satellites deployed into lower orbit than planned. This resulted in loss of all 20 Starlink satellites.


=== Notable payloads ===
AMOS-17
Bangabandhu Satellite-1
Beresheet lunar lander
Boeing X-37
Crew and Cargo Dragon
Double Asteroid Redirection Test (DART)
EchoStar 23
Euclid
GPS IIIA launches
Iridium NEXT constellation
Launches for the US National Reconnaissance Office, NROL
Maxar Worldview Legion
Odysseus IM-1
Orbcomm OG2
RADARSAT Constellation
SES-10
Sirius XM launches
SpaceX Starlink
Transiting Exoplanet Survey Satellite (TESS)
Zuma


== Design ==
F9 is a two-stage, LOX/RP-1-powered launch vehicle.


=== Specifications ===
First stage

Second stage


=== Engine ===

Both stages are equipped with Merlin 1D rocket engines. Every Merlin engine produces 854 kN (192,000 lbf) of thrust. They use a pyrophoric mixture of triethylaluminum-triethylborane (TEA-TEB) as an engine igniter.
The booster stage has 9 engines, arranged in a configuration that SpaceX calls Octaweb. The second stage of the Falcon 9 has 1 short or regular nozzle, Merlin 1D Vacuum engine version.
Falcon 9 is capable of losing up to 2 engines and still complete the mission by burning the remaining engines longer.
Each Merlin rocket engine is controlled by three voting computers, each having 2 CPUs which constantly check the other 2 in the trio. The Merlin 1D engines can vector thrust to adjust trajectory.


=== Tanks ===
The propellant tank walls and domes are made from an aluminum–lithium alloy. SpaceX uses an all friction-stir welded tank, for its strength and reliability. The second stage tank is a shorter version of the first stage tank. It uses most of the same tooling, material, and manufacturing techniques.
The F9 interstage, which connects the upper and lower stages, is a carbon-fibre aluminium-core composite structure that holds reusable separation collets and a pneumatic pusher system. The original stage separation system had twelve attachment points, reduced to three for v1.1.


=== Fairing ===

Falcon 9 uses a payload fairing (nose cone) to protect (non-Dragon) satellites during launch. The fairing is 13 m (43 ft) long, 5.2 m (17 ft) in diameter, weighs approximately 1900 kg, and is constructed of carbon fiber skin overlaid on an aluminum honeycomb core. SpaceX designed and fabricates fairings in Hawthorne. Testing was completed at NASA's Plum Brook Station facility in spring 2013 where the acoustic shock and mechanical vibration of launch, plus electromagnetic static discharge conditions, were simulated on a full-size test article in a vacuum chamber. Since 2019, fairings are designed to re-enter the Earth's atmosphere and are reused for future missions.


=== Control systems ===
SpaceX uses multiple redundant flight computers in a fault-tolerant design. The software runs on Linux and is written in C++. For flexibility, commercial off-the-shelf parts and system-wide radiation-tolerant design are used instead of rad-hardened parts. Each stage has stage-level flight computers, in addition to the Merlin-specific engine controllers, of the same fault-tolerant triad design to handle stage control functions. Each engine microcontroller CPU runs on a PowerPC architecture.


=== Legs/fins ===
Boosters that will be deliberately expended do not have legs or fins. Recoverable boosters include four extensible landing legs attached around the base.
To control the core's descent through the atmosphere, SpaceX uses grid fins that deploy from the vehicle moments after stage separation. Initially, the V1.2 Full Thrust version of the Falcon 9 were equipped with grid fins made from aluminum, which were eventually replaced by larger, more aerodynamically efficient, and durable titanium fins. The upgraded titanium grid fins, cast and cut from a single piece of titanium, offer significantly better maneuverability and survivability from the extreme heat of re-entry than aluminum grid fins and can be reused indefinitely with minimal refurbishment.


== Versions ==

The Falcon 9 has seen five major revisions: v1.0, v1.1, Full Thrust (also called Block 3 or v1.2), Block 4, and Block 5.
V1.0 flew five successful orbital launches from 2010 to 2013. The much larger V1.1 made its first flight in September 2013. The demonstration mission carried a small 500 kg (1,100 lb) primary payload, the CASSIOPE satellite. Larger payloads followed, starting with the launch of the SES-8 GEO communications satellite. Both v1.0 and v1.1 used expendable launch vehicles (ELVs). The Falcon 9 Full Thrust made its first flight in December 2015. The first stage of the Full Thrust version was reusable. The current version, known as Falcon 9 Block 5, made its first flight in May 2018.


=== V1.0 ===

F9 v1.0 was an expendable launch vehicle developed from 2005 to 2010. It flew for the first time in 2010. V1.0 made five flights, after which it was retired. The first stage was powered by nine Merlin 1C engines arranged in a 3 × 3 grid. Each had a sea-level thrust of 556 kN (125,000 lbf) for a total liftoff thrust of about 5,000 kN (1,100,000 lbf). The second stage was powered by a single Merlin 1C engine modified for vacuum operation, with an expansion ratio of 117:1 and a nominal burn time of 345 seconds. Gaseous N2 thrusters were used on the second-stage as a reaction control system (RCS).
Early attempts to add a lightweight thermal protection system to the booster stage and parachute recovery were not successful.
In 2011, SpaceX began a formal development program for a reusable Falcon 9, initially focusing on the first stage.


=== V1.1 ===

V1.1 is 60% heavier with 60% more thrust than v1.0. Its nine (more powerful) Merlin 1D engines were rearranged into an ""octagonal"" pattern that SpaceX called Octaweb. This is designed to simplify and streamline manufacturing. The fuel tanks were 60% longer, making the rocket more susceptible to bending during flight.
The v1.1 first stage offered a total sea-level thrust at liftoff of 5,885 kN (1,323,000 lbf), with the engines burning for a nominal 180 seconds. The stage's thrust rose to 6,672 kN (1,500,000 lbf) as the booster climbed out of the atmosphere.
The stage separation system was redesigned to reduce the number of attachment points from twelve to three, and the vehicle had upgraded avionics and software.
These improvements increased the payload capability from 9,000 kg (20,000 lb) to 13,150 kg (28,990 lb). SpaceX president Gwynne Shotwell stated the v1.1 had about 30% more payload capacity than published on its price list, with the extra margin reserved for returning stages via powered re-entry.
Development testing of the first stage was completed in July 2013, and it first flew in September 2013.
The second stage igniter propellant lines were later insulated to better support in-space restart following long coast phases for orbital trajectory maneuvers. Four extensible carbon fiber/aluminum honeycomb landing legs were included on later flights where landings were attempted.
SpaceX pricing and payload specifications published for v1.1 as of March 2014 included about 30% more performance than the published price list indicated; SpaceX reserved the additional performance to perform reusability testing. Many engineering changes to support reusability and recovery of the first stage were made for v1.1.


=== Full Thrust ===

The Full Thrust upgrade (also known as FT, v1.2 or Block 3), made major changes. It added cryogenic propellant cooling to increase density allowing 17% higher thrust, improved the stage separation system, stretched the second stage to hold additional propellant, and strengthened struts for holding helium bottles believed to have been involved with the failure of flight 19. It offered a reusable first stage. Plans to reuse the second-stage were abandoned as the weight of a heat shield and other equipment would reduce payload too much. The reusable booster was developed using systems and software tested on the Falcon 9 prototypes.
The Autonomous Flight Safety System (AFSS) replaced the ground-based mission flight control personnel and equipment. AFSS offered on-board Positioning, Navigation and Timing sources and decision logic. The benefits of AFSS included increased public safety, reduced reliance on range infrastructure, reduced range spacelift cost, increased schedule predictability and availability, operational flexibility, and launch slot flexibility"".
FT's capacity allowed SpaceX to choose between increasing payload, decreasing launch price, or both.
Its first successful landing came in December 2015 and the first reflight in March 2017. In February 2017, CRS-10 launch was the first operational launch utilizing AFSS. All SpaceX launches after March 16 used AFSS. A June 25 mission carried the second batch of ten Iridium NEXT satellites, for which the aluminum grid fins were replaced by larger titanium versions, to improve control authority, and heat tolerance during re-entry.


=== Block 4 ===
In 2017, SpaceX started including incremental changes to the Full Thrust, internally dubbed Block 4. Initially, only the second stage was modified to Block 4 standards, flying on top of a Block 3 first stage for three missions: NROL-76 and Inmarsat-5 F5 in May 2017, and Intelsat 35e in July 2017. Block 4 was described as a transition between the Full Thrust v1.2 Block 3 and Block 5. It includes incremental engine thrust upgrades leading to Block 5. The maiden flight of the full Block 4 design (first and second stages) was the SpaceX CRS-12 mission on August 14.


=== Block 5 ===

In October 2016, Musk described Block 5 as coming with ""a lot of minor refinements that collectively are important, but uprated thrust and improved legs are the most significant"". In January 2017, Musk added that Block 5 ""significantly improves performance and ease of reusability"". The maiden flight took place on May 11, 2018, with the Bangabandhu Satellite-1 satellite.


== Capabilities ==


=== Performance ===


=== Reliability ===
As of October 3, 2025, Falcon 9 had achieved 539 out of 542 full mission successes (99.5%). SpaceX CRS-1 succeeded in its primary mission, but left a secondary payload in a wrong orbit, while SpaceX CRS-7 was destroyed in flight. In addition, AMOS-6 disintegrated on the launch pad during fueling for an engine test. Block 5 has a success rate of 99.8% (485/486). For comparison, the industry benchmark Soyuz series has performed 1880 launches with a success rate of 95.1% (the latest Soyuz-2's success rate is 94%), the Russian Proton series has performed 425 launches with a success rate of 88.7% (the latest Proton-M's success rate is 90.1%), the European Ariane 5 has performed 117 launches with a success rate of 95.7%, and Chinese Long March 3B has performed 85 launches with a success rate of 95.3%.
F9's launch sequence includes a hold-down feature that allows full engine ignition and systems check before liftoff. After the first-stage engine starts, the launcher is held down and not released for flight until all propulsion and vehicle systems are confirmed to be operating normally. Similar hold-down systems have been used on launch vehicles such as Saturn V and Space Shuttle. An automatic safe shut-down and unloading of propellant occur if any abnormal conditions are detected. Prior to the launch date, SpaceX sometimes completes a test cycle, culminating in a three-and-a-half second first stage engine static firing. F9 has triple-redundant flight computers and inertial navigation, with a GPS overlay for additional accuracy.
Since the middle of 2024, the Falcon 9 has been involved in a number of mission anomalies, which have raised reliability concerns about the rocket. In July 2024 the upper stage engine of the Falcon 9 malfunctioned during the launch of the Starlink Group 9-3 mission, resulting in the total loss of the payload and the Federal Aviation Administration grounding the rocket for two weeks. In August 2024 a Falcon 9 booster tipped over and was destroyed during landing after a successful Starlink launch, resulting in the first unsuccessful booster landing in over three years for SpaceX. The rocket was briefly grounded for two days. In September 2024, after the successful launch of the Crew-9 mission, the upper stage engine again malfunctioned during a deorbit burn, causing it to reenter outside its designed zone and resulting in another grounding of the Falcon fleet. This anomaly occurred only ten days before the planned launch date of NASA's flagship Europa Clipper mission, which had a limited launch window and required two burns of the rocket's upper stage, prompting NASA to participate in the investigation and convene its own independent anomaly review board. Europa Clipper eventually launched successfully on October 14. These anomalies were mentioned on NASA's Aerospace Safety Advisory Panel 2024 Annual Report, which warned that SpaceX's fast cadence of launches may ""interfere with sound judgment, deliberate analysis, and careful implementation of corrective actions"", while also praising the company's ""openness with NASA and willingness to address each situation"".
In February 2025, another upper stage malfunction occurred after the launch of the Starlink Group 11-4 mission, which prevented the stage from executing its planned deorbit burn. It remained in orbit for two weeks before eventually falling near the city of Poznań, Poland in an uncontrolled reentry. Similar to the July 2024 failure, this anomaly was also caused by a liquid oxygen leak in the upper stage's engine. In March 2025, a Falcon 9 booster was lost when it caught fire and tipped over after a droneship landing following a Starlink launch. This failure was blamed on a fuel leak that occurred inside one of the first stage engines during ascent. Space journalist Eric Berger has argued that the main factor behind the recent anomalies is SpaceX's ""ever-present pressure to accelerate, even while taking on more and more challenging tasks"", noting that the company may have reached ""the speed limit for commercial spaceflight"". He also noted that SpaceX is under intense pressure to develop its super-heavy Starship rocket, with many talented engineers being moved off from the Falcon and Dragon programs onto Starship.


=== Engine-out capability ===
Like the Saturn family of rockets, multiple engines allow for mission completion even if one fails. Detailed descriptions of destructive engine failure modes and designed-in engine-out capabilities were made public.
SpaceX emphasized that the first stage is designed for ""engine-out"" capability. CRS-1 in October 2012 was a partial success after engine number 1 lost pressure at 79 seconds, and then shut down. To compensate for the resulting loss of acceleration, the first stage had to burn 28 seconds longer than planned, and the second stage had to burn an extra 15 seconds. That extra burn time reduced fuel reserves so that the likelihood that there was sufficient fuel to execute the mission dropped from 99% to 95%. Because NASA had purchased the launch and therefore contractually controlled several mission decision points, NASA declined SpaceX's request to restart the second stage and attempt to deliver the secondary payload into the correct orbit. As a result, the secondary payload reentered the atmosphere.
Merlin 1D engines have suffered two premature shutdowns on ascent. Neither has affected the primary mission, but both landing attempts failed. On an March 18, 2020, Starlink mission, one of the first stage engines failed 3 seconds before cut-off due to the ignition of some isopropyl alcohol that was not properly purged after cleaning. On another Starlink mission on February 15, 2021, hot exhaust gasses entered an engine due to a fatigue-related hole in its cover. SpaceX stated the failed cover had the ""highest... number of flights that this particular boot [cover] design had seen.""


=== Reusability ===

SpaceX planned from the beginning to make both stages reusable. The first stages of early Falcon flights were equipped with parachutes and were covered with a layer of ablative cork to allow them to survive atmospheric re-entry. These were defeated by the accompanying aerodynamic stress and heating. The stages were salt-water corrosion-resistant.
In late 2011, SpaceX eliminated parachutes in favor of powered descent. The design was complete by February 2012.
Powered landings were first flight-tested with the suborbital Grasshopper rocket. Between 2012 and 2013, this low-altitude, low-speed demonstration test vehicle made eight vertical landings, including a 79-second round-trip flight to an altitude of 744 m (2,441 ft). In March 2013, SpaceX announced that as of the first v1.1 flight, every booster would be equipped for powered descent.


==== Post-mission flight tests and landing attempts ====

For Flight 6 in September 2013, after stage separation, the flight plan called for the first stage to conduct a burn to reduce its reentry velocity, and then a second burn just before reaching the water. Although not a complete success, the stage was able to change direction and make a controlled entry into the atmosphere. During the final landing burn, the RCS thrusters could not overcome an aerodynamically induced spin. The centrifugal force deprived the engine of fuel, leading to early engine shutdown and a hard splashdown.
After four more ocean landing tests, the CRS-5 booster attempted a landing on the ASDS floating platform in January 2015. The rocket incorporated (for the first time in an orbital mission) grid fin aerodynamic control surfaces, and successfully guided itself to the ship, before running out of hydraulic fluid and crashing into the platform. A second attempt occurred in April 2015, on CRS-6. After the launch, the bipropellant valve became stuck, preventing the control system from reacting rapidly enough for a successful landing.
The first attempt to land a booster on a ground pad near the launch site occurred on flight 20, in December 2015. The landing was successful and the booster was recovered. This was the first time in history that after launching an orbital mission, a first stage achieved a controlled vertical landing. The first successful booster landing on an ASDS occurred in April 2016 on the drone ship Of Course I Still Love You during CRS-8.
Sixteen test flights were conducted from 2013 to 2016, six of which achieved a soft landing and booster recovery. Since January 2017, with the exceptions of the centre core from the Falcon Heavy test flight, Falcon Heavy USAF STP-2 mission, the Falcon 9 CRS-16 resupply mission and the Starlink-4, 5, and 19 missions, every landing attempt has been successful. Two boosters have been lost or destroyed at sea after landing: the center core used during the Arabsat-6A mission, and B1058 after completing a Starlink flight.


==== Relaunch ====

The first operational relaunch of a previously flown booster was accomplished in March 2017 with B1021 on the SES-10 mission after CRS-8 in April 2016. After landing a second time, it was retired. In June 2017, booster B1029 helped carry BulgariaSat-1 towards GTO after an Iridium NEXT LEO mission in January 2017, again achieving reuse and landing of a recovered booster. The third reuse flight came in November 2018 on the SSO-A mission. The core for the mission, Falcon 9 B1046, was the first Block 5 booster produced, and had flown initially on the Bangabandhu Satellite-1 mission.
In May 2021 the first booster reached 10 missions. Musk indicated that SpaceX intends to fly boosters until they see a failure in Starlink missions. As of October 3, 2025, the record is 30 flights by the same booster.


==== Recovery of fairings ====
SpaceX developed payload fairings equipped with a steerable parachute as well as RCS thrusters that can be recovered and reused. A payload fairing half was recovered following a soft-landing in the ocean for the first time in March 2017, following SES-10. Subsequently, development began on a ship-based system involving a massive net, in order to catch returning fairings. Two dedicated ships were outfitted for this role, making their first catches in 2019. However, following mixed success, SpaceX returned to water landings and wet recovery.


==== Recovery of second stages ====
Despite public statements that they would endeavor to make the second-stage reusable as well, by late 2014, SpaceX determined that the mass needed for a heat shield, landing engines, and other equipment to support recovery of the second stage was prohibitive, and abandoned second-stage reusability efforts.


== Launch sites ==

The Falcon 9 launches from three orbital launch sites: Space Launch Complex 40 (SLC-40) at Cape Canaveral Space Force Station in Florida (operational since 2007), Space Launch Complex 4E (SLC-4E) of Vandenberg Space Force Base in California (operational since 2013), and Launch Complex 39A (LC-39A) of the Kennedy Space Center in Florida (operational since 2017).
SpaceX has designated specific roles for each launch site based on mission profiles. SLC-40 serves as the company's high-volume launch pad for missions to medium-inclination orbits (28.5–55°). SLC-4E is optimized for launches to highly inclined polar orbits (66–145°). LC-39A is primarily reserved for complex missions, such as Crew Dragon or Falcon Heavy launches. However, in 2024, SLC-40 was upgraded to accommodate Crew Dragon launches as a backup to LC-39A.
On April 21, 2023, the United States Space Force granted SpaceX permission to lease Vandenberg Space Launch Complex 6 (SLC-6). This will become SpaceX's fourth orbital launch site, providing a second pad for highly inclined polar orbit launches and enabling Falcon Heavy launches from the West Coast.


== Pricing ==
At the time of the Falcon 9's maiden flight in 2010, the advertised price for commercial satellite launches using the v1.0 version was $49.9–56 million. Over the years, the price increased, keeping pace with inflation. By 2012, it rose to $54–59.5 million, followed by $56.5 million for the v1.1 version in 2013, $61.2 million in 2014, $62 million for the Full Thrust version in 2016, and $69.85 million for the Block 5 version in 2025.
Government contracts typically involve higher prices, determined through competitive bidding processes. For instance, Dragon cargo missions to the ISS cost $133 million under a fixed-price contract with NASA, which included the spacecraft's use. Similarly, the 2013 DSCOVR mission for NOAA, launched aboard a Falcon 9, cost $97 million. As of 2020, U.S. Air Force launches using the Falcon 9 cost $95 million due to added security requirements. Because of the higher prices charged to government customers, in 2020, Roscosmos administrator Dmitry Rogozin accused SpaceX of price dumping in the commercial marketplace.
The declining costs of Falcon 9 launches prompted competitors to develop lower-cost launch vehicles. Arianespace introduced the Ariane 6, ULA developed the Vulcan Centaur, and Roscosmos focused on the Proton-M. ULA CEO Tory Bruno stated that in their estimates, each booster would need to fly ten times to break even on the additional costs of designing and operating reusable rockets. Musk countered, asserting that Falcon 9's recovery and refurbishment costs were under 10%, achieving breakeven after just two flights and yielding substantial savings by the third.
As of 2024, SpaceX's internal costs for a Falcon 9 launch are estimated between $15 million and $28 million, factoring in workforce expenses, refurbishment, assembly, operations, and facility depreciation. These efficiencies are primarily due to the reuse of first-stage boosters and payload fairings. The second stage, which is not reused, is believed to be the largest expense per launch, with the company's COO stating that each costs $12 million to produce.


== Rideshare payload programs ==

SpaceX provides two rideshare programs, regularly scheduled Falcon 9 flights for small satellite deployment: Transporter and Bandwagon. The Transporter program started in 2021 and specializes in delivering payloads to sun-synchronous orbits, primarily serving Earth observation missions, with flights typically operating every four months. The Bandwagon program started in 2024, offers access to mid-inclination orbits of approximately 45 degrees, with flights typically operating every six months. Unlike traditional secondary payload arrangements, these programs do not rely on a primary mission. Instead, SpaceX provides a unique ""cake topper"" option for larger satellites between 500 and 2,500 kilograms (1,100 and 5,500 lb). Price for 50 kg payload is US$300,000 to SSO.
SpaceX also offers more traditional rideshares where small satellites piggyback on the launch of a large primary payload. In the past, the company has offered clients the option to mount payloads using the EELV Secondary Payload Adapter (ESPA) ring, the same interstage adapter first used for launching secondary payloads on US DoD missions that use the Evolved Expendable Launch Vehicles (EELV) Atlas V and Delta IV.
Even though the Falcon 9 is a medium-lift launch vehicle, through these programs, SpaceX has become the leading provider of rideshare launches. Given the company's frequent launch cadence and low prices, operators of small-lift launch vehicles have found it difficult to compete.


== Public display of Falcon 9 vehicles ==

SpaceX first put a Falcon 9 (B1019) on public display at their headquarters in Hawthorne, California, in 2016.
In 2019, SpaceX donated a Falcon 9 (B1035) to Space Center Houston, in Houston, Texas. It was a booster that flew two missions, ""the 11th and 13th supply missions to the International Space Station [and was] the first Falcon 9 rocket NASA agreed to fly a second time"".
In 2021, SpaceX donated a Falcon Heavy side booster (B1023) to the Kennedy Space Center Visitor Complex.
In 2023, a Falcon 9 (B1021) has been put on public display outside Dish Network's headquarters in Littleton, Colorado.


== Influence on space industry ==
The Russian space agency has launched the development of Soyuz-7 which shares many similarities with Falcon 9, including a reusable first stage that will land vertically with the help of legs. The first launch is planned for 2028–2030.
China's Beijing Tianbing Technology company is developing Tianlong-3, which is benchmarked against Falcon 9. In 2024, China's central government designated commercial space as a key industry for support, with the reusable medium-lift launchers being necessary to deploy China's planned low Earth orbit communications megaconstellations.


== See also ==

Comparison of orbital launch systems
List of Falcon 9 first-stage boosters
SpaceX launch vehicles


== Notes ==


== References ==


== External links ==

Falcon 9 official page
SAOCOM 1B | Launch and Landing
Test firing of two Merlin 1C engines connected to Falcon 9 first stage, Movie 1, Movie 2 (January 18, 2008)
Press release announcing design (September 9, 2005)
SpaceX hopes to supply ISS with new Falcon 9 heavy launcher (Flight International, September 13, 2005)
SpaceX launches Falcon 9, With A Customer Archived June 11, 2007, at the Wayback Machine (Defense Industry Daily, September 15, 2005)","Falcon 9 is a partially reusable, two-stage-to-orbit, medium-lift launch vehicle designed and manufactured in the United States by SpaceX. The first Falcon 9 launch was on June 4, 2010, and the first commercial resupply mission to the International Space Station (ISS) launched on October 8, 2012. In 2020, it became the first commercial rocket to launch humans to orbit. The Falcon 9 has been noted for its reliability and high launch cadence, with 539 successful launches, two in-flight failures, one partial failure and one pre-flight destruction. It is the most-launched American orbital rocket in history.
The rocket has two stages. The first (booster) stage carries the second stage and payload to a predetermined speed and altitude, after which the second stage accelerates the payload to its target orbit. The booster is capable of landing vertically to facilitate reuse. This feat was first achieved on flight 20 in December 2015. As of October 3, 2025, SpaceX has successfully landed Falcon 9 boosters 498 times. Individual boosters have flown as many as 30 flights. Both stages are powered by SpaceX Merlin engines, using cryogenic liquid oxygen and rocket-grade kerosene (RP-1) as propellants.
The heaviest payloads flown to geostationary transfer orbit (GTO) were Intelsat 35e carrying 6,761 kg (14,905 lb), and Telstar 19V with 7,075 kg (15,598 lb). The former was launched into an advantageous super-synchronous transfer orbit, while the latter went into a lower-energy GTO, with an apogee well below the geostationary altitude. On January 24, 2021, Falcon 9 set a record for the most satellites launched by a single rocket, carrying 143 into orbit.
Falcon 9 is human-rated for transporting NASA astronauts to the ISS, certified for the National Security Space Launch program and the NASA Launch Services Program lists it as a ""Category 3"" (Low Risk) launch vehicle allowing it to launch the agency's most expensive, important, and complex missions.

Several versions of Falcon 9 have been built and flown: v1.0 flew from 2010 to 2013, v1.1 flew from 2013 to 2016, while v1.2 Full Thrust first launched in 2015, encompassing the Block 5 variant, which has been in operation since May 2018.",6137,38998,2025-10-04T15:03:13.874259
musk_supplement_3,Tesla Autopilot,Tesla Autopilot,Autonomous driving technology,tesla,https://en.wikipedia.org/wiki/Tesla_Autopilot,"Tesla Autopilot is an advanced driver-assistance system (ADAS) developed by Tesla, Inc. that provides partial vehicle automation, corresponding to Level 2 automation as defined by SAE International. All Tesla vehicles produced after April 2019 include Autopilot, which features autosteer and traffic-aware cruise control. Customers can purchase or subscribe to an optional package called ""Full Self-Driving (Supervised)"", also known as ""FSD"", which adds features such as semi-autonomous navigation, response to traffic lights and stop signs, lane change assistance, self-parking, and the ability to summon the car from a parking space.
Since 2013, Tesla CEO Elon Musk has repeatedly predicted that the company would achieve fully autonomous driving (SAE Level 5) within one to three years, but these goals have not been met. The branding of Full Self-Driving has drawn criticism for potentially misleading consumers. Tesla vehicles currently operate at Level 2 automation, which requires continuous driver supervision and does not constitute ""full"" self-driving capability. Previously, the Autopilot branding was also criticized for similar reasons, despite the fact that no current autopilot system in aircraft renders them fully autonomous.
Tesla claims that its driver-assistance features improve safety and reduce accidents caused by driver fatigue or inattention. However, collisions and fatalities involving Autopilot have attracted scrutiny from media and regulators. Industry experts and safety advocates have raised concerns about the deployment of beta software to the general public, calling the practice risky and potentially irresponsible.


== History ==
Elon Musk first discussed the Tesla Autopilot system publicly in 2013, noting that ""Autopilot is a good thing to have in planes, and we should have it in cars."" Over the ensuing decade, Autopilot went through a series of hardware and software enhancements, gradually approaching the goal of full autonomy, which, as of July 2025, remains unmet. Autopilot, as initially introduced in 2014, referred to automatic parking and low-speed summoning on private property, using sensor and computing hardware developed by Mobileye. By 2016, the Mobileye-based Autopilot had added automatic emergency braking (AEB), adaptive cruise control (ACC), and lane centering capabilities, but Tesla and Mobileye dissolved their partnership that July. Enhanced Autopilot (EAP) was announced later in 2016 as an extra-cost option that used a new hardware suite developed by Tesla; the key distinguishing feature for EAP, ""Navigate on Autopilot"", which uses the new hardware suite to guide the vehicle on controlled-access roads, from on-ramp to off-ramp, was delayed until 2018. At the same time that EAP was introduced, Tesla also offered Full Self-Driving (FSD) as an upgrade option to EAP in 2016, which would extend machine-guided driving capabilities to local roads. FSD beta testing started in October 2020.
At the time the ""Paint it Black"" video was released in 2016, FSD was acknowledged to be ""some way off in the future."" The option to purchase the FSD upgrade to EAP was removed from Tesla's website in October 2018; Elon Musk tweeted the upgrade was ""causing too much confusion"". Technology analyst Rob Enderle called the removal of the upgrade option ""incredibly stupid"", adding ""don't release a system that doesn't work and make it hard to order."" During a January 2019 earnings call, Elon Musk reiterated ""full self-driving capability is there"", referring to ""Navigate on Autopilot"", an EAP feature limited to controlled-access highways. The EAP option was replaced by FSD in 2019 without offering ""Navigate on Autopilot""-like functionality for local roads; autosteer and traffic-aware cruise control were transferred to the basic Autopilot feature set, which was made standard on all new Teslas.
In September 2020, Tesla reintroduced the term Enhanced Autopilot to distinguish the existing subset of features which included high-speed highway travel and low-speed parking and summoning, from FSD, which would add medium-speed city road travel. Tesla released a ""beta"" version of its FSD software (which extended ""Navigate on Autopilot""-like machine-controlled driving and navigation to 'local roads') in the United States in October 2020 to EAP testers. The EAP option tier was made available to all buyers by June 2022 and the FSD beta had expanded to 160,000 testers in the United States and Canada by September. In November 2022, the FSD beta was extended to all owners in North America who had purchased the option. In April 2024, EAP was removed from the North American design pages. However, it is still available for purchase in other markets.


== Hardware iterations ==


=== Hardware 1 and Autopilot (Mobileye) ===
In October 2014, Tesla offered customers the ability to pre-purchase Autopilot that was not designed for self-driving. Initial versions were built in partnership with Mobileye, but Mobileye ended the partnership in July 2016 because Tesla ""was pushing the envelope in terms of safety"".
Vehicles manufactured after September 2014 included Hardware 1 (HW1), which supported Autopilot. The first Autopilot software release came in October 2015 as part of Tesla software version 7.0. Version 7.1 removed some features to discourage risky driving.
Version 8.0 processed radar signals to create a point cloud similar to lidar to help navigate in low visibility. In November 2016, Autopilot 8.0 was updated to encourage drivers to grip the steering wheel. By November 2016, Autopilot had operated for 300 million miles (500 million km).


=== Hardware 2 ===
In October 2016, Autopilot sensors and computing hardware transitioned to Hardware 2 (HW2) for new cars, the upgraded hardware collectively was called Autopilot 2.0 to distinguish it from the original Autopilot/HW1 vehicles. At the time it was launched, Autopilot 2.0 vehicles with HW2 actually had fewer features than HW1 vehicles; for example, HW2 vehicles were unable to be summoned in 2016.
Tesla also used the term Enhanced Autopilot (EAP) to refer to planned capabilities that would be coming to HW2 vehicles - the signature EAP feature announced in December 2016 was ""Navigate on Autopilot"", which allows machine-controlled driving on controlled-access highways from on-ramp to off-ramp, including the abilities to change lanes without driver input, transition from one freeway to another, and exit. HW2 vehicles were updated in January and February 2017 with software version 8.0, which included Traffic-Aware Cruise Control and Autosteer (lane-centering) on divided highways and 'local roads' up to speeds of 45 miles per hour (72 km/h). Version 8.0 also put more emphasis on the radar system, in an attempt to try to avoid problems like the fatal 2016 Autopilot crash in Florida. Software version 8.1 for HW2 arrived in March 2017, providing HW2 cars features on par with HW1 cars, but did not include ""Navigate on Autopilot"".

In August 2017, Tesla announced Hardware 2.5 (HW2.5), which upgraded the on-board processor and added redundant systems. Software version 9.0 was released in October 2018 in preparation for the release of ""Navigate on Autopilot"" for HW2/HW2.5 vehicles with EAP, which was implemented later that month. Simultaneously, Tesla removed the option to purchase the ""Full Self-Driving"" upgrade. In a November 2018 test drive, The Verge reporter Andrew J. Hawkins called the beta of Navigate on Autopilot ""the feature that could give Tesla an edge as it grows from niche company to global powerhouse"". As initially released, Navigate on Autopilot would suggest lane changes, but could not change lanes until the suggestion had been confirmed by the driver through the turn signal stalk.


=== Hardware 3 ===
In March 2019, Tesla transitioned to Hardware 3 (HW3) for new cars. Completely automated lane changes without requiring driver confirmation using ""Navigate on Autopilot"" were added as an option in an April software update, although Consumer Reports called it ""far less competent"" than a human driver. To comply with the new United Nations Economic Commission for Europe regulation related to automatically commanded steering function, Tesla provided an updated Autopilot in May, limited to Europe. In September, Tesla released software version 10 to Early Access Program (EAP) testers, citing improvements in driving visualization and automatic lane changes.
In 2021, Tesla began transitioning from using radar to only using Tesla Vision. In October 2022 it provided its reasoning, citing ""safety."" Vehicles manufactured after 2022 do not include radar or ultrasonic sensors.


=== Hardware 4 ===

Samsung makes the processor for Hardware 4 (HW4) on a 7 nm process. The custom System on a chip (SoC) is called ""FSD Computer 2"". The board has 16 GB of RAM and 256 GB of storage, which are two and four times the RAM and storage in HW3 respectively. Musk stated that HW4 computational capabilities are three to eight times more powerful than HW3. A tear down of a HW4 Model S and Model X car in 2023 revealed that they have high definition radar hardware, but the software did not use radar.
Tesla started shipping cars with HW4 in January 2023, starting with the refreshed Model S and Model Y; however, FSD was not available initially. It took six months before HW4-based cars ran camera-based software. Despite the increased image sensor resolution with HW4-equipped cars, HW4 initially ran the FSD software by emulating HW3, including downsizing the camera images - a result of Tesla postponing training based on the new HW4 cameras. Musk stated that the HW4-specific training of FSD would start after the new data center is finished at the Texas Gigafactory.
In October 2024, FSD version 12.5.6 released exclusively to HW4-equipped vehicles, featuring a model trained on HW4 data. This trend has continued with the release of version 13.


=== Hardware 5 ===
Musk announced Hardware 5 (HW5), being named AI5, during the Tesla annual meeting on June 13, 2024. Musk stated it is scheduled for release in January 2026, and will be ten times more powerful than HW4. Musk also stated that it will use up to 800 watts when processing complex environments, versus a maximum of 300 watts for HW3 and HW4.


== Autopilot packages ==


=== Autopilot ===
Autopilot is the most basic package that comes included on the Models S, 3, X, and Y. Autopilot features adaptive cruise control (named Traffic-Aware Cruise Control or TACC) and lane-centering (Autosteer). The package also includes minor features such as ""Green Light Chime"" and standard safety systems such as automatic emergency braking (AEB), lane and roadway edge departure warning and correction, and blind spot indicators.
While the Cybertruck includes TACC, as of October 2024, it does not include Autosteer.


=== Enhanced Autopilot (EAP) ===
Enhanced Autopilot is a middle ground package, offering Summon, Auto Lane Change, Navigate on Autopilot, Autopark. Vehicles that support EAP are the Models S, 3, X, and Y. North American customers are currently unable to purchase this package, although it remains active on cars for which it was purchased.


==== Navigate on Autopilot ====
Navigate on Autopilot allows the vehicle to maneuver on the highway from on ramp to off ramp, making lane changes and navigating interchanges as needed - similar to FSD. Upon exiting the highway, the vehicle notifies the driver and returns to the basic autosteer.


==== Summon ====
Summon is separated into three categories: Dumb Summon, Smart Summon, and Actual Smart Summon. It can be activated through the Tesla mobile app or the key fob. Dumb Summon is used to move the vehicle forwards or backwards. Smart Summon, now deprecated, drives the car to either the user or a designated location, relying on the vehicle's ultrasonic sensors (USS) to navigate and avoid collisions. Actual Smart Summon (ASS) performs the same job as its predecessor, however it uses the onboard cameras instead of USS. Actual Smart Summon can only be used through the app and features a larger summon radius compared to Smart Summon.
Within the user interface on the Tesla app, ASS displays the vehicle's cameras during summoning while the previous iteration does not.


==== Autopark ====
Autopark is capable of parking the vehicle for the driver. Users are given the option to use Autopark when the vehicle detects an empty parking space. Autopark maneuvers the vehicles into the parking spot. To activate the system, drivers were required to slowly drive past an empty spot until the system detected the space.
In 2024, Tesla released a redesigned Autopark, which uses the vehicle's cameras and introduced a ""tap-to-park"" system. Users are shown all possible parking spots and are able to choose a specific spot for Autopark to park in. Autopark currently is only able to back into spaces.


=== Full Self-Driving (FSD) ===
Full Self-Driving is the top end of the three packages, featuring traffic light and stop sign recognition and Autosteer on City Streets. Visualizations displayed on the vehicle's screen are more detailed and the vehicle is able to navigate local roads, similar to Navigate on Autopilot. FSD is available for all current Tesla models, including the Cybertruck.
FSD also includes minor features such as Vision-based Attention Monitoring.


=== Pricing ===
In 2015, Autopilot was $2,500 on a Model S. In 2016, Enhanced Autopilot was $5,000, and FSD was an add-on for $3,000. In April 2019, basic Autopilot was included in every Tesla car, and FSD was $5,000, growing to $10,000 in October 2020 and $15,000 in September 2022. As the price of FSD increased, the fraction of buyers who purchased it steadily declined, from an estimated 37% in 2019 to 22% in 2020 to 12% in 2021. Starting in 2021, the company offered a subscription for FSD for $199 per month or $99 per month if the customer had already purchased Enhanced Autopilot. In September 2023, the price of FSD was reduced to $12,000. In April 2024 with the removal of EAP, Tesla reduced the FSD subscription price to $99 per month for either new users or users who had already purchased Enhanced Autopilot, and reduced the purchase price of FSD to $8,000. Tesla's dropping of the price of the service ran opposite Musk's earlier statements about how the price of FSD would continue to increase, and angered existing FSD users who paid the higher prices previously.


== Full Self-Driving capability ==


=== Approach ===
Tesla's approach to achieving SAE level 5 is to train a neural network using the behavior of 6+ million Tesla drivers using chiefly visible light cameras and the coarse-grained two-dimensional maps used for navigation. Tesla has made a deliberate decision to not use lidar, which Elon Musk has called ""stupid, expensive and unnecessary"". This makes Tesla's approach markedly different from that of other companies like Waymo and Cruise which train their neural networks using the behavior of a small number of highly trained drivers, and are additionally relying on highly detailed (centimeter-scale) three-dimensional maps and lidar in their autonomous vehicles.
According to Elon Musk, full autonomy is ""really a software limitation: The hardware exists to create full autonomy, so it's really about developing advanced, narrow AI for the car to operate on."" The Autopilot development focus is on ""increasingly sophisticated neural nets that can operate in reasonably sized computers in the car"". According to Musk, ""the car will learn over time"", including from other cars.
Tesla's software has been trained based on three billion miles driven by Tesla vehicles on public roads, as of April 2020. Alongside tens of millions of miles on public roads, competitors have trained their software on tens of billions of miles in computer simulations, as of January 2020. In terms of computing hardware, Tesla designed a self-driving computer chip that has been installed in its cars since March 2019 and also designed and built in-house a neural network training supercomputer (""Tesla Dojo""); other vehicle automation companies such as Waymo regularly use custom chipsets and neural networks as well.


=== Predictions ===

In December 2015, Musk predicted that ""complete autonomy"" would be implemented by 2018. At the end of 2016, Tesla expected to demonstrate full autonomy by the end of 2017, and in April 2017, Musk predicted that in around two years, drivers would be able to sleep in their vehicle while it drives itself. In 2018 Tesla revised the date to demonstrate full autonomy to be by the end of 2019.

In 2019 and 2020, Tesla's order page for ""Full Self-Driving Capability"" stated:

Coming later this year:
Recognize and respond to traffic lights and stop signs
Automatic driving on city streets.
In January 2020, Musk claimed the FSD software would be ""feature complete"" by the end of 2020, adding that feature complete ""doesn't mean that features are working well"". In August 2020, Musk stated that 200 software engineers, 100 hardware engineers and 500 ""labelers"" were working on Autopilot and FSD. In early 2021, Musk stated that Tesla would provide SAE level 5 autonomy by the end of 2021. In a March 2021 conference call between Tesla and the California Department of Motor Vehicles (DMV), Tesla's director of Autopilot software revealed that Musk's comments ""did not reflect engineering reality."" Details of the call were made public via a Freedom of Information Act request by PlainSite. Speaking via video call at a 2023 AI conference held in Shanghai, Musk admitted that his former predictions were overly optimistic, and predicted that Tesla would finally realize fully autonomous vehicles at some point ""later this year"".
During the Q1 2024 investors meeting in early 2024, Musk announced that he would reveal a new robotaxi product in August. This was later delayed to October. As of April 2024, Tesla has yet to apply for any state-level permits needed to operate autonomous vehicles in the US.


=== Full Self-Driving (beta) ===
In October 2020, Tesla first released a beta version of its FSD software to early access program testers, a small group of users in the United States. Musk stated that the testing of FSD beta ""[w]ill be extremely slow [and] cautious"" and ""be limited to a small number of people who are expert [and] careful drivers"". The release of the beta program renewed concern regarding whether the technology is ready for testing on public roads. In January 2021, the number of employees and customers testing the beta FSD software was ""nearly 1,000"" expanding in May 2021 to several thousand employees and customers.
In October 2021, Tesla began the wide release of the FSD Beta to approximately 1,000 more drivers in the US, and the beta became accessible to Tesla drivers who achieved a 100 / 100 on a proprietary safety scoring system. By November 2021 there were about 11,700 FSD beta testers and about 150,000 vehicles using Tesla's safety score system, which then grew to 60,000 users participating in FSD beta by January 2022, and 100,000 users by April 2022. In November 2022, the FSD beta was opened to all North American owners who had purchased the option, regardless of safety score. As of February 2023, Tesla has about 360,000 participants in FSD Beta.
In February 2023, 362,758 vehicles equipped with the FSD Beta were recalled by the U.S. National Highway Traffic Safety Administration (NHTSA), and addition of new participants was halted by the company. In March 2023, FSD Beta v11.3.1, which also merged Autopilot code with FSD, was released as a fix for the issues. In July 2023, NHTSA asked Tesla to clarify which changes had been made, and when they were implemented. The NHTSA later reported 60 crashes and one fatality involving the use of FSD beta during the period August 2022 to August 2023.
In August 2023, Musk livestreamed a 45-minute demo of the upcoming version 12 of FSD, which he claimed used machine learning and not any human-written code. There was one intervention: the vehicle misinterpreted a green left-turn arrow as allowing forward traffic and nearly ran the red light before Musk intervened. Release notes for version 12.1 (an internal test version) and subsequent releases tout the removal of over 300,000 lines of explicit C++ code.


=== Full Self Driving (Supervised) ===
In April 2024, FSD version 12.3.3 officially replaced the word ""beta"" with ""supervised"" in its naming and Tesla announced that users had driven over 1 billion miles on FSD Beta. Version 12.3.3 introduced vision-based Autopark for non-USS vehicles.
In March 2024, FSD version 12.3.6 started rolling out to an initial set of US customers, receiving positive feedback. Subsequently, Tesla announced a free one-month trial of FSD and Musk mandated demonstrating FSD to all prospective buyers in the US.
In May 2024, analysts of data released by YipitData found that, of the nearly 3,500 Tesla owners who trialed FSD in April 2024, only 2% kept their subscriptions.
The wide release of version 12.4.3 introduced the vision-based monitoring system, removing the need for torque-based attention monitoring.
In early September 2024 the wide-release of FSD version 12.5.3 introduced Actual Smart Summon and sunglasses support for the vision-based monitoring system. Shortly after, Tesla made some changes to its FSD package, changing the name from ""Full Self-Driving Capability"" to ""Full Self-Driving (Supervised)"" along with the description. At the end of September, Tesla released FSD version 12.5.5 for the Cybertruck, the defining feature of the release being the merging of the city and highway stacks.
The release of version 12.5.3 deviated from previous software releases. Previously, updates would rollout to Hardware 3-equipped vehicles first. Currently, releases now roll out to Hardware 4-equipped vehicles first while Hardware 3 vehicles wait for further software optimizations.
In late October 2024, version 12.5.6.1 was rolled out to Hardware 4 vehicles, with general improvements such as the implementation of an end-to-end highway network, improvements to earlier and more natural lane change decisions, and new speed profiles.
As of late November 2024, Tesla began rolling out FSD version 13.2 to early access testers using AI4 vehicles, featuring major improvements to its end-to-end neural network. Highlights included reduced photon-to-control latency, integrated unpark and reverse capabilities, dynamic routing around road closures, and the ability to start FSD (Supervised) from Park. The update also introduced speed profile enhancements for city streets and highways, a redesigned controller for smoother tracking, and improved predictive modeling for collision avoidance. Tesla also adopted AI4-native inputs and announced plans for further scaling of model size, context length, and navigation features.
In January 2025, Tesla said its customers had driven 3 billion miles on FSD (Supervised), and that it had increased artificial intelligence training compute capability by 400% in 2024.


=== Full Self Driving (Robotaxi) ===
On 22 June 2025 Tesla launched their commercial taxi service Robotaxi to a small group of invited users in Austin, Texas. Except for having Robotaxi written on the front doors the vehicles were claimed by Tesla to be unmodified cars from their factory. Rides were priced at a flat rate of $4.20 within a geofenced area. While no one was in the driver's seat, a Tesla employee was still present in the front passenger seat for safety reasons.


== Regional availability ==
Outside of North America, autopilot capabilities differ. While Enhanced Autopilot and Full Self-Driving are offered to customers, their feature set is more limited. Most regions offer Summon, Smart Summon, and Autopark with EAP and FSD. The Tesla AI team released a roadmap noting a Q1 2025 FSD release for China and Europe.


=== Australia ===
In Australia, Autopilot, EAP, and FSD are available. FSD includes the Enhanced Autopilot features and Traffic Light and Stop Sign Control. Autosteer on City Streets is currently listed as upcoming.


=== China ===
In China, Autopilot, EAP, and FSD are available.  As of October 2024, FSD does not currently offer anything more than Enhanced Autopilot. Summon, Smart Summon, Traffic Light and Stop Sign Control, and Autosteer on City Streets are currently listed as upcoming. For map data, Baidu Maps is utilized and data collected within China is currently required to remain in country.
In 2024, Tesla began testing FSD in China following preliminary approval.


=== Europe and United Kingdom ===
In Europe and the United Kingdom, Autopilot, EAP and FSD are available.  FSD includes the Enhanced Autopilot features and Traffic Light and Stop Sign Control are available. Some features such as auto lane change require driver confirmation.
Since the end of 2022, FSD has been in internal testing. In April 2024, a Swedish Transportation Administration official received a demonstration of FSD in Germany.
In September 2024, the UK’s Department for Transport raised concerns, stating “While [a driver assistance system] may help reduce collisions, it may also introduce new safety risks.”.


== Tesla Dojo ==
Tesla Dojo was a supercomputer designed from the ground up by Tesla for computer vision video processing and recognition.  It was planned to be used to train Tesla's machine learning models to improve FSD. In August 2025, Bloomberg News reported that Tesla shut down the Dojo project.
Dojo was first mentioned by Musk in April 2019 and August 2020. It was officially announced by Musk at Tesla's AI Day on August 19, 2021. In September 2021, a Tesla Dojo whitepaper was released. In August 2023, Tesla said that it started production use of Dojo, configured with 10,000 Nvidia chips.
Dojo consists of multiple cabinets. Each cabinet holds multiple, vertically arranged training tiles. Each tile holds multiple Tesla-designed D1 processing chips with associated memory. According to Tesla's senior director of Autopilot hardware, Ganesh Venkataramanan, ""Tesla places 25 of these chips onto a single 'training tile', and 120 of these tiles come together... amounting to over an exaflop [a million teraflops] of power"". (As of August 2021, Nvidia stated that the pre-Dojo Tesla AI-training center used 720 nodes of eight Nvidia A100 Tensor Core Graphics Processing Units (GPUs), 5,760 GPUs in total, for up to 1.8 exaflops of performance.) In April 2024, Musk said Tesla was using 35,000 Nvidia H100 chips, and was on track to have invested $10 billion cumulatively by the end of the year to train the neural network model for FSD.


== Driving features ==
Tesla's Autopilot is classified as Level 2 under the SAE six levels (0 to 5) of vehicle automation. At this level, the car can act autonomously, but requires the driver to monitor the driving at all times and be prepared to take control at a moment's notice. Tesla's owner's manual states that Autopilot should not be used on city streets or on roads where traffic conditions are constantly changing; however, some FSD capabilities (""Traffic and Stop Sign Control (beta)""), and future FSD capabilities (""Autosteer on City Streets"") are advertised for city streets.


== Comparisons ==
In 2018, Consumer Reports rated Tesla Autopilot as second best out of four (GM, Tesla, Nissan, Volvo) ""partially automated driving systems"". Autopilot scored highly for its capabilities and ease of use, but was worse at keeping the driver engaged than the other manufacturers' systems. Consumer Reports also found multiple problems with Autopilot's automatic lane change function, such as cutting too closely in front of other cars and passing on the right.
In 2018, the Insurance Institute for Highway Safety (IIHS) compared Tesla, BMW, Mercedes and Volvo ""advanced driver assistance systems"" and stated that the Tesla Model 3 experienced the fewest incidents of crossing over a lane line, touching a lane line, or disengaging.
In February 2020, Car and Driver compared GM's Super Cruise, comma.ai and Autopilot. They called Autopilot ""one of the best"", highlighting its user interface and versatility, but criticizing it for swerving abruptly.
In June 2020, Digital Trends compared GM's Super Cruise self-driving and Tesla Autopilot. The conclusion: ""Super Cruise is more advanced, while Autopilot is more comprehensive.""
In October 2020, the European New Car Assessment Program gave the Tesla Model 3 Autopilot a score of ""moderate"".
Also in October 2020, Consumer Reports evaluated 17 driver assistance systems, and concluded that Tesla Autopilot was ""a distant second"" behind GM's Super Cruise, although Autopilot was ranked first in the ""Capabilities and Performance"" and ""Ease of Use"" categories.
In February 2021, a MotorTrend review compared GM's Super Cruise and Autopilot and said Super Cruise was better, primarily due to safety.
In May 2021, consulting firm Guidehouse Insights ranked Tesla Full Self-Driving last in strategy and execution among 15 companies.
In January 2023, Consumer Reports rated ""active driving assistance systems"" and ranked Tesla Autopilot as 7th out of 12. The Full Self-Driving package was not tested.
In October 2023, Consumer Reports rated ""active driving assistance systems"" and ranked Tesla Autopilot as 8th out of 17. The Full Self-Driving package was not tested.
In December 2023, TechCrunch ranked Full Self-Driving last out of five systems evaluated, saying ""it's pretty easy to choose a loser. Three years after its initial beta release, Tesla's supposed Full Self-Driving still doesn't live up to its name"", adding ""the FSD beta software [was] frequently confused on urban and rural streets"" and ""Tesla's driver monitoring was by far the most lax of those tested"".
In March 2024, IIHS reported its first ""partial automation safeguard ratings"", ranking Tesla Autopilot and Full Self-Driving as ""poor"", along with 9 of 12 other systems.


== Criticism ==

Tesla's self-driving strategy has been criticized as dangerous and obsolete, and was abandoned by other companies years ago. Most experts believe that Tesla's approach of trying to achieve autonomous vehicles by eschewing high-definition maps and lidar is not feasible. Auto analyst Brad Templeton has criticized Tesla's approach by arguing, ""The no-map approach involves forgetting what was learned before and doing it all again."" In a May 2021 study by Guidehouse Insights, Tesla was ranked last for both strategy and execution in the autonomous driving sector. Some news reports in 2019 state ""practically everyone views [lidar] as an essential ingredient for self-driving cars"" and ""experts and proponents say it adds depth and vision where camera and radar alone fall short.""
An August 2021 study conducted by Missy Cummings et al. found three Tesla Model 3 cars exhibited ""significant between and within vehicle variation on a number of metrics related to driver monitoring, alerting, and safe operation of the underlying autonomy... suggest[ing] that the performance of the underlying artificial intelligence and computer vision systems was extremely variable.""
In September 2021, legal scholars William Widen and Philip Koopman argued that Tesla's advertising of FSD as an SAE Level 2 system was misleading to ""avoid regulatory oversight and permitting processes required of more highly automated vehicles"". Instead, they argued FSD should be considered a SAE Level 4 technology and urged state departments of transportation in the U.S. to classify it as such, since publicly available videos show that ""beta test drivers operate their vehicles as if to validate SAE Level 4 (high driving automation) features, often revealing dramatically risky situations created by use of the vehicles in this manner.""
In March 2025, Tesla Autopilot was tested to see if it would avoid hitting a child mannequin in conditions such as fog and heavy rain. A separate test involved placing the mannequin behind a wall covered with an image of the road. The Tesla car, unlike cars equipped with lidar technology, failed these tests. FSD was not used for these tests. Rather, they were conducted using the simpler Autopilot system. Some have criticized these tests, claiming that Autopilot isn't appropriate for cases such as these due to its much simpler capabilities compared to FSD.
Protestors against Tesla's deployment of its trial robotaxi service in Austin, Texas, attended a June 2025 demonstration of the limitations of FSD (Supervised) hosted by Tesla Takedown and The Dawn Project.


== Safety statistics and concerns ==


=== Safety statistics ===

In April 2016, Elon Musk stated the probability of an accident was at least 50% lower when using Autopilot without citing any references. At the time, it was estimated that collectively, Teslas had been driven for 47 million miles in Autopilot mode. After the first widely publicized fatal Autopilot crash in May 2016 which occurred in Williston, Florida, Tesla acknowledged the death and published a blog in June, comparing the average fatality rate in the United States (at the time, one per 94 million miles) and worldwide (one per 60 million miles) with that of Tesla Autopilot (one per 130 million miles); Tesla stated in July that ""customers using Autopilot are statistically safer than those not using it at all"", ""the [Autopilot] system provided a net safety benefit to society"", and ""the 'better-than-human' threshold had been crossed and robustly validated internally"". Tesla's statistical approach was criticized as comparing two different datasets; while Autopilot is limited to highway driving, the overall death rate for the United States includes more varied driving conditions. In addition, Tesla's vehicles were larger and more expensive than most vehicles on the road, making them generally safer in a crash. Other factors that could have affected the data include weather conditions and Tesla owner demographics.
Fortune criticized the sale of US$2 billion in Tesla stock, noted the sale occurred less than two weeks after ""immediately"" reporting the fatal early May crash to the NHTSA, but before Tesla posted its public acknowledgement of the crash in late June; the article stated that ""Tesla and Musk did not disclose the very material fact that a man had died while using an auto-pilot technology that Tesla had marketed vigorously as safe and important to its customers."" Musk responded to the article with a statistical argument in an email to the reporter, saying ""Indeed, if anyone bothered to do the math (obviously, you did not) they would realize that of the over 1M auto deaths per year worldwide, approximately half a million people would have been saved if the Tesla autopilot was universally available. Please, take 5 mins and do the bloody math before you write an article that misleads the public.""
Following the Williston crash, NHTSA released a preliminary report in January 2017 stating ""the Tesla vehicles' crash rate dropped by almost 40 percent after Autosteer installation."" NHTSA did not release the data until November 2018. A private company, Quality Control Systems, released a report in February 2019 analyzing the same data, stating the NHTSA conclusion was ""not well-founded"". Part of the data verification included scrutiny of the 43,781 vehicles NHTSA claimed had Autosteer installed; of those, only 5,714 had an exact odometer reading at the time that Autosteer was installed and airbag deployment data; collectively, the data for those 5,714 vehicles showed 32 airbag deployments in the 42,001,217 mi (67,594,407 km) traveled before installation, and 64 airbag deployments in the 52,842,182 mi (85,041,249 km) after. That means the crash rate, as measured by the rate of airbag deployments per million miles of travel, actually increased from 0.76 to 1.21 after the installation of Autosteer, an increase of 59%.

Starting in 2018, Tesla began publishing safety statistics on a quarterly basis, using the values to demonstrate decreased accident rates while using Autopilot. The data have been difficult to interpret, as the actual crash counts, baseline mileage, and basic definition of a crash are not available. Because of this lack of accurate reporting, Green Car Reports noted that ""While these updated numbers for Autopilot are encouraging, it's clear that Tesla's claims of its vastly superior safety—at least in terms of fatal accidents—are still vapor. It's way too soon to come to any firm conclusions about Autopilot safety.""
In February 2020, Andrej Karpathy, Tesla's head of AI and computer vision, stated that Tesla cars have driven 3 billion miles on Autopilot, of which 1 billion have been driven using Navigate on Autopilot; Tesla cars have performed 200,000 automated lane changes; and 1.2 million Smart Summon sessions have been initiated with Tesla cars. He also stated that Tesla cars are avoiding pedestrian accidents at a rate of tens to hundreds per day. The company stopped publishing safety statistics in 2022, but resumed in January 2023. The first comparable safety statistics using Full Self-Driving were released in March 2023; Tesla stated that vehicles operating under FSD experienced a crash that deployed the airbag approximately every 3.2 million miles, compared to all crashes with airbag deployment reported to the police, which occur approximately every 0.6 million miles.
Additionally, a statistical analysis first published as a preprint in 2021 and in final form in 2023 criticized the self-reported Tesla crash rate data, as it failed to account for vehicle owner demographics as well as the types of roads on which Autopilot was being operated. While the government baseline crash rate used as a comparison drew from vehicles of all ages, operating on roads ranging from highways, rural roads, and city streets, Tesla vehicles are relatively newer and Autopilot is limited to operations on freeways and highways. When adjusted for driver age and road type, Autopilot crash rates were found to be nearly the same as using ""active safety features"" only.
An MIT study published in September 2021 found that Autopilot is not as safe as Tesla claims, and led to drivers becoming inattentive.


=== Fatal and nonfatal crashes ===

After Tesla software version 7.0 was released in October 2015 and Tesla claimed Autopilot would ""[relieve] drivers of the most tedious and potentially dangerous aspects of road travel"", the first fatal crashes involving Autopilot occurred less than a year later, in China (January 2016) and the United States (May 2016). Tesla stated it had immediately informed the NHTSA about the US crash in May, but the NHTSA did not announce it until June 30, 2016, when it was widely reported as the first Autopilot-related fatality; the death in China was not reported in the US until that September, and Tesla stated that damage prevented it from confirming if Autopilot was engaged.
The first Autopilot death in the US occurred after the Tesla collided with the side of a semi-trailer truck and underrode that vehicle's trailer, shearing off the greenhouse. After the fatality, Tesla stated that Autopilot failed to recognize the white trailer against a bright sky. Musk reported that improvements to Autopilot in September 2016 would ""[make] much more effective use of radar"" and ""very likely"" would have prevented the fatal accident. Despite these improvements, the shift to a different hardware platform, and additional updates to Autopilot, another fatal crash in May 2019 occurred when a Tesla again underrode the side of a trailer. Five years after the first fatalities, in 2021, Tesla began transitioning to ""Tesla Vision"" by removing the radar from new Model 3 and Y vehicles; in 2023, The Washington Post reported that Musk had pushed for a camera-only approach over the objections of Tesla engineers.
As of October 2024, there have been fifty-one reported fatalities involving Tesla's Autopilot function, forty-four verified by NHTSA or expert testimony, and two verified as involving FSD. Other deadly incidents involving suspected Autopilot use remain outstanding. Many of these incidents have received varying degrees of attention from news publications. Additionally, the NHTSA cited hundreds of nonfatal accidents in official documents. In addition to failing to recognize the side of a trailer, Autopilot crashes have been blamed on driver distraction, inability to detect stationary emergency vehicles, and misuse outside the stated operational design domain of ""controlled-access highways [...] with a center divider, clear lane markings, and no cross traffic"".


=== General concerns ===
The National Transportation Safety Board (NTSB) criticized Tesla's lack of system safeguards in a fatal 2018 Autopilot crash in California, and for failing to foresee and prevent ""predictable abuse"" of Autopilot. Following this collective criticism amid increased regulatory scrutiny of ADAS systems, especially Tesla Autopilot, in June 2021, the NHTSA announced an order requiring automakers to report crashes involving vehicles equipped with ADAS features in the United States. In April 2024, the NHTSA released the findings of a 3-year investigation of 956 vehicle collisions in which Tesla Autopilot was thought to have been in use that found that the system had contributed to at least 467 collisions including 13 that resulted in fatalities.


=== Driver monitoring ===
Musk stated in October 2015 that ""we're advising drivers to keep their hands on the wheel [when Autopilot is engaged]"". Despite this, multiple videos were posted to YouTube at the time showing drivers using Autopilot to drive hands-free, including Musk's ex-wife Talulah Riley. Other drivers have been found sleeping at the wheel, driving under the influence of alcohol, and performing other inappropriate tasks with Autopilot engaged. As initially released, the Autopilot system uses a torque sensor to detect if the driver's hands were on the steering wheel and gives audible and visual warnings for the driver to take the wheel when no torque is detected, but several owners confirmed they could drive for several minutes hands-free before receiving a warning. At least one device designed to defeat the torque sensor was ordered by NHTSA to discontinue sales in 2018. Initially, Tesla decided against adding more advanced driver monitoring options to ensure drivers remained engaged with the driving task.
In late May 2021, a new version of the software enabled driver-facing cameras inside new Model 3 and Model Y (i.e. the first cars as part of the switch to Tesla Vision) to monitor driver attentiveness while using Autopilot. Model S and Model X cars made before 2021 do not have an inside camera and therefore physically cannot offer such capabilities, although the refreshed versions are expected to have one. A review of the in-cabin camera-based monitoring system by Consumer Reports found that drivers could still use Autopilot even when looking away from the road or using their phones, and could also enable FSD beta software ""with the camera covered.""
In 2022, Musk agreed to a proposal on Twitter that ""users with more than 10,000 miles on FSD Beta should be given the option to turn off the steering wheel nag"", saying the system would be updated in January 2023. In April, Musk confirmed the nag was being reduced gradually. That June, a hacker discovered that FSD Beta had an undocumented mode which disables all driver monitoring. The NHTSA wrote a letter to Tesla under the authority of EA 22–002 on July 26, noting the new mode ""could lead to greater driver inattention and failure of the driver to properly supervise Autopilot"". The letter was attached a Special Order requesting when the software was updated with the hidden mode, detailed steps or conditions required to unlock that mode, and the reasons why Tesla issued the updates. Tesla responded by August 25; the response was considered confidential and no public version is available.
A ""nag elimination"" module sold as an aftermarket accessory automatically adjusts the volume from the steering wheel, which is registered as steering wheel input, allowing drivers to take their hands off the wheel. Anecdotal evidence has shown the module is effective only for Tesla vehicles sold in the United States and Canada, leading to speculation the driver monitoring software is different by region.


=== Detecting stationary vehicles at speed ===
Autopilot may not detect stationary vehicles; the manual states: ""Traffic-Aware Cruise Control cannot detect all objects and may not brake/decelerate for stationary vehicles, especially in situations when you are driving over 50 mph (80 km/h) and a vehicle you are following moves out of your driving path and a stationary vehicle or object is in front of you instead."" This has led to numerous crashes with stopped emergency vehicles.


=== Dangerous and unexpected behavior ===
In a 2019 Bloomberg survey, hundreds of Tesla owners reported dangerous behaviors with Autopilot, such as phantom braking, veering out of lane, or failing to stop for road hazards. Autopilot users have also reported the software crashing and turning off suddenly, collisions with off ramp barriers, radar failures, unexpected swerving, tailgating, and uneven speed changes.
Ars Technica notes that the brake system tends to initiate later than some drivers expect. One driver claimed that Tesla's Autopilot failed to brake, resulting in collisions, but Tesla pointed out that the driver deactivated the cruise control of the car prior to the crash. The automatic emergency braking (AEB) system also initiates sooner than some drivers expect due to a software error, which led to a recall in 2021 for false activation of the AEB system.
Ars Technica also noted that while lane changes may be semi-automatic (if Autopilot is on, and the vehicle detects slow moving cars or if it is required to stay on route, the car may automatically change lanes without any driver input), the driver must show the car that he or she is paying attention by touching the steering wheel before the car makes the change. In 2019, Consumer Reports noted that Tesla's automatic lane-change feature is ""far less competent than a human driver"".


=== Data collection and privacy ===
Most modern vehicles, including Teslas, are equipped with event data recorders which collect vehicle data to aid investigations and diagnostics. Data collected includes speed, acceleration, brake use, steering input, and driver assistance feature status. Tesla vehicles permanently record this data as ""gateway log"" files onto a microSD card in the Media Control Unit, at a rate of approximately 5 times per second (hertz or Hz). Gateway log files are uploaded to Tesla when the vehicle connects to a Wi-Fi network.
The Autopilot computer stores images (for all vehicles) and video (for model year 2016 and later vehicles) along with driving data similar to that captured in gateway log files at a higher temporal resolution (up to 50 Hz) and uploads these to Tesla periodically. These ""snapshots"" are deleted locally after being uploaded. Tesla has been silent about its data retention policies. Snapshot data are always captured when the vehicle crashes (defined as deploying the airbags) and are uploaded via a 4G cellular network. Snapshots sometimes also are captured for other events defined by Tesla.
Even when Autopilot is not actively providing steering, throttle, and brake controls, 2016 and later model year Teslas operate Autopilot in ""Shadow Mode"". When the control inputs generated by the shadow mode Autopilot do not match those of the human driver, the vehicle may record a snapshot to assist in training the system, after which the data may be reviewed by the Autopilot team. As explained by Karpathy, Tesla can deploy additional software ""detectors"" triggered by specific situations identified by snapshot data, which then upload camera and other data to Tesla when similar situations are detected. These data are used to revise the existing detectors.
For Teslas built after mid-2017, the Autopilot computer also records ""trail"" data, including the car's route as determined by GPS ""breadcrumbs"" for the entire trip. A trip starts when the vehicle shifts from Park to Drive, and ends when shifted back to Park. Trail data also includes vehicle speed, road type used, and Autopilot status. Like the snapshots, these trail data are deleted locally after being uploaded to Tesla. The trail data are meant to be anonymized by stripping the vehicle identification number (VIN) and assigning a temporary identifier, but the same temporary identifier can be assigned to a single vehicle for several weeks.
Under Tesla's privacy policies, the company does not sell customer and vehicle data, but may share the data with government entities. The Mozilla Foundation ranked Tesla as the worst of 25 car brands, receiving sub-standard scores on all of the foundation's privacy and security criteria.
Tesla Vision relies on the ""Autopilot labeling team"", who view short video clips recorded by vehicle cameras and label visible signs and objects, training the machine vision interpreter.
Data labeling was first handled by a non-profit outsourcing company named Samasource, which initially provided 20 workers in Nairobi, Kenya. The Nairobi team grew to 400 workers by 2016, but Karpathy later stated the ""quality [of their work] was not amazing"" and Tesla began hiring employees for data labeling in San Mateo, California instead.
In April 2023, it was revealed that San Mateo labeling employees had shared clips internally among themselves, including recordings of privately owned areas such as garages, as well as crashes, road-rage incidents, and meme videos annotated with ""amusing captions or commentary"". Former Tesla employees described the San Mateo office atmosphere as ""free-wheeling"" and noted ""people who got promoted to lead positions shared a lot of these funny [clips] and gained notoriety for being funny."" In one case, the submersible Lotus Esprit prop featured in the James Bond film The Spy Who Loved Me, which had been purchased by Elon Musk in 2013 and stored in his garage, was recorded and shared by labeling team members. Because sharing these clips was apparently for entertainment and not related to Autopilot training, Carlo Plitz, a data privacy lawyer, noted ""it would be difficult to find a legal justification"" for doing so. After the San Mateo office was closed in June 2022, the labeling team moved to Buffalo, New York, where Tesla has a total of 675 employees, hundreds of whom are labelers.


== Regulatory and legal actions ==


=== Regulation ===
In 2015, a spokesman for the NHTSA said that ""any autonomous vehicle would need to meet applicable federal motor vehicle safety standards"" and the NHTSA ""will have the appropriate policies and regulations in place to ensure the safety of this type of vehicles"". On February 1, 2021, Robert Sumwalt, chair of the NTSB, wrote a letter to NHTSA regarding that agency's ""Framework for Automated Driving System Safety"", which had been published for comment in December 2020. In the letter, Sumwalt recommended that NHTSA include user monitoring as part of the safety framework and reiterated that ""Tesla's lack of appropriate safeguards and NHTSA's inaction"" to act on the NTSB's recommendation ""that NHTSA develop a method to verify that manufacturers of vehicles equipped with Level 2 incorporate system safeguards that limit the use of automated vehicle control systems to the conditions for which they were designed"" was a contributing cause to a fatal crash of a vehicle in Delray Beach, Florida in 2019.
NHTSA announced Standing General Order (SGO) 2021–01 on June 29, 2021. Under this General Order, manufacturers and operators of vehicles equipped with advanced driver assistance systems (ADAS, SAE J3016 Level 2) or automated driving systems (ADS, SAE Level 3 or higher) are required to report crashes. An amended order was issued and became effective on August 12, 2021. Reporting is limited to crashes where the ADAS or ADS was engaged within 30 seconds prior to the crash that involve an injury that requires hospitalization, a fatality, a vehicle being towed from the scene, an air bag deployment, or involving a ""vulnerable road user"" (e.g., pedestrian or bicyclist); these crashes are required to be reported to NHTSA within one calendar day, and an updated report is required within 10 calendar days. On August 16, 2021, after reports of 17 injuries and one death in car crashes involving emergency vehicles, the US auto safety regulators opened a formal safety probe (PE 21-020) into Tesla's driver assistance system Autopilot.
Initial data from SGO 2021-01 were released in June 2022; 12 manufacturers reported 392 crashes involving ADAS (Level 2) between July 2021 and May 15, 2022. Of those 392 crashes, 273 were Tesla vehicles, out of approximately 830,000 Tesla vehicles equipped with ADAS. Honda had the next highest total, with 90 crashes reported out of approximately 6 million Honda vehicles equipped with ADAS. The NHTSA said Tesla's numbers may appear high because it has real-time crash reports, whereas other automakers do not, so their crash reports may be delivered more slowly or not reported at all. Collectively, five people were killed and six more were seriously hurt in the 392 ADAS crashes that were reported. According to updated data, by June 2023, Tesla drivers using Autopilot had been involved in 736 crashes and 17 fatalities cumulatively since 2019; 11 fatalities had occurred since May 2022.
SGO 2021-01 also applied to manufacturers of vehicles equipped with ADS (Levels 3 through 5); 25 ADS manufacturers reported 130 crashes in total from the initial data release in June 2022, led by Waymo (62), Transdev Alternative Services (34), and Cruise LLC (23). In most cases, these crashes involved the ADS vehicle being struck from the rear; only one serious injury was reported, and 108 of the 130 crashes resulted in no injury.


=== Court cases ===

Tesla's Autopilot was the subject of a class action suit brought in 2017 that claimed the second-generation Enhanced Autopilot system was ""dangerously defective"". The suit was settled in 2018; owners who in 2016 and 2017 paid $5,000 (equivalent to $6,551 in 2024) to equip their cars with the updated Autopilot software were compensated between $20 and $280 for the delay in implementing Autopilot 2.0.
In 2020, a German court ruled in a lawsuit brought in 2019 by The Center for Combating Unfair Competition that Tesla had violated advertising regulations with its marketing of Autopilot. Upon appeal, that decision was reversed in 2021 by a higher court under the condition that Tesla clarify the capabilities of Autopilot on its website.
In July 2022, a German court awarded a plaintiff most of the €112,000 that she had paid for a Model X, based in part on a technical report that demonstrated Autopilot did not reliably recognize obstacles and would unnecessarily activate its brakes, which could cause a ""massive hazard"" in cities; Tesla's lawyers argued unsuccessfully that Autopilot was not designed for city traffic.
In September 2022, a class action lawsuit was filed in the U.S. District Court (Northern California) alleging that ""for years, Tesla has deceptively and misleading marketed its ADAS technology as autonomous driving technology under various names, including 'Autopilot,' 'Enhanced Autopilot,' and 'Full Self-Driving Capability'"", adding that Tesla represented ""that it was perpetually on the cusp of perfecting that technology and finally fulfilling its promise of producing a fully self-driving car"", while ""Tesla knew for years its statements regarding its ADAS technology were deceptive and misleading, but the company made them anyway."" Tesla filed a motion in November 2022 to dismiss the case, defending the company's actions as ""mere failure to realize a long-term, aspirational goal [of a fully self-driving car] [and] not fraud"", basing the motion on the private arbitration clause in the purchasing contract signed by each buyer.
A second class action lawsuit was filed in the same court by Tesla shareholders in late February 2023. The complaint alleges the defendants ""had significantly overstated the efficacy, viability, and safety of [Tesla's] Autopilot and FSD technologies"" and those same systems ""created a serious risk of accident and injury"", which ""subjected Tesla to an increased risk of regulatory and governmental scrutiny and enforcement action"", linking multiple specific accidents to documented decreases in share prices. The suit was dismissed without prejudice in September 2024, as the judge ruled that Musk's claims were ""corporate puffery"". Tesla's lawyers argued that puffery covered the statements ""[A]utopilot is 'superhuman'"" and ""'we want to get as close to perfection as possible'""; as the judge wrote in the motion granting the dismissal, ""these vague statements of corporate optimism are not objectively verifiable"". However, Tesla's lawyers also argued that other statements including ""safety is 'paramount'"" and ""Tesla cars are 'absurdly safe'"" also were puffery, which the judge rejected, as those were objectively verifiable.
In April 2023, Tesla was found not liable in a lawsuit filed in 2020 by a driver who sued for damages after she claimed the Autopilot system guided her Tesla Model S into a curb, resulting in an airbag deployment and facial injuries. Jurors explained in post-trial interviews that ""Autopilot never confessed to be self pilot. It's not a self-driving car ... [Tesla] were adamant about a driver needing to always be aware.""
Additional lawsuits have been filed by the estates of two drivers killed in 2019 while using Autopilot, one in California and one in Florida. In the California case, which had not previously been reported, Tesla has argued the driver had consumed alcohol and it is not clear that Autopilot was engaged; the plaintiff's lawyers alleged that a known defect in the Autopilot system had caused the vehicle to veer off a highway at 65 mph (105 km/h) and strike a palm tree. Tesla prevailed in that case, with the jury voting 9–3 in October 2023 that there was no manufacturing defect. For the Florida case, the judge rejected Tesla's motion to dismiss, concluding that he could not ""imagine how some ordinary consumers would not have some belief that the Tesla vehicles were capable of driving themselves hands free"", citing ""reasonable evidence"" demonstrating that Tesla had ""engaged in a marketing strategy that painted the products as autonomous"" and that Musk's statements ""had a significant effect on the belief about the capabilities of the products"".
On July 31, 2025, Tesla was ordered to pay $329 million for a deadly crash involving Autopilot. The lawsuit also accused Tesla of hiding the data the car produced in the moments leading up to the crash.


=== False or misleading advertising ===

The Center for Auto Safety and Consumer Watchdog wrote to the Federal Trade Commission (FTC) in 2018, asking them to open an investigation into the marketing of Autopilot. The letter stated ""the marketing and advertising practices of Tesla, combined with Elon Musk's public statements, have made it reasonable for Tesla owners to believe, and act on that belief, that a Tesla with Autopilot is an autonomous vehicle capable of 'self-driving'"". The groups renewed their appeal to the FTC and added the California DMV in 2019, noting that ""Tesla continues to be the only automaker to describe its Level 2 vehicles as 'self-driving' and the name of its driver assistance suite of features, Autopilot, connotes full autonomy."" U.S. Senators Ed Markey (D-MA) and Richard Blumenthal (D-CT) echoed these concerns to the FTC in 2021.
A 2019 IIHS study showed that the name ""Autopilot"" causes more drivers to misperceive behaviors such as texting or taking a nap to be safe, versus similar level 2 driver-assistance systems from other car companies. In 2020, UK safety experts called Tesla's Autopilot ""especially misleading"".
While Euro NCAP's testing of Autopilot on a 2020 Model 3 noted the system excelled the level of vehicle assistance provided, the association noted the misleading nature of the system's name and a risk of overreliance on the system.
In 2020, usability engineer Dixon published a paper which called Tesla's descriptions of Autopilot and FSD capabilities exaggerated.
In 2021, following more than a dozen Autopilot crashes (some fatal), the U.S. Department of Justice (DOJ) started a criminal investigation to determine if Tesla misled consumers, investors, and regulators about Autopilot. Tesla confirmed the DOJ had requested Autopilot and FSD-related documents in its 10-K filing for 2022. The Securities and Exchange Commission also opened an independent civil probe into statements made by Tesla and its executives about Autopilot.
In July 2022, the California DMV filed two complaints with the state Office of Administrative Hearings that alleged Tesla ""made or disseminated statements that are untrue or misleading, and not based on facts"" relating to both ""Autopilot and Full Self-Driving technologies"". In August 2022, Tesla requested a hearing to present its defense.
In September 2022, California governor Gavin Newsom signed state bill SB 1398, which took effect January 1, 2023 and prohibits any manufacturer or dealer of cars with partial driver automation features from using misleading language to advertise their vehicles as autonomous, such as by naming the system ""Full Self-Driving"".


=== Deceptive promotion of Full Self-Driving ===

In October 2016, at the same time as the release of HW2, Tesla released a video entitled ""Full Self-Driving Hardware on All Teslas"" that claimed to demonstrate Full Self-Driving, the system designed to extend automated driving to local roads. Musk later tweeted a link to a longer version in November 2016. In the video, the driver does not touch the steering wheel or pedals throughout the video. The video also shows perspectives from the vehicle's cameras and image recognition system. At Musk's suggestion, the title card states ""The person in the driver's seat is only there for legal reasons. He is not doing anything. The car is driving itself."" It was nicknamed the ""Paint It Black"" video, after the 1966 Rolling Stones song used as its soundtrack.
Former employees who helped to produce the 2016 video were interviewed by The New York Times in 2021. In the interview, they stated the vehicle was following a route that had been mapped with detailed scanning cameras, a technology that is not available in Tesla production cars. Even with these augmentations in place, human drivers had to intervene to take control, the vehicle allegedly struck ""a roadside barrier"" on the Tesla grounds during filming, requiring repairs to the vehicle, and the car crashed into a fence when trying to automatically park. In January 2024, Bloomberg published an expose based on internal Tesla emails revealing that Musk personally oversaw the editing and post-production of the video.
Motor Trend and Jalopnik compared what Tesla had showcased to the deceptive video depicting a Nikola One EV truck which was actually powered by gravity; Jalopnik commented ""[the Tesla video] may be worse, because this video was used to deceptively suggest capabilities of a system deployed into real people's hands and used on public roads."" In June 2022, Ashok Elluswamy, director of Autopilot software, made a statement during a deposition taken for a civil lawsuit filed against Tesla by the family of a driver that was killed in 2018 after the Model X he was driving using Autopilot crashed into a concrete barrier in Mountain View, California. Elluswamy stated the video was not originally intended ""to accurately portray what was available for customers in 2016. It was to portray what was possible to build into the system,"" while the final video had no such disclaimer. A Florida circuit court judge also noted the final video as part of Tesla's marketing strategy in rejecting Tesla's motion to dismiss a lawsuit over a 2019 death, writing that ""absent from this video is any indication that the video is aspirational or that this technology doesn't currently exist in the market.""


=== NHTSA investigations ===
According to a document released in June 2021, the NHTSA has initiated at least 30 investigations into Tesla crashes that were believed to involve the use of Autopilot, with some involving fatalities.
In August 2021, the NHTSA Office of Defects Investigation (ODI) opened a preliminary evaluation (PE) designated PE 21-020 and released a list of eleven crashes involving Tesla vehicles striking stationary emergency vehicles; in each instance, NHTSA confirmed that Autopilot or Traffic Aware Cruise Control were active during the approach to the crashes. Of the eleven crashes, seven resulted in seventeen total injuries, and one resulted in one fatality. The scope of the planned evaluation of the Autopilot system specifically addressed the systems used to monitor and enforce driver engagement. In September 2021, NHTSA added a twelfth accident in Orlando from August 2021 to the investigation list.
NHTSA sent a request for information relating to PE 21-020 to Tesla's director of field quality in August 2021. The response was due by October 22, 2021. In September 2021, NHTSA sent a request for information to Tesla and other automobile manufacturers for comparative ADAS data. After Tesla deployed its Emergency Light Detection Update in September 2021, NHTSA sent a follow-up letter to Tesla in October 2021 asking for ""a chronology of events, internal investigations, and studies"" that led to the deployment of the update, as it potentially addressed a safety defect, which requires a formal recall.

In February 2022, NHTSA ODI opened a second preliminary evaluation (PE 22-002) for ""phantom braking"" in 2021–2022 Tesla Model 3 and Model Y vehicles. PE 22-002 was correlated to the removal of radar hardware from those vehicles in May 2021; at the time PE 22-002 was opened, the NHTSA was not aware of any crashes or injuries resulting from the complaints. According to some complaints, while using Autopilot, ""rapid deceleration can occur without warning, at random, and often repeatedly in a single drive cycle."" The Washington Post also published an article detailing the surge in complaints to NHTSA over false positives to its automatic emergency-braking system. By May 2022, NHTSA had received 758 reports of unexpected braking when Autopilot was in use and requested that Tesla respond to questions by June 20, 2022.
Also in June 2022, NHTSA ODI upgraded PE 21-020 to an engineering analysis (EA) and designated it as EA 22-002, covering an estimated 830,000 Tesla vehicles sold between 2014 and 2022. Data for PE 21-020 had been supplemented by prior information requests to Tesla (April 19, 2021) and Standing General Order (SGO) 2021–01, issued June 29, 2021 and amended on August 5, 2021, which required manufacturers of advanced driving assistance systems to promptly report crashes to NHTSA.

The investigation was expanded to an engineering analysis after NHTSA reviewed data from 191 crashes involving the use of Autopilot or related ADAS Level 2 technologies (Traffic-Aware Cruise Control, Autosteer, Navigate on Autopilot, or Auto Lane Change). 85 were removed because other drivers were involved or there was insufficient data. It was found that in approximately 1⁄2 of the remaining 106 crashes, the driver was not sufficiently responsive to the driving task, and approximately 1⁄4 of the 106 resulted from operating Autopilot outside of limited-access highways, or when traction and weather conditions could interfere. Detailed telemetry existed for 43 of the 106 crashes; of these, data from 37 indicated the driver's hands were on the steering wheel in the last second prior to collision.
The Laguna Beach incident identified initially in PE 21-020 was removed from EA 22-002 as it was found ""the struck vehicle was parked out of traffic with no lights illuminated."" Six incidents were added, making a total of sixteen accidents where a Tesla struck stationary emergency vehicle(s), including the August 2021 incident in Orlando. In these 16 incidents, NHTSA found that a majority resulted in forward collision warnings and approximately half resulted in automatic emergency braking. On average, when video was available, drivers would have been able to see a potential impact eight seconds prior to collision, yet Autopilot would abort control ""less than one second prior to the first impact"", which may not have been enough time for the driver to assume full control. In addition, the data suggest that Tesla's requirement for Autopilot drivers to have their hands on the wheel at all time may not be sufficient to ensure the driver is paying attention to the driving task.
NHTSA sent a second letter for EA 22-002 to Tesla in August 2022, which included requests for a description of the role of the driver-facing camera, identification of all lawsuits or arbitration resulting from Autopilot use, including complete transcripts of depositions, and ""the engineering and safety explanation and evidence for design decisions regarding enforcement of driver engagement / attentiveness"". Tesla submitted a response in September. A follow-up letter was submitted in July 2023, asking for current data and updates to the prior response. Starting in October 2023, NHTSA conveyed its preliminary conclusions to Tesla during several meetings, followed by Tesla conducting a voluntary recall on December 5, 2023, to provide an over-the-air software update to ""incorporate additional controls and alerts ... to further encourage the driver to adhere to their continuous driving responsibility whenever Autosteer is engaged ... [and providing] additional checks upon engaging Autosteer and while using the feature outside controlled access highways"", while not concurring with NHTSA's analysis. When filing its Defect Information Report associated with the December 2023 recall, Tesla concluded that ""in certain circumstances, Autopilot's system controls may be insufficient for a driver assistance system that requires constant supervision by a human driver.""
EA 22-002 was closed in April 2024. ODI concluded their ""analysis of crash data indicates that, prior to [the December 2023 recall], Autopilot's design was not sufficient to maintain drivers' engagement"", citing data showing that in 59 of 109 crashes, hazards were visible for at least five seconds prior to the collision. Also ODI added, based on vehicle telemetry, ""the warnings provided by Autopilot when Autosteer was engaged did not adequately ensure that drivers maintained their attention on the driving task"", showing that in approximately 80% of 135 incidents, braking and/or steering did not occur until less than one second before a collision. A comparison to similar Level 2 ADAS led ODI to conclude ""Tesla [is] an industry outlier in its approach to L2 technology by mismatching a weak driver engagement system with Autopilot's permissive operating capabilities"".
As a result, ODI immediately opened a second investigation into the effectiveness of the December 2023 recall, noting ""concerns [identified] due to post-remedy crash events and results from preliminary NHTSA tests of remedied vehicles. Also, Tesla has stated that a portion of the remedy both requires the owner to opt in and allows a driver to readily reverse it. Tesla has also deployed non-remedy updates to address issues that appear related to ODI's concerns under EA22002.""


=== Recalls ===
Tesla issued an ""Emergency Light Detection Update"" for Autopilot in September 2021 which was intended to detect ""flashing emergency vehicle lights in low light conditions and then [respond] to said detection with driver alerts and changes to the vehicle speed while Autopilot is engaged"", after NHTSA had opened PE 21-020 the previous month. After the update was issued, NHTSA sent a letter to Tesla asking why the update had not been performed under the recall process, as ""any manufacturer issuing an over-the-air update that mitigates a defect that poses an unreasonable risk to motor vehicle safety is required to timely file an accompanying recall notice to NHTSA.""
Tesla issued a recall of 11,728 vehicles in October 2021 due to a communication error that could lead to false forward-collision warnings or unexpected activations of the automatic emergency braking system. The error had been introduced by the Full Self-Driving beta software version 10.3 over-the-air firmware update, and was reversed by another over-the-air update the same month. The recalled vehicles were reverted to 10.2, then updated to 10.3.1.
FSD 10.3 also was released with different driving profiles to control vehicle behavior, branded 'Chill', 'Average', and 'Assertive'; the 'Assertive' profile attracted negative coverage in January 2022 for advertising that it ""may perform rolling stops"" (passing through stop signs at up to 5.6 mph), change lanes frequently, and decrease the following distance. On February 1, after the NHTSA advised Tesla that failing to stop for a stop sign can increase the risk of a crash and threatened ""immediate action"" for ""intentional design choices that are unsafe"", Tesla recalled nearly 54,000 vehicles to disable the rolling stop behavior, removing the feature with an over-the-air software update.
On February 16, 2023, Tesla issued a recall notice for all vehicles equipped with the Full Self-Driving beta software, including 2016–23 Model S and X; 2017–23 Model 3; and 2020–23 Model Y, covering 362,758 vehicles in total. NHTSA identified four specific traffic situations in a letter sent to Tesla on January 25, and Tesla voluntarily chose to pursue a recall to address those situations, which include vehicles operating under FSD Beta performing the following inappropriate actions:

Traveling or turning through an intersection on a ""stale yellow traffic light""
Not stopping perceptibly at stop signs
Not adjusting speed appropriately in response to posted speed limit signs
Continuing straight while traveling in turn-only lanes
The recall, which covers all versions of FSD Beta, was performed by pushing out a software update in March 2023.
On December 12, 2023, following a 2-year-long investigation by the NHTSA, Tesla issued a wider recall on all vehicles equipped with any version of Autosteer, including 2012–2023 Model S; 2016–2023 Model X; 2017–2023 Model 3; and 2020–2023 Model Y, covering 2,031,220 vehicles in total. The NHTSA concluded that Autosteer's controls were not sufficient to prevent misuse and did not ensure that the drivers maintained ""continuous and sustained responsibility for vehicle operation"". An over-the air software update was deployed to a subset of vehicles upon the release of the recall notice, with plans to roll it out to the remaining fleet at a later date, which made visual alerts more prominent within the user interface, simplified the process to turn Autosteer on and off, added additional checks when Autosteer is used near intersections or on streets that are not limited-access roads, and disabled Autosteer if the driver repeatedly failed to demonstrate driving responsibility while using the feature. In February 2024, Consumer Reports claimed that its testing of Tesla's Autopilot recall update did not fully address the safety concerns raised by the NHTSA, saying that the recall ""addresses minor inconveniences rather than fixing the real problems.""


== See also ==
Advanced driver-assistance systems
Self-driving car
Elon Musk's Crash Course


== References ==


== External links ==
""Testing (Semi) Autonomous Cars With Tesla, Cadillac, Hyundai, and Mercedes"". Motor Trend. July 5, 2016.
""The New York Times Presents: Elon Musk's Crash Course"". FX Networks. May 20, 2022. Video documentary.","Tesla Autopilot is an advanced driver-assistance system (ADAS) developed by Tesla, Inc. that provides partial vehicle automation, corresponding to Level 2 automation as defined by SAE International. All Tesla vehicles produced after April 2019 include Autopilot, which features autosteer and traffic-aware cruise control. Customers can purchase or subscribe to an optional package called ""Full Self-Driving (Supervised)"", also known as ""FSD"", which adds features such as semi-autonomous navigation, response to traffic lights and stop signs, lane change assistance, self-parking, and the ability to summon the car from a parking space.
Since 2013, Tesla CEO Elon Musk has repeatedly predicted that the company would achieve fully autonomous driving (SAE Level 5) within one to three years, but these goals have not been met. The branding of Full Self-Driving has drawn criticism for potentially misleading consumers. Tesla vehicles currently operate at Level 2 automation, which requires continuous driver supervision and does not constitute ""full"" self-driving capability. Previously, the Autopilot branding was also criticized for similar reasons, despite the fact that no current autopilot system in aircraft renders them fully autonomous.
Tesla claims that its driver-assistance features improve safety and reduce accidents caused by driver fatigue or inattention. However, collisions and fatalities involving Autopilot have attracted scrutiny from media and regulators. Industry experts and safety advocates have raised concerns about the deployment of beta software to the general public, calling the practice risky and potentially irresponsible.

",11990,75989,2025-10-04T15:03:18.225817
musk_supplement_4,Tesla Model S,Tesla Model S,Flagship electric vehicle,tesla,https://en.wikipedia.org/wiki/Tesla_Model_S,"The Tesla Model S is a battery-electric, four-door full-size car produced by the American automaker Tesla since 2012. The automaker's second vehicle and longest-produced model, the Model S has been described as one of the most influential electric cars in the industry. Car and Driver named it one of the best cars of the year in 2015 and 2016. Its various accolades include the Motor Trend Car of the Year Award in 2013.
Tesla started developing the Model S around 2007 under the codename WhiteStar, with Henrik Fisker appointed as lead designer for the project. After a dispute with Elon Musk, Tesla's CEO, Fisker was replaced by Franz von Holzhausen who, by 2008, had designed the production Model S's exterior. Tesla unveiled a prototype of the vehicle in March 2009 in Hawthorne, California. In 2010, Tesla acquired a facility in Fremont, California, to produce the Model S, which was previously owned by General Motors and Toyota. Series manufacture of the car officially began at the Tesla Fremont Factory in June 2012. Tesla carried out the final assembly for European markets at its facilities in Tilburg, Netherlands, between 2013 and 2021.
Constructed mostly of aluminum, the Model S shares 30 percent of its components with the Model X—a crossover SUV that was introduced in 2015. The Model S has undergone several updates during its production, the most prominent ones occurring in 2016 and 2021. These updates have usually included modifications to the motor, such as changes to power or torque, revised exterior elements, and refreshed interior features. One such change included the 2015 introduction of Tesla Autopilot—a partial vehicle automation advanced driver-assistance system. The 2021 update led to the introduction of the high-performance, three-motor Plaid—Tesla's most powerful model.
In 2015, the Model S was the world's best-selling plug-in electric vehicle. In 2012, it was included on Time's list of the Best Inventions of the Year, and the magazine later included it on its list of the 10 Best Gadgets of the 2010s in 2019. In 2014, The Daily Telegraph described the Model S as a ""car that changed the world"". Road & Track argued that, with the introduction of the Plaid and features such as the yoke steering wheel, Tesla managed to turn the Model S into ""perhaps one of the worst [cars in the world]"".


== Development ==
In January 2007, the American automaker Tesla Motors opened a facility in Rochester Hills, Michigan, employing sixty people to work on new projects, including a four-door sedan. Beginning development under the codename WhiteStar, Tesla planned for the car to have two powertrain options. The first would be a battery-electric version with an all-electric range of 200 miles (320 km). The second was to be a hybrid electric vehicle with a range extender, capable of traveling between 40 and 50 miles (64 and 80 km) on electric power before a small gasoline engine would recharge its batteries and power the vehicle, giving it a total range of 400 miles (640 km). However, at the GoingGreen conference in September 2008, Elon Musk—the chief executive officer of Tesla—announced that the company would exclusively produce battery-electric vehicles.
In 2007, Musk appointed Henrik Fisker, known for his work with Aston Martin, as the lead designer of the WhiteStar project. Fisker signed a US$875,000 contract to design the car. The company requested that he design a ""sleek, four-door sedan"" priced from $50,000–$70,000 (equivalent to $75,823–$106,152 in 2023), and that it be ready between late 2009 and early 2010. Fisker owned a design studio in Orange County, California, which Tesla employees visited to view his designs. Their reactions were generally negative; Ron Lloyd, the vice president of the WhiteStar project, described the designs as ""terrible [...] some of the early styles were like a giant egg"". When Musk rejected his designs, Fisker attributed the decision to the project's physical constraints, saying, ""they wouldn't let me make the car sexy"". Shortly after the meetings, Fisker started his own eponymous company and debuted the Fisker Karma in 2008 at the North American International Auto Show. Musk filed a lawsuit against Fisker, accusing him of stealing Tesla's design ideas and using the $875,000 to launch his own company. Fisker won the lawsuit in November 2008, and an arbitrator declared Tesla's claims to be without merit and ordered Tesla to reimburse Fisker's legal fees.

A small team of Tesla engineers went to a Mercedes-Benz car dealership where they test-drove a CLS and an E-Class. Both cars shared a chassis, and the engineers assessed different aspects of the two vehicles, evaluating their positives and negatives. They ultimately preferred the CLS's styling and used it as the baseline for the Model S. After purchasing a CLS, they disassembled it, modified the battery pack of a Tesla Roadster, cut out the CLS's floor, and integrated it with the battery pack. They subsequently put all of its electronics and systems in the CLS's trunk and replaced the interior. After three months of development, the engineers completed a battery-electric version of the CLS. They frequently tested the car on public roads. It had 120 miles (190 km) of all-electric range per charge and weighed more than the Roadster.
In August 2008, Musk hired Franz von Holzhausen—who formerly designed for Mazda—as project WhiteStar's lead designer. Von Holzhausen reviewed Fisker's sketches and clay models but was unimpressed with what he saw, stating that ""it was clear [...] that the people [who] had been working on this were novices"". To save money, Tesla established its design center within a factory for SpaceX—a company also owned by Musk. As von Holzhausen began designing the exterior of the Model S, Tesla engineers initiated a project to construct another electric version of a CLS. They stripped it to its core, removed the body structure, and extended the wheelbase by four inches (10 cm) to align with early Model S specifications. Within three months, von Holzhausen had designed what would become the production Model S's exterior, and the engineers had begun building a prototype around the design. Given the battery pack's substantial weight, Musk and the team began efforts to minimize the weight of other components. To address this issue, Musk opted to use aluminum instead of steel, stating that the non-battery-pack portion of the vehicle must be lighter than equivalent gasoline vehicles. He noted that the primary challenge was that if aluminum were not used in its construction, the car's performance would be compromised. To accelerate the development of the Model S, one group of engineers worked during the day, while another arrived late evening and worked through the night, both operating within a 3,000 square feet (280 m2) tent in the SpaceX factory.

Tesla debuted a prototype version of the Model S in Hawthorne, California, on March 26, 2009. Tesla initially intended to manufacture the Model S in Albuquerque, New Mexico, and later in San Jose, California, but later withdrew from both plans mainly due to financial problems. During the Great Recession, American automaker General Motors decided to abandon the NUMMI facility in 2009, with Toyota soon following. A month after the last car was produced at the manufacturing line in April 2010, Toyota and Tesla announced a partnership and the transfer of the factory. Tesla agreed to purchase a significant portion of the facility for $42 million (equivalent $57 million in 2024), while Toyota invested $50 million (equivalent to $68 million in 2024) in Tesla for a 2.5 percent stake in the company.
During the early 2010s, Musk expanded the engineering teams for the Model S, while von Holzhausen grew the design teams in Los Angeles. The engineers operated in a lab with forty-five personnel. The pre-production version of the Model S, featuring newly stamped body parts from the Fremont factory, a revamped battery pack, and improved power electronics, was completed in the basement of an office in Palo Alto, California. Twelve of the cars were produced; some were sent to suppliers such as Bosch, while others were preserved for testing and design alterations. On June 22, 2012, Tesla invited its employees, select customers, and the press to see the first production Model S in Fremont.


== Design ==

The body and the chassis of the Model S are made mostly of aluminum. The car shares its platform and thirty percent of its parts with the Model X, a mid-size luxury crossover SUV that was introduced in 2015. The Model S is a full-size sedan with four doors and five seats; until 2018, it had an optional folding third row with rear-facing seats for two children with a five-point harness. The company claimed a drag coefficient of Cd=0.24, the lowest of any production car at release. This claim was independently verified by the magazine Car and Driver in the middle of 2014. The vehicle's drag coefficient was improved by a solid front fascia instead of a grille, retractable door handles, and a flat underbody with no exhaust pipes to disrupt the airflow.
The Model S's battery pack is its heaviest component and is located inside of the car's floor. The battery pack consists of thousands of identical cylindrical 18650 battery cells, each measuring 18 millimeters (0.71 in) in diameter and 65 millimeters (2.6 in) in height. These cells feature a graphite/silicon anode, and a nickel-cobalt-aluminum cathode. The Model S has a center of gravity height of 18 inches (460 mm), reducing the risk of rollovers. Since the heavier components of the drivetrain are positioned behind the rear axle's centerline, the Model S has a weight distribution of 46 percent at the front and 54 percent at the rear. The Model S has a single-speed reduction gear transmission. Rear-wheel drive models use a single alternating current induction motor; all-wheel drive models before 2019 featured two. However, from 2019, the dual-motor models featured a rear induction motor and front permanent magnet synchronous reluctance motor. The Plaid model, introduced in 2021, uses three permanent magnet synchronous reluctance motors.
A cast aluminum cross-member attached to the vehicle's body structure supports the front suspension and electrically assisted rack-and-pinion steering system. At the rear, a cast subframe is connected to the body using four rubber-isolated mounts to reduce vibrations. The front suspension features a double control arm design, while the rear suspension uses a multi-link arrangement, each with an air spring for improved ride comfort. This chassis also features disc brake components produced by Brembo. Since the Model S lacks a front engine, Tesla implemented a ""frunk"", which has 5.3 cubic feet (150 L) of storage. The car's rear trunk possesses 26.6 cubic feet (750 L) of storage with the rear seats upright and 58.1 cubic feet (1,650 L) when the seats are folded down. Initially, the seats and steering wheel of the Model S were offered in both synthetic and non-synthetic leather options. In 2017, following a request from People for the Ethical Treatment of Animals to become the first cruelty-free automaker, Tesla switched exclusively to synthetic leather.


== Models and updates ==


=== 2012–2016: Initial years ===

Tesla allocated its initial 1,000 Model S units to the ""Signature"" limited edition configurations. The AC induction motor of the base Signature model generates a power output of 270 kW (362 hp) and a torque output of 439 N⋅m (324 lb⋅ft). The Signature Performance's motor produces 310 kW (416 hp) and 601 N⋅m (443 lb⋅ft). Both models incorporate an 85 kilowatt-hour (kWh) lithium-ion battery, and have an all-electric range of 265 miles (426 km).
Beginning in 2012, three battery pack configurations of the Model S were offered as 2013 model year vehicles. Initially, a 40 kWh lithium-ion model was planned as the entry-level version, but Tesla announced in 2013 that this version would not be produced. The motor of this version was to produce a power output of 175 kW (235 hp) and a torque of 420 N⋅m (310 lb⋅ft). Instead, a more powerful model with a 60 kWh battery—with its output limited to 40 kWh via software—was introduced to substitute the 40 kWh model. Its motor generates 225 kW (302 hp) and 430 N⋅m (317 lb⋅ft), providing it with a range of 208 miles (335 km). Two versions of the 85 kWh model were created: one with specifications similar to the aforementioned Signature model, and a performance version, the ""P85"", with specifications akin to the Signature Performance.
In 2014, Tesla discontinued the P85, replacing it with the P85D (""D"" stands for ""dual""). Tesla introduced a front motor in the P85D, in addition to the existing rear motor used in previous models. This configuration powers both the front and rear wheels, resulting in an all-wheel drive powertrain. The two motors produce a combined output of 515 kW (691 hp) and 931 N⋅m (687 lb⋅ft), giving it a range of 275 miles (443 km). Replacing the 60 kWh model, the 70D was introduced as a 2015 model year vehicle. It features dual motors that produce a combined output of 383 kW (514 hp) and 387 N⋅m (285 lb⋅ft), allowing it to have a range of 240 miles (390 km). A single-motor version of the 70 kWh model was also produced, with an output of 235 kW (315 hp) and 325 N⋅m (240 lb⋅ft), giving it a range of 210 miles (340 km).
In 2015, Tesla launched the standard 90D and the performance P90D to succeed the 85 kWh model and the P85D, respectively. The 90D's motor produces 311 kW (417 hp) and 658 N⋅m (485 lb⋅ft), and a range of 288 miles (463 km). The P90D's dual motors generate a combined output of 568 kW (762 hp) and 967 N⋅m (713 lb⋅ft), and the car has a range of 268 miles (431 km).


=== 2016–2019: First major update ===

In April 2016, Tesla implemented a facelift for the Model S, releasing these cars for the 2017 model year. Its most prominent update lies in its front fascia, where the previous black grille has been replaced by a continuation of the body, leaving only a thin gap between the leading edge of the hood and the bumper, which houses the Tesla logo. The updated model also includes restyled, full-LED adaptive headlights that turn with the car to enhance visibility at night.
That same year, Tesla reintroduced the 60 kWh model and introduced an all-wheel-drive version, the 60D. The former produces 235 kW (315 hp) of power and 325 N⋅m (240 lb⋅ft) of torque, giving it a range of 210 miles (340 km). The latter has dual motors that produce 242 kW (324 hp) and 430 N⋅m (317 lb⋅ft), with a range of 253 miles (407 km). Customers also had the option to upgrade the battery capacity to 75 kWh through an over-the-air update, extending the range by 40 miles (64 km). In March 2017, Tesla discontinued the 60 kWh model to distinguish its premium cars from the cheaper options, making the 75 kWh model the new entry-level offering.
In late 2016, Tesla introduced the P100D as a replacement for the P90D. The P100D's motors generate a combined output 510 kW (680 hp) and 1,072 N⋅m (791 lb⋅ft), allowing it to have a range of 315 miles (507 km). In early 2017, Tesla introduced the 100D. Its dual motors deliver 360 kW (483 hp) and 660 N⋅m (487 lb⋅ft), and it has a range of 335 miles (539 km). Midway through 2017, Tesla discontinued the 90D. Tesla subsequently ended production of the rear-wheel-drive 75 kWh model in late 2017. In 2019, Tesla replaced the 75D, 100D, and P100D variants as part of the company's shift towards a revamped model range.


=== 2019–present: Second major update and simplified naming scheme ===

In favor of a more streamlined lineup, in the middle of 2019, the previous 75D, 100D, and P100D models were replaced with the Standard Range, Long Range, and Performance models, respectively; the foremost model was discontinued later that year. The Performance and Long Range variants feature a permanent magnet synchronous reluctance motor—initially used in the Model 3—as the front motor, while the rear motor remains an AC induction unit. The Model S Long Range, equipped with a 100 kWh battery, has dual motors that generate a total output of 350 kW (469 hp) and 730 N⋅m (540 lb⋅ft), giving the Long Range a range of 375 miles (604 km). The Performance model's two motors produce a combined output of 562 kW (754 hp) and 931 N⋅m (687 lb⋅ft); it also has a 100 kWh battery and a range of 365 miles (587 km). For 2020, the Long Range model was replaced with the Long Range Plus. Its dual motors deliver a combined output of 311 kW (417 hp) and 658 N⋅m (485 lb⋅ft). It has a range of 400 miles (640 km).

In 2021, Tesla launched a significant update to the Model S, known internally as the ""Palladium"" project, which involved an overhaul of most of its components and spawned the high-performance Plaid. The revised Model S was revealed in January 2021. At its debut, the updated Model S had the lowest drag coefficient of any current production automobile, with a value of Cd=0.208. The updated Long Range delivers 500 kW (670 hp) and achieves a range of 405 miles (652 km). The Plaid, which features a 95 kWh battery, has—in contrast to all other models—three permanent magnet synchronous motors, as well as an all-wheel drive layout. The trio produce a total output of 760 kW (1,020 hp) and 1,050 N⋅m (770 lb⋅ft), providing the car with a 0 to 60 mph (97 km/h) acceleration of 1.98 seconds and a maximum speed of 200 mph (322 km/h), with a range of 390 miles (630 km). In 2023, Tesla reintroduced the Standard Range model, which has a range of 370 miles (600 km).
Following an announcement in February, Tesla debuted an updated Model S, alongside the Model X, in June 2025. A front bumper camera was implemented in both vehicles, and the range of the Long Range model was increased to 410 miles (660 km). The Model S Plaid received an updated rear diffuser and slightly altered front fascia, which the company stated was to optimize ""high-speed stability"".


== Technology ==


=== Features ===

The instrument panel is positioned directly before the driver and features a 12.3-inch (310 mm) liquid crystal display electronic instrument cluster. Initially, the infotainment control touchscreen featured a 17-inch (430 mm) multi-touch display divided into four sections. The top section shows status icons and offers quick access to features like charging, HomeLink, Driver Profiles, vehicle information, and Bluetooth. Below that, the second section provides access to various apps, such as Media, Navigation, Energy, Web, Camera, and Phone. The central viewing area displays two active apps, split into upper and lower areas, with most apps expandable to fill the entire screen. The bottom section contains controls and settings for the vehicle, including doors, locks, lights, temperature settings, and a secondary volume control.
Originally, the Model S's touchscreen was powered by a Nvidia Tegra 3 3D Visual Computing Module (VCM), with a separate Nvidia Tegra 2 VCM handling the instrument cluster. Around 2018, Tesla upgraded these two Tegra System-on-a-Chip (SoC) units to a single Intel Atom–based SoC, which powered both the main touchscreen display and the instrument cluster. With the Palladium refresh, Tesla further updated the system, switching to a horizontal touchscreen orientation and an AMD Ryzen-based SoC. The touchscreen includes features like driver-side climate control, My App, the app launcher, recent apps, passenger-side climate control, and volume control. Features, such as lock and unlock, trunk, glove box, and mirrors, could be controlled from the touchscreen. Also for the 2021 refresh, Tesla implemented a ""yoke"" steering wheel.


==== Autopilot ====
In 2014, Tesla introduced Autopilot, an advanced driver-assistance system developed by the automaker that amounts to partial vehicle automation. Every Model S produced from September 2014 onward included the Autopilot hardware, and it was officially released in October 2015 as a software update. Autopilot uses cameras, radar and ultrasound to detect road signs, lane markings, obstacles, pedestrians, cyclists, motorcyclists, traffic lights, and other vehicles. It also includes adaptive cruise control, lane centering, auto lane changing, auto parking and other semi-autonomous driving and parking capabilities. The Model S's operating systems are partly built using open-source software (OSS), which is publicly available. Tesla uses OSS like Linux, the GNU toolchain, Buildroot, and community projects like Ubuntu. From 2021, Tesla began using a system known as ""Tesla Vision"", which relies solely on cameras, replacing the previous radar-based sensors. In 2023, Tesla discontinued the ultrasonic system as part of its shift towards Tesla Vision.
The Autopilot system has been the subject of criticism. Following a crash in Florida, the National Transportation Safety Board found that the driver's usage of the system ""indicated an over-reliance on the automation and a lack of understanding of the system limitations"". Tesla has faced accusations of misleading advertising, with critics alleging that the company led consumers to believe the vehicles were fully autonomous. Tesla has defended itself by arguing that the state's prolonged lack of objection to the Autopilot branding implied approval of its advertising practices. In a 2019 survey by Bloomberg News, hundreds of Tesla owners reported experiencing dangerous behaviors with Autopilot, including phantom braking, lane departures, and failure to stop for road hazards. Users also noted issues like sudden software crashes, unexpected shutdowns, collisions with off-ramp barriers, radar failures, abrupt swerving, tailgating, and inconsistent speed changes.


=== Charging ===

Tesla has devised numerous ways to charge the Model S: a 240-volt home wall connector, which provides up to 44 miles (71 km) of range per hour of charging; and a mobile connector, intended for use away from home, which offers up to 30 miles (48 km) of range per hour. Models prior to 2016 could be configured with two onboard chargers, which provide up to 62 miles (100 km) of range per hour. Tesla partnered with businesses to install Tesla Wall Connectors to provide a public charging network called Tesla Destination. The units are provided to the businesses by Tesla for free or at a cheap price. The business is responsible for the cost of electricity. Some businesses limit them to customers, employees, or residents only. In late 2012, Tesla began operating a network of 480-volt charging stations, dubbed Superchargers.
Tesla initially planned for the Model S to allow fast battery swapping. In 2013, the company demonstrated a battery-swap operation that took about ninety seconds—roughly half the time needed to refill a gas tank. While Tesla initially planned to make battery swapping widely available, they reportedly abandoned the idea due to a perceived lack of customer interest. Jeremy Michalek, a mechanical engineering professor, suggested that the high cost, bulkiness, and resource demands of batteries made the creation of extensive networks of swappable packs—requiring storage, charging, and maintenance—economically and environmentally impractical. Critics have accused Tesla of exploiting California's zero-emission vehicle credit system by introducing the battery-swap program without ever making it accessible to the public. In 2020, Tesla announced plans to integrate the batteries into the vehicle's body to enhance strength and reduce weight and cost.


== Environmental impact ==

A 2015 study by the Union of Concerned Scientists (UCS) concluded that in U.S. regions where the Model S is popular, its 68 percent higher manufacturing emissions are offset within a few years of average driving. However, the UCS report assumes that electric materials are recycled at rates similar to other cars and excludes the issue of battery disposal due to limited data on recycling practices and future intentions at the time. Over their lifecycle, electric vehicles—like the Model S—emit about half as much CO2 as comparable fossil fuel cars. 	The lithium-ion batteries within the Model S contain nickel and small amounts of cobalt, which have a high environmental impact due to resource depletion, ecological toxicity, and extraction processes.
In 2021, Tesla wrote in its impact report that it recycles all returned battery packs. It stated that Gigafactory Nevada can recycle up to 92 percent of the elements from old batteries, creating a ""closed loop"" system where old batteries are turned into new ones. In 2020, the company recycled significant amounts of metals: 1,300 tons of nickel, 400 tons of copper, and 80 tons of cobalt. Tesla's report states that most of its batteries are recycled in some form; according to Vice, it does not specify that 92 percent of each individual battery is fully recycled. The company has articulated an ultimate goal of achieving ""high recovery rates, low costs, and low environmental impact"" through its recycling program, though it does not provide details on its progress toward this. A 2021 scientific study showed that recycling the Tesla Model S battery pack is profitable due to its low disassembly costs and high revenues from cobalt recovery. The materials scientist Dana Thompson from the University of Leicester cautions that the recycling of batteries may pose significant hazards. According to Thompson, if a Tesla cell is punctured too deeply or at an inappropriate location, it risks short-circuiting, potentially leading to combustion and the release of toxic fumes.


== Production and initial deliveries ==

The Model S is the company's second vehicle and, as of 2025, its longest-produced model. It has been produced at the 5,400,000 square feet (500,000 m2) Fremont, California, facility since June 2012. Tesla initially projected it would produce 1,000 units per month, aiming for a total of 5,000 units by the end of 2012. For 2013, Tesla aimed to quadruple that. Tesla built its 1,000th Model S by October 31, 2012, and delivered 2,650 units by the end of the year. In the first half of the subsequent year, 10,050 units were delivered to customers.
From August 2013, for European countries, final assembly was carried out at Tesla's facilities in Tilburg, Netherlands. The aim of the Tilburg factory was to shorten delivery times for customers in Britain and the EU, improve product quality, and establish the automaker's presence in Europe by producing the Model S and the Model X. The assembly of both the Model S and Model X at the Tilburg facility ceased in early 2021. According to the Dutch newspaper NU.nl, the 2021 refresh introduced changes to the production process that made it impossible to complete final assembly at the Tilburg location.
The Model S was the first vehicle by Tesla produced at the Fremont facility. It was followed by the Model X in 2015, the Model 3 in 2017 and the Model Y in 2020. These cars form the ""S3XY"" acronym. In 2015, the Model S was the world's best-selling plug-in electric vehicle, with Tesla selling 50,366 in that year. It was the second-best-selling electric car in the first half of 2016 after the Nissan Leaf. Since its inception, the Model S has been equipped with batteries supplied primarily by the electronics company Panasonic in Japan. Since January 2017, the car's batteries have also been produced at Gigafactory Nevada. European retail deliveries began between August and September 2013, with Norway, Switzerland, the Netherlands, Belgium, France, and Germany. The first Australian delivery took place in Sydney on December 9, 2014. Deliveries to the mainland Chinese market began on April 22, 2014, followed by Hong Kong in July 2014. Deliveries to the United Kingdom began in June 2014.


== Safety ==


=== Testing ===
In a European New Car Assessment Programme testing conducted in 2022, the Model S received a five-star rating:

In a National Highway Traffic Safety Administration (NHTSA) testing conducted in 2015, the Model S received a five-star rating. Tesla subsequently claimed that—based on the details of the test—it actually achieved 5.4 stars, prompting the NHTSA to release a statement reaffirming that it does not award more than five stars, and that Tesla was ""misleading the public"" by claiming in their marketing that the NHTSA had awarded them a higher rating.


=== Recalls ===
On June 14, 2013, Tesla recalled Model S vehicles manufactured between May 10 and June 8, 2013, due to improper methods for aligning the left hand seat back striker to the bracket, which could weaken the weld between the bracket and frame. Musk stated that the weld had not detached on any car, there had been no complaints, and no injuries had occurred. In early January 2014, Tesla issued a recall for Model S vehicles from 2013 due to the risk of overheating with the adapter, cord, or wall outlet during charging. Following the recall, Jérôme Guillen, Tesla's vice president of sales, announced that nearly all Model S adapters had already been updated via over-the-air software to address the charging problem. Tesla noted that the recall impacted nearly all Model S vehicles and adapters produced in 2013. Tesla announced a voluntary recall on November 20, 2015, of all of its 90,000 Model S vehicles, to check for a possible defect in the cars' front seat belt assemblies. The problem was raised by one customer in Europe. Tesla's resulting investigation was unable to identify a root cause for the failure, and the company decided to examine every car. Tesla reported that no accidents or injuries were related to the problem.
On January 20, 2017, Tesla recalled every Model S manufactured from 2012 because of defective Takata airbags. This recall not only impacted the Model S but also affected about 652,000 other vehicles from other automakers across the United States, which, at the time, was the largest automotive recall in the country's history. On April 20, 2017, Tesla issued a worldwide recall of 53,000 of the 76,000 Model S and Model X vehicles sold in 2016 due to faulty parking brakes. Tesla assured that this issue was unlikely to cause safety problems and had not resulted in any accidents or injuries. Despite this, the company asked customers to have their cars inspected, a process that took about forty-five minutes. About five percent of the vehicles were affected, and Brembo, the supplier of the defective part, would cover the repair costs. All 123,000 Model S cars manufactured before April 2016 were recalled on March 30, 2018, due to excessive corrosion of the bolts which secure the power steering, particularly those cars used in cold countries where roads are salted. Tesla's stock dropped nearly four percent in after-hours trading on Thursday following the announcement of the Model S recall.
In December 2021, 119,009 Model S vehicles produced between 2017 and 2020 were recalled because of the possibility of latch failure allowing front hoods to open unexpectedly. The recall, according to the company, affected around 14 percent of all Model S vehicles. In February 2024, Tesla recalled over two million Tesla vehicles in the United States due to the compact size of the warning lights on the instrument panel. Documents indicated that the recall was issued to enhance warnings and alerts for drivers. The NHTSA reported that the font size of the brake, park, and antilock brake warning lights was smaller than mandated by federal safety standards. This size made information difficult to read, thereby increasing the risk of a collision. The Model S was part of a major recall in July 2024 affecting approximately 1.8 million vehicles. The recall addressed a software issue that could prevent the detection of an unlatched hood, posing a risk of it unexpectedly opening while the vehicle was in motion. According to NHTSA documentation, this malfunction could obstruct the driver's vision, increasing the likelihood of a crash.


=== Fires ===


==== First fire ====
A fire involving a Model S occurred on October 1, 2013, after the vehicle struck metal debris on Washington State Route 167 in Kent, Washington. The driver was alerted by the onboard system and was able to safely exit the highway, stop the car, and leave the vehicle without injury. Tesla later explained that the fire was triggered by a ""direct impact of a large metallic object"" to one of the car's 16 battery modules. The vehicle's design, which included firewalls separating the modules, limited the fire to a small section at the front of the car. The debris that caused the fire was identified as a ""curved section"" that had fallen off a truck and was recovered nearby. According to Tesla, the debris pierced a 3-inch (80 mm) hole through the vehicle's 0.25 in (6 mm) armor plate, with an estimated force of 25 short tons (23 t). Vents directed the flames away from the passenger compartment, preventing them from entering the cabin.
On October 24, 2013, the NHTSA announced that it had not found evidence suggesting the fire resulted from a vehicle safety defect or noncompliance with federal safety standards. However, in the following month, the NHTSA initiated a preliminary evaluation to assess the potential risks associated with undercarriage strikes on 2013 Tesla Model S vehicles. On March 28, 2014, the investigation was closed, with the NHTSA stating that ""Tesla's revision of vehicle ride height and addition of increased underbody protection should reduce both the frequency of underbody strikes and the resultant fire risk"".


==== Subsequent fires ====
On November 6, 2013, another fire occurred when a Tesla Model S struck a tow hitch on the road, causing damage to the underside of the vehicle. In response to these incidents, Tesla extended its vehicle warranty to cover fire damage and issued a software update to increase the car's ground clearance at highway speeds. In early February 2014, another fire incident was reported in Toronto, Canada. The Model S was parked in a garage and was not charging at the time. The cause of the fire remains undetermined. Tesla stated, ""in this particular case, we don't yet know the precise cause, but have definitively determined that it did not originate in the battery, the charging system, the adapter or the electrical receptacle, as these components were untouched by the fire"".
On January 1, 2016, a 2014 Model S caught fire in Norway while supercharging unsupervised. The vehicle was destroyed but nobody was injured. An investigation by the Norwegian Accident Investigation Board concluded that the fire started within the car, but the exact cause could not be determined. In March 2016, Tesla announced that their own investigation found that the fire was caused by a short circuit in the vehicle's distribution box, but the extent of the damage made it impossible to determine the exact cause. A three-month-old Model S caught fire three times in December 2018, requiring firefighters to spend nearly ten hours preventing reignition. In July 2021, a Model S Plaid caught fire, and its electronic door system failed, forcing the driver to ""use force to push it open"". The vehicle then moved approximately 35 to 40 feet (11 to 12 m) before erupting into a ""fireball"".


== Reception and legacy ==
The Model S has been referred to by several critics as one of the most influential and important electric cars. In a 2014 review for the newspaper The Sunday Times, Nick Rufford remarked, ""the Model S represents the last throw of the electric dice [...] if this vehicle can't persuade people to ditch petrol and switch to battery power, no car can"". In 2014, The Daily Telegraph included the Model S on its list of ""cars that changed the world"" and called it the most important car of the last 20 years. The BBC-owned magazine Top Gear described it as ""one of the most appealing electric vehicles in the world [...] and one that almost single-handedly forced mainstream manufacturers to embrace electricity"". Keith Barry of Consumer Reports mentioned that the introduction of specific features, such as a yoke-style steering wheel, has ""distracted from the flagship sedan's underlying brilliance, as has Musk's public image"". Consumer Reports additionally pointed out that the success of the Model S prompted other automakers to rethink how they design and market their vehicles. The magazine Car and Driver noted that the Model S was the ""first long-range, widely desired electric vehicle"" when it was released, adding that ""mainstream automakers [...] [struggled] to catch up"".

The Model S has received mixed reviews from automotive critics. Samuel Gibbs from the newspaper The Guardian referred to it as a ""swish saloon car"", writing that, unlike many other electric vehicles, it did not resemble ""a bug or bubble-car"". Gibbs was also impressed by its acceleration, remarking that it has ""it has enough power to beat even the Aston Martin Rapide, all without petrol and with no emissions"". Reviewing for The Independent, Lee Williams called the Model S ""a beautiful car that symbolizes humanity's march towards automation"", but criticized its large size, describing the car as ""too damn big"". Road & Track's Chris Perkins argued that Tesla managed to turn the ""most important car of the century into a bad joke"", describing the Model S Plaid as ""perhaps one of the worst [cars in the world]"". He called its yoke steering wheel ""incredibly stupid"", described its damping as ""irritating"", and stated that ""it doesn't have the chassis, steering, or brakes to deal with the horsepower"". The U.S. News & World Report thought that its ""basic interior feels out of step with its price, and newer rivals offer more room, style and, in some cases, range"". Lee Hutchinson, the senior technology writer for Ars Technica, opined that its ""almond-shaped headlights and prominent nosecone conjure images of Maserati, while the rear half has a distinct Aston Martin DBS flavor, [and] the taillights and rear evoke the Jaguar XF"". While being in two completely different classes, critics frequently compare the Model S to the first generation of the Nissan Leaf, a hatchback.
Hutchinson, in another review, thought of its acceleration as ""instant, ludicrous, [and] neck-snapping"", believing that it was ""more appropriate for a roller-coaster than a car"". He described its styling as ""graceful, with a precisely engineered exterior"". Mat Watson, prominent for his Carwow reviews, praised the Model S Plaid as ""astonishingly quick"" and ""extremely quiet"", but he criticized its high price and noted that competing models offer greater comfort. Watson ultimately rated it eight out of ten. Writing for Car, Keith Adams described the Model S as ""the king of the hill"". He called the thrust ""stomach-churning from rest"", believing that the driver would ""crave to relive the experience—again and again"". Jalopnik's Lawrence Hodge criticized the yoke steering wheel, describing it as ""stupid"" and suggesting that its introduction was more of a downgrade than an upgrade. In 2012, Time magazine named the Model S one of the best inventions of the year. It was later featured in the magazine's list of the 10 best gadgets of the 2010s. Car and Driver included the Model S 60 on its list of the 10 best cars of the year in 2015, while entering the 70 and 70D models on its 2016 list.

Some companies have developed modified cars based on the Model S with different body styles. In February 2019, a one-off version of the Model S with a shooting brake body style, named the Model SB, was announced by Niels van Roij Design. While an initial production run of twenty was considered, only a single unit was built. The single unit was finished in British racing green, mirrored by the glove compartment lining, a color choice inspired by the green found in the logo of Elipo, the company that assisted in the car's design, as well as foliage in Elipo owner Floris de Raadt's garden. It made its public debut at the Geneva Motor Show in March 2019. In 2020 and 2023, coachbuilders Coleman Milne and Binz debuted their hearse conversions of the Model S, named the Wisper and Binz.E, respectively. Both versions have 220 miles (350 km) of electric range.


== Awards ==
The Model S is the recipient of numerous awards, as listed in the table below:


== Notes ==


== References ==


== Bibliography ==


== External links ==

Official website","The Tesla Model S is a battery-electric, four-door full-size car produced by the American automaker Tesla since 2012. The automaker's second vehicle and longest-produced model, the Model S has been described as one of the most influential electric cars in the industry. Car and Driver named it one of the best cars of the year in 2015 and 2016. Its various accolades include the Motor Trend Car of the Year Award in 2013.
Tesla started developing the Model S around 2007 under the codename WhiteStar, with Henrik Fisker appointed as lead designer for the project. After a dispute with Elon Musk, Tesla's CEO, Fisker was replaced by Franz von Holzhausen who, by 2008, had designed the production Model S's exterior. Tesla unveiled a prototype of the vehicle in March 2009 in Hawthorne, California. In 2010, Tesla acquired a facility in Fremont, California, to produce the Model S, which was previously owned by General Motors and Toyota. Series manufacture of the car officially began at the Tesla Fremont Factory in June 2012. Tesla carried out the final assembly for European markets at its facilities in Tilburg, Netherlands, between 2013 and 2021.
Constructed mostly of aluminum, the Model S shares 30 percent of its components with the Model X—a crossover SUV that was introduced in 2015. The Model S has undergone several updates during its production, the most prominent ones occurring in 2016 and 2021. These updates have usually included modifications to the motor, such as changes to power or torque, revised exterior elements, and refreshed interior features. One such change included the 2015 introduction of Tesla Autopilot—a partial vehicle automation advanced driver-assistance system. The 2021 update led to the introduction of the high-performance, three-motor Plaid—Tesla's most powerful model.
In 2015, the Model S was the world's best-selling plug-in electric vehicle. In 2012, it was included on Time's list of the Best Inventions of the Year, and the magazine later included it on its list of the 10 Best Gadgets of the 2010s in 2019. In 2014, The Daily Telegraph described the Model S as a ""car that changed the world"". Road & Track argued that, with the introduction of the Plaid and features such as the yoke steering wheel, Tesla managed to turn the Model S into ""perhaps one of the worst [cars in the world]"".

",6618,40410,2025-10-04T15:03:22.278406
musk_supplement_5,Tesla Model 3,Tesla Model 3,Mass market electric vehicle,tesla,https://en.wikipedia.org/wiki/Tesla_Model_3,"The Tesla Model 3 is a battery electric powered mid-size sedan with a fastback body style built by Tesla, Inc., introduced in 2017. The vehicle is marketed as being more affordable to more people than previous models made by Tesla. The Model 3 was the world's top-selling plug-in electric car for three years, from 2018 to 2020, before the Tesla Model Y, a crossover SUV based on the Model 3 chassis, took the top spot. In June 2021, the Model 3 became the first electric car to pass global sales of 1 million.
A facelifted Model 3 with revamped interior and exterior styling was introduced in late 2023 for countries supplied by Gigafactory Shanghai and in early 2024 in North America and other countries supplied by the Tesla Fremont Factory.


== History ==

In a 2006 interview with Wired Science, Elon Musk presented the Model 3 as likely being affordable by most people able to purchase new cars, aiming for a $30,000 price point. In 2008 the car was stated to be a family car. In 2017 Tesla added that the Standard Range version of the all-electric car would have an estimated EPA-rated range of 215 miles (346 km), a five-passenger seating capacity, front and rear trunks, and promised sports-car levels of acceleration performance. Tesla said it would have a five-star safety rating and have a drag coefficient of Cd=0.225. This is lower than the Tesla Model S drag coefficient of Cd=0.24, which, in 2014, was the lowest among the production cars of the time.
Within a week of unveiling the Model 3 in 2016, Tesla revealed they had taken 325,000 reservations for the car. These reservations represented potential sales of over US$14 billion. By August 2017, there were 455,000 net reservations.
Industry experts were dubious when, in May 2016, Tesla announced its decision to advance its 500,000-total-unit build plan (combined for Model S, Model X, and Model 3) to 2018, two years earlier than previously planned, in order to accelerate its target for Model 3 output. As predicted, there were ""production bottlenecks"" and ""production hell"". In May 2016, Tesla issued US$2 billion in new shares to the stock market to finance the plan.
The company plans for the Model 3 are part of Tesla's three-step strategy to start with a high-price vehicle and move progressively towards lower-cost vehicles, while the battery and electric drivetrain were improved and paid for through the sales of the Roadster, Model S, and Model X vehicles.
On April 18, 2018, Tesla updated its production target to 6,000 vehicles per week by the end of June 2018, an increase from its previous target of 5,000 vehicles per week which was previously promised at earlier dates. On July 1, 2018, Elon Musk announced that Tesla had met its production goal of 5,000 cars in a week.
On February 28, 2019, Tesla announced the availability of the highly anticipated Standard Range trim priced at $35,000 (equivalent to $43,045 in 2024). However, on April 12, 2019, Tesla announced that the Standard Range model would no longer be available for ordering online, but only over the phone or in stores. Autopilot, previously a $3,000 option, was included in all versions of the Model 3 except for the Standard Range, while each version's price only increased by $2,000. In February 2019, the Model 3 passed the Chevrolet Volt to become the all-time bestselling plug-in electric car in the U.S. Model 3 sales surpassed the Nissan Leaf in early 2020 to become the world's all-time top selling plug-in electric car.


=== Model naming ===
During an interview recorded in 2006 Musk referred to ""Model 2"" (later Tesla Model S), and to ""Model 3"". The Model 3 was codenamed Tesla ""BlueStar"" in the original business plan in 2007. Model 3, originally stylized as ""Model ☰"", was announced on Musk's Twitter account on July 16, 2014. A 2015-presentation by JB Straubel used the name ""Model III"". As of 2016 Musk had wanted the three models to spell SEX, but settled for ""S3X"". In early 2017, after trademark opposition regarding Adidas's three stripes logo, the triplicate horizontal-bar stylization was abandoned and changed to a numeric ""3"".


=== Market ===
In September 2015, Tesla announced that the Model 3 would be unveiled in March 2016. In January 2016, Musk said that the first official pictures of the car will be revealed at the end of March 2016. Delivery would begin in late 2017 first on the U.S.'s west coast and then move eastwards. Potential customers were first able to reserve a car at Tesla stores or online on March 31 with a refundable deposit of US$1000. In February 2016, Tesla indicated that the unveiling would be on March 31, 2016. Current owners of Tesla vehicles got priority sales after employees but before the general public, as a reward for helping pay for the development of the Model 3. (Employees and current owners were likely to be more tolerant of early production flaws: both the Model S and the Model X had several problems at the start of their production.)
During the Model 3 unveiling event, Tesla said that over 115,000 people had reserved the Model 3 in less than 24 hours prior; more cars than Tesla had sold by that time. Twenty-four hours after opening reservations, Tesla had advanced orders for over 180,000 cars. Two days later, Tesla said they had 232,000 reservations.
One week after the unveiling, Tesla said it had over 325,000 reservations, more than triple the number of Model S sedans sold by the end of 2015. Musk said that 5% of reservations correspond to the maximum of two vehicles allowed per customer, ""suggesting low levels of speculation"", and that 93% of Model 3 reservations are from new buyers who do not currently own a Tesla. The previous record for advance deposits on a car was the 1955 Citroën DS that had 80,000 deposits during the ten days of the Paris Auto Show, while the Model 3 had 232,000 reservations in two days.
According to Tesla's global vice-president Robin Ren, China is the second-largest market for the Model 3 after the US. Tesla said the number of net reservations totaled about 373,000 as of May 15, 2016, after about 8,000 customer cancellations and about 4,200 reservations canceled by the automaker because these appeared to be duplicates from speculators. Upon its release in July 2017, there had been over 500,000 reservations for the Model 3, with Musk later clarifying there were a net of 455,000 reservations outstanding, and an average of 1,800 reservations were being added per day.


=== 2020 changes ===

In November 2020, the Model 3 received exterior and interior styling changes, many carried over from the then-new Model Y crossover SUV, which was based on the Model 3. The most noticeable cosmetic change was that the previously chrome finished door handles, side mirror trim, window trim, and camera covers were given a black finish.
Other changes included the addition of a heat pump with an ""octovalve"" to improve climate control, a power-operated trunk, a redesigned center console with Qi wireless charging pads, and quieter double-pane glass.


=== Other changes ===
Some hardware has also been removed over time. The adaptive cruise control radar sensor was eliminated in April 2021, the front passenger seat lumbar support was removed in May 2021, and the ultrasonic sensors used for park assist were eliminated in October 2022 and replaced with Tesla Vision, Tesla's vision based park assist.


=== 2023 update ===
Tesla announced a design refresh of the Model 3 on September 1, 2023, bringing a longer driving range, lower production costs, technical improvements, and a restyled exterior and interior. During development, the refresh was codenamed ""Project Highland"". It was exhibited at the 2023 Munich Motor Show.
Tesla said the refreshed Model 3 improved range around 10%, largely from a lower and more aerodynamic nose along with a better rear diffuser and more aerodynamic wheels. The tires protrude slightly from the rims, protecting them from curb rash. They have lower rolling resistance, but no compromise in lateral performance or steering response. This was enabled by changing materials and removing 1 ply (made possible by lowering the top, rarely used, speed). The gap between tire and body was reduced. The drag coefficient of Cd=0.219 improved from 0.225.
Redesigned tail lights eliminated the vertical break between trunk and side.
Interior additions included an 8-inch (200 mm) touchscreen (with Bluetooth audio) for rear seat passengers, ventilated front seats, up to 17-speaker sound system (up from 14), customizable interior accent lighting, and a new steering wheel without turn signal and gear selector stalks. In June 2024, the Edmunds website called the turn signal buttons on the steering wheel ""unsafe"", criticizing both the absence of a stalk and the design and placement of the buttons. The touchscreen for rear seat passengers and the steering wheel without stalks are changes that were previously implemented on the Model S and X during their ""Palladium"" refresh. Traditional turn signals returned in the 2025 Model Y refresh.
The upgrade had shock-absorbing technology called Frequency Selective Damping, which uses a hydraulic amplifier to concentrate vibration in the 4–6 Hz range.
The update came equipped with HW4 camera and processing technology, which permitted a wider field of view and improved Autopilot's cross-traffic emergency braking.
Gigafactory Shanghai was the first of Tesla's factories to begin making the refreshed Model 3, with the company offering the vehicle for sale in China and markets to which Tesla exports from China, including Europe, the Middle East, Australia and Japan. The refreshed Model 3 was made available for order in North America on January 10, 2024, with these models being produced at the Tesla Fremont Factory.


== Design ==
In 2013, design chief Franz von Holzhausen called the Model 3, ""an Audi A4, BMW 3 Series, Mercedes-Benz C-Class type of vehicle that will offer everything: range, affordability, and performance"" that is targeted toward the mass market. While technology developed for Tesla's earlier Model S sedan was used in the Model 3, it is 20% smaller than the Model S and has its own unique design.
One of the most striking and noticeable design choices on the Model 3 was the lack of a front grille. Since electric cars have lower cooling needs than combustion cars, they do not need a front grille, yet many, including the Model S, have one to fit in with the design of other vehicles. All trim levels include an expansive glass roof developed by the Tesla Glass group, from the same glass used for the Tesla Solar Roof.The interior of the Model 3 has been described as minimalist or stark, with few physical controls, instead housing most controls in a single 15.4 in (390 mm) center-mounted touchscreen. Critics praised the screen's interface, but pointed out that the decision requires drivers navigate menus to accomplish what could otherwise be controlled by a button or knob. Tesla is also notable for being one of the few automakers offering no Apple CarPlay or Android Auto connectivity.


== Production ==
Gigafactory Shanghai has been producing the Model 3 since December 2019 for both the local China market and for export to other areas except the United States.


=== Production stages ===
In a 2013 interview, Jerome Guillen discussed ""BlueStar"" (codename for the Model 3 project), stating that Tesla was expecting to eventually produce 400,000 cars per year.
In May 2016 Tesla told its suppliers that it intended to double earlier-announced Model 3 production targets to 100,000 in 2017 and 400,000 in 2018 due to demand, which suppliers and many experts viewed as unattainable. In the Tesla Factory, paint lines for 500,000 automobiles commenced in 2015, and some stamping equipment for the Model 3 was operational by August 2016. Tesla bought Grohmann Engineering, experienced in automated manufacturing, in January 2017. This acquisition launched Tesla Advanced Automation Germany, which Tesla said would develop manufacturing processes to be used initially in Model 3 production. According to Tesla in late 2016, the company expected to invest between US$2 billion and US$2.5 billion in capital expenditures ahead of the start of Model 3 production.
After the two Alpha prototypes were shown (silver and black; red was a shell) in April 2016, Tesla finished the design in late July 2016. Tesla ordered parts equivalent to 300 Beta prototypes in August 2016, preparing for development of the assembly line. As of August 2016, the company intended to make release candidates for testing prior to actual production. Tesla began building Model 3 prototypes in early February 2017 as part of the testing of the vehicle design and manufacturing processes. Tesla said in late 2016 that initial crash test results had been positive. Crash test results in mid-2019 were scored at 96% for protection of adults; 86% for protection of children and 74% for the way it handles ""vulnerable road users"" such as pedestrians. In addition, the Model 3's ""safety assist"" mode scored 94%.
In October 2016 Tesla said its production timeline was on schedule. Again in February 2017, Tesla said that vehicle development, supply chain and manufacturing are on track to support volume deliveries of the Model 3 in the second half of 2017. Limited vehicle production began in July 2017 and volume production was scheduled at that time to start by September 2017. As of February 2017, Tesla planned to ramp up production to exceed 5,000 vehicles per week in Q4 2017 and reach 10,000 vehicles per week in 2018. However, Tesla missed their Q4 production target by a wide amount, as only 2,425 vehicles were produced during the entire 3-month period.
Giga Nevada had been intended to produce battery packs for Model 3 and it was announced in January 2017 that Tesla would also manufacture drive units at Giga Nevada. In February 2017, Tesla said that installation of Model 3 manufacturing equipment was underway in the Fremont factory and at Giga Nevada, where in January, production of battery cells for energy-storage products began, which have the same form factor as the cells that will be used in Model 3.


=== Deliveries ===

In February 2016 Tesla expected the Model 3 to repeat the delivery schedule of the S and X models: selling at first the highest-optioned cars with higher margins, to help pay for production equipment. However, after the lessons learned from the complicated Model X production, Tesla changed its delivery schedule in early 2017 to produce relatively simpler cars initially, in order to reduce production risk. The first mass-produced Model 3 cars were rear-wheel drive with the long-range battery. Deliveries began in the second half of 2017 as predicted, but not in the numbers Tesla had hoped. As industry experts had predicted, Tesla did not meet the announced delivery targets.


==== 2017 ====
In early July 2017 Musk forecast at least six months of serious production difficulties. Tesla's announced goal at that time was to produce 1,500 units in the third quarter of 2017, increasing to 5,000 per week by end of December 2017, but only 260 vehicles were manufactured during the third quarter. The company blamed production bottlenecks, but said there were ""no fundamental issues with the Model 3 production or supply chain"" and expressed confidence about its ability to resolve the bottlenecks in the near future.
Tesla delivered just 1,542 Model 3 cars in the fourth quarter of 2017, about 2,900 fewer than Wall Street estimations, which were already halved previously after Tesla published the company's third quarter report. By early November 2017, Musk had postponed the target date for manufacturing 5,000 of the vehicles per week from December 2017 to March 2018. An analyst with Cowan and Company, an investment banking firm, said in November 2017 that ""Elon Musk needs to stop over-promising and under-delivering"". Customer deliveries totaled 1,764 units in 2017.


==== 2018 ====
Prior to a planned shutdown in mid-April 2018 to further increase production, Tesla produced more than 2,000 Model 3 vehicles for three straight weeks. Global deliveries passed 100,000 units as of October 2018. U.S. Model 3 sales hit 100,000 units in November 2018, reaching this milestone quicker than any previous plug-in electric model.
During the first half of 2018, the Model 3 was the top-selling alternative fuel vehicle in California with 12,674 units, followed by the Toyota Prius conventional hybrid (10,043). The Model 3 was the top-selling plug-in electric car in the U.S. for 12 months in a row through December 2018, ending 2018 as the bestselling plug-in with an estimated 139,782 units delivered, the first time a plug-in car sold more than 100,000 units in one year. Additionally, the Model 3 ranked as the bestselling luxury vehicle in the American market in 2018. The Model 3 topped plug-in electric car sales in California in 2018, with 51,293 units registered, and was the state's best-selling car in the near luxury category.
The Model 3 was the world's best-selling plug-in electric car in 2018. In 2018, Elon Musk predicted that eventual global demand would likely be between 500,000 and 1 million Model 3 cars per year— ranking in between the BMW 3 Series and the Volkswagen Golf.


==== 2019 ====

Retail deliveries in Europe and China began in February 2019. Delivery of the first right-hand drive vehicles began in June 2019, starting with the UK and later in Australia and New Zealand. Similarly to how the first US-made Model 3s were delivered in July 2017, the first Chinese-made Model 3 cars were delivered to employees at the end of 2019.
In January 2019 the Model 3 overtook the Model S as the U.S. all-time best selling all-electric car, and, the next month, also passed the Chevrolet Volt to become the all-time top selling plug-in electric car in the U.S.
The Tesla Model 3 ended 2019 as the world's best-selling plug-in electric car for the second consecutive year, with just over 300,000 units delivered. The electric car also topped annual plug-in car sales in the U.S. (158,925) and California (59,514) markets for the second time in a row. And again listed as the California's best-selling car in the near luxury category in 2019.
The Model 3 also ranked as the best-selling plug-in car in Europe in 2019, with over 95,000 units delivered in its first year in that market, and outselling other key premium models. It also set records in Norway and the Netherlands, not only as the top selling plug-in car but also as the best-selling passenger car model overall. The sales volume achieved by the Model 3 in 2019 (15,683) is the third largest in Norwegian history, exceeded only by the Volkswagen Bobla (Beetle) in 1969 (16,706), and Volkswagen Golf in 2015 (16,388). The Model 3 set a new record in the Netherlands for the highest registrations in one month (22,137) for any single plug-in vehicle in Europe.
The Model 3 also was the top selling plug-in car in Canada, Spain, Belgium, Denmark, Switzerland, Australia, New Zealand, Taiwan and Mexico.


==== 2020 ====
Until 2019, the Nissan Leaf was the world's best-selling plug-in electric car, with global sales of 450,000 units by December 2019. The Tesla Model 3 surpassed Leaf sales in early 2020 to become the world's best-selling plug-in electric car ever. Global sales totaled about 814,000 units overall up to December 2020. The Model 3, with 365,240 global deliveries, was the world's best-selling plug-in passenger car in 2020 for the third consecutive year.
Gigafactory Shanghai began to ramp up production in 2020, producing vehicles for sale in China and for export.
In 2020, the Model 3 was the bestselling plug-in car in China (137,459) and the U.S. (95,135). The Model 3 also was the most popular plug-in electric car in California in 2020 (38,580), as well as the state's best-selling car in the near luxury category. The Model 3 has topped both California's and the U.S. national plug-in car sales for three years in-a-row, from 2018 to 2020.


==== 2021 ====
In 2021, the Model 3 became the all-time bestselling electric vehicle in the Netherlands with over 78,996 cars registered at the end of June 2021. The Model 3 became the first electric car to sell over 1 million units globally in June 2021.
It was also the bestselling electric vehicle of 2021 in the UK, with 34,783 registered, beating the second most popular electric car, the Kia e-Niro, by over 22,500 registrations. These figures also made the Model 3 the second bestseller in the UK new car market in 2021, only beaten by the Vauxhall Corsa, a cheaper B-segment vehicle. The 9,612 Model 3s sold in December were more than double the sales of any other car in that month.
In October 2021, Hertz car rental ordered 100,000 full-price Model 3 cars for its rental fleet. Hertz had to resell most of the cars as demand was lower than expected and depreciation costs had mounted.


=== Concerns ===
In May 2018 Consumer Reports found ""big flaws, such as long stopping distances in our emergency braking test and difficult-to-use controls"", finding the braking distance was worse than a Ford F-150 full-size truck, and branding the Model 3 ""not recommended"". Tesla responded to the claims with concern and, over the next weekend, released an OTA update for the anti-lock braking algorithm. Consumer Reports, impressed with the prompt OTA update, verified the improved braking performance and changed their rating to a recommended model.
In February 2019 Consumer Reports revoked the Model 3 recommendation because ""many customers have reported problems with the [car], including loose body trim and glass defects."" As with Model S and Model X, Model 3 production flaws were reduced over time. In November 2019 Consumer Reports reinstated the Model 3 recommendation, claiming it was the fifth-most reliable of twelve compact luxury cars.
During long-term testing of a Model 3 in December 2019, Car and Driver experienced a rear inverter short after 5,286 miles (8,507 km) and 3 months of ownership. It was their first long-term vehicle to suffer such a major failure while parked.
In 2020, due to the COVID-19 outbreak, closure of the Shanghai factory at the end of January, and supply chain issues, Tesla used the 2.5 version processor instead of the 3.0 processor that Chinese users expected to find in their vehicles. This led to mass complaints. Tesla promised to upgrade the hardware free of charge once the supply chain is restored.
The 2021 Tesla Model 3 vehicles built on or after April 27, 2021, had modified Forward Collison Warning (FCW) and Automatic Emergency Braking (AEB) safety features, resulting in lower Consumer Reports and Institute for Highway Safety (IIHS) scores. The change was from using Radar to Camera technology called Tesla Vision. The National Highway Traffic Safety Administration has opened an investigation over phantom braking in these new vehicles.
In May 2022, a relay attack was discovered where an attacker could gain remote control of a Model 3 (or a Model Y) if they could get within range of a Bluetooth key of the owner.


== Specifications ==


=== Motor ===
Instead of a traditional induction motor, the Model 3's primary (rear) motor uses internal permanent magnets (IPM) with synchronous reluctance motor (SynRM) characteristics. Compared to an induction motor, the aluminum squirrel-cage rotor is replaced by an iron rotor, with slots cut into the metal where magnets are inserted in the internal core. As an IPM motor, it produces excellent starting torque; however, performance declines at high speeds due to counter-electromotive forces. For high-speed operation, Tesla engineers used iron's reluctance property, which allows it to spin in synchronization with the magnetic field of the stator if channels are cut into the core. These channels were also an ideal internal location for the permanent magnets to be mounted.
The IPM-SynRM motor is responsible for most of the propulsion in both the RWD and AWD Model 3s. The induction motor on the front axle of the AWD models provides additional power and helps to improve handling.


=== Battery ===
For the Model 3, Tesla initially decided to use 2170-type (21 mm diameter, 70 mm height) cylindrical cells. Compared with the 18650-type batteries that the company had been using since its first generation Roadster, the 2170 batteries were optimized for electric cars, allowing for a higher capacity per cell and a lower number of cells per battery pack.
For vehicles built at the Tesla Fremont Factory, the company sources 2170-type batteries with a nickel-cobalt-aluminum cathode chemistry from Panasonic's production line at Gigafactory Nevada.
For vehicles made at Gigafactory Shanghai, batteries with a nickel-cobalt-manganese cathode chemistry are sourced from LG Energy Solution's factories in China.
As lower-cost models were introduced, Tesla started using prismatic (rectangular) cells with a lithium iron phosphate (LFP) chemistry in vehicles produced in both factories. LFP batteries are less energy-dense (which reduces range), but do not contain any nickel or cobalt, which makes them less expensive to produce. Unlike other types, LFP batteries achieve less degradation when being regularly charged to 100 percent. Tesla sources these batteries from CATL in China.


=== Engineering and changes ===
When production began in 2017, the base Model 3 was announced to have a 50-kWh battery with a range of about 220 miles (350 km) while the optional 75-kWh battery would have a range of about 310 miles (500 km).
The 350-volt (nominal, 400v max) Model 3 battery packs are made of four longitudinal modules each containing the groups (bricks). The Standard Range version carries 2,976 cells arranged in 96 groups of 31. The Long Range version carries 4,416 cells arranged in 96 groups of 46, and weighs 1,060 pounds (480 kg) in a 14 cu ft (0.40 m3) volume; a density of 150 Wh/kg (540 kJ/kg). The car's onboard AC/DC converter is 11 kW. In Europe this requires three-phase electric power, otherwise single-phase power is 7.4 kW.
Tesla continues to improve the design of the 2170 battery cell and introduces incremental improvements into the manufacturing line periodically.
The inverter for the Model 3 drive unit uses 24 pairs of silicon carbide (SiC) MOSFET chips rated for 650 volts each.
In May 2019 Tesla started offering an optional tow bar rated for 2,000 pounds (910 kg) available with Standard Range Plus and Long Range for the European Model 3.
In December 2019, Tesla offered Long Range dual-motor Model 3 owners who had software version 2019.40.2 the option to purchase a US$2000 ""Acceleration Boost"" software upgrade enabling a Sport driving mode, advertised to reduce 0-60 mph (97 km/h) time from 4.4s to 3.9s. Road testing confirmed better-than-expected acceleration with drivers in Sport mode reaching 0-60 mph (97 km/h) in 3.67s from standstill and 3.47s with a 1-foot rollout.
Structurally, the Model 3 is mostly steel, and most body panels are aluminum.
Due to its smaller size, the Model 3 is expected to consume less energy than the Model Y, and thus have longer range.
Traditional stability control is not made for dual-motor control or the faster response time in electric motors, and Tesla modified the control unit. The cooling system is integrated to reduce size and cost.
Sometime during August 2020, Tesla added heating hardware to the Model 3's charge port which was enabled by software update later in the year to prevent ice buildup.
Beginning in October 2023 (most markets) or January 2024 (US market), Model 3 cars were delivered with changes for the ""Highland"" refresh. Tesla states that fifty percent of the Model 3's components have been changed for the 2024 Highland version. The changes included a revised suspension emphasizing ride comfort, additional noise reduction, lack of stalks on the steering column, ventilated front seats, a small rear screen, slightly improved aerodynamics, and new headlights, taillights, and wheels. The shifter has been removed and the gear may be selected on the touchscreen, or by simply letting the vehicle's predictive software select the appropriate gear. For emergency purposes, there are P-R-N-D buttons above the front windshield.
In Singapore, Tesla offers a version of the Model 3 (called the RWD 110) with a limited 110 kW (150 PS) engine output. This engine power cap results in the so-called COE Cat A status and therefore lower road taxes. Its 0–62 mph (0–100 km/h) acceleration takes 8.6 s (RWD: 170 kW, 231 PS, 0–100 km/h in 6.1 s).


=== Specifications table ===


== Safety ==
Following crash testing in 2019, the Model 3 performed very well, receiving five stars in every category from the National Highway Traffic Safety Administration and a 94% Euro NCAP score in active safety.
Model 3 may lose Euro NCAP 5 star rating in 2026 due to the lack of physical buttons.


== Automobile racing ==
The 2024 STCC Scandinavia Touring Car Championship was fully electric, which made it possible to host races in Gothenburg’s city center. The series used, among other brands, race cars based on Tesla Model 3 of Brink Motorsport which allowed Tesla to make a debut in automobile racing.


== Reliability ==
In November 2024, the Tesla Model 3 ranked last in a Technical Inspection Association (TÜV) analysis of the results of road-worthiness inspections for newer cars in Germany and Austria. These inspections are mandatory in Germany. According to TÜV, the comparatively high failure rate can be partly explained by the fact that Tesla does not require regular maintenance. In Denmark, 23% of Tesla Model 3 model year 2020 failed their first inspection in 2024, as compared to 9% of electric cars from other brands that failed the inspection.


== Reception ==

Car-design columnist and former car designer for GM Robert Cumberford said the Model 3 ""is an excellent design"" and praised the front fascia skin that he thinks is superior to the black plastic simulated grille of the pre-refresh Model S. Cumberford praised the Model 3's minimalist design, and ""elegant simplicity"" akin to Apple products. Although he criticized the car's spoiler, he said the Model 3 has a design that would age well, and ""in 10 years it will still look contemporary and beautifully understated, not old and irrelevant.""
Motor Trend said the nose was controversial and polarizing, but probably intentionally so. Vanity Fair and others compared the Model 3 to the Ford Model T for its intended affordability as a volume-produced electric vehicle. Automotive journalist Doug DeMuro said the Model 3 was better, though $2,000 more expensive, than the BMW 340i and that it was the ""coolest car of the year,"" later clarifying that this was based on the ""long waiting lists, obsessive interest and news stories."" Alex Roy said that DeMuro's review had concentrated on hardware details and missed out on the bigger picture.
Automotive-industry analyst Toni Sacconaghi of AllianceBernstein said after driving one of the early Tesla vehicles in November 2017 that ""Overall, we found the Model 3 to be a compelling offering, and believe it is likely to further galvanize the overall Electric Vehicle category."" He was less impressed with build quality of the test samples. ""Fit and finish on the two demo cars we saw—perhaps not surprisingly—was relatively poor."" He said that there were quality issues at first with the Model X which led to some concern. ""This is going to be a much, much higher-volume car, and if there are any quality issues, that could overwhelm the service centers and undermine the Tesla brand."" Nonetheless, Sacconaghi was impressed with the ride quality, performance and interior space, and concluded that the 3 ""risks cannibalizing the [much more expensive] Model S going forward.""
Road & Track's Bob Sorokanich said the ""Model 3 proves that Tesla is thinking far beyond the edges of the Model S and X. Stepping out of the 3, you realize that, as far as the S and X pushed the envelope, they were always meant as intermediaries, stepping stones designed to draw people away from comfortable convention and into the future of the automobile. ... The Model 3 is Tesla at its most unabashed. It's an automaker finally willing to abandon the skeuomorphism of a false radiator grille, the tradition of a driver-oriented gauge panel.""
In 2018, a Model 3 was driven 606.2 mi (976 km) on a single charge, setting a hypermiling driving record.
In early 2019, Kelley Blue Book announced that the Tesla Model 3 was the winner of the ""Best Resale Value Award"" for all automobiles in the US market ""with a projected 69.3% resale value after 36 months and 48.7% after 60 months.""


=== Awards ===
Popular Mechanics named the Tesla Model 3 as the magazine's 2018 Car of the Year. Model 3 was given the 2018 Design of the Year award by Automobile magazine.
In the United Kingdom, the Model 3 was named 2019 Car of the Year by Auto Express magazine, and 2020 Car of the Year by Parkers magazine, where it was also named ""Best Electric Car"" and ""Best Company Car"", and won the ""Best Safety"" award for any vehicle on the market.
The Model 3 won best mid-size car in the 2019 Das Goldene Lenkrad Golden Steering Wheel awards.
The Model 3 was named the top-rated electric car of 2019 by Edmunds.com, as well as being named Edmunds' top-rated Luxury Electric Vehicle for 2020.
In late 2019, the Model 3 was also named a Top Safety Pick+ by the IIHS. The Model 3 also won Car of the Year in Denmark, Car of the Year 2020 in Norway, and Swiss Car of the Year 2020.
The Model 3 was named as UK Car of the Year 2020 by a panel of 29 motoring journalists. The director of the awards stated that the car's ""technology, performance and range"" were converting opinions in favor of electric vehicles.
The car was chosen as one of the Top 10 Tech Cars by the IEEE in 2018.
In January 2021, the Model 3 Standard Range Plus was named Large Electric Car of the Year by What Car? magazine. What Car? awarded the Model 3 five stars out of five in its review of the car.
In May 2021, the Model 3 won Auto Trader UK's New Car Award for Best Car for Families. Auto Trader awarded the Model 3 four and a half stars out of five in its review of the car.
In January 2024, the Model 3 RWD was awarded Executive Car of the Year by What Car? magazine.
In January 2024, the Tesla Model 3 was awarded Mid-Size Company Car of the Year by Auto Express, recognizing its efficiency, advanced technology, and cost-effectiveness for businesses.
In 2025, the Tesla Model 3 was named Top Rated Electric Car by Edmunds, praised for its range, performance, advanced features, and overall driving experience.


== Recalls ==
In December 2021, 356,309 Model 3 vehicles built between 2017 and 2020 were recalled because of the possibility of damage to the rear view camera wiring harness caused by trunk operation.
In November 2022, Tesla recalled all vehicles for an over-the-air software update to remedy a condition where the tail lamps on one or both sides of the vehicle could work intermittently, making the vehicle less visible to others and increasing the risk of a crash.
In February 2023, Tesla recalled all vehicles equipped with the Full Self Driving Beta in the US and Canada for an over-the-air software update at the direction of the National Highway Traffic Safety Administration (NHTSA). The agency said the system had allowed the vehicle to ""exceed speed limits or travel through intersections in an unlawful or unpredictable manner [which] increases the risk of a crash."" Tesla opposed the federal request but ultimately complied. Elon Musk tweeted that the decision was, ""anachronistic and just flat wrong!"" U.S. senators Ed Markey and Richard Blumenthal said the recall was, ""long overdue,"" adding, ""Tesla must finally stop overstating the real capabilities of its vehicles."" The fix, coming to a complete stop at stop signs rather than ~1 mph, was provided via an over-the-air software update.
In December 2023, Tesla recalled all models with Autosteer (the lane centering part of Autopilot) in the US for an over-the-air software update that takes additional measures to ensure that the driver is paying attention. Software version 2023.44.30 contains the remedy for the recall.
In January 2024, Tesla recalled all vehicles for an over-the-air software update that increased the font size of the visual warning indicators for brake, park, and antilock brake to the minimum required size of 3.2mm (1/8 inch).
In May 2024, Tesla recalled all vehicles in the US for an over-the-air software update to remedy a situation where the seat belt warning may not activate if there is an ""open trace in the driver seat occupancy switch"".  The software update became available in June 2024 and removes the dependency on the driver seat occupancy switch, using only the seat belt and ignition statuses to activate the warning.
In December 2024, Tesla recalled all vehicles for an over-the-air software update to resolve a condition where the tire pressure monitoring system could fail to provide adequate warnings.
In January 2025, Tesla recalled some 2024–2025 Model 3 and Model S vehicles and some 2023–2025 Model X and Model Y vehicles for a software update to avoid shorting the car computer, preventing (among other things) the rear view camera from displaying.  Software releases 2024.44.25.3, 2024.44.25.6, or later contain changes to the power-up sequence. Computers that were damaged had to be replaced under warranty to complete the remedy.
In February 2025, more than 370,000 potentially affected vehicles (both Model 3 and Model Y) were recalled to address possible loss of power to electronic power-assisted steering.
18 Model 3 and 30 Model Y vehicles produced between April 3, 2025 and May 7, 2025 were recalled due to improperly torqued seat fasteners.


== See also ==
Government incentives for plug-in electric vehicles
List of electric cars currently available
List of modern production plug-in electric vehicles
List of production battery electric vehicles
List of Easter eggs in Tesla products
Tesla Supercharger


== Notes ==


== References ==


== External links ==

Official website","The Tesla Model 3 is a battery electric powered mid-size sedan with a fastback body style built by Tesla, Inc., introduced in 2017. The vehicle is marketed as being more affordable to more people than previous models made by Tesla. The Model 3 was the world's top-selling plug-in electric car for three years, from 2018 to 2020, before the Tesla Model Y, a crossover SUV based on the Model 3 chassis, took the top spot. In June 2021, the Model 3 became the first electric car to pass global sales of 1 million.
A facelifted Model 3 with revamped interior and exterior styling was introduced in late 2023 for countries supplied by Gigafactory Shanghai and in early 2024 in North America and other countries supplied by the Tesla Fremont Factory.

",6314,38208,2025-10-04T15:03:26.152907
musk_supplement_6,Gigafactory,Tesla Gigafactory,Battery manufacturing facilities,tesla,https://en.wikipedia.org/wiki/Gigafactory,"Gigafactory is a neologism introduced by electric vehicle manufacturer Tesla in 2013 to refer to the company's first major manufacturing facility outside of the original Tesla Fremont Factory in California. At the time the facility was going to be called ""Gigafactory"" and no location had been chosen. The completed facility is now called Gigafactory Nevada (or Gigafactory 1) because Tesla has now constructed several other large facilities in multiple countries.
For the first gigafactory, Tesla partnered with Panasonic to produce battery cells at the same facility where the vehicles would be manufactured, creating economies of scale and improving control of the battery supply chain. By locating two major manufacturing facilities within the same structure, Gigafactory Nevada notably became the second-largest building in the world (by volume) once construction was complete.
More recent Tesla factories such as Gigafactory Berlin produce battery cells, battery packs, electric drivetrains, and other components which are incorporated into finished electric vehicle assemblies at the same facility using advanced robotics. This level of vertical integration allows Tesla to produce vehicles more quickly and reduce its exposure to supply chain problems. Conversely Gigafactory New York produces photovoltaic cells and Tesla Supercharger assemblies but does not produce batteries or vehicles, broadening usage of the term.
The term ""gigafactory"" has also been adopted by other companies which are involved in the manufacture of electric vehicles and other clean tech products. Established automobile manufacturers such as Jaguar Land Rover and Volkswagen now use the term to refer to their own electric vehicle factories. Newer companies such as Stellantis have also embraced the term by referring to four new ""gigafactories"" in France which will produce lithium-ion batteries for electric vehicles. Other companies such as Holosolis and 3Sun, which only produce solar cells and finished solar panel assemblies, also use the term ""gigafactory"" to refer to their facilities.


== Tesla Gigafactories ==
Gigafactory may specifically refer to the following Tesla factories:

Gigafactory Nevada in Storey County, Nevada, United States
Gigafactory New York in Buffalo, New York, United States
Gigafactory Shanghai in Shanghai, China
Gigafactory Berlin-Brandenburg in Grünheide (Mark), Germany
Gigafactory Texas in Austin, Texas, United States
Gigafactory Mexico proposed factory in Santa Catarina, Nuevo León, Mexico


== See also ==
Verkor
Northvolt
Britishvolt
Tesla Factory, in Fremont, California, U.S.
Tesla facilities in Tilburg, Netherlands


== References ==","Gigafactory is a neologism introduced by electric vehicle manufacturer Tesla in 2013 to refer to the company's first major manufacturing facility outside of the original Tesla Fremont Factory in California. At the time the facility was going to be called ""Gigafactory"" and no location had been chosen. The completed facility is now called Gigafactory Nevada (or Gigafactory 1) because Tesla has now constructed several other large facilities in multiple countries.
For the first gigafactory, Tesla partnered with Panasonic to produce battery cells at the same facility where the vehicles would be manufactured, creating economies of scale and improving control of the battery supply chain. By locating two major manufacturing facilities within the same structure, Gigafactory Nevada notably became the second-largest building in the world (by volume) once construction was complete.
More recent Tesla factories such as Gigafactory Berlin produce battery cells, battery packs, electric drivetrains, and other components which are incorporated into finished electric vehicle assemblies at the same facility using advanced robotics. This level of vertical integration allows Tesla to produce vehicles more quickly and reduce its exposure to supply chain problems. Conversely Gigafactory New York produces photovoltaic cells and Tesla Supercharger assemblies but does not produce batteries or vehicles, broadening usage of the term.
The term ""gigafactory"" has also been adopted by other companies which are involved in the manufacture of electric vehicles and other clean tech products. Established automobile manufacturers such as Jaguar Land Rover and Volkswagen now use the term to refer to their own electric vehicle factories. Newer companies such as Stellantis have also embraced the term by referring to four new ""gigafactories"" in France which will produce lithium-ion batteries for electric vehicles. Other companies such as Holosolis and 3Sun, which only produce solar cells and finished solar panel assemblies, also use the term ""gigafactory"" to refer to their facilities.

",384,2667,2025-10-04T15:03:30.462943
musk_supplement_7,Neuralink,Neuralink,Brain-computer interface company,neuralink,https://en.wikipedia.org/wiki/Neuralink,"Neuralink Corp. is an American neurotechnology company that has developed as of 2024 implantable brain–computer interfaces (BCIs). It was founded by Elon Musk and a team of eight scientists and engineers. Neuralink was launched in 2016 and first publicly reported in March 2017. The company is based in Fremont, California, with plans to build a three-story building with office and manufacturing space near Austin, Texas, in Del Valle, about 10 miles east of Gigafactory Texas, Tesla's headquarters and manufacturing plant that opened in 2022.
Since its founding, the company has hired several high-profile neuroscientists from various universities. By 2019, it had received $158 million in funding ($100 million was from Musk) and had 90 employees. At that time, Neuralink announced that it was working on a ""sewing machine-like"" device capable of implanting very thin (4 to 6 μm in width) threads into the brain, and demonstrated a system that reads information from a lab rat via 1,500 electrodes. It anticipated starting experiments with humans in 2020, but later moved that to 2023. As of May 2023, it has been approved for human trials in the United States. On January 29, 2024, Musk announced that Neuralink had successfully implanted a Neuralink device in a human and that the patient was recovering. He was later identified as Noland Arbaugh.
The company has faced criticism for the large number of primates that were euthanized after medical trials. Veterinary records of the monkeys allegedly showed complications with surgically implanted electrodes. In September 2024, the company announced that its latest development effort, Blindsight, would enable blind people whose visual cortex is undamaged to regain some level of vision. The development received ""breakthrough"" status from the U.S. federal government, which will accelerate development. In August and September 2025, Toronto's University Health Network performed Canada's first Neuralink brain implant surgeries on two patients with cervical spinal cord injuries, marking the first such procedures outside the United States.


== Company ==


=== History ===

Neuralink was founded in 2016 by Elon Musk and a founding team of eight scientists and engineers: Max Hodak, Benjamin Rapoport, Dongjin Seo, Paul Merolla, Philip Sabes, Tim Gardner, Tim Hanson, and Vanessa Tolosa. The initial hires included experts in neuroscience, biochemistry, and robotics. In January 2017, Musk proxies approached Pedram Mohseni and Randolph Nudo, who owned the rights to the name ""NeuraLink"" and the prototype on which Musk's company based its work.
In April 2017, Neuralink announced that it was aiming in the short term to make devices to treat serious brain diseases, with the eventual goal of human enhancement, sometimes called transhumanism. Musk said his interest in the idea partly stemmed from the concept of ""neural lace"" in the fictional universe in The Culture, a series of 10 novels by Iain M. Banks.
Musk defined the neural lace as a ""digital layer above the cortex"" that would not necessarily require extensive surgical insertion but could be implanted through a vein or artery. He said the long-term goal is to achieve ""symbiosis with artificial intelligence"", which he perceives as an existential threat to humanity if unchecked. He believes the device will be ""something analogous to a video game, like a saved game situation, where you are able to resume and upload your last state"" and ""address brain injuries or spinal injuries and make up for whatever lost capacity somebody has with a chip.""
Jared Birchall, the head of Musk's family office, was listed as Neuralink's CEO, CFO, and president in 2018. As of September 2018, Musk was its majority owner but did not hold an executive position. Co-founder Benjamin Rapoport cited safety concerns as a major influence on his decision to leave Neuralink in 2018. Rapoport subsequently founded Precision Neuroscience, emphasizing the use of surface electrodes as opposed to the penetrating electrodes of Neuralink, in order to address brain damage and other safety concerns caused by Neuralink's devices.
By August 2020, only three of the eight founding scientists remained at the company, according to an article by Stat News. It reported that Neuralink had seen ""years of internal conflict in which rushed timelines have clashed with the slow and incremental pace of science"". As of 2020, Neuralink was headquartered in San Francisco's Mission District, sharing the Pioneer building with OpenAI, another company Musk co-founded. As of 2022, Neuralink's headquarters were in Fremont, California.
In April 2021, Neuralink demonstrated a monkey playing the game ""Pong"" using a Neuralink implant. Similar technology had existed since 2002, when a research group demonstrated a monkey moving a computer cursor with neural signals, but scientists acknowledged that making the implant wireless and increasing the number of implanted electrodes represented engineering progress.
In May 2021, co-founder and president Max Hodak announced that he no longer worked with the company. Only two of the eight co-founders remained at the company as of January 2022. On February 8, 2024, Musk changed the location of Neuralink's business incorporation from Delaware to Nevada after Delaware Chancery Court Chief Judge Kathaleen St. J. McCormick voided Musk's $55 billion pay package at Tesla. In April 2025, Neuralink falsely labeled itself a ""small disadvantaged business"" in a federal filing with the U.S. Small Business Administration.


== Technology ==
In 2018, Gizmodo reported that Neuralink ""remained highly secretive about its work"". Public records showed that it had sought to open an animal testing facility in San Francisco, but it subsequently began doing research at the University of California, Davis. In 2019, during a live presentation at the California Academy of Sciences, the Neuralink team revealed the technology of the first prototype it had been working on. It is a system that involves ultra-thin probes inserted into the brain, a neurosurgical robot to perform the operations, and a high-density electronic system capable of processing information from neurons. It is based on technology developed at the University of California, San Francisco and the University of California, Berkeley.


=== Probes ===
The probes, made mostly of polyimide, a biocompatible material, with a thin gold or platinum conductor, are inserted into the brain through an automated process performed by a surgical robot. Each probe consists of an area of wires that contains electrodes capable of locating electrical signals in the brain and a sensory area where the wire interacts with an electronic system that allows amplification and acquisition of the brain signal. Each probe contains 48 or 96 wires, each of which contains 32 independent electrodes, making a system of up to 3,072 electrodes per formation.


=== Robot ===
Neuralink says it has engineered a surgical robot capable of rapidly inserting many flexible probes into the brain, which may avoid the tissue damage and longevity problems associated with larger, more rigid probes. This surgical robot has an insertion head with a 25 μm diameter needle made of tungsten-rhenium designed to attach to the insertion loops, inject individual probes, and penetrate the meninges and cerebral tissue; it can insert up to six wires (192 electrodes) per minute. A linear motor powers the needle, enabling fast retraction acceleration and varying insertion speeds. A 50-μm tungsten wire that has been bent at the tip and is driven both axially and rotationally makes up the pincher. An imaging stack is also included in the inserter head for needle guidance, real-time insertion viewing, and verification.


=== Electronics ===

Neuralink has developed an application-specific integrated circuit to create a 1,536-channel recording system. This system consists of 256 amplifiers that can be individually programmed, analog-to-digital converters within the chip, and peripheral circuit control to serialize the digitized information obtained. It aims to convert information obtained from neurons into an understandable binary code in order to achieve greater understanding of brain function and the ability to stimulate these neurons back. So far, Neuralink's electrodes are too big to record the firing of individual neurons; they can record only the firing of a group of neurons. Neuralink representatives believe this issue may be mitigated algorithmically, but it is computationally expensive and does not produce exact results. In July 2020, Musk stated that Neuralink obtained a FDA breakthrough device designation which allows limited human testing under the FDA guidelines for medical devices.


=== Public compression challenge ===
On May 29, 2024, Musk issued a request for public input on a challenge facing Neuralink. He suggested that due to the size of the data in need of transmission, a compression rate of more than 200x was needed. The challenge specified that compression needed to be lossless, work under low power, and compress data in real time. Software consultant Roy van Rijn called the prospect of 200x lossless compression ""just outlandish.""


== Animal testing and harm ==
Neuralink tests its devices by surgically implanting them in the brains of live monkeys, pigs, and other animals. This has been criticized by groups such as PETA. In August 2020, Neuralink conducted a live demo in which the brain activity of a pig, Gertrude, was displayed in real time. A removable device, the size of a coin (23 millimeters), was implanted in Gertrude's brain and recorded signals from the neurons connected to her snout as she interacted with her environment, such as when she sniffed or touched things. The data showed that the technology could read and interpret brain signals, which is key to developing applications that could treat neurological conditions, enable brain-to-machine communication, or enhance human cognition. The demonstration included two other pigs. The Neuralink chip implanted in one of the pigs was removed to demonstrate that it could be done safely without damaging the pig's health. The third pig, which did not have an implanted chip, served as a comparison to show the similarity in health and behavior of the implanted and non-implanted pigs.
From 2017 to 2020, Neuralink's experiments on monkeys were conducted in partnership with University of California, Davis. At the end of the partnership, UC Davis transferred seven monkeys to Neuralink. In 2022, the Physicians Committee for Responsible Medicine (PCRM), an animal welfare advocacy group, alleged that Neuralink and UC Davis had mistreated several monkeys, subjecting them to psychological distress, extreme suffering, and chronic infections due to surgeries. Experiments conducted by Neuralink and UC Davis have involved at least 23 monkeys, and the PCRM believes that 15 of those died or were euthanized as a result of the experiments. The PCRM also alleged that UC Davis withheld photographic and video evidence of the mistreatment.
In February 2022, Neuralink said that macaque monkeys were euthanized after experimentation and denied that any animal abuse had occurred. In December 2022, it was reported that Neuralink was under federal investigation by the United States Department of Agriculture (USDA) for animal welfare violations. Additionally, a Reuters report cited claims by several Neuralink employees that testing was rushed due to Musk's demands for fast results and that was causing needless animal suffering and deaths. A September 2023 exposé by Wired provided details on the primate deaths based on public records and confidential interviews with a former Neuralink employee and a researcher at the California National Primate Research Center. Those records showed complications with the installation of electrodes, including partial paralysis, bloody diarrhea, and brain swelling.
In 2022, after being rejected for human clinical trials by the FDA, Neuralink performed more tests on pigs to address safety concerns. Some of these pigs were observed to have developed granulomas (inflammatory tissues) in their brains. Neuralink could not determine the cause of the granulomas, but claimed that the implant and its associated threads were not the cause. In July 2023, an investigation by the United States Department of Agriculture found no evidence of animal welfare breaches in the trials other than a self-reported incident from 2019. The PCRM disputed the investigation's result. In October 2023, Wired reported that Neuralink worked to keep details of animal suffering and death hidden from the public. In November 2023, U.S. lawmakers asked the Securities and Exchange Commission to investigate whether Neuralink deceived investors by omitting details about possible animal deaths.
On March 21, 2024, Musk said that Neuralink's second product, Blindsight, was working in trials with monkeys. He said it operates at a low resolution that is expected to improve and that no monkey had died or been seriously injured due to a Neuralink device, contradicting earlier reports. The New York Times reported that the Department of Agriculture was conducting an investigation into the alleged mistreatment of dozens of test monkeys and that in December 2024, Musk had posted a letter on X in which his lawyer informed him that the Securities and Exchange Commission (SEC) had reopened a separate investigation related to the alleged abuses. In January 2025, during the first week of his second term in office, President Donald Trump fired 17 inspectors general, including Phyllis Fong, who was responsible for the Agriculture Department's investigation.
Both investigations were instigated by the nonprofit PCRM. In a December 2024 news release, PCRM wrote, ""documents from the University of California, Davis, where Neuralink conducted monkey experiments from 2017 to 2020, reveal that implantation of the company's device caused debilitating health effects in monkeys, resulting in euthanasia. Animals experienced chronic infections, paralysis, swelling in the brain, loss of coordination and balance, and depression"". With recent changes in the SEC's leadership, the fate of these investigations is not clear. Musk has denied the allegations of abuse.


== Human testing ==
The FDA rejected Neuralink's 2022 application to pursue human clinical trials, citing ""major safety concerns involving the device's lithium battery; the potential for the implant's tiny wires to migrate to other areas of the brain; and questions over whether and how the device can be removed without damaging brain tissue"", but then approved it in May 2023. In September 2023, Neuralink began its first human trials under an investigational device exemption from the FDA. The trials recruited people with quadriplegia due to cervical spinal cord injury or amyotrophic lateral sclerosis (ALS). The procedure was performed at Barrow Neurological Institute in Phoenix, Arizona.
On January 29, 2024, Musk said that Neuralink had successfully implanted Telepathy, a brain–computer interface (BCI) device, in a human on the previous day and that the patient was recovering from the surgery. As it was a ""first in human"" and ""early feasibility"" trial to develop a concept, the company was not obligated to disclose details about the procedure or to prove safety or efficacy. Neuralink provided a few details in February on the implant in a recruitment brochure for the Precise Robotically Implanted Brain-Computer Interface (PRIME) study. On February 20, Musk said that Neuralink's first human trial participant had been able to control a computer mouse by thought.
On March 20, 2024, through a livestream on X, Neuralink introduced the person who had received the first Neuralink implant in the clinical trial, 29-year-old Noland Arbaugh. Arbaugh had become a quadriplegic after a diving accident dislocated his C4 and C5 spinal vertebrae. Noland demonstrated his ability to move a cursor on a computer screen to allow him to control music and play games such as chess. He expressed support for the implant in improving his quality of life. He acknowledged that the device was not perfect but said he was excited about the future. In a subsequent interview, Arbaugh said that 85% of the device's implant threads had completely detached, as his brain had shifted approximately three times as much as Neuralink had expected.
The Wall Street Journal reported that Neuralink would proceed with a second trial participant. The FDA had signed off on the company's proposed fixes for a problem that occurred with Arbaugh. In August 2024, a chip was reportedly successfully implanted in the second participant, pseudonym ""Alex"". Alex was reportedly able to create 3D designs by using the CAD software Fusion 360 and a custom mount for his Neuralink charger because of the implant. Additional accounts show that he has been able to play first-person shooter games at a higher level than previously. Unlike Arbaugh's implantation procedure, Alex's reduced brain motion and placed the implant closer to the brain's surface in an attempt to mitigate thread retraction. Since the initial operation, Alex has reportedly not experienced any thread retraction. Alex said, ""The Link is a big step on the path of regaining freedom and independence for myself."" In November 2024, Neuralink received approval from Health Canada for its first clinical trial in that country. The trial, called CAN-PRIME, was to be led by Andres M. Lozano.


== Reception ==
Scientists have cited technical challenges for Neuralink. In 2017, a journalist at the IEEE Spectrum magazine asked for comments from five researchers who had worked on BCI implants, including Thomas Oxley. Oxley called the Neuralink developments ""exciting"" but expected no real results in the foreseeable future. At a live demonstration in August 2020, Musk described the device as ""a Fitbit in your skull"". Several neuroscientists and publications criticized these claims. MIT Technology Review reported that the demonstration's main objective was to ""stir excitement"", adding, ""Neuralink has provided no evidence that it can (or has even tried to) treat depression, insomnia, or a dozen other diseases that Musk mentioned in a slide"". In response to Musk's description of Neuralink's advancements as ""profound"", Andrew Jackson, a professor of neural interfaces at Newcastle University, said, ""I don't think there was anything revolutionary in the presentation.""
Thiago Arzua of the Medical College of Wisconsin argued that Neuralink's functions were not novel and that ideas for a brain–machine interface (BMI) were at least 50 years old. He cited the haptic feedback a man received while controlling a robotic prosthetic arm which he used in 2016 to give President Obama a fist bump. Arzua said that the 2020 Neuralink presentation ""showed little more than a flashy new design for a BMI with more electrodes"". Duke University researcher Miguel Nicolelis made similar criticisms, saying that most of what Neuralink claims as ""novelty"" had already been performed by his lab in the early 2000s; that there are ethical concerns about how the company markets and uses this technology; and that most patients do not want to undergo surgery to recover their movements. Some researchers have raised questions about Neuralink's transparency in scientific research processes, patient safety considerations, and the potential implications for neurotechnology.


== See also ==


== References ==


== Further reading ==
Neuralink; Musk, Elon (August 2, 2019). ""An integrated brain-machine interface platform with thousands of channels"". bioRxiv 10.1101/703801. (whitepaper)
Alkhouri, K. I. (2025). Neuralink's Brain-Computer Interfaces and the Reshaping of Religious-Psychological Experience. Conatus - Journal of Philosophy, 10(1), 9–56. https://doi.org/10.12681/cjp.38734


== External links ==
Official website 
Video on YouTube of Neuralink's presentation on July 16, 2019
Video on YouTube of Neuralink's presentation on December 1, 2022
Andrew Huberman: ""Dr. Matthew MacDougall: Neuralink & Technologies to Enhance Human Brains"" (interview with Neuralink's head neurosurgeon, April 2023)","Neuralink Corp. is an American neurotechnology company that has developed as of 2024 implantable brain–computer interfaces (BCIs). It was founded by Elon Musk and a team of eight scientists and engineers. Neuralink was launched in 2016 and first publicly reported in March 2017. The company is based in Fremont, California, with plans to build a three-story building with office and manufacturing space near Austin, Texas, in Del Valle, about 10 miles east of Gigafactory Texas, Tesla's headquarters and manufacturing plant that opened in 2022.
Since its founding, the company has hired several high-profile neuroscientists from various universities. By 2019, it had received $158 million in funding ($100 million was from Musk) and had 90 employees. At that time, Neuralink announced that it was working on a ""sewing machine-like"" device capable of implanting very thin (4 to 6 μm in width) threads into the brain, and demonstrated a system that reads information from a lab rat via 1,500 electrodes. It anticipated starting experiments with humans in 2020, but later moved that to 2023. As of May 2023, it has been approved for human trials in the United States. On January 29, 2024, Musk announced that Neuralink had successfully implanted a Neuralink device in a human and that the patient was recovering. He was later identified as Noland Arbaugh.
The company has faced criticism for the large number of primates that were euthanized after medical trials. Veterinary records of the monkeys allegedly showed complications with surgically implanted electrodes. In September 2024, the company announced that its latest development effort, Blindsight, would enable blind people whose visual cortex is undamaged to regain some level of vision. The development received ""breakthrough"" status from the U.S. federal government, which will accelerate development. In August and September 2025, Toronto's University Health Network performed Canada's first Neuralink brain implant surgeries on two patients with cervical spinal cord injuries, marking the first such procedures outside the United States.",3117,20282,2025-10-04T15:03:34.315480
musk_supplement_8,The Boring Company,The Boring Company,Tunnel construction company,boring,https://en.wikipedia.org/wiki/The_Boring_Company,"The Boring Company (TBC) is an American infrastructure, tunnel construction service, and equipment company founded by Elon Musk. TBC was founded as a subsidiary of SpaceX in 2017, and was spun off as a separate corporation in 2018. TBC has completed multiple test tunnels and one tunneling project that is open to the public.
In 2018, TBC completed one test tunnel in Los Angeles County, California. In 2021, TBC completed the Las Vegas Convention Center (LVCC) Loop, a three-station transportation system with 1.7 miles (2.7 km) of tunnels. As of April 2024, a segment to Resorts World Las Vegas is also open, and tunnels to Encore and Westgate resorts are being finalized. The system is planned to expand to a total of 68 miles (109 km) of tunnels.
Many other TBC projects in cities across the United States were announced, but subsequently became inactive or were canceled.


== History ==

Musk announced the idea of the Boring Company in December 2016, and it was officially registered as ""TBC – The Boring Company"" on January 11, 2017. Musk cited difficulty with Los Angeles traffic, and what he sees as limitations of its two-dimensional transportation network, as his early inspiration for the project. The Boring Company was formed as a SpaceX subsidiary. According to Musk, the company's goal is to enhance tunneling speed enough such that establishing a tunnel network is financially feasible. 
In early 2018, the Boring Company was spun out from SpaceX and into a separate corporate entity. Early employees came from a variety of different backgrounds, including those from SpaceX. The company began designing its own tunnel boring machines, and completed several tests in Hawthorne, California. The Hawthorne test tunnel opened to the public on December 18, 2018.
After raising US$113 million from Musk himself, supplemented by TBC merchandise sales during 2018, the Boring Company sold $120 million in stock to venture capital firms in July 2019. By November 2019, Steve Davis had become company president after leading efforts for Musk since 2016. Davis was one of the earliest hires at SpaceX (in 2003) and has twin master's degrees in particle physics and aerospace engineering, as well as degrees in finance and mechanical engineering. In November 2020, TBC announced hiring for positions in Austin, Texas, and by December 2020 had leased two buildings in a 14-acre (5.7 ha) industrial complex northeast of Austin, approximately 16 miles (26 km) north of Texas Gigafactory.
On April 20, 2022, the company announced an additional $675 million Series C funding round, valuing the company at approximately $5.675 billion. The round was led by Vy Capital and Sequoia Capital, with participation from Valor Equity Partners, Founders Fund, 8VC, Craft Ventures, and DFJ Growth. In 2022, the company was cited by the Texas Commission on Environmental Quality for five violations of Texas environmental regulations.
Sometime before April 2023, the company moved their headquarters and engineering facilities to Bastrop, Texas, approximately 25 miles (40 km) east of Texas Gigafactory.


=== Promotional merchandise ===
In 2018, the company began offering 20,000 ""flamethrowers"" for preordering. The ""flamethrower"" was a blow torch shaped to look like a gun and is legal in all U.S. states except Maryland. All 20,000 ""flamethrowers"" were sold in just a few days. After customs officials said that they would not allow imports of any items called ""flamethrowers"", Musk announced that he would rename them to ""Not-A-Flamethrower"" since the devices were in fact akin to roofing torches. Musk announced separate sales of a fire extinguisher, which he described as ""overpriced... but this one comes with a cool sticker"".


=== Not-a-Boring Competition student contests ===
In 2020, TBC released rules for a student tunnel-boring competition. The first competition was held in Las Vegas in September 2021. Officially named the Not-a-Boring Competition, the challenge was to ""quickly and accurately drill a tunnel that was 30 m-long (98 ft) and 30 cm-wide (0.98 ft)"".
Applications were received from 400 potential participants. A technical design review left 12 teams that were invited to Las Vegas to demonstrate their engineering solution in a September 2021 competition. The winning team was TUM Boring from Technical University of Munich who managed to excavate a 22 m (72 ft) bore while meeting the requisite safety requirements. TUM Boring used a conventional pipe jacking method to build the tunnel, but employed a novel revolving pipe storage design to minimize downtime between pipe segments.
A second competition was held in April 2023. New contest criteria required a 30 m (98 ft)-long 500 mm (20 in)-diameter, this time with a turn radius. Five teams from four countries—the United States, Germany, United Kingdom, and Switzerland—made the finals and journeyed to Texas to compete. TUM Boring again won with a design that reached a maximum velocity of 7 mm/s (0.28 in/s). Swissloop Tunneling finished second overall and won the innovation award.


== Machines ==

The first boring machine used by TBC was Godot, a conventional tunnel boring machine (TBM) made by Lovat. TBC then designed their own line of machines called Prufrock. Prufrock 1 was unveiled in 2020, and was used mostly for testing. Engadget reported that the Prufrock 2, which was unveiled in August 2022, could dig up to a mile per week. The same website claimed that Prufrock 3 was planned to dig up to seven miles per day, although this figure does not seem to have come from TBC itself. In 2024, Prufrock 3 was able to tunnel 40–46 meters/day.


== Process ==
TBC claims to be redesigning the entire tunnel boring process to reduce cost, accelerate tunnel completion, improve safety, and reduce site impacts. Innovations include:


=== Porpoising ===
Replace tunnel entry and exit excavations by having the TBM ""porpoise"" in and out of the ground. The TBM is trucked in and placed at an angle to the ground. (Prufrock 2 and 3 required an earthen ramp to set it at the correct angle before beginning to tunnel). It then bores into the ground. It changes angles as it continues boring, eventually returning to the surface and being loaded onto the truck.
In conventional systems, one large excavation is made at the tunnel entrance to allow the TBM to be lowered to the tunnel depth and assembled. A similar excavation is made at the tunnel exit to allow the TBM to be disassembled and lifted out.


=== Liner truck ===
TBC moves tunnel lining segments into the tunnel via an all-electric autonomous, wheeled liner truck powered by motors and batteries from Tesla. Conventional systems typically use a diesel rail system, which must be constructed along with the tunnel lining.


=== Continuous tunneling ===
TBC is working to install ring liners without stopping tunneling. Conventional systems stop every five feet or so to install another segment of the tunnel lining, and to extend the rail line. The goal is to increase tunneling time/day from 11 hours to 24 hours.


== Projects ==


=== Hawthorne test tunnel ===

TBC built a 1.14-mile (1.83 km) high-speed tunnel in 2017 on a route in Hawthorne, California, at the SpaceX headquarters and manufacturing facility. The tunnel roadway has an asphalt surface, a guide-way for autonomous vehicle operation, and supports car trips at speeds of 90 mph (140 km/h) with autonomous control and up to 116 mph (187 km/h) under human control.


=== Las Vegas Convention Center (LVCC) ===


==== Convention Center ====
In May 2019, the company won a $48.7 million project to shuttle visitors in a loop underneath the LVCC. Boring of the first tunnel, 4,475 feet (1,364 m) long, began on November 15, 2019, and finished on February 14, 2020, excavating an average of 49 feet (15 m) per day. In May 2020, the boring of the second tunnel was completed, for a total of 1.7 miles (2.7 km) of tunnels. The tunnel opened in October 2021. Standard Tesla vehicles with human drivers are used as shuttles, traveling at about 35 miles per hour (56 km/h). The service was described by Las Vegas Tourism as ""an important step in the development of a game-changing transportation solution in Las Vegas"".
Testing with volunteers in late May 2021 showed that the system could transport 4,400 passengers per hour. The system started transporting convention attendees on June 8, 2021. Designed to solve traffic congestion, the tunnel was intended to provide trips of less than two minutes, but has faced a number of traffic jams during busy events in 2021 and 2022.


==== Private tunnels to convention center ====
The tunnel to Resorts World Las Vegas opened in July 2022. As of April 2024, Las Vegas strip hotel Encore has a private tunnel underway to allow direct access from the hotel to LVCC.


=== Vegas Loop ===
In October 2021, Clark County Commissioners approved a 50-year franchise agreement for a 52-stop, mostly-underground system, a ""16-mile (26 km) dual loop system...operating mainly in the Resort Corridor with stations at various resorts and connections to Allegiant Stadium, Brightline West Las Vegas Station, and the University of Nevada, Las Vegas"". TBC planned to build five to ten stations during the first year, and then add approximately 16 stations per year thereafter. TBC would be responsible for funding the tunnel, while station costs would be funded by the resort properties and landowners.
In May 2023, TBC was given permission to build the Vegas Loop underground transportation system to 69 stations for a tunnel network of 65 miles (105 km). It would include the existing LVCC Loop and extensions to casinos along the Strip, Harry Reid International Airport, Allegiant Stadium, downtown Las Vegas, and eventually to Los Angeles. TBC claims that once complete, the Vegas Loop would be able to transport more than 90,000 passengers per hour.
Due to operational expenses, it is probable that the Boring Company is subsidizing the Loop to keep customer prices low. A day pass from Resorts World costs $5, while the LVCVA is paying the Boring Company an additional $4.5 million annually, which equates to $7.50 per ride.
In February 2024, Nevada Occupational Safety and Health Administration (OSHA) found several safety violations at TBC, and fined it $112,000. The violations included eight serious violations from June to October 2023 and allegations that workers have faced chemical burns from sludge while working in the tunnels. Numerous employee accounts described the working conditions as ""almost unbearable"". The company challenged the ruling.
In March 2024, the Las Vegas Convention and Visitors Authority board of directors voted to extend the existing tunnel, and vowed to address concerns that arose over the OSHA violations.
In April 2024, the Boring Company work in Las Vegas was named among the ""Dirty Dozen"", the worst workplace safety offenders in the US, by the National Council for Occupational Safety and Health.


=== Dubai Loop ===
In February 2025, the Boring Company and Roads & Transport Authority (Dubai) announced an agreement to build the Dubai Loop in the United Arab Emirates. According to the memorandum of understanding, the pilot phase will include 11 stations over 17 kilometres (11 miles) under the most congested areas of Dubai, transporting 20,000 passengers per hour at speeds up to 160 km/h (99 mph). The loop is planned to expand to handle 100,000 passengers per hour. No timeline was given.


=== Music City Loop ===
On July 28, 2025, the company announced it would construct an approximately 10 miles (16 km) tunnel in Nashville, Tennessee, between the Nashville International Airport and downtown Nashville called the Music City Loop. The tunnel is planned to be completed by the fall of 2026 at the earliest.


== Projects under discussion ==
Inquiries and discussions have been held with the Boring Company for various projects.
In February 2021, Miami mayor Francis Suarez revealed that Musk had proposed to dig a two-mile tunnel under the Miami River for $30 million, within a six-month timescale, compared with $1 billion over four years estimated by the local transit authority. Much of the savings would be achieved by simplifying ventilation systems and allowing only electric vehicles. As of November 2023, the city is waiting for the Miami Dade Transportation Planning Organization to complete an analysis of the project.
In August 2021, a preliminary concept discussion was held with officials of Cameron County on the potential construction of a tunnel from South Padre Island to Boca Chica Beach in South Texas. If built, the tunnel would be required to pass beneath the Brownsville Ship Channel. It would allow SpaceX's facilities at Starbase to remain accessible if Highway 4, its sole access road, was closed.


== Inactive and cancelled projects ==


=== United States ===


==== Washington, DC to Baltimore, Maryland ====
In 2017, Musk announced plans to build a Hyperloop connecting Washington, DC to Baltimore. This was supplanted in 2018 by a proposal to build a route following the Baltimore–Washington Parkway. The Maryland Transportation Authority officially approved the project. In 2019, a draft Environmental Assessment for the project was completed. As of 2021, the project was no longer listed on the company website.


==== Chicago, Illinois ====
In 2018, the company won a bid to build a high-speed link from downtown Chicago to O'Hare Airport, to be known as the Chicago Express Loop. As of 2021, the plan had been dropped.


==== Los Angeles, California ====
In 2018, TBC proposed to develop a 2.7-mile-long (4.3 km) test tunnel on a north–south alignment parallel to Interstate 405 and adjacent to Sepulveda Boulevard. Public opposition and lawsuits led the company to abandon the idea. Also in 2018, the company proposed to build a 3.6-mile (5.8 km) tunnel called the ""Dugout Loop"" from Vermont Avenue to Dodger Stadium. As of June 2021, the project had been removed from TBC's website.


==== San Jose, California ====
In 2019, a link between San Jose International Airport and Diridon station, was discussed as an alternative to an $800 million traditional rail link. Plans were later dropped.


==== San Bernardino County, California ====
In February 2021, the San Bernardino County Transportation Authority (SBCTA) in California approved beginning contract negotiations with TBC to build a nearly 4-mile (6.4 km) tunnel connecting the Ontario airport with the Rancho Cucamonga Metrolink/Future Brightline West train station. However, TBC did not submit a proposal after a third party was involved to study the project impacts. As of 2022, the SBCTA has plans to build the tunnel system using ""another company more familiar with the state's bureaucracy to do the Environmental Impact Report"".


==== Fort Lauderdale, Florida ====
In July 2021, Fort Lauderdale, Florida, accepted a proposal from the Boring Company for a tunnel between downtown and the beach, to be dubbed the ""Las Olas Loop"". In August 2021, the city was beginning final negotiations with TBC, and Mayor Dean Trantalis estimated the total cost of the 5-mile (8.0 km) round-trip tunnel would be between $90 and $100 million, including stations. As of December 2022, the city suspended efforts to continue the project.


=== Australia ===


==== Blue Mountains ====
In January 2019, Musk responded to a tweet by an Australian member of parliament regarding a tunnel through the Blue Mountains to the west of Sydney, suggesting costs of $750 million for a 31-mile (50 km) tunnel, plus $50 million per station. New South Wales' transportation department found that based on the cost of the Hawthorne tunnel, the estimated cost would be closer to $6 billion. Work on the tunnel does not appear to have progressed beyond Musk's initial tweet, and is not listed on the company's website.


== Criticism ==
Civil engineering experts and tunneling industry veterans questioned whether TBC could render tunnels faster and cheaper than competitors. Tunnelling Journal dismissed the company as a ""vanity project"". The low capacity of TBC tunnels make them inefficient compared to existing public transit, with only a fraction of the capacity of a conventional rapid-transit subway.
Musk's planned tunnels were criticized for lacking such safety features as emergency exit corridors, ventilation systems, or fire suppression. In addition, the single lane tunnels left it impossible for vehicles to pass one another in the event of collision, mechanical failure, or other traffic obstruction, and instead would shut down the entire tunnel section.
James Moore, director of transportation engineering at the University of Southern California, said that ""there are cheaper ways to provide better transportation for large numbers of people"", such as managing traffic with tolls. Public transit consultant Jarrett Walker called TBC ""wildly hyped"", and criticized how the company ""dazzled city governments and investors with visions of an efficient subway where you never have to get out of your car, [but turned] out to be a paved road tunnel"".


== See also ==
Underground construction


== References ==


== External links ==

Official website 
The future we're building – and boring | Elon Musk TED Talks on YouTube.
The Boring Company Information Session (video). 55 minutes, video of information session on the vision of the Boring Company and the project in Los Angeles, with Q&A.
Tegtmayer, Joe (February 14, 2024). ""TBC TBM overview video"".","The Boring Company (TBC) is an American infrastructure, tunnel construction service, and equipment company founded by Elon Musk. TBC was founded as a subsidiary of SpaceX in 2017, and was spun off as a separate corporation in 2018. TBC has completed multiple test tunnels and one tunneling project that is open to the public.
In 2018, TBC completed one test tunnel in Los Angeles County, California. In 2021, TBC completed the Las Vegas Convention Center (LVCC) Loop, a three-station transportation system with 1.7 miles (2.7 km) of tunnels. As of April 2024, a segment to Resorts World Las Vegas is also open, and tunnels to Encore and Westgate resorts are being finalized. The system is planned to expand to a total of 68 miles (109 km) of tunnels.
Many other TBC projects in cities across the United States were announced, but subsequently became inactive or were canceled.

",2823,17516,2025-10-04T15:03:37.999568
musk_supplement_9,Acquisition of Twitter by Elon Musk,Acquisition of Twitter by Elon Musk,Twitter/X acquisition 2022,twitter,https://en.wikipedia.org/wiki/Acquisition_of_Twitter_by_Elon_Musk,"Businessman and U.S. political figure Elon Musk initiated an acquisition of the American social media company Twitter, Inc. on April 14, 2022, and concluded it on October 27, 2022. Musk had begun buying shares of the company in January 2022, becoming its largest shareholder by April with a 9.1 percent ownership stake. Twitter invited Musk to join its board of directors, an offer he initially accepted before declining. On April 14, Musk made an unsolicited offer to purchase the company, to which Twitter's board responded with a ""poison pill"" strategy to resist a hostile takeover before unanimously accepting Musk's buyout offer of $44 billion on April 25. Musk stated that he planned to introduce new features to the platform, make its algorithms open-source, combat spambot accounts, and promote free speech, framing the acquisition as the cornerstone of X, an ""everything app"".
In July, Musk announced his intention to terminate the agreement, asserting that Twitter had breached their agreement by refusing to crack down on spambot accounts. The company filed a lawsuit against Musk in the Delaware Court of Chancery shortly thereafter, with a trial scheduled for the week of October 17. Weeks before the trial was set to begin, Musk reversed course, announcing that he would move forward with the acquisition. The deal was closed on October 28, with Musk immediately becoming Twitter's new owner and CEO. Twitter was taken private and merged into a new parent company named X Corp. Musk promptly fired several top executives, including previous CEO Parag Agrawal. Musk has since proposed several reforms to Twitter and laid off half of the company's workforce. Hundreds of employees then resigned from the company after Musk issued an ultimatum demanding they commit to ""extremely hardcore"" work. Linda Yaccarino was appointed CEO of X Corp. In July 2023, the Twitter service was rebranded as X.
Reactions to the buyout were mixed, with praise for Musk's planned reforms and vision for the company, particularly his calls for greater free speech, but criticism over fears of a potential rise in misinformation and disinformation, harassment, and hate speech on the platform. Within the United States, conservatives have largely supported the acquisition, while many liberals and former Twitter employees have voiced concerns about Musk's intentions. Since becoming owner, Musk has faced backlash for his handling of the company and account suspensions, including the December 2022 suspensions of ten journalists.


== Prelude ==


=== Background ===

Businessman Elon Musk published his first tweet on his personal Twitter account in June 2010, and had more than 80 million followers by April 2022. In 2017, in response to a tweet suggesting that he buy Twitter, Inc., Musk replied, ""How much is it?"" On March 24, 2022, Musk began tweeting criticisms of Twitter, polling his followers on whether the company adhered to the principle that ""free speech is essential to a functioning democracy"". Days later, he discussed the future of social media with Twitter co-founder and former CEO Jack Dorsey and explored the possibility of joining Twitter's board of directors with private equity firm Silver Lake co-CEO Egon Durban. He relayed this idea to Twitter board chair Bret Taylor and CEO Parag Agrawal, proposing to either take the company private or start a rival social media platform. Dorsey responded to Musk with a text message, saying he hoped Twitter could become open-sourced and that he had unsuccessfully pushed for Musk's induction into Twitter's board a year earlier, a move that had prompted his departure from his role as CEO.


=== Early developments ===
Musk began purchasing Twitter stock on January 31, 2022. On April 4, he announced that he had acquired 9.2 percent of the company's shares totaling $2.64 billion, making him the company's largest shareholder. Following the announcement, Twitter's stock experienced its largest intraday surge since the company's initial public offering (IPO) in 2013, rising by as much as 27 percent. The next day, Twitter invited Musk to join the company's board, which Musk accepted. This had been recommended to the board by Twitter's Nominating and Corporate Governance Committee three days earlier, with some board members expressing concern about potential ""adverse impacts on stockholder value"". The position would have prohibited Musk from going beyond a 14.9 percent ownership stake and limited his ability to speak publicly about the company. That day, Musk phoned Dorsey, who declined Musk's suggestion for him to remain on the board.
On April 11, after publishing several tweets critical of the company, Musk announced he had decided not to join the board. Instead, he informed Twitter that he intended to make an offer to take the company private. On April 12, Twitter's board met with lawyers and financial advisors to deliberate the ramifications of such a deal as well as their options, while a company shareholder sued Musk for allegedly manipulating the company's stock price and violating Securities and Exchange Commission (SEC) rules.


== Buyout offer ==


=== Takeover bid ===

On April 14, 2022, Musk made an unsolicited and non-binding offer to Twitter to purchase the company for $43 billion, or $54.20 per share, and take it private. Though the offer was made to company management, the bid was described as a hostile takeover attempt because of the implied threat to purchase the outstanding stock if management declined. The board responded that it would ""carefully review the proposal"".
In a TED interview, Musk said he aimed to make Twitter a ""platform for free speech around the globe"", hailing free speech as a ""societal imperative for a functioning democracy"" and insisting that he had not made the offer to increase his wealth. Critics noted that he showed more interest in altering Twitter's moderation policies than in fighting government censorship. According to The Washington Post, the banning of accounts such as The Babylon Bee had prompted Musk to initiate the acquisition. The price of $54.20 per share is believed to be a reference to 420, a slang term in cannabis culture for marijuana consumption.
On April 15, Twitter's board of directors announced a ""poison pill"" strategy which would allow shareholders to purchase additional stock in the event of a hostile takeover; the plan expired on April 14, 2023. On April 17, Taylor was urged by Twitter's largest institutional shareholders to ""seriously consider"" the offer. On April 20, Musk disclosed that he had secured financing provided by a group of banks led by Morgan Stanley, Bank of America, Barclays, MUFG, Société Générale, Mizuho Bank, and BNP Paribas, for a potential tender offer to acquire the company. The funding included $7 billion of senior secured bank loans; $6 billion in subordinated debt; $6.25 billion in bank loans to Musk personally, secured by $62.5 billion of his Tesla stock; $20 billion in cash equity from Musk, to be provided by sales of Tesla stock and other assets; and $7.1 billion in equity from 19 independent investors.
The initially proposed $13 billion in money borrowed by Twitter was equivalent to seven times the company's 2022 projected operating cash flow; some banks found that multiple too risky and opted to participate only in the $12.5 billion margin loan to Musk. The debt was estimated to cost Twitter approximately $1 billion in annual interest and fees. Two days after announcing his bid, Musk registered three holding companies under the name ""X Holdings"" in preparation for his takeover. Tesla shares fell 12 percent on the day after the acquisition was announced, amid smaller declines in the broader markets. Musk incurred a $21 billion paper loss that day.


=== Acquisition announcement ===
On April 23, Musk informed Taylor that his offer was ""best and final"", urging him to accept in a letter sent the following day. Multiple outlets subsequently reported that Twitter was in final negotiations to accept Musk's offer, with a deal expected to be reached by the next day, though Reuters cautioned that the deal could still fall apart. On April 25, Twitter shares rose by 5 percent following reports that Twitter was poised to accept Musk's offer. Twitter advisors Goldman Sachs and JPMorgan Chase approved of the deal, deeming it fair from a financial perspective. Twitter's board publicly and unanimously accepted the buyout offer for $44 billion, and Twitter was to become a private company once the transaction was complete, sometime in 2022. Negotiations with Musk were led by the board's transaction committee, composed of Taylor, Martha Lane Fox, and Patrick Pichette. The deal would require shareholder and regulatory approval before it could be finalized, though analysts believed it was unlikely to be challenged by regulators.
Musk was barred from disparaging the company or its employees when tweeting about the acquisition before the transaction closed. The agreement also stipulated that if Musk failed to close the acquisition, he would be required to pay Twitter a $1 billion breakup fee. Agrawal was set to receive $39 million from the buyout, while Dorsey would receive $978 million. Musk had privately selected a new CEO to replace Agrawal upon completion of the acquisition, though he was expected to serve as interim CEO in the months after its completion. Tesla's stock sank by more than $125 billion the next market day, causing Musk to lose about $30 billion of his net worth. Within three days after Twitter agreed to be acquired, Musk had sold $8.5 billion of his Tesla shares.
After the acceptance was announced, Musk said that his first goal would be to make the algorithm that ranks tweets in the content feed open-sourced, in an effort to increase transparency. He has also stated that he intended to remove spambots and ""authenticate all real humans"", suggesting that he might convert Twitter's San Francisco headquarters into a homeless shelter. Musk said he lacked confidence in Twitter's corporate management, telling banks that he had considered reducing executive and board pay. He published tweets critical of decisions made by Twitter executives such as Vijaya Gadde, who was subsequently harassed by Twitter users using racist and sexist language. On April 28, Twitter told advertising agencies that their work would not be seen next to offensive material. Musk also discussed with bankers with the ideas of cutting jobs and costs, encouraging influencers to be creative, and adding subscription services to Twitter.
On May 4, the Digital, Culture, Media and Sport Committee of the House of Commons of the United Kingdom summoned Musk to discuss the effect of his buyout on free speech and ""online harms"". Musk secured another $7.1 billion in funding the next day, including from Oracle Corporation co-founder Larry Ellison, Saudi prince Al Waleed bin Talal Al Saud, venture capital firms Andreessen Horowitz and Sequoia Capital, as well as sovereign wealth fund Qatar Holding. The equity infusion reduced his original $12.5 billion personal bank loan to $6.25 billion and his required cash equity contribution from $21 billion to just under $20 billion. On May 11, The Wall Street Journal reported that the SEC and Federal Trade Commission (FTC) had launched investigations into events leading to the acquisition. The next day, Agrawal fired Twitter general manager Kayvon Beykpour and revenue product lead Bruce Falck.


== Attempted termination ==


=== Alleged hold ===
On May 13, Musk revealed that he had placed the deal ""on hold"" in the wake of reports that 5 percent of Twitter's daily active users were spam accounts, causing Twitter shares to drop more than 10 percent. Musk clarified that he remained committed to the acquisition, and Agrawal stated he expected the deal to close. In response to a May 16 Twitter thread in which Agrawal said an external review into the platform's users was impractical, Musk tweeted out a poop emoji. The following day, Musk reiterated that the acquisition could not ""move forward"" until Twitter could prove the aforementioned reports false, urging the SEC to investigate Twitter's daily user numbers. The same day, Twitter filed new documents with the SEC, including a detailed timeline of Musk's purchase, and affirmed they would ""enforce the merger agreement"" regardless of Musk's actions. On May 25, Musk abandoned plans to partially fund the deal through margin loans against Tesla stock, instead opting to pledge an additional $6.25 billion in equity financing. Dorsey departed Twitter's board the same day, while Twitter investor William Heresniak filed a class-action lawsuit against Musk, alleging that he had violated corporate laws in California by manipulating the market. The lawsuit further declared that Musk was not permitted by the acquisition contract to place the deal on hold, and that Musk's misleading statements had contributed to declining Twitter stock prices.

On June 3, the acquisition was cleared by U.S. antitrust review. In an email sent by Musk's attorney to Twitter three days later, Musk threatened to terminate his agreement with Twitter because the company had refused to give him data pertaining to its users. Twitter responded that they would continue to cooperate with Musk to ensure that the transaction was closed in accordance with their agreement. On June 8, Twitter's board complied with Musk's demands, agreeing to provide him with a ""firehose"" data stream of tweets. A week later, the SEC asked Agrawal to provide information on how Twitter estimated its number of spam accounts, to which the company obliged; the SEC concluded its inquiry on July 27. Musk attended an all-hands meeting on June 16 to answer questions from Twitter employees, discussing Twitter's content moderation policy, freedom of speech, potential layoffs, remote work, and ""the cosmic nature of Twitter"". Musk also expressed his desire for Twitter to reach one billion active users, and pledged his commitment to advertising as a source of revenue for Twitter.
In a complaint filed by Whistleblower Aid with the SEC, U.S. Justice Department, and FTC on July 6, former Twitter security officer Peiter Zatko accused several Twitter executives, including Agrawal and certain board members, of making false or misleading statements about privacy, security, and content moderation on the platform in violation of the Federal Trade Commission Act of 1914 and SEC disclosure rules. These included misrepresentations to Musk made during the course of the acquisition bid, with the complaint specifically calling Agrawal's May 16 thread deceptive. In a July 7 conference call, Twitter revealed that over one million spam accounts were removed daily, and reiterated that it was impossible to externally determine the exact number of these accounts as it would involve private user data. That same day, The Washington Post reported that the deal was ""in peril"" amid a slowdown in discussions on funding.


=== Attempted withdrawal by Musk ===
On July 8, Musk announced his intention to terminate the proposed acquisition, claiming in a regulatory filing that Twitter was in ""material breach"" of several parts of the agreement by refusing to comply with Musk's requests for spambot account data and dismissing high-ranking employees. In response, Taylor pledged to pursue legal action against Musk at the Delaware Court of Chancery with the goal of completing the acquisition, with the ensuing lawsuit once again overseen by the Twitter board's transaction committee. Twitter's stock sank by 7 percent after the news, dropping by a further 11 percent the next day. On July 10, Twitter hired the law firm Wachtell, Lipton, Rosen & Katz to represent its case, including ""key lawyers"" William Savitt and Leo Strine, along with Potter Anderson & Corroon, Ballard Spahr, Kobre & Kim, and Wilson Sonsini Goodrich & Rosati. Musk again employed the services of Quinn Emanuel Urquhart & Sullivan after previously doing so for Unsworth v. Musk and SEC v. Musk, including his personal lawyer Alex Spiro, as well as Skadden, Arps, Slate, Meagher & Flom.
Twitter formally launched its lawsuit against Musk at the Delaware Court of Chancery on July 12, with Musk tweeting in response, ""Oh the irony lol"". Twitter requested that the trial be held from September 19 through September 22, before the deal's originally scheduled ""drop dead"" date on October 24. Musk's legal team objected to this, asking for the trial to be held from February 13 through February 22, 2023. On July 19, judge Kathaleen McCormick ruled that the trial would last for five days in October, with Twitter seeking an October 10 start date. During its quarterly earnings investor call on July 22, Twitter cited the ""chaos"" caused by the proposal as the primary factor for its decline in revenue. In a letter to McCormick on July 26, Musk's lawyers complained that Twitter had hindered them from commencing the discovery process and requested an October 17 start date, which McCormick granted three days later with a duration of five days.
In a tweet on August 6, Musk challenged Agrawal to a public debate on Twitter's spambot accounts, before polling his followers on whether they believed that less than 5 percent of Twitter accounts were ""fake/spam"". On August 10, Musk sold 7.92 million Tesla shares worth a total of $6.9 billion as backup should he lose the lawsuit, despite previously stating he would no longer sell Tesla stock. The next week, McCormick ordered Twitter to produce documents from Beykpour, which Musk's team had requested along with files from 22 other Twitter employees and 41 ""custodians"". Shortly thereafter, Musk subpoenaed Dorsey. Other businessmen and investors subpoenaed include Marc Andreessen, Ellison, David Sacks, and Joe Lonsdale, while Twitter and Musk also subpoenaed Goldman Sachs, Morgan Stanley, JPMorgan Chase, Andreessen Horowitz, Sequoia Capital, Salesforce, Mastercard, and more. Sacks and Lonsdale were both irritated that they were being subpoenaed, with the former filing a failed motion to dismiss the subpoena. In total, lawyers for Twitter issued over 84 subpoenas, while Musk's lawyers issued more than 36.
Facing increasing pressure from Musk, Twitter announced that it would combine its health team, tasked with preventing non-consensual nudity and child sexual exploitation on the platform, with its anti-spam team. McCormick rejected much of Musk's team's ""absurdly broad"" request for data pertaining to all of Twitter's users, but ordered the company to produce data from 9,000 accounts it previously audit sampled. Musk filed a ""termination letter"" with the SEC on August 29, citing Zatko's claims as evidence Twitter breached their contract, before asking McCormick to delay the trial by a few weeks. McCormick rejected the request, and Musk's team sent a third termination letter to Twitter. On September 13, Zatko testified before the Senate Judiciary Committee, while Twitter shareholders voted in favor of the acquisition. Musk privately offered to purchase Twitter at the reduced prices of $31 billion and $39.6 billion, both of which the company rejected.


== Revival and closing ==


=== Revitalization of bid ===
On October 3, Musk's legal team informed Twitter that Musk had changed his mind and decided to move forward with his proposed acquisition at the originally agreed-upon price of $54.20 per share, on the condition that Twitter drop its lawsuit. The reason for this reversal was attributed to concerns from Musk's team that they would not be able to prove that there was a material adverse effect justifying a break from contract. Musk and Agrawal's depositions were originally scheduled for October 6 and 10, respectively. Musk stated that his purchase of Twitter was part of his ambition to create an ""everything app"" called X, which would offer many different services. In response, McCormick asked both sides to propose to her how they should proceed. Twitter shares surged by 23 percent as a result of Musk's announcement. Neither Twitter nor Musk responded to McCormick's request, prompting her to announce that the trial would go forward as planned.
On October 6, McCormick agreed to a request by Musk to postpone the trial to October 28 so Musk could finalize his debt financing for the acquisition, adding that the trial would be rescheduled to November if the deal did not close by then. During this time, Musk deposited a $1 billion loan from his company SpaceX, paying back the loan with interest the following month. On October 13, court filings revealed that Musk was being investigated by the U.S. government for his conduct in the proposed buyout. Musk later stated that he believed Twitter's long-term value would exceed the price of $54.20 per share, which he considered an overpayment. On October 20, The Washington Post reported that Musk intended to terminate 75 percent of Twitter's staff, and that Twitter executives were keen on selling the company to Musk so they could mitigate their planned payroll and infrastructure cuts. In an open letter, Twitter employees condemned Musk's intentions and warned of negative consequences on the future of Twitter. Bloomberg News and the Post further reported that officials in the Biden administration were considering a national security review of Musk's proposed acquisition and other ventures via the Committee on Foreign Investment (CFIUS), with the possibility of U.S. President Joe Biden blocking the purchase if need be; the White House denied the reports.
By October 21, both parties' bankers and lawyers were set to complete the paperwork for the acquisition by the end of the month, with the deal expected to close by then. The banks funding the acquisition were to hold the $13 billion worth of debt incurred as opposed to selling it. In a video call with banks who helped Musk fund the acquisition, Musk assured them he would complete the buyout by the deadline. Musk made a trip to Twitter's headquarters on October 26, tweeting a video of him jokingly carrying a kitchen sink at the site's lobby and changing his Twitter bio to ""Chief Twit"". Musk also told Twitter employees that while layoffs were still likely to happen, he did not intend to do so at the scale the Post had previously reported. The next day, Musk wrote in an open letter to advertisers that Twitter would not become a ""free-for-all hellscape"", reiterating that his motives for the purchase were not based on greed but rather a desire to create ""a common digital town square"". He then asked Tesla engineers to meet with Twitter's product managers in order to assess the platform's codebase, which was frozen until November 1.


=== Completion of purchase ===
In the afternoon of October 27, Musk and Twitter closed the deal, with Musk tweeting ""the bird is freed"". Musk immediately became Twitter's new owner, summarily firing Agrawal, chief financial officer (CFO) Ned Segal, Gadde, and general counsel Sean Edgett, with the executives escorted out of the company's headquarters by security. This move came to the surprise of many involved, who had expected Musk to allow the executives to voluntarily resign; Agrawal had prepared a draft of his resignation letter before his access to his Twitter email account was cut off. According to Walter Isaacson's biography Elon Musk (2023), Musk ""meticulously"" changed his plans so ""he could terminate their employment before their stock options would vest"", seeking retribution for Agrawal's handling of the spambot incident.
Agrawal, Segal, and Gadde were set to receive ""golden parachute"" sums of $38.7 million, $25.4 million, and $12.5 million, respectively, but The New York Times reported that Musk was unlikely to make the payments because the executives had been dismissed for cause. According to the Financial Times, Musk's justification for this assertion was that the company had been mismanaged, and the executives were ""weighing their legal options over the decision"". Dorsey retained his $1 billion ownership stake, and several other executives departed Twitter in the ensuing days.
Musk assumed the position of CEO, merging the company with X Holdings and dissolving Twitter's board of directors. With this merger, Twitter ceased to be an independent company, with X Corp. later created in March 2023 to house the company. Musk uses the title ""Chief Twit"" to refer to his position as CEO. A ""war room"" was established at Twitter, with Musk meeting with Spiro, Sacks, and others to discuss his next steps. According to The New York Times, the group's two primary objectives were to reduce the size of Twitter's workforce and overhaul the platform's mobile app. Twitter employees were not formally informed of the change in management, with Musk originally said to be planning a town hall meeting with employees but ultimately not doing so. The next day, Twitter shares ceased trading in accordance with Musk's pledge to take the company private; the company's stock ticker was delisted from the New York Stock Exchange (NYSE) on November 8.


=== Post-acquisition ===

Since becoming owner, Musk has enacted a series of changes, including overhauling Twitter's verification system by requiring new applicants to purchase a Twitter Blue subscription. Many Twitter staff members were directed to extend their working hours in order to meet Musk's deadlines for his desired changes to the platform. On November 4, Musk laid off roughly half of Twitter's workforce, and two weeks later, he issued an ultimatum to employees to commit to ""extremely hardcore"" work in order to realize Musk's vision of ""Twitter 2.0"", or leave. Hundreds of employees resigned in response. From the layoffs and resignations, the company went from close to 7,500 employees to approximately 1,500, a reduction of about 80%.
Meanwhile, Musk began restoring previously banned accounts such as Jordan Peterson, Kathy Griffin, The Babylon Bee, and Donald Trump, while suspending anti-fascist accounts at the urging of far-right figures, as well as accounts that parodied Musk. Musk also relaxed the platform's hate speech policies and removed its policy prohibiting COVID-19 misinformation, resulting in an increase in hate speech. In December, Musk faced backlash after banning ElonJet, a Twitter bot account operated by Jack Sweeney which tracked Musk's private jet in real-time using publicly accessible data. These protests intensified when Musk suspended multiple journalists who had been covering the ElonJet incident. Days later, Musk conducted a Twitter poll asking users whether he should step down as CEO of Twitter, to which voters responded in the affirmative. Musk stated he would step down after selecting his replacement, and he was succeeded by NBCUniversal advertising sales chair Linda Yaccarino in June 2023.
Musk's acquisition of Twitter was principally responsible for the development of Threads, a social media platform which closely resembles Twitter, by rival company Meta Platforms. Work began on the service in November 2022, and it was released on July 5, 2023, amidst continued backlash to changes to Twitter enacted by Musk and Yaccarino. In response, Twitter threatened to sue Meta over intellectual property infringement. Agrawal, Segal, and Gadde filed a lawsuit against Twitter in April 2023, claiming that the company had failed to pay them for the legal fees they had incurred during their tenure. McCormick ruled in the executives' favor in October.
In June, X Corp. sued Wachtell to recoup a portion of the $90 million fee the law firm had paid, accusing the firm of ""unjust enrichment"" for charging a bonus fee on successful completion of the acquisition when the agreement with prior Twitter management stipulated billing only on an hourly basis. The Twitter app was rebranded as X in July, an unprecedented decision which has created confusion among users. In September, Musk failed to appear before the SEC in response to the agency's investigation into his purchasing of Twitter stock the year prior, prompting a lawsuit. The Wall Street Journal reported in October 2023 that the seven major banks that had provided Musk's acquisition loans failed to follow the standard practice of quickly selling down their exposure to other banks due to a lack of appetite for the debt since Musk took over, instead expected to mark down the debt by at least 15 percent in order to sell it.
The company's financial outlook improved in 2025, partly due to Musk's close relationship with President Donald Trump and the platform's move away from an advertising-only model toward user subscriptions and artificial intelligence, leading to a revival in investor interest and successful refinancing of the remaining debt. By April 2025, banks had sold off the last of the debt related to the company at about 98 cents on the dollar, in what Bloomberg News described as a remarkable turnaround. Earlier in March, Musk announced that xAI, the AI company he founded two years earlier, would acquire X in an all-stock transaction for a total enterprise value of $45 billion, a billion more that what he paid in 2022.


== Reactions ==


=== Takeover bid ===
Following Musk's induction to Twitter's board of directors on April 5, Agrawal wrote that he believed Musk's appointment would bring long-term value to the company, while Dorsey wrote that Musk ""cares deeply about our world and Twitter's role in it"". Dorsey privately relayed his appreciation to Musk for his commitment, texting that he trusted Musk. On April 11, Agrawal stated that he believed Musk's withdrawal from the board was ""for the best"", noting that the company would ""remain open to his input"".
Musk's offer to take over Twitter was met with both praise and criticism. On April 14, Twitter employees expressed concern with Musk's views on free speech. Media outlets expressed concerns that his proposed changes to Twitter would result in an increase in disinformation and online harassment. Jim Cramer of CNBC opined that the Twitter board would have ""no choice"" but to reject Musk's offer due to potential personal liability faced by the board members. On April 19, the National Urban League urged Twitter to turn down Musk's takeover bid, warning of potentially negative consequences on users' civil rights.
Conservative and Republican commentators and politicians in the U.S. who believed Twitter discriminated against right-wing speech expressed enthusiasm for Musk's proposed changes. On April 22, U.S. House Republicans demanded that Twitter's board preserve all records pertaining to Musk's takeover proposal, which sets the stage for a potential congressional probe following the 2022 midterms. Jimmy Patronis, the Chief Financial Officer of Florida, praised Musk's offer and was critical of Twitter's ""poison pill"" strategy. According to a poll conducted by Harvard University's Center for American Political Studies (CAPS) and the Harris Poll, 57 percent of American voters approved of Musk's purchase of Twitter.


=== Acquisition announcement ===
Agrawal applauded the purchase and assured employees that no layoffs were planned at that time, adding he was proud of Twitter employees ""despite the noise"" around the company. He also led an all-hands meeting on April 29 to address concerns raised by employees. Dorsey endorsed the sale, saying that ""taking [Twitter] back from Wall Street is the correct first step"" and that he trusted Musk to be the owner of the company. Former Twitter CEO Dick Costolo denounced Musk's criticism of the company. Gadde allegedly cried during a meeting about the announcement and was subjected to online trolling. Musk's June 17 meeting with employees was generally negatively received by participants, who found Musk's statements ""incoherent"" and ""uninspiring"". Musk was repeatedly derided and mocked by Twitter employees on their internal Slack channels after the deal was brokered.
Republican lawmakers in the U.S. Congress such as Jim Jordan, Yvette Herrell, Marsha Blackburn, and Ted Cruz praised the deal, calling it a restoration of free speech. Meanwhile, Democratic lawmakers such as Pramila Jayapal, Jesús García, Marie Newman, Mark Pocan, and Elizabeth Warren criticized Musk and the buyout. In June, Texas attorney general Ken Paxton launched an investigation into whether Twitter had misled authorities on its number of spambot accounts, alluding to prior claims made by Musk. Former U.S. President Donald Trump expressed approval with the deal but stated that he would not rejoin the platform, even if he is unbanned, due to his preference for his own social media platform, Truth Social; Musk later indicated his intention to reverse Twitter's ban on Trump. Mexican President Lopez Obrador stated that he hoped Musk would rid Twitter of ""the corruption that's there, manipulation with bots"". Federal Communications Commission (FCC) commissioner Brendan Carr responded to calls for the agency to block the purchase by saying that it has no authority to do so, calling such requests ""absurd"". Thierry Breton, the European Commissioner for Internal Market, emphasized that ""any company operating in Europe needs to comply with [their] rules"", while the European Union (EU) announced that new online rules would ""overhaul"" the digital market and Tech Giants.
By April 27, 30,000 new users had joined the decentralized network of servers running open-source Mastodon software. Conservative Twitter accounts experienced a significant increase in followers, while liberal ones experienced a slight decrease; additionally, thousands of left-leaning users deactivated their accounts following the buyout. LGBTQ+ users and activists expressed apprehension about the deal based on tweets by Musk mocking transgender people, fearing that the re-platforming of suspended Twitter accounts would lead to a rise in online harassment and hate speech. On June 3, a group of political advocacy groups which included the Center for Countering Digital Hate, GLAAD, and MediaJustice initiated a campaign to block the proposal by calling for a review of the deal by the government and a boycott of the platform by advertisers.
Henrik Fisker, co-founder of electric vehicle maker Fisker Inc. and a rival of Musk's, left Twitter shortly after the acquisition announcement. Amazon founder Jeff Bezos questioned whether Tesla's business interest in China would give the Chinese government leverage over Twitter via Musk, before answering that it would ""probably not"". Microsoft co-founder Bill Gates questioned if Musk would allow the spread of public health misinformation, including vaccine misinformation. Wikipedia co-founder Jimmy Wales speculated that Twitter could either thrive or fall within five years under Musk's supervision. Bitcoin investor Roger Ver and Coinbase CEO Brian Armstrong welcomed the buyout, citing the potential for reduction of perceived censorship on Twitter. Google and Alphabet CEO Sundar Pichai said that he hoped Twitter would improve over time due to its importance to society, while Facebook and Meta founder and CEO Mark Zuckerberg expressed confusion and uncertainty over the proposed buyout.


=== Attempted termination ===
Edgett instructed employees not to share commentary on the purported cancellation; nonetheless, several Twitter employees posted humorous messages making light of the situation. Tesla shares rose 2.11 percent in the hours after Musk's announcement. Trump criticized Musk and called the acquisition ""rotten"", which led to a protracted feud between the two. With the exception of Trump, most conservatives sided with Musk, with former White House chief strategist Steve Bannon attacking Twitter for allegedly lying about the prevalence of its spambot accounts and Turning Point USA CEO Charlie Kirk musing that Musk may have been seeking to ""expose"" Twitter the whole time. In an email sent to Twitter's employees in response to Zatko's complaint, Agrawal sharply rejected the claims and called them a ""false narrative"".


=== Completion of purchase ===
Trump responded approvingly of the purchase after the deal was closed, saying that he was pleased Twitter was ""in sane hands"", rather than what he termed ""radical left lunatics"". Other Republican politicians, including Dan Crenshaw, Darrell Issa, Marjorie Taylor Greene, Marsha Blackburn, Anthony Sabatini, Amy Kremer, Lauren Boebert, Dick Black, Cruz, and Jordan applauded the purchase as well. Democrat Amy Klobuchar voiced her distrust of Musk and called for tighter government regulation of the platform, while Democrat Chris Murphy advocated for a federal investigation into the role of Saudi Arabia in the purchase. Dmitry Medvedev, deputy chairman of the Security Council of Russia and former President of Russia, was pleased with the news, stating that he hoped Twitter would eliminate ""political bias and ideological dictatorship"". Breton again emphasized that Twitter was bound by the EU's laws, alluding to the recently passed Digital Services Act.
Internally, Twitter employees expressed concern that Musk would lay off employees before they receive their compensation payments, among other messages criticizing Musk and voicing solidarity with each other. Amid conflicting reports on whether Musk was planning sweeping layoffs, many employees expressed uncertainty and fear on Slack, Discord, and LinkedIn. Women's rights activist Seyi Akiwowo tweeted her disappointment with Gadde's dismissal, while children's rights activist Beeban Kidron said that Musk's newfound power would not result in more free speech. Podcaster Joe Rogan praised Musk for his aspirations, while right-wing Twitter account Libs of TikTok rejoiced over the news of the purchase. Media personality Stew Peters, who had been blocked from Twitter for months, attempted to circumvent the block after the purchase using a new account, which was later suspended. Margarita Simonyan, editor-in-chief of the Russian state-controlled RT broadcasting service, demanded that Musk lift her Twitter suspension. Bin Talal Al Saud congratulated Musk on the purchase, and JPMorgan Chase CEO Jamie Dimon urged Musk to eradicate spambot accounts. Tesla rival General Motors announced it would temporarily stop paid advertising on Twitter. Advertising agencies IPG Mediabrands and Omnicom Media Group recommended their clients temporarily pause advertising on Twitter due to safety and trust concerns over Musk's ownership. A slew of companies proceeded to do so, including Audi, Bentley, the Carlsberg Group, General Mills, Lamborghini, Mondelez International, Porsche, Pfizer, REI, and the Volkswagen Group. Media buying agency GroupM also advised its clients against procuring advertisements from Twitter. Alt-tech social media platform Parler welcomed Musk's purchase, while alt-tech platform Gettr was more skeptical, believing Twitter was ""fundamentally broken"". Similarities have been drawn between the acquisition and the 2022 film Glass Onion: A Knives Out Mystery, with some viewers comparing Musk to the character of Miles Bron, though director Rian Johnson stated that the similarities were purely coincidental.
Online reception to Musk's completion of the purchase was mixed. According to Memetica, a digital investigations company, several far-right figures experienced a significant increase in followers after the deal was finalized, while many progressives experienced a significant decrease, although it is unclear if Musk's takeover drove the changes in followers. Mastodon once again experienced a surge in sign-ups. Multiple celebrities in the entertainment industry announced their departure from the platform, while some left-wing influencers such as John Pavlovitz and Rob Reiner urged fellow leftists to remain on Twitter for the time being. The Network Contagion Research Institute (NCRI) observed a 500 percent spike in the use of the racial slur ""nigger"" in the 12 hours after Musk completed the acquisition, while The Washington Post noted an increase in pro-Nazi, misogynistic, and anti-LGBTQ+ tweets. Basketball player LeBron James expressed concern over the NCRI's report, condemning ""unfit people saying hate speech is free speech"". Twitter responded by saying that the accounts using racial slurs were part of a ""trolling campaign"" and would be banned summarily. The Center for Countering Digital Hate reported that anti-Black, anti-gay, and anti-transgender slurs had increased since Musk took control of Twitter, while the Anti-Defamation League reported an increase in antisemitic content.


== Critical analysis ==


=== Takeover bid and acquisition announcement ===
Anticipating a takeover, Elizabeth Lopatto of The Verge predicted that it would lead to a mass employee exodus and a possible reinstatement of Trump's Twitter account. After the acquisition announcement, Alex Werpin of The Hollywood Reporter warned of widespread repercussions. Greg Bensinger of The New York Times argued that Musk's acquisition was ""about controlling a megaphone"" rather than free speech, while Elizabeth Dwoskin of The Washington Post remarked that Musk's free speech vision for Twitter was considered by technologists to be outdated and impractical. Don Pittis of CBC News noted the controversy associated with the wealthy gaining control of media platforms. Brendan O'Neill of Spiked observed that Musk's purchase of Twitter and the resulting backlash represented a ""battle for control of the Internet"", with Business Insider's Ben Gilbert calling the purchase the latest ""battleground"" in the culture war between Democrats and Republicans. Michael Hiltzik of The Seattle Times commented that Musk's impact on Twitter would depend on his policies and how he chooses to implement them. David Auerbach of UnHerd saw the purchase as indicative of a ""major flashpoint"" in the transition of society to ""a more decentralized, chaotic, and devolved world"". Paul R. La Monica of CNN Business suggested that Tesla's declining stock price indicated that Wall Street investors were doubtful on whether Musk's purchase would go through. CleanTechnica's Matt Pressman believed that Musk's purchase would benefit Tesla because owners of the company's cars often engaged on the platform, and Lindsey Bakes of Deseret News wrote that Musk could integrate cryptocurrency within Twitter.
Kevin D. Williamson of American conservative magazine National Review likened Musk's purchase of Twitter to the Donald Trump 2016 presidential campaign, labeling it a publicity stunt, his colleague Rich Lowry said that liberal politicians' strong reaction to Musk's purchase was an indication that Twitter's existing policies had ""political consequences"", and the editors of the publication wished Musk well in his quest to promote free speech on Twitter. Bonnie Kristian of evangelical magazine Christianity Today felt that the purchase would only ""add to the confusion"" surrounding the contentious debate on free speech, while Paris Marx of American socialist magazine Jacobin dismissed Musk's proclamations that he sought to protect free speech as an ""example of his hubris"". Corbin K. Barthold of conservative public policy magazine City Journal believed it would be difficult but ""worth the struggle"" to end censorship on Twitter, while Peter van Buren of The Spectator World opined that Musk should simply take Twitter offline. Cathy Young of center-right news website The Bulwark felt that Musk's planned reforms to Twitter were ""unlikely to succeed"", further observing that commentators who opposed the purchase viewed it as right-wing backlash against ""perceived left-wing social media bias"". Robby Soave of American libertarian magazine Reason postulated that Musk's purchase would not threaten Twitter or democracy, suggesting that those overstating the importance of the platform were ""Musk's critics in progressive and mainstream media"", with James McElroy of The American Conservative further arguing that many journalists' condemnation of the acquisition was motivated by ""professional anxiety"".
Equity analyst Angelo Zino believed that Twitter's acceptance of Musk's proposal may have stemmed from its realization that alternative bidders would be unlikely to emerge due to social media companies' declining asset prices. Associate professor Brian Quinn of Boston College Law School noted that it would be difficult for Musk to arbitrarily pull out of the deal due to the contractual doctrines of fair dealing and good faith. Kate Klonick, a law professor at St. John's University, argued that to allow ""all free speech"" to exist on Twitter would open the door to the spread of pornography and hate speech. Similarly, Joan Donovan, research director at Harvard's Shorenstein Center on Media, Politics and Public Policy, stated that the lack of moderation on Twitter would lead to online harassment. Bill George, a senior fellow at Harvard Business School and former CEO of Medtronic, argued that Musk's purchase of Twitter would harm both society and Musk himself, while analyst Mike Proulx of Forrester Research cautioned that other companies may leave Twitter if Musk loosens its moderation policies. Proprietary trader Dennis Dick opined that Musk's spambot claims were tactics by him to lower the price of the purchase. Analysts noted that the involvement of foreign entities as independent investors could cause the transaction to face national security scrutiny by the CFIUS. Left-leaning media watchdog Media Matters for America and think tank Australian Strategic Policy Institute suggested that China could use its influence to extract political concessions or manipulate Twitter due to Musk's ties to the country. American Civil Liberties Union (ACLU) executive director Anthony D. Romero warned of the potential danger of Musk wielding excessive power.


=== Attempted termination ===
Following Musk's announcement that he intended to terminate the agreement, legal experts generally agreed it would be difficult for him to do so. Law professor James Park of the University of California, Los Angeles found Musk's spambot argument weak and doubted it was material, while Case Western Reserve University business law professor Anat Alon-Beck observed that Twitter was compelled to enforce the merger so as to disprove Musk's allegations. Professor Jennifer Grygiel of Syracuse University mused that Musk may reverse course and revisit the deal. Tulane University Law School associate dean for faculty research Ann Lipton and mergers and acquisitions expert Julian Klymochko both expressed doubts that Musk could prove there was a material adverse effect.
Felix Salmon of Axios noted that a clause in the contract opened the door for a judge to grant specific performance and order Musk to move forward with the deal. CNBC's Jonathan Vanian described Musk's withdrawal as the product of months of buyer's remorse, while his colleague Alex Sherman observed that paying the stipulated breakup fee would not relieve Musk of compensations or sanctions. Writing for The Wall Street Journal, Holman W. Jenkins Jr. questioned whether Musk had proposed the acquisition ""out of mouth momentum or excessive enjoyment of the limelight or for some mysterious reason that causes an onlooker to throw up his hands"". Various news publications believed that Zatko's complaint provided potential evidence in Musk's favor, though Bloomberg News columnist Matt Levine argued that the complaint confirmed Twitter's monetizable daily active users counts do not include spambots.


=== Revitalization of bid ===
Greg Varallo of the Bernstein Litowitz Berger & Grossmann law firm observed that if Musk failed to secure funding and close the acquisition, he could be barred from claiming that he can terminate the acquisition as per the legal doctrine of judicial estoppel. New York University's Center for Social Media and Politics executive director Zeve Sanderson cautioned that if Musk were to lay off 75 percent of Twitter's workforce, it would make it more difficult for the company to moderate its content. Professor David Kaye of the University of California, Irvine School of Law and Professor Eric Goldman of the Santa Clara University School of Law concurred, warning of a potential increase in misinformation and harassment on the platform. However, they noted that the layoffs could still be mitigated through an increase in automated content moderation.


=== Completion of purchase ===
Conservative commentators celebrated the purchase's closure. Fox News host Tucker Carlson argued that Musk's laissez-faire approach to moderation on Twitter would reshape American political discourse. Shapiro wrote that he hoped other social media platforms would implement Musk's proposals and called on Musk to reverse Peterson's suspension from Twitter. Political commentator Matt Walsh saw the purchase as an opportunity to rally opposition against the ""trans agenda"". Political columnist Benny Johnson called on Musk to reverse the suspensions of several prominent conservatives. Spiked's O'Neill claimed that liberals' negative reaction to the closure reflected their fear of freedom and liberty, while Washington Examiner's Christopher Tremoglie disapproved of Musk's idea for a moderation council as continued censorship.
Lauren Hirsch of The New York Times observed that Musk would face financial challenges in owning Twitter, including the company's difficulty in turning a profit. Richard Waters of the Financial Times echoed Hirsch's sentiments, adding that it would difficult for Musk to allow the right amount of free speech on the platform. Kate Ferguson of Deutsche Welle viewed Musk as unreliable and therefore unfit to operate Twitter, and Hamilton Nolan of The Guardian felt the purchase was an attempt by Musk to ""control the conversation"". Barbara Ortutay, Tom Krisher and Matt O'Brien of the Associated Press noted Musk's contradictory and vague messages in the past regarding his vision for Twitter, while Ben Burgis of Jacobin criticized liberals' technocratic views and their downplaying of the importance of free speech in response to the purchase, though he remarked that Musk had a history of suppressing his critics. Also writing for The New York Times, Kate Conger, Ryan Mac, and Tiffany Hsu noted that Musk's meetings with civil rights activists and his plans for a content moderation council were reminiscent of the actions taken by Zuckerberg following backlash on Facebook's handling of the 2016 U.S. elections. Politico's Jack Shafer noted that media coverage of Musk's purchase foretold ""chaos, greater political oversight, and outright failure.""
Edward Niedermeyer, an author and critic of Musk, argued that Twitter may fail due to Musk's hubris. Scholars who studied the First Amendment, such as professor Jonathan Turley of the George Washington University Law School, praised Musk's plans to tone down content moderation on Twitter. New York University's Center for Business and Human Rights deputy director Paul M. Barrett speculated that a moderation council under Musk would face skepticism due to Musk's ""erratic and imperious"" behavior in the past. Alex Stamos of Stanford University's Center for International Security and Cooperation questioned how Musk would respond to foreign governments attempting to influence Twitter's userbase. Those in the cryptocurrency field, such as podcaster Bryce Paul and investor Cathie Wood, expressed excitement at the prospects of Musk's ownership.
Media Matters for America president Angela Carusone warned that Musk's leadership would lead to an increase in disinformation, conspiracy theories, and harassment on Twitter. Literary group PEN America opined that the midterm elections in November would serve as a test as to whether Musk would allow disinformation to spread rapidly on the platform, while American left-wing activist coalition Stop the Deal warned of real-world consequences if a rise in hate speech occurs on Twitter. Over 40 civil rights groups signed an open letter to 20 Twitter advertisers urging them to abandon the platform if Musk lifts its content moderation measures. Anti-Defamation League CEO Jonathan Greenblatt said he was ""cautiously optimistic"" about the purchase, but expressed concerns over a potential rise in hate speech. Fight for the Future director Evan Greer appreciated Musk's idea for a moderation council, but noted that Musk had supreme authority on any decisions made. Eliot Higgins of Bellingcat believed that Musk's attempts to promote free speech would backfire under increased government regulation. LGBTQ+ advocacy group Human Rights Campaign voiced concern at Twitter's new ownership and argued that Twitter has the responsibility to stop its platform from turning into a ""dangerous media environment"". The Guardian has also suspended submissions to X due to a number of far-right conspiracy theories and posts promoting racism.


== Legacy ==
On the first anniversary of the acquisition, Musk valued the company at $19 billion, a 55 percent decrease from the buyout's $44 billion purchase price. Fidelity, which contributed $300 million to the acquisition, depressed the value by 65 percent. Statistics indicated a 30 percent decline in active users, 60 percent decline in advertising, 14 percent decline in website traffic, and 38 percent decline in app downloads. The company has denied this, claiming an increase in engagement. A nonfiction book about the acquisition, Breaking Twitter: Elon Musk and the Most Controversial Corporate Takeover in History, was announced by author Ben Mezrich in December 2022 and released in November 2023.
Many publications reflected on Twitter's first year under Musk's ownership. Journalists for The Washington Post, citing data from the University of Washington, wrote that the platform had ""become a cacophony of misinformation and confusing reports"", remarking on Twitter's stark shift toward conservatism. Pranav Dixit of The Guardian lambasted the changes and reforms Musk had instituted in the past year, while Miles Klee of Rolling Stone criticized Musk's alleged pandering to ""right-wing extremists and peddlers of misinformation"". The Verge's Jay Peters pointed to Musk's radical changes and declining user numbers as evidence that the takeover was a ""disaster"", while Bloomberg's Aisha Counts zeroed in on the increase in misinformation and hate speech. Kate Conger of The New York Times and Alex Kirshner of Slate lamented that Musk's acquisition had fundamentally changed the meaning of Twitter. Annika Burgess of the Australian Broadcasting Corporation declared, ""Twitter as the world knew it is dead"". Musk has largely dismissed this negative commentary.
The Wall Street Journal opined in 2024 that the $13 billion Musk had borrowed to buy Twitter was ""the worst merger-finance deal for banks"" since the 2008 financial crisis, adding that the ""allure"" of banking Musk had proved ""too attractive to pass up"". The Washington Post reported that the company had lost $24 billion in equity value, ""a vaporization of wealth that has little parallel outside the realm of economic or industry-specific crashes, or devastating corporate scandals.""
Media reported that the Twitter takeover prefigured the attempted takeover of US federal agencies by Elon Musk in 2025.


== References ==


== Further reading ==


== External links ==
Press release of the acquisition announcement","Businessman and U.S. political figure Elon Musk initiated an acquisition of the American social media company Twitter, Inc. on April 14, 2022, and concluded it on October 27, 2022. Musk had begun buying shares of the company in January 2022, becoming its largest shareholder by April with a 9.1 percent ownership stake. Twitter invited Musk to join its board of directors, an offer he initially accepted before declining. On April 14, Musk made an unsolicited offer to purchase the company, to which Twitter's board responded with a ""poison pill"" strategy to resist a hostile takeover before unanimously accepting Musk's buyout offer of $44 billion on April 25. Musk stated that he planned to introduce new features to the platform, make its algorithms open-source, combat spambot accounts, and promote free speech, framing the acquisition as the cornerstone of X, an ""everything app"".
In July, Musk announced his intention to terminate the agreement, asserting that Twitter had breached their agreement by refusing to crack down on spambot accounts. The company filed a lawsuit against Musk in the Delaware Court of Chancery shortly thereafter, with a trial scheduled for the week of October 17. Weeks before the trial was set to begin, Musk reversed course, announcing that he would move forward with the acquisition. The deal was closed on October 28, with Musk immediately becoming Twitter's new owner and CEO. Twitter was taken private and merged into a new parent company named X Corp. Musk promptly fired several top executives, including previous CEO Parag Agrawal. Musk has since proposed several reforms to Twitter and laid off half of the company's workforce. Hundreds of employees then resigned from the company after Musk issued an ultimatum demanding they commit to ""extremely hardcore"" work. Linda Yaccarino was appointed CEO of X Corp. In July 2023, the Twitter service was rebranded as X.
Reactions to the buyout were mixed, with praise for Musk's planned reforms and vision for the company, particularly his calls for greater free speech, but criticism over fears of a potential rise in misinformation and disinformation, harassment, and hate speech on the platform. Within the United States, conservatives have largely supported the acquisition, while many liberals and former Twitter employees have voiced concerns about Musk's intentions. Since becoming owner, Musk has faced backlash for his handling of the company and account suspensions, including the December 2022 suspensions of ten journalists.

",8604,55373,2025-10-04T15:03:42.608438
musk_supplement_10,The Joe Rogan Experience,The Joe Rogan Experience,Popular podcast (Musk appearances),interview,https://en.wikipedia.org/wiki/The_Joe_Rogan_Experience,"The Joe Rogan Experience is a podcast hosted by American comedian, presenter, and UFC color commentator Joe Rogan. It was initiated on December 24, 2009, on YouTube by Rogan and comedian Brian Redban, who was its sole co-host and producer until 2012 when Jamie Vernon, who would eventually take over production, was hired to co-produce.  By 2015, it was one of the world's most popular podcasts, regularly receiving millions of views per episode, and including a wide array of guests, including business magnate Elon Musk, whistleblower Edward Snowden, Senator Bernie Sanders, astrophysicist Neil deGrasse Tyson and President Donald Trump. From December 2020 to February 2024, the podcast was exclusively available on Spotify, with highlights uploaded onto the main Joe Rogan Experience YouTube channel. The podcast was originally recorded at Rogan's home in California, before moving to a private studio in Woodland Hills, Los Angeles. Production was relocated to Austin, Texas, after the podcast was licensed exclusively on Spotify in 2020.
Although most episodes feature entertainers, academics, comics, UFC fighters, and other non-political figures, The New York Times described the podcast as an ""unlikely political influencer"" in the 2020 U.S. presidential election after presidential candidates Andrew Yang and Tulsi Gabbard both had measurable surges in popularity and fundraising after making guest appearances on the program. Bernie Sanders received Rogan's endorsement after appearing on his show, and the Sanders campaign promoted it through its online channels. Four years later, Rogan endorsed then–former president Donald Trump. 
The podcast has been described as a ""boundary-free arena"" and a platform for the intellectual dark web. It features an ideologically diverse mix of political guests. Rogan has been criticized for hosting far-right guests and has been accused of using racially insensitive language. He has also been criticized for his opinions concerning the COVID-19 pandemic and vaccines, and for hosting a number of guests who expressed opinions that contradicted the present medical orthodoxy. Supporters of the podcast have praised Rogan for his advocacy of free speech.


== History ==


=== 2009–2012 ===
During the early 2000s, Rogan hired Brian Redban, a self-taught video editor and an employee at a Gateway 2000 computer store in Ohio, to work for him full-time to film, produce, and edit videos for his website. Rogan had noticed video work that Redban did for comedian Doug Stanhope and invited him to film him and his group on stand-up comedy tours. Redban accepted and relocated to California in the process, following Rogan with a camera and ""recording everything"". After several years, Redban noticed that fans were demanding an increasing amount of content from Rogan and for it to be delivered faster. This prompted the two to seek new ways of quickening what was a lengthy editing process to make their website and content more interactive. Coupled with his interest in popular live video streaming services of the time, Redban wanted ""to do the same thing I was filming, but live,"" and set up live streams on Justin.tv from the green room at Rogan's various comedy gigs. Redban had no prior experience with audio engineering, so he taught himself how to operate the mixing board and microphone setups through his subsequent podcasts. After some time on Justin.tv, Rogan suggested the idea of hosting a live video stream with Redban from his home and interacting with fans in a chatroom and on Twitter, with the audio portion released as a downloadable podcast. Rogan was influenced by the open discussion style form appearing on Opie and Anthony and the live Ustream show that co-host Anthony Cumia did from his basement studio, Live from the Compound. 
The first episode aired live on December 24, 2009, which initially took the form of a weekly broadcast on Ustream, with the pair ""sitting in front of laptops bullshitting"". Much of the first episode was dead air with the hosts figuring out the equipment, and the early episodes featured an animated snowflake effect that was reintroduced on episode Nos. 674 in 2015 and No. 1,000 in 2017. The show developed with Rogan inviting friends as guests and having lengthy conversations on various subjects; comedian Ari Shaffir was the first, who appeared on episode No. 3 on January 6, 2010.
Rogan said that maintaining a consistent schedule was important in jumpstarting the podcast's growth, and it soon grew to two episodes a week. In May 2010, the podcast acquired its first sponsor in a partnership with the sex-toy production company Fleshlight. The company withdrew in mid-2012 when it claimed it had saturated its market. By August 2010, the podcast was formally named The Joe Rogan Experience as an homage to The Jimi Hendrix Experience, and aired live several times a week. In May 2011, Rogan secured a deal with the satellite radio service SiriusXM to have the podcast air on its uncensored talk channel The Virus. That year, Rogan said that the podcast was helping his stand-up comedy as he would take ideas that arose during conversations and develop them into routines.


=== 2013–2020: First YouTube era ===
In January 2013, video episodes of the podcast started to be uploaded onto YouTube under the account PowerfulJRE; its episodes regularly achieved viewership in the hundred thousands to millions. Later in 2013, Redban started to reduce his time as the podcast's sole producer as Rogan had increased the number of podcasts each week, ""and it got to the point where [Rogan] wanted to keep on going, six, seven hours"" which became too much for him to handle alone. As a result, Jamie Vernon was hired as a second producer, initially to fill in as Redban's assistant, leaving Redban to produce roughly half of subsequent episodes. Vernon soon took over full time and Redban subsequently appeared on the podcast as a guest.
Originally, the podcast was recorded at Rogan's home in California. From November 24, 2011, some episodes were recorded at the Ice House Comedy Club in Pasadena, California, also known as the Deathsquad Studios. Beginning on November 27, 2012, the majority of episodes were recorded in a private studio that Rogan acquired in Woodland Hills, Los Angeles. The 1,000th episode aired on August 18, 2017, and featured comedians Joey Diaz and Tom Segura as guests.
In April 2020, Rogan began having guests take an antibody test for COVID-19 before recording the podcast during the COVID-19 pandemic. Rogan used a personalized, on-demand service that offers each test for $299.


=== 2020–2024: Spotify exclusive era ===
In May 2020, Rogan announced that starting September 2020, The Joe Rogan Experience would be available on Spotify in an exclusive licensing deal worth an estimated $200 million. Under the terms of the agreement, uploads of full episodes to YouTube continued until December 2020, after which the podcast became exclusive to Spotify. Highlight clips are still uploaded to YouTube. Rogan emphasized that the podcast would retain the same format, and that Spotify would not have any creative control. On the day following Rogan's announcement, Spotify's share price increased by seven percent. The move to Spotify coincided with Rogan's relocation from Los Angeles to Austin, Texas, and the debut of a new, temporary studio there. The first new episode released on Spotify was no. 1,530 with comedian Duncan Trussell, which lasted for over five hours. On September 8, 2020, Rogan debuted the studio on episode no. 1,533 with guest Adam Curry. (He has subsequently moved to another, more permanent studio in Austin.)
After the podcast became available on Spotify on September 1, 2020, people reported on social media that past episodes with more controversial or far-right guests, including Alex Jones, Milo Yiannopoulos, Gavin McInnes, and Chris D'Elia, among others, were missing from the platform. Episodes featuring comedian and activist Tommy Chong, comedian Joey Diaz, and Mikhaila Peterson, daughter of Jordan Peterson, were also unavailable. VICE later reported that Spotify CEO Daniel Ek defended having episode No. 1,509 on the platform, during which Rogan and author and journalist Abigail Shrier discussed topics that some deemed transphobic, causing some Spotify employees to voice their concerns to management. A Spotify spokesperson said the episode was within its content guidelines. Rogan later clarified that the company had said nothing to him about plans to censor or editorialize the podcast, as some employees had suggested. He also pointed to the abundance of song lyrics hosted on Spotify that some would consider offensive.
In October 2020, the production of new episodes was put on hold for a week after Vernon tested positive for COVID-19. Rogan and the rest of the staff tested negative and resumed once they got the all-clear from a doctor.
In episode No. 1,554, Kanye West clarified his reasons for running for president of the United States in 2020 and how it began in 2015. West was one of Rogan's most anticipated guests after the idea of Kanye coming on the podcast first surfaced in late 2018 and a premature confirmation by West in early 2019, ultimately taking close to a year before Kanye finally appeared on the show.
In January 2022, an open letter signed by 270 health care professionals called on Spotify to develop a counter-misinformation content policy. An epidemiologist who signed the letter stated that she viewed Rogan as ""a menace to public health"", and that his ideas are ""fringe"", and ""not backed in science"". The health care professionals especially took issue with an episode that featured Robert W. Malone which was criticized for a comment Rogan made where he stated that he believed that young, healthy people do not need a COVID-19 vaccine. It was later reported that the letter gained an additional thousand signatures.
On February 1, 2024, only a month before the murder of Collin Small, alleged perpetrator Sheldon Johnson was featured as a guest on The Joe Rogan Experience, wherein he talked about his criminal history and advocated for prison rehabilitation.


=== 2024–present: Return to YouTube and other platforms ===
In February 2024, Spotify signed Rogan to a new $250 million contract but announced his show would not be exclusive to its service and instead be available to other platforms. Shortly thereafter, the podcast returned to Apple Podcasts. On February 29, 2024, for the first time in more than three years, a full episode of the podcast, an interview with Katt Williams, was released on YouTube. Episode No. 2,219 featured former US President Donald Trump during his 2024 presidential campaign. The three-hour episode went viral and acquired over 26 million views in its first 24 hours on YouTube. YouTube noted in a statement that the full episode “didn't appear prominently” in searches on the site, which was later fixed. On October 29, Rogan had uploaded the episode on his personal X account after he claimed YouTube hid the video from search results on purpose. The video gained 18.4 million views on X in two days. On October 31, the YouTube video had amassed 41 million views, becoming the podcast's second-most-viewed episode on the platform.


== Format ==
There are at least four types of episodes, as labeled on YouTube and Spotify. These are the ""main"" general category (of which there are over 2000 episodes), ""JRE MMA Show"", ""Protect our Parks"", and the ""Fight Companion"" episodes, which are streamed live.


== Influence ==
In January 2015, the podcast was listened to by more than 11 million people. By October 2015, it had grown to 16 million downloads a month. In April 2019, Rogan said that the podcast had 190 million downloads each month.
Starting in 2017, Rogan and friends Bert Kreischer, Tom Segura, and Ari Shaffir participate in an annual ""Sober October"" tradition, which has influenced some listeners to curb their addictions by partaking in the challenge. In addition to sobriety from drugs and alcohol, the tradition has also encouraged skill learning and daily workout competitions.
Elon Musk's appearance on episode No. 1,169 on September 6, 2018, saw Musk smoke cannabis, which attracted worldwide press attention and was followed by a 9% fall in Tesla stock.
In 2023, Cornell University scholars Adam Szetela and Shiyu Ji published data in Newsweek showing how The Joe Rogan Experience has impacted the book sales of guests. For example, Graham Hancock's Visionary: The Mysterious Origins of Human Consciousness (The Definitive Edition of Supernatural) experienced a 519% sales increase within one week of his appearance on the podcast. Phil McGraw, Neil deGrasse Tyson, and other authors experienced even bigger sales increases.
The Norwegian podcaster Wolfgang Wee has been compared to The Joe Rogan Experience.


=== 2020 U.S. presidential election ===
According to The New York Times, Rogan and The Joe Rogan Experience became an ""unlikely political influencer"" in the 2020 U.S. presidential election after presidential candidates Andrew Yang and Tulsi Gabbard both saw measurable surges in popularity and fundraising after making guest appearances on the program in 2019, and in 2020, when presidential candidate Bernie Sanders saw a surge of press coverage in national news and global media outlets as a result of his campaign using a clip from The Joe Rogan Experience showing Rogan speaking favorably about the candidate and saying on air, ""I think I'll probably vote for Bernie.""
The podcast was integral to Yang's campaign. In the 30 days before the interview, Yang averaged 62 donations per day; in the 30 days after, he received about 2,150 daily. Research has credited Yang's appearance on the Joe Rogan Experience, in particular Yang's discussions with Rogan about the Universal Basic Income (UBI), as having had a considerable impact on the prominence of UBI in public debates, with a potential impact on the COVID-19 relief bills (which included one-time payments similar to UBI).
A study conducted by Coleman Insights in 2019 with 1,000 monthly podcast listeners aged 18 to 64 revealed that The Joe Rogan Experience ranked the highest in the ""unaided awareness"" category, double that of any other podcast.
On September 8, 2020, President Donald Trump tweeted a clip from Rogan's interview with Mike Tyson, in which the boxer says hurting people can be ""orgasmic"". Later in the day, Trump tweeted a clip in which Rogan jokes, ""Biden, to me, is like having a flashlight with a dying battery and going for a long hike in the woods. It is not going to work out. It's not gonna make it."" On September 13, UFC fighter Tim Kennedy tweeted that, in Rogan's podcast with him two days earlier, the host had ""offered to moderate a debate between [Biden] and [Trump] ... It would be four hours with no live audience. Just the two candidates, cameras, and their vision of how to move this country forward. Who wants this?"" The next day, President Trump tweeted in reply, ""I do!"" This prompted Sunny Hostin of The View to denounce Rogan as being unfit to hold a presidential debate because she claimed Rogan was ""misogynistic, racist [and] homophobic"" for having made insensitive comments at selected times during his long history as a podcast host.


=== 2024 U.S. presidential election ===
Various sources wrote that Rogan's interview with Trump and J.D. Vance helped the former president's candidacy for the 2024 general election, particularly due to the show's largely young male audience. According to CNN, Trump made 32 false claims, none of which Rogan fact-checked or attempted to rebuke, leading to media criticism that Rogan was taking an uncritical approach with Trump by not pushing back on his false claims. 
Rogan also invited Democratic candidate Kamala Harris to appear on the show, stating his willingness to accommodate her busy schedule at any time of the day or night, but she did not accept; an adviser to Harris's husband Doug Emhoff said that ""There was a backlash with some of our progressive staff that didn't want her to be on it"".


== Criticism and reactions ==
The show has engaged with a wide variety of controversial topics.


=== Extraterrestrials ===
On June 20, 2019, conspiracy theorist Bob Lazar, along with producer Jeremy Corbell, made an appearance on the show where Rogan frequently discusses the possibility of aliens and extraterrestrial life. This episode was cited as the inspiration for the planned Facebook event and Internet meme known as ""Storm Area 51, They Can't Stop All of Us"", created one week later. 
The episode with Lazar and Corbell remains the most watched episode on YouTube, with over 61 million views.


=== Climate change ===
In February 2022, journalist Amy Westervelt criticized Rogan's appearances on his podcast for climate change denial, and alleged Rogan was involved in starting false rumors that environmentalists deliberately set wildfires in 2020 in the western United States.


=== COVID-19 ===
On April 27, 2021, Rogan made remarks about COVID-19 vaccines, in particular suggesting that young, healthy people have no need to be vaccinated against the virus. Rogan's view was criticized by Anthony Fauci and White House communication director Kate Bedingfield, as well as by several media outlets. Rogan acknowledged there was ""some legitimate science"" behind Fauci's view and emphasized that he is not a doctor or ""a respected source of information"".
On October 13, 2021, in conversation with CNN's Sanjay Gupta, Rogan defended taking the medication ivermectin his physician prescribed him off-label for treating COVID-19. CNN had previously said Rogan was ""taking a livestock drug despite warnings"" when Rogan contracted COVID19 in late August that year. Rogan accused the news network of lying because they claimed the drug was a ""horse dewormer""; ivermectin, an antiparasitic medication, is widely used for both humans and animals. On that same episode, Gupta admitted that, as ivermectin was prescribed for Rogan by a physician, it should not have been referred to as a ""horse dewormer"". Rogan reiterated his view that people should have the autonomy to choose to get vaccinated, and repeated the false claim that ivermectin is a legitimate treatment option for COVID-19.
In a December 2021 episode, guest Robert W. Malone compared the U.S. reaction to the pandemic to the rise of Nazi Germany, claiming that a ""mass formation psychosis"" had developed among its residents. YouTube took down the episode as violations of its COVID-19 misinformation rules. An open letter by 270 U.S. healthcare professionals, scientists and professors called for Spotify to drop the podcast, citing the interview and Rogan's ""concerning history of broadcasting misinformation, particularly regarding the COVID-19 pandemic"". On January 3, 2022, Congressman Troy Nehls entered a full transcript of the interview with Malone into the Congressional Record in order to circumvent what he said was censorship by social media.
Later that month, musician Neil Young threatened to pull his music from Spotify if the company did not drop Rogan, saying Rogan was disseminating COVID-19 vaccine misinformation. After the company declined his request, Young's music was removed from Spotify on January 26. Joni Mitchell also removed her music from Spotify in solidarity with Young, as did Bruce Springsteen's guitarist Nils Lofgren and podcaster Brené Brown. 
Singer David Draiman, on the other hand, ""applauded"" Spotify's decision, saying that ""I may not agree with everything Joe Rogan or his guests say, but they're entitled to have the forum to say it"". 
On January 30, 2022. Spotify announced that it would add a content advisory to all episodes of all podcasts discussing COVID-19, pointing to its own information hub on the topic.


=== Insensitive language and removed episodes ===
In February 2022, singer India Arie shared a compilation of Rogan saying the racial slur nigger on The Joe Rogan Experience on Instagram. Rogan apologized, calling his past language ""regretful and shameful"" while also saying that the clips were taken out of context and he only quoted the slur to discuss its use by others. The footage in question was first published by the political action committee (PAC) PatriotTakes, an affiliate of the liberal PAC MeidasTouch. This resulted in allegations of a defamation attempt by MeidasTouch, which MeidasTouch representatives denied in an interview with Barstool Sports founder David Portnoy. Rogan described the video compilation as a ""political hit job"".  A number of UFC fighters defended Rogan.
Spotify refused to carry 42 episodes of the podcast when it acquired the exclusive rights. Spotify said it spoke to Rogan about his ""history of using some racially insensitive language"", and was reported to have written (in an internal memo) that Rogan selected 70 episodes which were removed on February 4, 2022, all of which pre-date the COVID-19 pandemic. 
India Arie complained about the ""Fraction of a penny"" royalties Spotify was paying to musicians in comparison to the $100 million Rogan had received for his exclusivity agreement with Spotify. Spotify later said in an internal memo it would be committing $100 million to create and promote audio from creators from historically marginalized groups.


== Reception ==
The podcast has been described by Slate magazine as ""an important node of the intellectual dark web"".. In an article for National Review, Theodore Kupfer wrote that the podcast, hosted by ""A weed-smoking DMT-obsessive whose most cherished political cause is the quest to end male circumcision"", has become ""one of the last bastions for civil discussion in contemporary America"".
In August 2010, nine months after its launch, The Joe Rogan Experience entered the list of Top 100 podcasts on iTunes. In 2017 and 2018, the podcast was Apple's second-most-downloaded podcast.


== Awards ==
In February 2014, the podcast won a Stitcher Award for Best Overall Show of 2013.  
In January 2019, the podcast won Best Comedy Podcast at the iHeartRadio Podcast Awards.


== References ==


=== Footnotes ===


=== Citations ===


== External links ==
Official website
The Joe Rogan Experience at IMDb
My Joe Rogan Experience, Experience (17 November 2020) - description of pre-interview and interview process on JRE by guest Gary Laderman, Emory University professor of American religious history (Episode #1565)","The Joe Rogan Experience is a podcast hosted by American comedian, presenter, and UFC color commentator Joe Rogan. It was initiated on December 24, 2009, on YouTube by Rogan and comedian Brian Redban, who was its sole co-host and producer until 2012 when Jamie Vernon, who would eventually take over production, was hired to co-produce.  By 2015, it was one of the world's most popular podcasts, regularly receiving millions of views per episode, and including a wide array of guests, including business magnate Elon Musk, whistleblower Edward Snowden, Senator Bernie Sanders, astrophysicist Neil deGrasse Tyson and President Donald Trump. From December 2020 to February 2024, the podcast was exclusively available on Spotify, with highlights uploaded onto the main Joe Rogan Experience YouTube channel. The podcast was originally recorded at Rogan's home in California, before moving to a private studio in Woodland Hills, Los Angeles. Production was relocated to Austin, Texas, after the podcast was licensed exclusively on Spotify in 2020.
Although most episodes feature entertainers, academics, comics, UFC fighters, and other non-political figures, The New York Times described the podcast as an ""unlikely political influencer"" in the 2020 U.S. presidential election after presidential candidates Andrew Yang and Tulsi Gabbard both had measurable surges in popularity and fundraising after making guest appearances on the program. Bernie Sanders received Rogan's endorsement after appearing on his show, and the Sanders campaign promoted it through its online channels. Four years later, Rogan endorsed then–former president Donald Trump. 
The podcast has been described as a ""boundary-free arena"" and a platform for the intellectual dark web. It features an ideologically diverse mix of political guests. Rogan has been criticized for hosting far-right guests and has been accused of using racially insensitive language. He has also been criticized for his opinions concerning the COVID-19 pandemic and vaccines, and for hosting a number of guests who expressed opinions that contradicted the present medical orthodoxy. Supporters of the podcast have praised Rogan for his advocacy of free speech.",3603,22475,2025-10-04T15:03:48.296396
musk_supplement_11,TED (conference),TED (conference),TED talks platform (context),interview,https://en.wikipedia.org/wiki/TED_(conference),"TED Conferences, LLC (Technology, Entertainment, Design) is an American-Canadian non-profit media organization that posts international talks online for free distribution under the slogan ""Ideas Change Everything"" (previously ""Ideas Worth Spreading""). It was founded by Richard Saul Wurman and Harry Marks in February 1984 as a technology conference, in which Mickey Schulhof gave a demo of the compact disc that was invented in October 1982. Its main conference has been held annually since 1990. It covers almost all topics—from science to business to global issues—in more than 100 languages.
TED's early emphasis was on technology and design, consistent with its Silicon Valley origins. It later broadened to include scientific, cultural, political, humanitarian, and academic topics. It has been curated by Chris Anderson, a British-American businessman, through the non-profit TED Foundation since July 2019 (originally by the non-profit Sapling Foundation).
The main TED conference has been held annually in Vancouver, British Columbia, Canada, at the Vancouver Convention Centre since 2014. The first conferences from 1984 (TED1) through 2008 (TED2008) were held at the Monterey Conference Center in Monterey, California. From 2009 to 2014, it was held in Long Beach, California, United States. TED events are also held throughout North America and in Europe, Asia, and Africa, offering live streaming of the talks. TED returned to Monterey in 2021 with TEDMonterey. The talks address a wide range of topics within the research and practice of science and culture, often through storytelling.
TED conferences are invitation-only events with an admission of $6,000.

Since June 2006, TED Talks had been offered for online streaming. By June 2011, TED Talks' combined viewing figures surpassed 500 million.


== History ==


=== 1984–1999: Founding and early years ===

TED was conceived in 1984 by Richard Saul Wurman, FAIA '76,  and co-founded by Emmy-winning broadcast and graphic designer Harry Marks and CBS President Emeritus Frank Stanton. The conference featured demos of the compact disc, co-developed by Philips and Sony, and one of the first demonstrations of the Apple Macintosh computer. The first presenter was The Funky Duck. Presentations were given by the mathematician Benoit Mandelbrot and others such as Nicholas Negroponte and Stewart Brand. The event was financially unsuccessful; six years elapsed before a second conference was organized.
TED2 was held at the same Monterey Conference Center in California in 1990. From 1990 onward, a growing community of ""TEDsters"" gathered annually with Wurman leading the conference in Monterey until 2009, when it was moved to Long Beach, California due to a substantial increase in the number of those attending. Speakers were initially drawn from the fields of expertise behind the acronym TED; but during the 1990s, presenters broadened to include scientists, philosophers, musicians, religious leaders, philanthropists, and many others.


=== 2000–present: recent growth ===
In 2000, Wurman, looking for a successor at age 65, met with new-media entrepreneur and TED enthusiast Chris Anderson to discuss future happenings. Anderson's UK media company Future bought TED for $14 million ($12 million in cash and $2 million in stocks). In November 2001, Anderson's non-profit The Sapling Foundation (motto: ""fostering the spread of great ideas"") acquired TED from Future for £6m. In February 2002, Anderson gave a TED Talk in which he explained his vision of the conference and his future role of curator.
In 2012, TED community director Tom Rielly helped the producers of Prometheus gain approval for the use of the TED brand in the promotional short film TED 2023, designed by Rielly with Ridley Scott and Damon Lindelof, directed by Luke Scott, and starring Guy Pearce as Peter Weyland, who in the film speaks at a fictional TED conference at Wembley Stadium in the then-future of 2023; on the film's release, Rielly noted that the association had generated millions of unique visits to the TED website.
In 2014, the conference was moved to Vancouver, British Columbia, Canada.
TED is currently funded by various revenue streams, including attendance fees, corporate sponsorships, foundation support, licensing fees, and book sales. Sponsors do not participate in the event's creation and do not present on the main stage.
In 2015, TED staff consisted of about 180 people headquartered in New York City and Vancouver, British Columbia. On July 1, 2019, the TED Conferences LLC was transferred from Sapling Foundation to TED Foundation to ""align with our brand and make it easier for our donors to connect TED donations to TED Conferences, LLC.""
In 2021, TED launched the TED Audio Collective with a number of podcasts featuring previous TED Talks and other relevant topics.
TED 2022 was held in Vancouver. There was criticism after Marvin Rees, Mayor of Bristol, flew 9,200 miles (14,800 km) to speak about climate change and the need for reduced carbon emissions.


== TED Prize ==
The TED Prize was introduced in 2005. Until 2010, $100,000 was given annually to three individuals with a ""wish to change the world"". Each winner unveiled their wish at the main annual conference. Since 2010, a single winner has been chosen to ensure that TED can maximize its efforts in achieving the winner's wish. In 2012, the prize was not awarded to a person, but to a concept connected to the current global phenomenon of increasing urbanization. In 2013, the prize amount was increased to $1 million. TED Prize winners in previous years have been:

TED Conference commissioned New York artist Tom Shannon to create a prize sculpture for all TED Prize winners. It consists of an eight-inch-diameter (20 cm) aluminum sphere magnetically levitated above a walnut disc. As of 2018 the prize has been recast as The Audacious Project.


== TED.com ==
In 2005, Chris Anderson hired June Cohen as Director of TED Media. In June 2006, after Cohen's idea of a TV show based on TED lectures was rejected by several networks, a selection of talks that had received highest audience ratings was posted on the websites of TED, YouTube and iTunes under Creative Commons Attribution-NonCommercial-NoDerivs 3.0. Only a handful of talks was initially posted to see if there was an audience for them. In January of the following year, the number of talks on the sites had grown to 44, and they had been viewed more than three million times. On the basis of that success, the organization pumped hundreds of thousands of dollars into its video production operations and the development of a website to feature about 100 of the talks.
In April 2007, the new TED.com was launched, developed by New York and San Francisco-based design company Method. The website has won many prizes, including seven Webby Awards, iTunes' ""Best Podcast of the Year"" (2006–2010); the Communication Arts Interactive Award for Information Design (2007); the OMMA Award for Video Sharing, the Web Visionary Award for Technical Achievement, and The One Show Interactive Bronze Award (2008); the AIGA Annual Design Competition (2009); and a Peabody Award (2012).
In January 2009, TED videos had been viewed 50 million times. In June 2011, they reached 500 million views.
In March 2012, Netflix announced a deal to stream an initial series of 16 two-hour collections of TED Talks on similar subjects. It was made available to subscribers in the United States, Canada, Latin America, the United Kingdom, and Ireland. Hosted by Jami Floyd, TED Talks NYC debuted on NYC Life on March 21, 2012.


== Related projects and events ==


=== TED conferences ===


=== TEDGlobal ===

In 2005, under Anderson's supervision, a more internationally oriented sister conference was added, under the name TEDGlobal. It was held, in chronological order: in Oxford, UK (2005), in Arusha, Tanzania (2007, titled TEDAfrica), in Oxford again (2009 and 2010), and in Edinburgh, UK (2011, 2012, and 2013). In 2014, it was held in Rio de Janeiro, Brazil. Additionally, there was TED India, in Mysore (2009) and TEDGlobal London in London (2015). TEDGlobal 2017 was held again in Arusha, Tanzania, and it was curated and hosted by Emeka Okafor.
TED's European director (and curator of TEDGlobal) is Swiss-born Bruno Giussani.
The TED 2011 conference, The Rediscovery of Wonder, was held in Long Beach, California, US, from February 28 to March 4, 2011. The TED conference has a companion conference, TEDGlobal, held in the UK each summer. The 2009 TEDGlobal, The Substance of Things Not Seen, was held in Oxford, July 21–24, 2009. 2010's TEDGlobal (again in Oxford) was themed And Now The Good News; in 2011 the conference moved to a new home in Edinburgh and was held July 12–15 with the theme The Stuff Of Life. The 2012 TEDGlobal conference Radical Openness was held in Edinburgh, June 25–29.


=== TEDx ===

TEDx was founded by Lara Stein. TEDx are independent events similar to TED in presentation. They can be organized by anyone who obtains a free license from TED, and agrees to follow certain principles.  Speakers are not paid and must relinquish the copyrights to their materials, which TED may edit and distribute under a non-commercial Creative Commons license (CC-BY-NC-SA).

In March 2013, eight TEDx events, which are ""essentially, do-it-yourself TED conferences"" raised up from five in June 2012, the previous year, in 133 countries.
TEDxPortland in Portland was the largest indoor TEDx event in the world, with over 8,000 attendees, making it the largest TEDx conference in North America.


=== TEDx Youth ===
TEDxYouth is a programme of independently organised events licensed by TED that focus on engaging young people in sharing ideas and experiences. These events are typically organised by schools, youth groups, or community organisations, and feature speakers—often students or young professionals—alongside educators, artists, and innovators. Like other TEDx events, TEDxYouth conferences operate under free licences granted by TED, but are planned and coordinated locally. The format usually includes short talks, performances, and interactive activities designed to inspire creativity, critical thinking, and community involvement among younger audiences.


==== TEDx Youth speakers Dún Laoghaire 2019 ====


=== TED Fellows ===
TED Fellows were introduced in 2007, during the first TEDAfrica conference in Arusha, Tanzania, where 100 young people were selected from across the continent. Two years later, during TEDIndia, 99 fellows were recruited, mainly from South Asia.
In 2009, the fellows program was initiated in its present form. For every TED or TEDGlobal conference, 20 fellows are selected; a total of 40 new fellows a year. Each year, 20 past fellows are chosen to participate in the two-year senior fellows program (in which they will attend four more conferences).
2019 marked the tenth anniversary of the TED Fellows program.
Acceptance as a fellow is not based on academic credentials, but mainly on past and current actions, and plans for the future. Besides attending a conference free of charge, each fellow takes part in a special program with mentoring by experts in the field of spreading ideas, and can give a short talk on the ""TED Fellows"" stage. Some of these talks are subsequently published on TED.com. Senior fellows have additional benefits and responsibilities.


=== TED Audio Collective ===
The TED Audio Collective is a collection of podcasts with over 25 shows.
One of those shows is the TED Interview podcast which launched on October 16, 2018, during which Chris Anderson holds conversations with speakers who have previously given a TED talk, providing the guest a chance to speak in greater depth about their background, projects, motivation, re-evaluation of past experiences, or plans for the future.


=== TEDMED ===

TEDMED is an annual conference concerned with health and medicine. It is an independent event operating under license from the nonprofit TED conference.
In 2011, Jay Walker and a group of executives and investors purchased TEDMED from Hodosh for $16 million with future additional payments of as much as $9 million. The conference was then moved to Washington, DC.


=== Other programs ===
TED Radio Hour: A radio program, with audio downloads and a podcast RSS feed, hosted by Manoush Zomorodi, previously Guy Raz, and co-produced with NPR. Each episode uses multiple TED Talks to examine a common theme. Originated and executive produced by Deron Triff and June Cohen, the first episode was broadcast in 2012.
TED also offers other podcasts such as Sincerely, X (featuring anonymous TED Talks).


== Criticism ==


=== Pricing ===
Sarah Lacy of BusinessWeek and TechCrunch wrote in 2010 that TED attendees complained of elitism from a ""hierarchy of parties throughout the LA area with strict lists and security"" after the sessions. She gave credit for freely live-streaming and posting videos of its talks.


=== TED Talk content ===
Disagreements have occurred between TED speakers and organizers. In her 2010 TED Talk, comedian Sarah Silverman referred to adopting a ""retarded"" child. TED organizer Chris Anderson objected via his Twitter account, leading to a conflict between them conducted over Twitter.
Also in 2010, statistician Nassim Taleb called TED a ""monstrosity that turns scientists and thinkers into low-level entertainers, like circus performers"". He claimed TED curators did not initially post his talk ""warning about the financial crisis"" on their site on purely cosmetic grounds.
In May 2012, venture capitalist Nick Hanauer spoke at TED University, challenging the belief that top income earners in America were the engines of job creation. TED attracted controversy when it chose not to post Hanauer's talk on their website. His talk analysed the top rate of tax versus unemployment and economic equality. TED was accused of censoring the talk by not posting it.
On May 7, 2012, TED curator Chris Anderson, in an email to Hanauer, commented on his decision and took issue with several of Hanauer's assertions in the talk, including the idea that businesspeople were not job creators. He also made clear his aversion to the talk's ""political nature"".
The National Journal reported that Anderson considered Hanauer's talk one of the most politically controversial they had produced, and they needed to be careful about when they posted it. Anderson responded on his personal blog that TED posted only one talk each day, selected from many. Forbes staff writer Bruce Upbin noted that Hanauer's claim of a relationship between tax rates and unemployment was based entirely on falsified unemployment data, while New York magazine condemned TED's move.
TEDx talks have been criticised for having a lower quality control than actual TED talks, with a number of TEDx talks being ridiculed by critics for promoting pseudoscience. Wired and the Harvard Business Review suggested  that this lack of quality control in TEDx talks damaged the broader TED brand.
Following a TEDx talk by parapsychologist Rupert Sheldrake, TED issued a statement saying their scientific advisors believed that ""there is little evidence for some of Sheldrake's more radical claims"", and recommended that it ""should not be distributed without being framed with caution"". The video was moved from the TEDx YouTube channel to the TED blog, accompanied by such framing language. This prompted accusations of censorship, which TED rebutted by pointing out that Sheldrake's talk was still on their website. A 2013 talk by Graham Hancock, promoting the use of the drug DMT, was treated the same way.
According to Professor Benjamin Bratton at University of California, San Diego, TED Talks' efforts at fostering progress in socio-economics, science, philosophy and technology have been ineffective. Chris Anderson responded that some critics misunderstood TED's goals, failing to recognise that it aimed to instill excitement in audiences in the same ways speakers felt it. He said that TED wished only to bring awareness of significant topics to larger audiences.


== In popular culture ==
The Alien franchise features a fictional portrayal of a 2023 TED Conference, in the form of a short film called ""The Peter Weyland Files: TED Conference, 2023"". It was a part of the viral marketing campaign for the franchise's film Prometheus (2012).
Episode 08, season 20 of the animated TV series Family Guy features a cutaway scene of Peter Griffin giving a TED talk about birthdays.
Australian alternative rock band TISM parodied TED talks at their 2 March 2024 concert in Launceston, Tasmania as ""TISM Talks"", which included a skit parodying TED talks running behind the band for the duration of the show.
Episode 16 of series 2 of the TV series Elementary, ""The One Percent Solution"", features ex-Scotland Yard Inspector Gareth Lestrade presenting a ""DUG Chat"". According to a tweet from the @ELEMENTARYstaff Twitter account, ""We had to call them 'Dug' chats because we weren't allowed to use the name 'Ted Talk'"".


== See also ==

List of educational video websites
Change.org
Chautauqua


== References ==


== External links ==

Official website","TED Conferences, LLC (Technology, Entertainment, Design) is an American-Canadian non-profit media organization that posts international talks online for free distribution under the slogan ""Ideas Change Everything"" (previously ""Ideas Worth Spreading""). It was founded by Richard Saul Wurman and Harry Marks in February 1984 as a technology conference, in which Mickey Schulhof gave a demo of the compact disc that was invented in October 1982. Its main conference has been held annually since 1990. It covers almost all topics—from science to business to global issues—in more than 100 languages.
TED's early emphasis was on technology and design, consistent with its Silicon Valley origins. It later broadened to include scientific, cultural, political, humanitarian, and academic topics. It has been curated by Chris Anderson, a British-American businessman, through the non-profit TED Foundation since July 2019 (originally by the non-profit Sapling Foundation).
The main TED conference has been held annually in Vancouver, British Columbia, Canada, at the Vancouver Convention Centre since 2014. The first conferences from 1984 (TED1) through 2008 (TED2008) were held at the Monterey Conference Center in Monterey, California. From 2009 to 2014, it was held in Long Beach, California, United States. TED events are also held throughout North America and in Europe, Asia, and Africa, offering live streaming of the talks. TED returned to Monterey in 2021 with TEDMonterey. The talks address a wide range of topics within the research and practice of science and culture, often through storytelling.
TED conferences are invitation-only events with an admission of $6,000.

Since June 2006, TED Talks had been offered for online streaming. By June 2011, TED Talks' combined viewing figures surpassed 500 million.",2730,17209,2025-10-04T15:03:52.053007
musk_supplement_12,First principle,First principles,Thinking methodology,philosophy,https://en.wikipedia.org/wiki/First_principle,"In philosophy and science, a first principle is a basic proposition or assumption that cannot be deduced from any other proposition or assumption. First principles in philosophy are from first cause attitudes and taught by Aristotelians, and nuanced versions of first principles are referred to as postulates by Kantians.
In mathematics and formal logic, first principles are referred to as axioms or postulates. In physics and other sciences, theoretical work is said to be from first principles, or ab initio, if it starts directly at the level of established science and does not make assumptions such as empirical model and parameter fitting. ""First principles thinking"" consists of decomposing things down to the fundamental axioms in the given arena, before reasoning up by asking which ones are relevant to the question at hand, then cross referencing conclusions based on chosen axioms and making sure conclusions do not violate any fundamental laws. Physicists include counterintuitive concepts with reiteration.


== In formal logic ==
In a formal logical system—that is, a set of propositions that are consistent with one another—it is possible that some of the statements can be deduced from other statements. For example, in the syllogism, ""All men are mortal; Socrates is a man; Socrates is mortal"" the last claim can be deduced from the first two.
A first principle is an axiom that cannot be deduced from any other within that system. The classic example is that of Euclid's Elements; its hundreds of geometric propositions can be deduced from a set of definitions, postulates, and primitive notions: all three types constitute first principles.


== Philosophy ==
In philosophy, ""first principles"" are from first cause attitudes commonly referred to as a priori terms and arguments, which are contrasted to a posteriori terms, reasoning, or arguments, in that the former are simply assumed and exist prior to the reasoning process, and the latter are deduced or inferred after the initial reasoning process. First principles are generally treated in the realm of philosophy known as epistemology but are an important factor in any metaphysical speculation.
In philosophy, ""first principles"" are often somewhat synonymous with a priori, datum, and axiomatic reasoning.


=== Ancient Greek philosophy ===
In ancient Greek philosophy, a first principle from which other principles are derived is called an arche and later ""first principle"" or ""element"". By extension, it may mean  ""first place"", ""method of government"", ""empire, realm"", or ""authorities"". The concept of an arche was adapted from the earliest cosmogonies of Hesiod and Orphism, through the physical theories of Pre-Socratic philosophy and Plato before being formalized as a part of metaphysics by Aristotle. Arche, sometimes also transcribed as arkhé, is an Ancient Greek word with primary senses ""beginning"", ""origin"" or ""source of action"", from the beginning, οr the original argument, ""command"". The first principle or element corresponds to the ""ultimate underlying substance"" and ""ultimate indemonstrable principle"".


==== Mythical cosmogonies ====
The heritage of Greek mythology already embodied the desire to articulate reality as a whole and this universalizing impulse was fundamental for the first projects of speculative theorizing. It appears that the order of ""being"" was first imaginatively visualized before it was abstractly thought.
In the mythological cosmogonies of the Near East, the universe is formless and empty and the only existing thing prior to creation was the water abyss. In the Babylonian creation story, Enuma Elish, the primordial world is described as a ""watery chaos"" from which everything else appeared. This watery chaos has similarities in the cosmogony of the Greek mythographer Pherecydes of Syros. In the mythical Greek cosmogony of Hesiod (8th to 7th century BC), the origin of the world is Chaos, considered as a divine primordial condition, from which everything else appeared. In the creation ""chaos"" is a gaping-void, but later the word is used to describe the space between the Earth and the sky, after their separation. ""Chaos"" may mean infinite space, or a formless matter which can be differentiated. The notion of temporal infinity was familiar to the Greek mind from remote antiquity in the religious conception of immortality. The conception of the ""divine"" as an origin influenced the first Greek philosophers. In the Orphic cosmogony, the unaging Chronos produced Aether and Chaos and made in divine Aether a silvery egg, from which everything else appeared.


==== Ionian school ====
The earliest Pre-Socratic philosophers, the Ionian material monists, sought to explain all of nature (physis) in terms of one unifying arche. Among the material monists were the three Milesian philosophers: Thales, who believed that everything was composed of water; Anaximander, who believed it was apeiron; and Anaximenes, who believed it was air. This is considered as a permanent substance or either one or more which is conserved in the generation of rest of it. From this all things first come to be and into this they are resolved in a final state. This source of entity is always preserved. Although their theories were primitive, these philosophers were the first to give an explanation of the physical world without referencing the supernatural; this opened the way for much of modern science (and philosophy), which has the same goal of explaining the world without dependence on the supernatural.
Thales of Miletus (7th to 6th century BC), known as ""the father of philosophy"", claimed that the first principle of all things is water, and considered it as a substance that contains in it motion and change. His theory was supported by the observation of moisture throughout the world and coincided with his theory that the Earth floated on water. His ideas were influenced by the Near-Eastern mythological cosmogony and probably by the Homeric statement that the surrounding Oceanus (ocean) is the source of all springs and rivers.
Anaximander argued that water could not be the arche, because it could not give rise to its opposite, fire. Anaximander claimed that none of the elements (earth, fire, air, water) could be arche for the same reason. Instead, he proposed the existence of the apeiron, an indefinite substance from which all things are born and to which all things will return. Apeiron (endless or boundless) is something completely indefinite; and Anaximander was probably influenced by the original chaos of Hesiod (yawning abyss).
Anaximander was the first philosopher to use arche for that which writers from Aristotle onwards called ""the substratum"" (Simplicius Phys. 150, 22). He probably intended it to mean primarily ""indefinite in kind"" but assumed it also to be ""of unlimited extent and duration"". The notion of temporal infinity was familiar to the Greek mind from remote antiquity in the religious conception of immortality and Anaximander's description was in terms appropriate to this conception. This arche is called ""eternal and ageless"". (Hippolitus I,6, I;DK B2)
Anaximenes, Anaximander's pupil, advanced yet another theory. He returns to the elemental theory, but this time posits air, rather than water, as the arche and ascribes to it divine attributes. He was the first recorded philosopher who provided a theory of change and supported it with observation. Using two contrary processes of rarefaction and condensation (thinning or thickening), he explains how air is part of a series of changes. Rarefied air becomes fire, condensed it becomes first wind, then cloud, water, earth, and stone in order. The arche is technically what underlies all of reality/appearances.


==== Aristotle ====
Terence Irwin writes:

When Aristotle explains in general terms what he tries to do in his philosophical works, he says he is looking for ""first principles"" (or ""origins""; archai):
In every systematic inquiry (methodos) where there are first principles, or causes, or elements, knowledge and science result from acquiring knowledge of these; for we think we know something just in case we acquire knowledge of the primary causes, the primary first principles, all the way to the elements. It is clear, then, that in the science of nature as elsewhere, we should try first to determine questions about the first principles. The naturally proper direction of our road is from things better known and clearer to us, to things that are clearer and better known by nature; for the things that are known to us are not the same as the things known unconditionally (haplôs). Hence it is necessary for us to progress, following this procedure, from the things that are less clear by nature, but clearer to us, towards things that are clearer and better known by nature. (Phys. 184a10–21)
The connection between knowledge and first principles is not axiomatic as expressed in Aristotle's account of a first principle (in one sense) as ""the first basis from which a thing is known"" (Met. 1013a14–15). For Aristotle, the arche is the condition necessary for the existence of something, the basis for what he calls ""first philosophy"" or metaphysics. The search for first principles is not peculiar to philosophy; philosophy shares this aim with biological, meteorological, and historical inquiries, among others. But Aristotle's references to first principles in this opening passage of the Physics and at the start of other philosophical inquiries imply that it is a primary task of philosophy.


=== Modern philosophy ===


==== Descartes ====
Profoundly influenced by Euclid, Descartes was a rationalist who invented the foundationalist system of philosophy. He used the method of doubt, now called Cartesian doubt, to systematically doubt everything he could possibly doubt until he was left with what he saw as purely indubitable truths. Using these self-evident propositions as his axioms, or foundations, he went on to deduce his entire body of knowledge from them. The foundations are also called a priori truths. His most famous proposition is ""Je pense, donc je suis"" (I think, therefore I am, or Cogito ergo sum), which he indicated in his Discourse on the Method was ""the first principle of the philosophy of which I was in search.""
Descartes describes the concept of a first principle in the following excerpt from the preface to the Principles of Philosophy (1644):

I should have desired, in the first place, to explain in it what philosophy is, by commencing with the most common matters, as, for example, that the word philosophy signifies the study of wisdom, and that by wisdom is to be understood not merely prudence in the management of affairs, but a perfect knowledge of all that man can know, as well for the conduct of his life as for the preservation of his health and the discovery of all the arts, and that knowledge to subserve these ends must necessarily be deduced from first causes; so that in order to study the acquisition of it (which is properly called [284] philosophizing), we must commence with the investigation of those first causes which are called Principles. Now, these principles must possess two conditions: in the first place, they must be so clear and evident that the human mind, when it attentively considers them, cannot doubt their truth; in the second place, the knowledge of other things must be so dependent on them as that though the principles themselves may indeed be known apart from what depends on them, the latter cannot nevertheless be known apart from the former. It will accordingly be necessary thereafter to endeavor so to deduce from those principles the knowledge of the things that depend on them, as that there may be nothing in the whole series of deductions which is not perfectly manifest. 


== In physics ==

In physics, a calculation is said to be from first principles, or ab initio, if it starts directly at the level of established laws of physics and does not make assumptions such as empirical model and fitting parameters.
For example, calculation of electronic structure using the Schrödinger equation within a set of approximations that do not include fitting the model to experimental data is an ab initio approach.


== See also ==
Abstraction
Brute fact
Law of thought
Present
Clean room implementation


== Notes ==


== References ==


== Further reading ==
Orestes J. Gonzalez, Actus Essendi and the Habit of the First Principle in Thomas Aquinas Archived 2021-03-23 at the Wayback Machine, New York: Einsiedler Press, 2019.","In philosophy and science, a first principle is a basic proposition or assumption that cannot be deduced from any other proposition or assumption. First principles in philosophy are from first cause attitudes and taught by Aristotelians, and nuanced versions of first principles are referred to as postulates by Kantians.
In mathematics and formal logic, first principles are referred to as axioms or postulates. In physics and other sciences, theoretical work is said to be from first principles, or ab initio, if it starts directly at the level of established science and does not make assumptions such as empirical model and parameter fitting. ""First principles thinking"" consists of decomposing things down to the fundamental axioms in the given arena, before reasoning up by asking which ones are relevant to the question at hand, then cross referencing conclusions based on chosen axioms and making sure conclusions do not violate any fundamental laws. Physicists include counterintuitive concepts with reiteration.",2007,12563,2025-10-04T15:03:56.363986
musk_supplement_13,Colonization of Mars,Mars colonization,Multi-planetary species vision,vision,https://en.wikipedia.org/wiki/Colonization_of_Mars,"The colonization of Mars is the proposed process of establishing permanent human settlements on the planet Mars. Most colonization concepts focus on settling, but colonization is a broader ethical concept, which international space law has limited, and national space programs have avoided, instead focusing on human mission to Mars for exploring the planet. The settlement of Mars would require the migration of humans to the planet, the establishment of a permanent human presence, and the exploitation of local resources. 
No crewed missions to Mars have occurred, although there have been successful robotic missions to the planet. Public space agencies (including NASA, ESA, Roscosmos, ISRO, the CNSA, among others) have explored colonization concepts, but have primarily focused on further robotic exploration of Mars and the possibility of crewed landings. Some space advocacy groups, such as the Mars Society and the National Space Society, as well as some private organizations, such as SpaceX, have promoted the idea of colonization. The prospect of settling Mars has been explored extensively in science fiction writing, film, and art.
Challenges to settlement include the intense ionizing radiation that impacts the Martian surface, and the fine, toxic dust that covers the planet. Mars has an atmosphere, but it is unbreathable and thin. Surface temperatures fluctuate widely, between −70 and 0 °C (−94 and 32 °F). While Mars has underground water and other resources, conditions do not favor power production using wind and solar; similarly, the planet has few resources for nuclear power. Mars's orbit is the third closest to Earth's orbit, though far enough from Earth that the distance would present a serious obstacle to the movement of materiel and settlers. Justifications and motivations for colonizing Mars include technological curiosity, the opportunity to conduct in-depth observational research, the possibility that the settlement of other planets could decrease the probability of human extinction, the interest in establishing a colony independent of Earth, and the potential benefits of economic exploitation of the planet's resources.


== Background ==


=== Terminology ===
Colonization of Mars differs from the crewed Mars exploration missions currently pursued by public space agencies, as they aim to land humans for exploration.
The terminology used to refer a potential human presence on Mars has been scrutinized since at least the 2010s, with space colonization in general since the 1977, as by Carl Sagan, who preferred to refer to settlements in space as cities, instead of colonies because of the implied colonialism; the US State Department had already made clear to avoid the use of the term because of the colonialist meaning. Today ""settlement"" is preferred out of similar reasons, trying to avoid the broad sociopolitical connotations of colonization.
Today the term is most prominently used by Robert Zubrin and the SpaceX Mars colonization program, with the term Occupy Mars also being used, aspiring for an independent Mars colony, despite limiting international space law.


=== Mission concepts ===
Landers and rovers have successfully explored the surface of Mars and delivered information about conditions on the ground. The first successful lander, the Viking 1 lander, touched down on the planet in 1976.
Crewed missions to Mars have been proposed, but no person has attempted to travel to the planet, and there have been no return missions. Most of the human mission concepts as currently conceived by national governmental space programs would not be direct precursors to colonization. Programs such as those being tentatively planned by NASA, Roscosmos, and ESA are intended solely as exploration missions, with the establishment of a permanent base possible but not yet the main goal. Colonization requires the establishment of permanent habitats that have the potential for self-expansion and self-sustenance. Two early proposals for building habitats on Mars are the Mars Direct and the Semi-Direct concepts, advocated by Robert Zubrin, an advocate of the colonization of Mars.
At the February 2017 World Government Summit, the United Arab Emirates announced a plan to establish a settlement on Mars by 2117, led by the Mohammed bin Rashid Space Centre.


== Comparisons between Earth and Mars ==


=== Gravity and size ===
The surface gravity of Mars is just 38% that of Earth. Although microgravity is known to cause health problems such as muscle loss and bone demineralization, it is not known if Martian gravity would have a similar effect. The Mars Gravity Biosatellite was a proposed project designed to learn more about what effect Mars's lower surface gravity would have on humans, but it was cancelled due to a lack of funding.
Mars has a surface area that is 28.4% of Earth's, which is only slightly less than the amount of dry land on Earth (which is 29.2% of Earth's surface). Mars has half the radius of Earth and only one-tenth the mass. This means that it has a smaller volume (≈15%) and lower average density than Earth.


=== Magnetosphere ===
Due to the lack of a magnetosphere, solar particle events and cosmic rays can easily reach the Martian surface.


=== Atmosphere ===
Atmospheric pressure on Mars is far below the Armstrong limit at which people can survive without pressure suits. Since terraforming cannot be expected as a near-term solution, habitable structures on Mars would need to be constructed with pressure vessels similar to spacecraft, capable of containing a pressure between 30 and 100 kPa. The atmosphere is also toxic as most of it consists of carbon dioxide (95% carbon dioxide, 3% nitrogen, 1.6% argon, and traces totaling less than 0.4% of other gases, including oxygen).
This thin atmosphere does not filter out ultraviolet sunlight, which causes instability in the molecular bonds between atoms. For example, ammonia (NH3) is not stable in the Martian atmosphere and breaks down after a few hours. Also due to the thinness of the atmosphere, the temperature difference between day and night is much larger than on Earth, typically around 70 °C. However, the day/night temperature variation is much lower during dust storms when very little light gets through to the surface even during the day, and instead warms the middle atmosphere.


=== Water and climate ===
Water on Mars is scarce, with rovers Spirit and Opportunity finding less than in Earth's driest desert. (which is The Atacama Desert in northern Chile)
The climate is much colder than Earth, with mean surface temperatures between 186 and 268 K (−87 and −5 °C) (depending on the season and latitude). The lowest temperature ever recorded on Earth was 184 K (−89.2 °C) in Antarctica.
Because Mars is about 52% farther from the Sun, the amount of solar energy entering its upper atmosphere per unit area (the solar constant) is around 43.3% of what reaches the Earth's upper atmosphere. However, due to the much thinner atmosphere, a higher fraction of the solar energy reaches the surface as radiation. The maximum solar irradiance on Mars is about 590 W/m2 compared to about 1000 W/m2 at the Earth's surface; optimal conditions on the Martian equator can be compared to those on Devon Island in the Canadian Arctic in June. Mars's orbit is more eccentric than Earth's, increasing temperature and solar constant variations over the course of the Martian year. Mars has no rain and virtually no clouds, so although cold, it is permanently sunny (apart from during dust storms). This means solar panels can always operate at maximum efficiency on dust-free days.
Global dust storms are common throughout the year and can cover the entire planet for weeks, blocking sunlight from reaching the surface. This has been observed to cause temperature drops of 4 °C for several months after the storm. In contrast, the only comparable events on Earth are infrequent large volcanic eruptions such as the Krakatoa event which threw large amounts of ash into the atmosphere in 1883, causing a global temperature drop of around 1 °C. These dust storms would affect electricity production from solar panels for long periods, and interfere with communications with Earth.


==== Temperature and seasons ====
Mars has an axial tilt of 25.19°, similar to Earth's 23.44°. As a result, Mars has seasons much like Earth, though on average they last nearly twice as long because the Martian year is about 1.88 Earth years. Mars's temperature regime is more similar to Earth's than to any other planet's in the Solar System. While generally colder than Earth, Mars can have Earth-like temperatures in some areas and at certain times.


=== Soil ===
The Martian soil is toxic due to relatively high concentrations of chlorine and associated compounds, such as perchlorates, which are hazardous to all known forms of life, even though some halotolerant microorganisms might be able to cope with enhanced perchlorate concentrations by drawing on physiological adaptations similar to those observed in the yeast Debaryomyces hansenii exposed in lab experiments to increasing NaClO4 concentrations.
The presence of perchlorates may form a key component of solid rocket propellant, combining with other materials via resonant acoustic mixing.


=== Survivability ===
Plants and animals cannot survive the ambient conditions on the surface of Mars. However, some extremophile organisms that survive in hostile conditions on Earth have endured periods of exposure to environments that approximate some of the conditions found on Mars.


=== Length of day ===
The Martian day (or sol) is very close in duration to Earth's. A solar day on Mars is 24 hours, 39 minutes and 35.244 seconds.


== Conditions for human habitation ==

Conditions on the surface of Mars are closer to the conditions on Earth in terms of temperature and sunlight than on any other planet or moon, except for the cloud tops of Venus. However, the surface is not hospitable to humans or most known life forms due to the radiation, greatly reduced air pressure, and an atmosphere with only 0.16% oxygen.
In 2012, it was reported that some lichen and cyanobacteria survived and showed remarkable adaptation capacity for photosynthesis after 34 days in experiments that partially simulated Martian conditions in the Mars Simulation Laboratory (MSL) maintained by the German Aerospace Center (DLR). Some scientists think that cyanobacteria could play a role in the development of self-sustainable crewed outposts on Mars. They propose that cyanobacteria could be used directly for various applications, including the production of food, fuel and oxygen, but also indirectly: products from their culture could support the growth of other organisms, opening the way to a wide range of life-support biological processes based on Martian resources.
Humans have explored parts of Earth that match some conditions on Mars. Based on NASA rover data, temperatures on Mars (at low latitudes) are similar to those in Antarctica. The atmospheric pressure at the highest altitudes reached by piloted balloon ascents (35 km (114,000 feet) in 1961, 38 km in 2012) is similar to that on the surface of Mars. However, the pilots were not exposed to the extremely low pressure, as it would have killed them, but seated in a pressurized capsule.
Human survival on Mars would require living in artificial Mars habitats with complex life-support systems. One key aspect of this would be water processing systems. Being made mainly of water, a human being would die in a matter of days without it. Even a 5–8% decrease in total body water causes fatigue and dizziness, and with a 10% decrease comes physical and mental impairment (See Dehydration). A person in the UK uses 70–140 litres of water per day on average. Through experience and training, astronauts on the ISS have shown it is possible to use far less, and that around 70% of what is used can be recycled using the ISS water recovery systems. (For instance, half of all water is used during showers.) Similar systems would be needed on Mars but would need to be much more efficient, since regular robotic deliveries of water to Mars would be prohibitively expensive (the ISS is supplied with water four times per year). Potential access to on-site water (frozen or otherwise) via drilling has been investigated by NASA.


=== Effects on human health ===

Mars presents a hostile environment for human habitation. Different technologies have been developed to assist long-term space exploration and may be adapted for habitation on Mars. The existing record for the longest continuous space flight is 438 days by cosmonaut Valeri Polyakov, and the most accrued time in space is 1,111 days by Oleg Kononenko. The longest time spent outside the protection of the Earth's Van Allen radiation belt is about 12 days for the Apollo 17 Moon landing. This is minor in comparison to the 1100-day journey to Mars and back envisioned by NASA for possibly as early as the year 2028. Scientists have also hypothesized that many different biological functions can be negatively affected by the environment of Mars. Due to higher levels of radiation, there are a multitude of physical side-effects that must be mitigated. In addition, Martian soil contains high levels of toxins which are hazardous to human health.


==== Physical effects ====
The difference in gravity may negatively affect human health by weakening bones and muscles. There is also risk of osteoporosis and cardiovascular problems. Current rotations on the International Space Station put astronauts in zero gravity for six months, a comparable length of time to a one-way trip to Mars. This gives researchers the ability to better understand the physical state that astronauts going to Mars would arrive in. Once on Mars, surface gravity is only 38% of that on Earth. Microgravity affects the cardiovascular, musculoskeletal and neurovestibular (central nervous) systems. The cardiovascular effects are complex. On Earth, blood within the body stays 70% below the heart, but in microgravity this is not the case due to nothing pulling the blood down. This can have several negative effects. Once entering into microgravity, the blood pressure in the lower body and legs is significantly reduced. This causes legs to become weak through loss of muscle and bone mass. Astronauts show signs of a puffy face and chicken legs syndrome. After the first day of reentry back to Earth, blood samples showed a 17% loss of blood plasma, which contributed to a decline of erythropoietin secretion. On the skeletal system which is important to support body posture, long space flight and exposure to microgravity cause demineralization and atrophy of muscles. During re-acclimation, astronauts were observed to have a myriad of symptoms including cold sweats, nausea, vomiting and motion sickness. Returning astronauts also felt disoriented. Once on Mars with its lesser surface gravity (38% percent of Earth's), these health effects would be a serious concern. Upon return to Earth, recovery from bone loss and atrophy is a long process and the effects of microgravity may never fully reverse.


==== Radiation ====

Dangerous amounts of radiation reach Mars's surface despite it being much further from the Sun compared to Earth. Mars has lost its inner dynamo giving it a weaker global magnetosphere than Earth. Combined with a thin atmosphere, this permits a significant amount of ionizing radiation to reach the Martian surface. There are two main types of radiation risks to traveling outside the protection of Earth's atmosphere and magnetosphere: galactic cosmic rays (GCR) and solar energetic particles (SEP). Earth's magnetosphere protects from charged particles from the Sun, and the atmosphere protects against uncharged and highly energetic GCRs. There are ways to mitigate solar radiation, but without much of an atmosphere, the only solution to the GCR flux is heavy shielding amounting to roughly 15 centimeters of steel, 1 meter of rock, or 3 meters of water, limiting human colonists to living underground most of the time.
The Mars Odyssey spacecraft carries an instrument, the Mars Radiation Environment Experiment (MARIE), to measure the radiation. MARIE found that radiation levels in orbit above Mars are 2.5 times higher than at the International Space Station, or much higher than the combined global fallout of the thousands of nuclear weapons testing. The average daily dose was about 220 μGy (22 mrad)—equivalent to 0.08 Gy per year. A three-year exposure to such levels would exceed the safety limits currently adopted by NASA, and the risk of developing cancer due to radiation exposure after a Mars mission could be two times greater than what scientists previously thought. Occasional solar proton events (SPEs) produce much higher doses, as observed in September 2017, when NASA reported radiation levels on the surface of Mars were temporarily doubled, and were associated with an aurora 25-times brighter than any observed earlier, due to a massive, and unexpected, solar storm. Building living quarters underground (possibly in Martian lava tubes) would significantly lower the colonists' exposure to radiation.

Much remains to be learned about space radiation. In 2003, NASA's Lyndon B. Johnson Space Center opened a facility, the NASA Space Radiation Laboratory, at Brookhaven National Laboratory, that employs particle accelerators to simulate space radiation. The facility studies its effects on living organisms, as well as experimenting with shielding techniques. Initially, there was some evidence that this kind of low level, chronic radiation is not as dangerous as once thought; and that radiation hormesis occurs. However, results from a 2006 study indicated that protons from cosmic radiation may cause twice as much serious damage to DNA as previously estimated, exposing astronauts to greater risk of cancer and other diseases. As a result of the higher radiation in the Martian environment, the summary report of the Review of U.S. Human Space Flight Plans Committee released in 2009 reported that ""Mars is not an easy place to visit with existing technology and without a substantial investment of resources."" NASA is exploring a variety of alternative techniques and technologies such as deflector shields of plasma to protect astronauts and spacecraft from radiation.


==== Psychological effects ====
Due to the communication delays, new protocols need to be developed in order to assess crew members' psychological health. Researchers have developed a Martian simulation called HI-SEAS (Hawaii Space Exploration Analog and Simulation) that places scientists in a simulated Martian laboratory to study the psychological effects of isolation, repetitive tasks, and living in close-quarters with other scientists for up to a year at a time. Computer programs are being developed to assist crews with personal and interpersonal issues in absence of direct communication with professionals on Earth.


=== Terraforming ===

The terraforming of Mars is the hypothetical set of planetary engineering projects that would modify Mars to allow terrestrial life to survive free of protection or mediation. Proposals for the terraforming of Mars have been put forward, but there is considerable debate about their feasibility and the ethics associated with terraforming.


=== Minimum size of a colony ===
No consensus exists about the minimum viable size of a colony required to ensure that inbreeding would not occur. Through mathematical modelling of the time spent by people on work in a colony, Jean-Marc Salotti concluded that the minimum number for a colony on Mars is 110. This is close to other studies of the genetic problems involved in the longer journey to Proxima Centauri b (6,000+ years). Other studies, focused on interstellar settlement, have concluded that minimum viable populations or a desirable number of colonists range from 198 to as high as 10,000.
To be self-sustaining, a colony would have to be large enough to provide all the necessary living services. These include: 

Ecosystem management: producing appropriate gases, controlling air composition pressure and temperature, collecting and producing water, growing food and processing organic wastes.
Energy production: this includes extracting methane for vehicles and, if photovoltaic cells are used to produce energy, this would include the extraction and processing of silicates, to augment or replace any original equipment.
Industry: extracting and processing appropriate ores, manufacturing tools and other objects; producing clothes, medicine, glass, ceramics, and plastics.
Building: even if the base is constructed before arrival, it will need frequent adaptation according to the evolution of the settlement as well as inevitable replacement.
Social activities: this includes raising children and educating them, health care, preparing meals, cleaning, washing, organizing the work and making decisions. Time for sport, culture and entertainment can be minimized but not eliminated.


== Transportation ==


=== Interplanetary spaceflight ===

Mars requires less energy per unit mass (delta V) to reach from Earth than any planet except Venus. Using a Hohmann transfer orbit, a trip to Mars requires approximately nine months in space. Modified transfer trajectories that cut the travel time to four to seven months in space are possible with incrementally higher amounts of energy and fuel compared to a Hohmann transfer orbit, and are in standard use for robotic Mars missions. Shortening the travel time below about six months requires higher delta-v and an increasing amount of fuel, and is difficult with chemical rockets. It could be feasible with advanced spacecraft propulsion technologies, some of which have already been tested to varying levels, such as Variable Specific Impulse Magnetoplasma Rocket, and nuclear rockets. In the former case, a trip time of forty days could be attainable, and in the latter, a trip time down to about two weeks. In 2016, a University of California, Santa Barbara scientist said they could further reduce travel time for a small robotic probe to Mars to ""as little as 72 hours"" with the use of a laser propelled sail (directed photonic propulsion) system instead of the fuel-based rocket propulsion system.
During the journey, the astronauts would be subject to radiation, which would require a means to protect them. Cosmic radiation and solar wind cause DNA damage, which significantly increases the risk of cancer. The effect of long-term travel in interplanetary space is unknown, but scientists estimate an added risk of between 1% and 19% (one estimate is 3.4%) for males to die of cancer because of the radiation during the journey to Mars and back to Earth. For females the probability is higher due to generally larger glandular tissues.


=== Landing on Mars ===

Mars has a surface gravity 0.38 times that of Earth, and the density of its atmosphere is about 0.6% of that on Earth. The relatively strong gravity and the presence of aerodynamic effects make it difficult to land heavy, crewed spacecraft with thrusters only, as was done with the Apollo Moon landings, yet the atmosphere is too thin for aerodynamic effects to be of much help in aerobraking and landing a large vehicle. Landing piloted missions on Mars would require braking and landing systems different from anything used to land crewed spacecraft on the Moon or robotic missions on Mars.
If one assumes carbon nanotube construction material will be available with a strength of 130 GPa (19,000,000 psi) then a space elevator could be built to land people and material on Mars. A space elevator on Phobos (a Martian moon) has also been proposed.


==== Phobos as a space elevator for Mars ====
Phobos is synchronously orbiting Mars, where the same face stays facing the planet at ~6,028 km above the Martian surface. A space elevator could extend down from Phobos to Mars 6,000 km, about 28 kilometers from the surface, and just out of the atmosphere of Mars. A similar space elevator cable could extend out 6,000 km the opposite direction that would counterbalance Phobos. In total the space elevator would extend out over 12,000 km which would be below Areostationary orbit of Mars (17,032 km). A rocket launch would still be needed to get the rocket and cargo to the beginning of the space elevator 28 km above the surface. The surface of Mars is rotating at 0.25 km/s at the equator and the bottom of the space elevator would be rotating around Mars at 0.77 km/s, so only 0.52 km/s of Delta-v would be needed to get to the space elevator. Phobos orbits at 2.15 km/s and the outer most part of the space elevator would rotate around Mars at 3.52 km/s.


== Equipment needed for colonization ==

Colonization of Mars would require a wide variety of equipment—both equipment to directly provide services to humans and production equipment used to produce food, propellant, water, energy and breathable oxygen—in order to support human colonization efforts. Required equipment will include:

Basic utilities (oxygen, power, local communications, waste disposal, sanitation and water recycling)
Habitats
Storage facilities
Workspaces
Airlock, for pressurization and dust management
Resource extraction equipment—initially for water and oxygen, later for a wider cross section of minerals, building materials, etc.
Equipment for energy production and energy storage, some solar and perhaps nuclear as well

Food production spaces and equipment
Propellant production equipment, generally thought to be hydrogen and methane through the Sabatier reaction for fuel—with oxygen oxidizer—for chemical rocket engines
Fuels or other energy source for use with surface transportation; such as Methanol or carbon monoxide/oxygen (CO/O2) engines have been suggested for early surface transportation use as both carbon monoxide and oxygen can be straightforwardly produced by zirconium dioxide electrolysis from the Martian atmosphere without requiring use of any of the Martian water resources to obtain hydrogen
Off-planet communication equipment
Equipment for moving over the surface—Mars suit, crewed rovers and possibly Mars aircraft.


=== Basic utilities ===
In order to function, the colony would need the basic utilities to support human civilization. These would need to be designed to handle the harsh Martian environment and would either have to be serviceable while wearing an EVA (extra vehicular activity) suit or housed inside a human habitable environment. For example, if electricity generation systems rely on solar power, large energy storage facilities will also be needed to cover the periods when dust storms block out the sun, and automatic dust removal systems may be needed to avoid human exposure to conditions on the surface. If the colony is to scale beyond a few people, systems will also need to maximise use of local resources to reduce the need for resupply from Earth, for example by recycling water and oxygen and being adapted to be able to use any water found on Mars, whatever form it is in.


=== Communication with Earth ===
Communications with Earth are relatively straightforward during the half-sol when Earth is above the Martian horizon. NASA and ESA included communications relay equipment in several of the Mars orbiters, so Mars already has communications satellites. While these will eventually wear out, additional orbiters with communication relay capability are likely to be launched before any colonization expeditions are mounted.
The one-way communication delay due to the speed of light ranges from about 3 minutes at closest approach (approximated by perihelion of Mars minus aphelion of Earth) to 22 minutes at the largest possible superior conjunction (approximated by aphelion of Mars plus aphelion of Earth). Real-time communication, such as telephone conversations or Internet Relay Chat, between Earth and Mars would be highly impractical due to the long time lags involved. NASA has found that direct communication can be blocked for about two weeks every synodic period, around the time of superior conjunction when the Sun is directly between Mars and Earth, although the actual duration of the communications blackout varies from mission to mission depending on various factors—such as the amount of link margin designed into the communications system, and the minimum data rate that is acceptable from a mission standpoint. In reality most missions at Mars have had communications blackout periods of the order of a month.
A satellite at the L4 or L5 Earth–Sun Lagrangian point could serve as a relay during this period to solve the problem; even a constellation of communications satellites would be a minor expense in the context of a full colonization program. However, the size and power of the equipment needed for these distances make the L4 and L5 locations unrealistic for relay stations, and the inherent stability of these regions, although beneficial in terms of station-keeping, also attracts dust and asteroids, which could pose a risk. Despite that concern, the STEREO probes passed through the L4 and L5 regions without damage in late 2009.
Recent work by the University of Strathclyde's Advanced Space Concepts Laboratory, in collaboration with the European Space Agency, has suggested an alternative relay architecture based on highly non-Keplerian orbits. These are a special kind of orbit produced when continuous low-thrust propulsion, such as that produced from an ion engine or solar sail, modifies the natural trajectory of a spacecraft. Such an orbit would enable continuous communications during solar conjunction by allowing a relay spacecraft to ""hover"" above Mars, out of the orbital plane of the two planets. Such a relay avoids the problems of satellites stationed at either L4 or L5 by being significantly closer to the surface of Mars while still maintaining continuous communication between the two planets.


== Robotic precursors ==

The path to a human colony could be prepared by robotic systems such as the Mars Exploration Rovers Spirit, Opportunity, Curiosity and Perseverance. These systems could help locate resources, such as ground water or ice, that would help a colony grow and thrive. The lifetimes of these systems would be years and even decades, and as recent developments in commercial spaceflight have shown, it may be that these systems will involve private as well as government ownership. These robotic systems also have a reduced cost compared with early crewed operations, and have less political risk.
Wired systems might lay the groundwork for early crewed landings and bases, by producing various consumables including fuel, oxidizers, water, and construction materials. Establishing power, communications, shelter, heating, and manufacturing basics can begin with robotic systems, if only as a prelude to crewed operations.
Mars Surveyor 2001 Lander MIP (Mars ISPP Precursor) was to demonstrate manufacture of oxygen from the atmosphere of Mars, and test solar cell technologies and methods of mitigating the effect of Martian dust on power systems.
Before any people are transported to Mars on the notional 2020s Mars transportation infrastructure envisioned by SpaceX, a number of robotic cargo missions would be undertaken first in order to transport the requisite equipment, habitats and supplies. Equipment that would be necessary would include ""machines to produce fertilizer, methane and oxygen from Mars's atmospheric nitrogen and carbon dioxide and the planet's subsurface water ice"" as well as construction materials to build transparent domes for initial agricultural areas.


== Stages ==
In the literature there has been a differentiation of the different stages Mars settlement would encompass:

Pre-settlement: small outpost (near-term future)
In-settlement: permanent settlement (medium-term future)
Post-settlement: self-sufficient society (long-term future)


== Economics ==


=== Economic drivers and prerequisites ===
The rise of reusable launch vehicles in the 2020s has substantially reduced the cost of access to space. With a published price of US$62 million per launch of up to 22,800 kg (50,300 lb) payload to low Earth orbit or 4,020 kg (8,860 lb) to Mars, SpaceX Falcon 9 rockets are already the ""cheapest in the industry"". SpaceX's reusability includes the Falcon Heavy and future methane-based launch vehicles including the Starship. SpaceX was successful in developing the reusable technology with Falcon 9 and Falcon Heavy and as of April 2024, it was rapidly advancing towards reusability of Starship. This is expected to ""have a major impact on the cost of access to space"", and change the increasingly competitive market in space launch services.
Alternative funding approaches might include the creation of inducement prizes. For example, the 2004 President's Commission on Implementation of United States Space Exploration Policy suggested that an inducement prize contest should be established, perhaps by government, for the achievement of space colonization. One example provided was offering a prize to the first organization to place humans on the Moon and sustain them for a fixed period before they return to Earth.


=== Local resource extraction and trade with Earth ===
No evidence of abundant resources on Mars with value to Earth has been collected. The distance between Mars and Earth would present a considerable challenge to potential trade between the planets.


=== Local trade ===

Some early Mars colonies might specialize in developing local resources for Martian consumption, such as water and/or ice. Local resources can also be used in infrastructure construction. One source of Martian ore currently known to be available is metallic iron in the form of nickel–iron meteorites. Iron in this form is more easily extracted than from the iron oxides that cover the planet.
Another inter-Martian trade good during colonization could be manure, as soil will be very poor for growing plants.
Solar power is a candidate for power for a Martian colony. Solar insolation (the amount of solar radiation that reaches Mars) is about 42% of that on Earth, since Mars is about 52% farther from the Sun and insolation falls off as the square of distance. However, Mars's thin atmosphere would allow almost all of that energy to reach the surface as compared to Earth, where the atmosphere absorbs roughly a quarter of the solar radiation. Sunlight on the surface of Mars would be much like a moderately cloudy day on Earth.


==== Mining the asteroid belts from Mars ====

Since Mars is much closer to the asteroid belt than Earth, it would take less Delta-v to get to the Asteroid belt and return minerals to Mars. One hypothesis is that the Moons of Mars (Phobos and Deimos) are actually asteroid captures from the Asteroid belt.
16 Psyche in the main belt could have over 10,000 quadrillion dollars worth of minerals. On October 13, 2023, NASA launched the Psyche orbiter, which is set to reach the asteroid by August 2029.
511 Davida could have $27 quadrillion worth of minerals and resources. Using the moon Phobos to launch spacecraft is energetically favorable and a useful location from which to dispatch missions to main belt asteroids.
Mining the asteroid belt from Mars and its moons could help in the colonization of Mars.


== Possible settlement locations ==


=== Poles ===
It has been proposed to set up a first base at a Martian pole, which would allow access to water.


=== Caves ===

Caves would naturally provide a degree of insulation from Martian hazards for humans on the planet. These hazards include radiation, impactor events, and the wide range in temperatures on the surface.
Mars Odyssey found what appear to be natural caves near the volcano Arsia Mons. It has been speculated that settlers could benefit from the shelter that these or similar structures could provide from radiation and micrometeoroids. Geothermal energy is also suspected in the equatorial regions.
A team of researchers which presented at Geological Society of America Connects 2022 identified some 139 caves worth exploring as potential shelters. Each was within 60 miles (100 km) of a location ideal for use as a landing site and had been imaged in high-resolution by HiRISE.


=== Lava tubes ===

Several possible Martian lava tube skylights have been located on the flanks of Arsia Mons. Earth based examples indicate that some should have lengthy passages offering complete protection from radiation and be relatively easy to seal using on-site materials, especially in small subsections.


=== Hellas Planitia ===
Hellas Planitia is the lowest lying plain below the Martian geodetic datum. The atmospheric pressure is relatively higher in this place when compared to the rest of Mars.


== Impact of human presence ==
There has been a lively discussion about how human presence on Mars would relate to possible indigenous life on Mars. More fundamentally even the very understanding of human life and in relation to extraterrestrial life, and their different worths have been discussed.


=== Planetary protection ===

Robotic spacecraft to Mars are required to be sterilized, to have at most 300,000 spores on the exterior of the craft—and more thoroughly sterilized if they contact ""special regions"" containing water, otherwise there is a risk of contaminating not only the life-detection experiments but possibly the planet itself.
It is impossible to sterilize human missions to this level, as humans are host to typically a hundred trillion microorganisms of thousands of species of the human microbiome, and these cannot be removed while preserving the life of the human. Containment seems the only option, but it is a major challenge in the event of a hard landing (i.e. crash). There have been several planetary workshops on this issue, yet no final guidelines for a way forward. Human explorers would also be vulnerable to back contamination to Earth if they become carriers of microorganisms should Mars have life.


== Political and legal context ==
In the 1967 United Nations Outer Space Treaty, it was determined that no country may take claim to space or its inhabitants. Many articles of the Outer Space Treaty prevent the legal colonization of outer space.
NASA had to deal with several cuts in funding. During the presidency of Barack Obama, the objective for NASA to reach Mars was pushed to the background. In 2017, president Donald Trump promised to return humans to the Moon and eventually Mars, and increased the NASA budget by $1.1 billion, to mostly focus on development of the new Space Launch System.
It is unforeseen how the first human landing on Mars will change the current policies regarding the exploration of space and occupancy of celestial bodies. Since the planet Mars offers a challenging environment and dangerous obstacles for humans to overcome, the laws and culture on the planet will most likely be different from those on Earth. With Elon Musk announcing his plans for travel to Mars, it is uncertain how the dynamic of a private company possibly being the first to put a human on Mars will play out on a national and global scale.


== Ethics ==
It has been argued that settling Mars may divert attention from solving problems on Earth that may also become problems on Mars, with the reasoning that plans about Mars are always about the plans we have for Earth. Jeff Bezos, founder of Blue Origin, SpaceX's competitor in commercial spaceflight, has rejected Mars colonization as a mere ""Plan B"", suggesting instead to preserve Earth through space development and moving all heavy industrial activity to space. 
It has been pointed out that the impact of human settlement on Mars, with regards to planetary protection, a crucial issue in space exploration, has not been comprehensively answered.
It has been argued that there are physical and social consequences that need to be addressed with regards to long-term survival on the surface of Mars. Former President Barack Obama has characterized Mars as more inhospitable than Earth would be ""even after a nuclear war"", with others pointing out that Earth and underground shelters on Earth could still provide better conditions and protection for more people from apocalyptic scenarios. Mars colonization has been called a 'dangerous delusion' by Lord Martin Rees, a British cosmologist/astrophysicist and the Astronomer Royal of the United Kingdom. Musk has stated that staying on Mars is a life threatening endeavor that needs to be glorious to be worth it. Exploration of Mars has also been argued to be better left to the already successful robotic missions, with crewed missions simply being too expensive, dangerous and boring.


=== Colonialism ===
Space colonization in general has been discussed as a continuation of imperialism and colonialism, especially regarding Mars colonial decision making, reasons for colonial labor and land exploitation have been questioned with postcolonial critique. Seeing the need for inclusive and democratic participation and implementation of any space and Mars exploration, infrastructure, or colonialization, many have called for dramatic sociological reforms and guarantees to prevent racism, sexism, and other forms of prejudice.
The narrative of space exploration as a ""New Frontier"" has been criticized as an unreflected continuation of settler colonialism and manifest destiny, continuing the narrative of colonial exploration as fundamental to the assumed human nature.
The predominant perspective of territorial colonization in space has been called surfacism, especially comparing advocacy for colonization of Mars opposed to Venus.


=== Dangers during pregnancy ===
One possible ethical challenge that space travelers might face is that of pregnancy during the trip. According to NASA's policies, it is forbidden for members of the crew to engage in sex in space, based on the rationale that crew members should treat each other like coworkers would in a professional environment. A pregnant member on a spacecraft would present additional hazards to herself and all others aboard. The pregnant woman and child would need additional nutrition from the rations aboard, as well as special treatment and care. The pregnancy would impinge on the pregnant crew member's duties and abilities. It is still not fully known how the environment in a spacecraft would affect the development of a child aboard. It is known however that a fetus would be more susceptible to solar radiation in space, which would likely have a negative effect on its cells and genetics. During a long trip to Mars, it is likely that members of a craft may engage in sex due to their stressful and isolated environment.


== Advocacy ==

Mars colonization is advocated by several non-governmental groups for a range of reasons and with varied proposals. One of the oldest groups is the Mars Society who promote a NASA program to accomplish human exploration of Mars and have set up Mars analog research stations in Canada and the United States. Mars to Stay advocates recycling emergency return vehicles into permanent settlements as soon as initial explorers determine permanent habitation is possible.
Elon Musk founded SpaceX with the long-term goal of developing the technologies that will enable a self-sustaining human colony on Mars. Richard Branson, in his lifetime, is ""determined to be a part of starting a population on Mars. I think it is absolutely realistic. It will happen... I think over the next 20 years,"" [from 2012] ""we will take literally hundreds of thousands of people to space and that will give us the financial resources to do even bigger things"".
Author Robert Zubrin has been a major advocate for Mars exploration and colonization for many years. He is a member of the Mars society and has authored several fiction and nonfiction books about the subject. In 1996 he wrote The Case for Mars: The Plan to Settle the Red Planet and Why We Must. He continues to advocate for Mars and space exploration with his most recent book being The Case for Space: How the Revolution in Spaceflight Opens Up a Future of Limitless Possibility.
In June 2013, Buzz Aldrin, American engineer and former astronaut, and the second person to walk on the Moon, wrote an opinion, published in The New York Times, supporting a human mission to Mars and viewing the Moon ""not as a destination but more a point of departure, one that places humankind on a trajectory to homestead Mars and become a two-planet species"". In August 2015, Aldrin, in association with the Florida Institute of Technology, presented a ""master plan"", for NASA consideration, for astronauts, with a ""tour of duty of ten years"", to colonize Mars before the year 2040.
There are critics of the project of Mars colonization. American political scientist Daniel Deudney has argued that a fully developed Mars colony represents an existential threat to humans remaining on Earth. His book, Dark Skies: Space Expansionism, Planetary Geopolitics, and the Ends of Humanity, challenges the widespread view among advocates that a Mars colony would be friendly to the interests of humans on Earth. According to Deudney, this is merely an assumption based on the largely unexamined claim that a future Mars colony will be a straightforward extension of civilization on Earth, rather than a new kind of civilization with distinct goals, values, fears and desires.


== In fiction ==

A few instances in fiction provide detailed descriptions of Mars colonization. They include:

Aria (2002–2008), by Kozue Amano
Away (2020), published by Netflix
Climbing Olympus (1994), by Kevin J. Anderson
First Landing (2002), by Robert Zubrin
For All Mankind (2019), airing originally on Apple TV+, from Series 3 onwards
Icehenge (1985), the Mars trilogy (Red Mars, Green Mars, Blue Mars, 1992–1996), and The Martians (1999), by Kim Stanley Robinson
John Carter (2012), by Mark Andrews
Man Plus (1976), by Frederik Pohl
The Martian (1992) and Return to Mars (1999), by Ben Bova
Mars (2016), by National Geographic
Mars Diaries (2000), by Sigmund Brouwer
Mars Underground (1997), by William K. Hartmann
Martian Gothic: Unification (2000), developed by Creative Reality for Microsoft Windows and Coyote Developments for PlayStation, published by TalonSoft for Microsoft Windows and Take-Two Interactive for PlayStation
Mr. Nobody (2009), by Jaco Van Dormael
Red Faction (2001), developed by Volition, published by THQ
Red Planet (1949), by Robert A. Heinlein
Surviving Mars (2018), developed by Haemimont Games, published by Paradox Interactive
Terra Formars (2011)
TerraGenesis (2016), developed by Edgeworks Entertainment, published by Tilting Point
The Expanse (2016–2021), airing originally on Syfy, then Amazon Prime
The Martian (2011), by Andy Weir (and the 2015 film, directed by Ridley Scott)
The Martian Chronicles (1950), by Ray Bradbury
The Sands of Mars (1951), by Arthur C. Clarke
The Space Between Us (2016 film), by Peter Chelsom
Tom and Jerry: Blast Off to Mars (2005), animated science fiction comedy film by Warner Bros. Animation and Turner Entertainment
Total Recall (1990), by Paul Verhoeven
We Can Remember It for You Wholesale (1966), by Philip K. Dick


== See also ==


== References ==


== Further reading ==
Aldrin, Buzz; David, Leonard (2013). Mission to Mars: My Vision for Space Exploration. National Geographic Books. ISBN 978-1-4262-1017-4. (at BuzzAldrin.com)
Robert Zubrin, The Case for Mars: The Plan to Settle the Red Planet and Why We Must, Simon & Schuster/Touchstone, 1996, ISBN 0-684-83550-9
Frank Crossman and Robert Zubrin, editors, On to Mars: Colonizing a New World. Apogee Books Space Series, 2002, ISBN 1-896522-90-4
Frank Crossman and Robert Zubrin, editors, On to Mars 2: Exploring and Settling a New World. Apogee Books Space Series, 2005, ISBN 978-1-894959-30-8
Resource Utilization Concepts for MoonMars; By Iris Fleischer, Olivia Haider, Morten W. Hansen, Robert Peckyno, Daniel Rosenberg and Robert E. Guinness; 30 September 2003; IAC Bremen, 2003 (29 Sept–03 Oct 2003) and MoonMars Workshop (26–28 September 2003, Bremen). Accessed on 18 January 2010
MARTIAN OUTPOST: The Challenges of Establishing a Human Settlement on Mars Archived June 3, 2016, at the Wayback Machine; by Erik Seedhouse; Praxis Publishing; 2009; ISBN 978-0-387-98190-1. Also see [1], [2]
Ice, mineral-rich soil could support human outpost on Mars; by Sharon Gaudin; 27 June 2008; IDG News Service
Puumala, Mikko M.; Sivula, Oskari; Lehto, Kirsi (2023). ""Moving to Mars: The Feasibility and Desirability of Mars Settlements"". Space Policy. 66 101590. Bibcode:2023SpPol..6601590P. doi:10.1016/j.spacepol.2023.101590.
Woo, Carlton Yuan Bo (2023). ""Review of the technologies and preparations required for Mars colonization"". Theoretical and Natural Science. 13: 245–250. doi:10.54254/2753-8818/13/20240854.
Neukart, Florian (2024). ""Towards sustainable horizons: A comprehensive blueprint for Mars colonization"". Heliyon. 10 (4) e26180. arXiv:2309.16806. Bibcode:2024Heliy..1026180N. doi:10.1016/j.heliyon.2024.e26180. PMC 10884476. PMID 38404830.


== External links ==

Mars Society
The Planetary Society: Mars Millennium Project
4Frontiers Corporation
The Mars Foundation – Archived March 1, 2012, at the Wayback Machine
Making Mars the New Earth – National Geographic
Should we colonize Mars? – Wikidebate in Wikiversity","The colonization of Mars is the proposed process of establishing permanent human settlements on the planet Mars. Most colonization concepts focus on settling, but colonization is a broader ethical concept, which international space law has limited, and national space programs have avoided, instead focusing on human mission to Mars for exploring the planet. The settlement of Mars would require the migration of humans to the planet, the establishment of a permanent human presence, and the exploitation of local resources. 
No crewed missions to Mars have occurred, although there have been successful robotic missions to the planet. Public space agencies (including NASA, ESA, Roscosmos, ISRO, the CNSA, among others) have explored colonization concepts, but have primarily focused on further robotic exploration of Mars and the possibility of crewed landings. Some space advocacy groups, such as the Mars Society and the National Space Society, as well as some private organizations, such as SpaceX, have promoted the idea of colonization. The prospect of settling Mars has been explored extensively in science fiction writing, film, and art.
Challenges to settlement include the intense ionizing radiation that impacts the Martian surface, and the fine, toxic dust that covers the planet. Mars has an atmosphere, but it is unbreathable and thin. Surface temperatures fluctuate widely, between −70 and 0 °C (−94 and 32 °F). While Mars has underground water and other resources, conditions do not favor power production using wind and solar; similarly, the planet has few resources for nuclear power. Mars's orbit is the third closest to Earth's orbit, though far enough from Earth that the distance would present a serious obstacle to the movement of materiel and settlers. Justifications and motivations for colonizing Mars include technological curiosity, the opportunity to conduct in-depth observational research, the possibility that the settlement of other planets could decrease the probability of human extinction, the interest in establishing a colony independent of Earth, and the potential benefits of economic exploitation of the planet's resources.

",7792,49530,2025-10-04T15:04:01.384749
musk_supplement_14,Sustainable energy,Sustainable energy,Energy transition vision,vision,https://en.wikipedia.org/wiki/Sustainable_energy,"Energy is sustainable if it ""meets the needs of the present without compromising the ability of future generations to meet their own needs."" Definitions of sustainable energy usually look at its effects on the environment, the economy, and society. These impacts range from greenhouse gas emissions and air pollution to energy poverty and toxic waste. Renewable energy sources such as wind, hydro, solar, and geothermal energy can cause environmental damage but are generally far more sustainable than fossil fuel sources.
The role of non-renewable energy sources in sustainable energy is controversial. Nuclear power does not produce carbon pollution or air pollution, but has drawbacks that include radioactive waste, the risk of nuclear proliferation, and the risk of accidents. Switching from coal to natural gas has environmental benefits, including a lower climate impact, but may lead to a delay in switching to more sustainable options. Carbon capture and storage can be built into power plants to remove their carbon dioxide (CO2) emissions, but this technology is expensive and has rarely been implemented.
Fossil fuels provide 85% of the world's energy consumption, and the energy system is responsible for 76% of global greenhouse gas emissions. Around 790 million people in developing countries lack access to electricity, and 2.6 billion rely on polluting fuels such as wood or charcoal to cook. Cooking with biomass plus fossil fuel pollution causes an estimated 7 million deaths each year. Limiting global warming to 2 °C (3.6 °F) will require transforming energy production, distribution, storage, and consumption. Universal access to clean electricity can have major benefits to the climate, human health, and the economies of developing countries. 
Climate change mitigation pathways have been proposed to limit global warming to 2 °C (3.6 °F). These include phasing out coal-fired power plants, conserving energy, producing more electricity from clean sources such as wind and solar, and switching from fossil fuels to electricity for transport and heating buildings. Power output from some renewable energy sources varies depending on when the wind blows and the sun shines. Switching to renewable energy can therefore require electrical grid upgrades, such as the addition of energy storage. Some processes that are difficult to electrify can use hydrogen fuel produced from low-emission energy sources. In the International Energy Agency's proposal for achieving net zero emissions by 2050, about 35% of the reduction in emissions depends on technologies that are still in development as of 2023. 
Wind and solar market share grew to 8.5% of worldwide electricity in 2019, and costs continue to fall. The Intergovernmental Panel on Climate Change (IPCC) estimates that 2.5% of world gross domestic product (GDP) would need to be invested in the energy system each year between 2016 and 2035 to limit global warming to 1.5 °C (2.7 °F). Governments can fund the research, development, and demonstration of new clean energy technologies. They can also build infrastructure for electrification and sustainable transport. Finally, governments can encourage clean energy deployment with policies such as carbon pricing, renewable portfolio standards, and phase-outs of fossil fuel subsidies. These policies may also increase energy security.


== Definitions and background ==


=== Definitions ===
The United Nations Brundtland Commission described the concept of sustainable development, for which energy is a key component, in its 1987 report Our Common Future. It defined sustainable development as meeting ""the needs of the present without compromising the ability of future generations to meet their own needs"". This description of sustainable development has since been referenced in many definitions and explanations of sustainable energy. 
There is no universally accepted interpretation of how the concept of sustainability applies to energy on a global scale. Working definitions of sustainable energy encompass multiple dimensions of sustainability such as environmental, economic, and social dimensions. Historically, the concept of sustainable energy development has focused on emissions and on energy security. Since the early 1990s, the concept has broadened to encompass wider social and economic issues. 
The environmental dimension of sustainability includes greenhouse gas emissions, impacts on biodiversity and ecosystems, hazardous waste and toxic emissions, water consumption, and depletion of non-renewable resources. Energy sources with low environmental impact are sometimes called green energy or clean energy. The economic dimension of sustainability covers economic development, efficient use of energy, and energy security to ensure that each country has constant access to sufficient energy. Social issues include access to affordable and reliable energy for all people, workers' rights, and land rights.


=== Environmental impacts ===

The current energy system contributes to many environmental problems, including climate change, air pollution, biodiversity loss, the release of toxins into the environment, and water scarcity. As of 2019, 85% of the world's energy needs are met by burning fossil fuels. Energy production and consumption are responsible for 76% of annual human-caused greenhouse gas emissions as of 2018. The 2015 international Paris Agreement on climate change aims to limit global warming to well below 2 °C (3.6 °F) and preferably to 1.5 °C (2.7 °F); achieving this goal will require that emissions be reduced as soon as possible and reach net-zero by mid-century.
The burning of fossil fuels and biomass is a major source of air pollution, which causes an estimated 7 million deaths each year, with the greatest attributable disease burden seen in low and middle-income countries. Fossil-fuel burning in power plants, vehicles, and factories is the main source of emissions that combine with oxygen in the atmosphere to cause acid rain. Air pollution is the second-leading cause of death from non-infectious disease. An estimated 99% of the world's population lives with levels of air pollution that exceed the World Health Organization recommended limits. 
Cooking with polluting fuels such as wood, animal dung, coal, or kerosene is responsible for nearly all indoor air pollution, which causes an estimated 1.6 to 3.8 million deaths annually, and also contributes significantly to outdoor air pollution. Health effects are concentrated among women, who are likely to be responsible for cooking, and young children.
Environmental impacts extend beyond the by-products of combustion. Oil spills at sea harm marine life and may cause fires which release toxic emissions. Around 10% of global water use goes to energy production, mainly for cooling in thermal energy plants. In dry regions, this contributes to water scarcity. Bioenergy production, coal mining and processing, and oil extraction also require large amounts of water. Excessive harvesting of wood and other combustible material for burning can cause serious local environmental damage, including desertification.


=== Sustainable development goals ===

Meeting existing and future energy demands in a sustainable way is a critical challenge for the global goal of limiting climate change while maintaining economic growth and enabling living standards to rise. Reliable and affordable energy, particularly electricity, is essential for health care, education, and economic development. As of 2020, 790 million people in developing countries do not have access to electricity, and around 2.6 billion rely on burning polluting fuels for cooking.
Improving energy access in the least-developed countries and making energy cleaner are key to achieving most of the United Nations 2030 Sustainable Development Goals, which cover issues ranging from climate action to gender equality. Sustainable Development Goal 7 calls for ""access to affordable, reliable, sustainable and modern energy for all"", including universal access to electricity and to clean cooking facilities by 2030.


== Energy conservation ==

Energy efficiency—using less energy to deliver the same goods or services, or delivering comparable services with less goods—is a cornerstone of many sustainable energy strategies. The International Energy Agency (IEA) has estimated that increasing energy efficiency could achieve 40% of greenhouse gas emission reductions needed to fulfil the Paris Agreement's goals.   
Energy can be conserved by increasing the technical efficiency of appliances, vehicles, industrial processes, and buildings. Another approach is to use fewer materials whose production requires a lot of energy, for example through better building design and recycling. Behavioural changes such as using videoconferencing rather than business flights, or making urban trips by cycling, walking or public transport rather than by car, are another way to conserve energy. Government policies to improve efficiency can include building codes, performance standards, carbon pricing, and the development of energy-efficient infrastructure to encourage changes in transport modes.
The energy intensity of the global economy (the amount of energy consumed per unit of gross domestic product (GDP)) is a rough indicator of the energy efficiency of economic production. In 2010, global energy intensity was 5.6 megajoules (1.6 kWh) per US dollar of GDP. United Nations goals call for energy intensity to decrease by 2.6% each year between 2010 and 2030. In recent years this target has not been met. For instance, between 2017 and 2018, energy intensity decreased by only 1.1%. 
Efficiency improvements often lead to a rebound effect in which consumers use the money they save to buy more energy-intensive goods and services. For example, recent technical efficiency improvements in transport and buildings have been largely offset by trends in consumer behaviour, such as selecting larger vehicles and homes.


== Sustainable energy sources ==


=== Renewable energy sources ===

Renewable energy sources are essential to sustainable energy, as they generally strengthen energy security and emit far fewer greenhouse gases than fossil fuels. Renewable energy projects sometimes raise significant sustainability concerns, such as risks to biodiversity when areas of high ecological value are converted to bioenergy production or wind or solar farms.
Hydropower is the largest source of renewable electricity while solar and wind energy are growing rapidly. Photovoltaic solar and onshore wind are the cheapest forms of new power generation capacity in most countries. For more than half of the 770 million people who currently lack access to electricity, decentralised renewable energy such as solar-powered mini-grids is likely the cheapest method of providing it by 2030. United Nations targets for 2030 include substantially increasing the proportion of renewable energy in the world's energy supply. 
According to the International Energy Agency, renewable energy sources like wind and solar power are now a commonplace source of electricity, making up 70% of all new investments made in the world's power generation. The Agency expects renewables to become the primary energy source for electricity generation globally in the next three years, overtaking coal.


==== Solar ====

The Sun is Earth's primary source of energy, a clean and abundantly available resource in many regions. In 2019, solar power provided around 3% of global electricity, mostly through solar panels based on photovoltaic cells (PV). Solar PV is expected to be the electricity source with the largest installed capacity worldwide by 2027. The panels are mounted on top of buildings or installed in utility-scale solar parks. Costs of solar photovoltaic cells have dropped rapidly, driving strong growth in worldwide capacity. The cost of electricity from new solar farms is competitive with, or in many places, cheaper than electricity from existing coal plants. Various projections of future energy use identify solar PV as one of the main sources of energy generation in a sustainable mix.
Most components of solar panels can be easily recycled, but this is not always done in the absence of regulation. Panels typically contain heavy metals, so they pose environmental risks if put in landfills. It takes fewer than two years for a solar panel to produce as much energy as was used for its production. Less energy is needed if materials are recycled rather than mined.
In concentrated solar power, solar rays are concentrated by a field of mirrors, heating a fluid. Electricity is produced from the resulting steam with a heat engine. Concentrated solar power can support dispatchable power generation, as some of the heat is typically stored to enable electricity to be generated when needed. In addition to electricity production, solar energy is used more directly; solar thermal heating systems are used for hot water production, heating buildings, drying, and desalination.


==== Wind power ====

Wind has been an important driver of development over millennia, providing mechanical energy for industrial processes, water pumps, and sailing ships. Modern wind turbines are used to generate electricity and provided approximately 6% of global electricity in 2019. Electricity from onshore wind farms is often cheaper than existing coal plants and competitive with natural gas and nuclear. Wind turbines can also be placed offshore, where winds are steadier and stronger than on land but construction and maintenance costs are higher. 
Onshore wind farms, often built in wild or rural areas, have a visual impact on the landscape. While collisions with wind turbines kill both bats and to a lesser extent birds, these impacts are lower than from other infrastructure such as windows and transmission lines. The noise and flickering light created by the turbines can cause annoyance and constrain construction near densely populated areas. Wind power, in contrast to nuclear and fossil fuel plants, does not consume water. Little energy is needed for wind turbine construction compared to the energy produced by the wind power plant itself. Turbine blades are not fully recyclable, and research into methods of manufacturing easier-to-recycle blades is ongoing.


==== Hydropower ====

Hydroelectric plants convert the energy of moving water into electricity. In 2020, hydropower supplied 17% of the world's electricity, down from a high of nearly 20% in the mid-to-late 20th century. 
In conventional hydropower, a reservoir is created behind a dam. Conventional hydropower plants provide a highly flexible, dispatchable electricity supply. They can be combined with wind and solar power to meet peaks in demand and to compensate when wind and sun are less available.
Compared to reservoir-based facilities, run-of-the-river hydroelectricity generally has less environmental impact. However, its ability to generate power depends on river flow, which can vary with daily and seasonal weather. Reservoirs provide water quantity controls that are used for flood control and flexible electricity output while also providing security during drought for drinking water supply and irrigation.
Hydropower ranks among the energy sources with the lowest levels of greenhouse gas emissions per unit of energy produced, but levels of emissions vary enormously between projects. The highest emissions tend to occur with large dams in tropical regions. These emissions are produced when the biological matter that becomes submerged in the reservoir's flooding decomposes and releases carbon dioxide and methane. Deforestation and climate change can reduce energy generation from hydroelectric dams. Depending on location, large dams can displace residents and cause significant local environmental damage; potential dam failure could place the surrounding population at risk. 


==== Geothermal ====

Geothermal energy is produced by tapping into deep underground heat and harnessing it to generate electricity or to heat water and buildings. The use of geothermal energy is concentrated in regions where heat extraction is economical: a combination is needed of high temperatures, heat flow, and permeability (the ability of the rock to allow fluids to pass through). Power is produced from the steam created in underground reservoirs. Geothermal energy provided less than 1% of global energy consumption in 2020.
Geothermal energy is a renewable resource because thermal energy is constantly replenished from neighbouring hotter regions and the radioactive decay of naturally occurring isotopes. On average, the greenhouse gas emissions of geothermal-based electricity are less than 5% that of coal-based electricity. Geothermal energy carries a risk of inducing earthquakes, needs effective protection to avoid water pollution, and releases toxic emissions which can be captured.


==== Bioenergy ====

Biomass is renewable organic material that comes from plants and animals. It can either be burned to produce heat and electricity or be converted into biofuels such as biodiesel and ethanol, which can be used to power vehicles. 
The climate impact of bioenergy varies considerably depending on where biomass feedstocks come from and how they are grown. For example, burning wood for energy releases carbon dioxide; those emissions can be significantly offset if the trees that were harvested are replaced by new trees in a well-managed forest, as the new trees will absorb carbon dioxide from the air as they grow. However, the establishment and cultivation of bioenergy crops can displace natural ecosystems, degrade soils, and consume water resources and synthetic fertilisers. 
Approximately one-third of all wood used for traditional heating and cooking in tropical areas is harvested unsustainably. Bioenergy feedstocks typically require significant amounts of energy to harvest, dry, and transport; the energy usage for these processes may emit greenhouse gases. In some cases, the impacts of land-use change, cultivation, and processing can result in higher overall carbon emissions for bioenergy compared to using fossil fuels. 
Use of farmland for growing biomass can result in less land being available for growing food. In the United States, around 10% of motor gasoline has been replaced by corn-based ethanol, which requires a significant proportion of the harvest. In Malaysia and Indonesia, clearing forests to produce palm oil for biodiesel has led to serious social and environmental effects, as these forests are critical carbon sinks and habitats for diverse species. Since photosynthesis captures only a small fraction of the energy in sunlight, producing a given amount of bioenergy requires a large amount of land compared to other renewable energy sources.
Second-generation biofuels which are produced from non-food plants or waste reduce competition with food production, but may have other negative effects including trade-offs with conservation areas and local air pollution. Relatively sustainable sources of biomass include algae, waste, and crops grown on soil unsuitable for food production. 
Carbon capture and storage technology can be used to capture emissions from bioenergy power plants. This process is known as bioenergy with carbon capture and storage (BECCS) and can result in net carbon dioxide removal from the atmosphere. However, BECCS can also result in net positive emissions depending on how the biomass material is grown, harvested, and transported. Deployment of BECCS at scales described in some climate change mitigation pathways would require converting large amounts of cropland.


==== Marine energy ====

Marine energy has the smallest share of the energy market. It includes OTEC, tidal power, which is approaching maturity, and wave power, which is earlier in its development. Two tidal barrage systems in France and in South Korea make up 90% of global production. While single marine energy devices pose little risk to the environment, the impacts of larger devices are less well known.


=== Non-renewable energy sources ===


==== Fossil fuel switching and mitigation ====
Switching from coal to natural gas has advantages in terms of sustainability. For a given unit of energy produced, the life-cycle greenhouse-gas emissions of natural gas are around 40 times the emissions of wind or nuclear energy but are much less than coal. Burning natural gas produces around half the emissions of coal when used to generate electricity and around two-thirds the emissions of coal when used to produce heat.  Natural gas combustion also produces less air pollution than coal. However, natural gas is a potent greenhouse gas in itself, and leaks during extraction and transportation can negate the advantages of switching away from coal. The technology to curb methane leaks is widely available but it is not always used. 
Switching from coal to natural gas reduces emissions in the short term and thus contributes to climate change mitigation. However, in the long term it does not provide a path to net-zero emissions. Developing natural gas infrastructure risks carbon lock-in and stranded assets, where new fossil infrastructure either commits to decades of carbon emissions, or has to be written off before it makes a profit.
The greenhouse gas emissions of fossil fuel and biomass power plants can be significantly reduced through carbon capture and storage (CCS). Most studies use a working assumption that CCS can capture 85–90% of the carbon dioxide (CO2) emissions from a power plant. Even if 90% of emitted CO2 is captured from a coal-fired power plant, its uncaptured emissions are still  many times greater than the emissions of nuclear, solar or wind energy per unit of electricity produced. 
Since coal plants using CCS are less efficient, they require more coal and thus increase the pollution associated with mining and transporting coal. CCS is one of the most expensive ways of reducing emissions in the energy sector. Deployment of this technology is very limited. As of 2024, CCS is used in only 5 power plants and in 39 other facilities.


==== Nuclear power ====

Nuclear power has been used since the 1950s as a low-carbon source of baseload electricity. Nuclear power plants in over 30 countries generate about 10% of global electricity. As of 2019, nuclear generated over a quarter of all low-carbon energy, making it the second largest source after hydropower.
Nuclear power's lifecycle greenhouse gas emissions—including the mining and processing of uranium—are similar to the emissions from renewable energy sources. Nuclear power uses little land per unit of energy produced, compared to the major renewables.  Additionally, Nuclear power does not create local air pollution. Although the uranium ore used to fuel nuclear fission plants is a non-renewable resource, enough exists to provide a supply for hundreds to thousands of years. However, uranium resources that can be accessed in an economically feasible manner, at the present state, are limited and uranium production could hardly keep up during the expansion phase. Climate change mitigation pathways consistent with ambitious goals typically see an increase in power supply from nuclear.
There is controversy over whether nuclear power is sustainable, in part due to concerns around nuclear waste, nuclear weapon proliferation, and accidents. Radioactive nuclear waste must be managed for thousands of years. For each unit of energy produced, nuclear energy has caused far fewer accidental and pollution-related deaths than fossil fuels, and the historic fatality rate of nuclear is comparable to renewable sources. Public opposition to nuclear energy often makes nuclear plants politically difficult to implement.
Reducing the time and the cost of building new nuclear plants have been goals for decades but costs remain high and timescales long. Various new forms of nuclear energy are in development, hoping to address the drawbacks of conventional plants. Fast breeder reactors are capable of recycling nuclear waste and therefore can significantly reduce the amount of waste that requires geological disposal, but have not yet been deployed on a large-scale commercial basis. Nuclear power based on thorium (rather than uranium) may be able to provide higher energy security for countries that do not have a large supply of uranium. Small modular reactors may have several advantages over current large reactors: It should be possible to build them faster and their modularization would allow for cost reductions via learning-by-doing. They are also considered safer to use than traditional power plants.
Several countries are attempting to develop nuclear fusion reactors, which would generate small amounts of waste and no risk of explosions. Although fusion power has taken steps forward in the lab, the multi-decade timescale needed to bring it to commercialization and then scale means it will not contribute to a 2050 net zero goal for climate change mitigation.


== Energy system transformation ==


=== Decarbonisation of the global energy system ===
The emissions reductions necessary to keep global warming below 2 °C will require a system-wide transformation of the way energy is produced, distributed, stored, and consumed. For a society to replace one form of energy with another, multiple technologies and behaviours in the energy system must change. For example, transitioning from oil to solar power as the energy source for cars requires the generation of solar electricity, modifications to the electrical grid to accommodate fluctuations in solar panel output or the introduction of variable battery chargers and higher overall demand, adoption of electric cars, and networks of electric vehicle charging facilities and repair shops.   
Many climate change mitigation pathways envision three main aspects of a low-carbon energy system: 

The use of low-emission energy sources to produce electricity
Electrification – that is increased use of electricity instead of directly burning fossil fuels
Accelerated adoption of energy efficiency measures
Some energy-intensive technologies and processes are difficult to electrify, including aviation, shipping, and steelmaking. There are several options for reducing the emissions from these sectors: biofuels and synthetic carbon-neutral fuels can power many vehicles that are designed to burn fossil fuels, however biofuels cannot be sustainably produced in the quantities needed and synthetic fuels are currently very expensive. For some applications, the most prominent alternative to electrification is to develop a system based on sustainably-produced hydrogen fuel.    
Full decarbonisation of the global energy system is expected to take several decades and can mostly be achieved with existing technologies.  In the IEA's proposal for achieving net zero emissions by 2050, about 35% of the reduction in emissions depends on technologies that are still in development as of 2023. Technologies that are relatively immature include batteries  and processes to create carbon-neutral fuels. Developing new technologies requires research and development, demonstration, and cost reductions via deployment.
The transition to a zero-carbon energy system will bring strong co-benefits for human health: The World Health Organization estimates that efforts to limit global warming to 1.5 °C could save millions of lives each year from reductions to air pollution alone. With good planning and management, pathways exist to provide universal access to electricity and clean cooking by 2030 in ways that are consistent with climate goals. Historically, several countries have made rapid economic gains through coal usage. However, there remains a window of opportunity for many poor countries and regions to ""leapfrog"" fossil fuel dependency by developing their energy systems based on renewables, given adequate international investment and knowledge transfer.


=== Integrating variable energy sources ===

To deliver reliable electricity from variable renewable energy sources such as wind and solar, electrical power systems require flexibility. Most electrical grids were constructed for non-intermittent energy sources such as coal-fired power plants. As larger amounts of solar and wind energy are integrated into the grid, changes have to be made to the energy system to ensure that the supply of electricity is matched to demand. In 2019, these sources generated 8.5% of worldwide electricity, a share that has grown rapidly.
There are various ways to make the electricity system more flexible. In many places, wind and solar generation are complementary on a daily and a seasonal scale: there is more wind during the night and in winter when solar energy production is low. Linking different geographical regions through long-distance transmission lines allows for further cancelling out of variability. Energy demand can be shifted in time through energy demand management and the use of smart grids, matching the times when variable energy production is highest. With grid energy storage, energy produced in excess can be released when needed. Further flexibility could be provided from sector coupling, that is coupling the electricity sector to the heat and mobility sector via power-to-heat-systems and electric vehicles.
Building overcapacity for wind and solar generation can help ensure that enough electricity is produced even during poor weather. In optimal weather, energy generation may have to be curtailed if excess electricity cannot be used or stored. The final demand-supply mismatch may be covered by using dispatchable energy sources such as hydropower, bioenergy, or natural gas.


==== Energy storage ====

Energy storage helps overcome barriers to intermittent renewable energy and is an important aspect of a sustainable energy system. The most commonly used and available storage method is pumped-storage hydroelectricity, which requires locations with large differences in height and access to water. Batteries, especially lithium-ion batteries, are also deployed widely.  Batteries typically store electricity for short periods; research is ongoing into technology with sufficient capacity to last through seasons. 
Costs of utility-scale batteries in the US have fallen by around 70% since 2015, however the cost and low energy density of batteries makes them impractical for the very large energy storage needed to balance inter-seasonal  variations in energy production. Pumped hydro storage and power-to-gas (converting electricity to gas and back) with capacity for multi-month usage has been implemented in some locations. According to the International Energy Agency (IEA), global battery storage capacity is expected to increase nearly 15-fold between 2021 and 2030, driven by falling costs and increased investment in clean infrastructure.


=== Electrification ===

Compared to the rest of the energy system, emissions can be reduced much faster in the electricity sector. As of 2019, 37% of global electricity is produced from low-carbon sources (renewables and nuclear energy). Fossil fuels, primarily coal, produce the rest of the electricity supply. One of the easiest and fastest ways to reduce greenhouse gas emissions is to phase out coal-fired power plants and increase renewable electricity generation.  
Climate change mitigation pathways envision extensive electrification—the use of electricity as a substitute for the direct burning of fossil fuels for heating buildings and for transport. Ambitious climate policy would see a doubling of energy share consumed as electricity by 2050, from 20% in 2020. 
One of the challenges in providing universal access to electricity is distributing power to rural areas. Off-grid and mini-grid systems based on renewable energy, such as small solar PV installations that generate and store enough electricity for a village, are important solutions. Wider access to reliable electricity would lead to less use of kerosene lighting and diesel generators, which are currently common in the developing world. 
Infrastructure for generating and storing renewable electricity requires minerals and metals, such as cobalt and lithium for batteries and copper for solar panels. Recycling can meet some of this demand if product lifecycles are well-designed, however achieving net zero emissions would still require major increases in mining for 17 types of metals and minerals. A small group of countries or companies sometimes dominate the markets for these commodities, raising geopolitical concerns. Most of the world's cobalt, for instance, is mined in the Democratic Republic of the Congo, a politically unstable region where mining is often associated with human rights risks. More diverse geographical sourcing may ensure a more flexible and less brittle supply chain.


=== Hydrogen ===

Hydrogen gas is widely discussed as a fuel with potential to reduce greenhouse gas emissions. This requires hydrogen to be produced cleanly, in quantities to supply in sectors and applications where cheaper and more energy efficient mitigation alternatives are limited. These applications include heavy industry and long-distance transport.
Hydrogen can be deployed as an energy source in fuel cells to produce electricity, or via combustion to generate heat. When hydrogen is consumed in fuel cells, the only emission at the point of use is water vapour. Combustion of hydrogen can lead to the thermal formation of harmful nitrogen oxides. The overall lifecycle emissions of hydrogen depend on how it is produced. Nearly all of the world's current supply of hydrogen is created from fossil fuels.
The main method of producing hydrogen is steam methane reforming, in which hydrogen is produced from a chemical reaction between steam and methane, the main component of natural gas. Producing one tonne of hydrogen through this process emits 6.6–9.3 tonnes of carbon dioxide. While carbon capture and storage (CCS) could remove a large fraction of these emissions, the overall carbon footprint of hydrogen from natural gas is difficult to assess as of 2021, in part because of emissions (including vented and fugitive methane) created in the production of the natural gas itself. 
Electricity can be used to split water molecules, producing sustainable hydrogen provided the electricity was generated sustainably. However, this electrolysis process is currently more expensive than creating hydrogen from methane without CCS and the efficiency of energy conversion is inherently low. Hydrogen can be produced when there is a surplus of variable renewable electricity, then stored and used to generate heat or to re-generate electricity. It can be further transformed into liquid fuels such as green ammonia and green methanol. Innovation in hydrogen electrolysers could make large-scale production of hydrogen from electricity more cost-competitive.  
Hydrogen fuel can produce the intense heat required for industrial production of steel, cement, glass, and chemicals, thus contributing to the decarbonisation of industry alongside other technologies, such as electric arc furnaces for steelmaking. For steelmaking, hydrogen can function as a clean fuel and simultaneously as a low-carbon catalyst replacing coal-derived coke. Hydrogen used to decarbonise transportation is likely to find its largest applications in shipping, aviation and to a lesser extent heavy goods vehicles. For light duty vehicles including passenger cars, hydrogen is far behind other alternative fuel vehicles, especially compared with the rate of adoption of battery electric vehicles, and may not play a significant role in future.
Disadvantages of hydrogen as a fuel include high costs of storage and distribution due to hydrogen's explosivity, its large volume compared to other fuels, and its tendency to make pipes brittle.


=== Energy usage technologies ===


==== Transport ====

Transport accounts for 14% of global greenhouse gas emissions, but there are multiple ways to make transport more sustainable. Public transport typically emits fewer greenhouse gases per passenger than personal vehicles, since trains and buses can carry many more passengers at once. Short-distance flights can be replaced by high-speed rail, which is more efficient, especially when electrified. Promoting non-motorised transport such as walking and cycling, particularly in cities, can make transport cleaner and healthier. 
The energy efficiency of cars has increased over time, but shifting to electric vehicles is an important further step towards decarbonising transport and reducing air pollution. A large proportion of traffic-related air pollution consists of particulate matter from road dust and the wearing-down of tyres and brake pads. Substantially reducing pollution from these non-tailpipe sources cannot be achieved by electrification; it requires measures such as making vehicles lighter and driving them less. Light-duty cars in particular are a prime candidate for decarbonization using battery technology. 25% of the world's CO2 emissions still originate from the transportation sector.    
Long-distance freight transport and aviation are difficult sectors to electrify with current technologies, mostly because of the weight of batteries needed for long-distance travel, battery recharging times, and limited battery lifespans.  Where available, freight transport by ship and rail is generally more sustainable than by air and by road. Hydrogen vehicles may be an option for larger vehicles such as lorries. Many of the techniques needed to lower emissions from shipping and aviation are still early in their development, with ammonia (produced from hydrogen) a promising candidate for shipping fuel. Aviation biofuel may be one of the better uses of bioenergy if emissions are captured and stored during manufacture of the fuel.


==== Buildings ====

Over one-third of energy use is in buildings and their construction. To heat buildings, alternatives to burning fossil fuels and biomass include electrification through heat pumps or electric heaters, geothermal energy, central solar heating, reuse of waste heat, and seasonal thermal energy storage. Heat pumps provide both heat and air conditioning through a single appliance. The IEA estimates heat pumps could provide over 90% of space and water heating requirements globally.

A highly efficient way to heat buildings is through district heating, in which heat is generated in a centralised location and then distributed to multiple buildings through insulated pipes. Traditionally, most district heating systems have used fossil fuels, but modern and cold district heating systems are designed to use high shares of renewable energy.Cooling of buildings can be made more efficient through passive building design, planning that minimises the urban heat island effect, and district cooling systems that cool multiple buildings with piped cold water. Air conditioning requires large amounts of electricity and is not always affordable for poorer households. Some air conditioning units still use refrigerants that are greenhouse gases, as some countries have not ratified the Kigali Amendment to only use climate-friendly refrigerants.


==== Cooking ====
In developing countries where populations suffer from energy poverty, polluting fuels such as wood or animal dung are often used for cooking. Cooking with these fuels is generally unsustainable, because they release harmful smoke and because harvesting wood can lead to forest degradation. The universal adoption of clean cooking facilities, which are already ubiquitous in rich countries, would dramatically improve health and have minimal negative effects on climate. Clean cooking facilities, e.g. cooking facilities that produce less indoor soot, typically use natural gas, liquefied petroleum gas (both of which consume oxygen and produce carbon-dioxide) or electricity as the energy source; biogas systems are a promising alternative in some contexts. Improved cookstoves that burn biomass more efficiently than traditional stoves are an interim solution where transitioning to clean cooking systems is difficult.


==== Industry ====
Over one-third of energy use is by industry. Most of that energy is deployed in thermal processes: generating heat, drying, and refrigeration. The share of renewable energy in industry was 14.5% in 2017—mostly low-temperature heat supplied by bioenergy and electricity. The most energy-intensive activities in industry have the lowest shares of renewable energy, as they face limitations in generating heat at temperatures over 200 °C (390 °F).
For some industrial processes, commercialisation of technologies that have not yet been built or operated at full scale will be needed to eliminate greenhouse gas emissions. Steelmaking, for instance, is difficult to electrify because it traditionally uses coke, which is derived from coal, both to create very high-temperature heat and as an ingredient in the steel itself. The production of plastic, cement, and fertilisers also requires significant amounts of energy, with limited possibilities available to decarbonise. A switch to a circular economy would make industry more sustainable as it involves recycling more and thereby using less energy compared to investing energy to mine and refine new raw materials.


== Government policies ==

Well-designed government policies that promote energy system transformation can lower greenhouse gas emissions and improve air quality simultaneously, and in many cases can also increase energy security and lessen the financial burden of using energy.


=== Regulations ===
Environmental regulations have been used since the 1970s to promote more sustainable use of energy. Some governments have committed to dates for phasing out coal-fired power plants and ending new fossil fuel exploration. Governments can require that new cars produce zero emissions, or new buildings are heated by electricity instead of gas. Renewable portfolio standards in several countries require utilities to increase the percentage of electricity they generate from renewable sources.
Governments can accelerate energy system transformation by leading the development of infrastructure such as long-distance electrical transmission lines, smart grids, and hydrogen pipelines.  In transport, appropriate infrastructure and incentives can make travel more efficient and less car-dependent. Urban planning that discourages sprawl can reduce energy use in local transport and buildings while enhancing quality of life. Government-funded research, procurement, and incentive policies have historically been critical to the development and maturation of clean energy technologies, such as solar and lithium batteries. In the IEA's scenario for a net zero-emission energy system by 2050, public funding is rapidly mobilised to bring a range of newer technologies to the demonstration phase and to encourage deployment.


=== Carbon pricing ===
Carbon pricing (such as a tax on CO2 emissions) gives industries and consumers an incentive to reduce emissions while letting them choose how to do so. For example, they can shift to low-emission energy sources, improve energy efficiency, or reduce their use of energy-intensive products and services. Carbon pricing has encountered strong political pushback in some jurisdictions, whereas energy-specific policies tend to be politically safer. Most studies indicate that to limit global warming to 1.5 °C, carbon pricing would need to be complemented by stringent energy-specific policies. 
As of 2019, the price of carbon in most regions is too low to achieve the goals of the Paris Agreement. Carbon taxes provide a source of revenue that can be used to lower other taxes or help lower-income households afford higher energy costs. Some governments, such as the EU and the UK, are exploring the use of carbon border adjustments. These place tariffs on imports from countries with less stringent climate policies, to ensure that industries subject to internal carbon prices remain competitive.


=== Pace ===
The scale and pace of policy reforms that have been initiated as of 2020 are far less than needed to fulfil the climate goals of the Paris Agreement. In addition to domestic policies, greater international cooperation is required to accelerate innovation and to assist poorer countries in establishing a sustainable path to full energy access.
Countries may support renewables to create jobs. The International Labour Organization estimates that efforts to limit global warming to 2 °C would result in net job creation in most sectors of the economy. It predicts that 24 million new jobs would be created by 2030 in areas such as renewable electricity generation, improving energy-efficiency in buildings, and the transition to electric vehicles. Six million jobs would be lost, in sectors such as mining and fossil fuels. Governments can make the transition to sustainable energy more politically and socially feasible by ensuring a just transition for workers and regions that depend on the fossil fuel industry, to ensure they have alternative economic opportunities.


== Finance ==

Raising enough money for innovation and investment is a prerequisite for the energy transition. The IPCC estimates that to limit global warming to 1.5 °C, US$2.4 trillion would need to be invested in the energy system each year between 2016 and 2035. Most studies project that these costs, equivalent to 2.5% of world GDP, would be small compared to the economic and health benefits. Average annual investment in low-carbon energy technologies and energy efficiency would need to be six times more by 2050 compared to 2015. Underfunding is particularly acute in the least developed countries, which are not attractive to the private sector. 
The United Nations Framework Convention on Climate Change estimates that climate financing totalled $681 billion in 2016. Most of this is private-sector investment in renewable energy deployment, public-sector investment in sustainable transport, and private-sector investment in energy efficiency. The Paris Agreement includes a pledge of an extra $100 billion per year from developed countries to poor countries, to do climate change mitigation and adaptation. This goal has not been met and measurement of progress has been hampered by unclear accounting rules. If energy-intensive businesses like chemicals, fertilizers, ceramics, steel, and non-ferrous metals invest significantly in R&D, its usage in industry might amount to between 5% and 20% of all energy used.
Fossil fuel funding and subsidies are a significant barrier to the energy transition. Direct global fossil fuel subsidies were $319 billion in 2017. This rises to $5.2 trillion when indirect costs are priced in, like the effects of air pollution. Ending these could lead to a 28% reduction in global carbon emissions and a 46% reduction in air pollution deaths. Funding for clean energy has been largely unaffected by the COVID-19 pandemic, and pandemic-related economic stimulus packages offer possibilities for a green recovery.


== References ==


=== Sources ===


== External links ==","Energy is sustainable if it ""meets the needs of the present without compromising the ability of future generations to meet their own needs."" Definitions of sustainable energy usually look at its effects on the environment, the economy, and society. These impacts range from greenhouse gas emissions and air pollution to energy poverty and toxic waste. Renewable energy sources such as wind, hydro, solar, and geothermal energy can cause environmental damage but are generally far more sustainable than fossil fuel sources.
The role of non-renewable energy sources in sustainable energy is controversial. Nuclear power does not produce carbon pollution or air pollution, but has drawbacks that include radioactive waste, the risk of nuclear proliferation, and the risk of accidents. Switching from coal to natural gas has environmental benefits, including a lower climate impact, but may lead to a delay in switching to more sustainable options. Carbon capture and storage can be built into power plants to remove their carbon dioxide (CO2) emissions, but this technology is expensive and has rarely been implemented.
Fossil fuels provide 85% of the world's energy consumption, and the energy system is responsible for 76% of global greenhouse gas emissions. Around 790 million people in developing countries lack access to electricity, and 2.6 billion rely on polluting fuels such as wood or charcoal to cook. Cooking with biomass plus fossil fuel pollution causes an estimated 7 million deaths each year. Limiting global warming to 2 °C (3.6 °F) will require transforming energy production, distribution, storage, and consumption. Universal access to clean electricity can have major benefits to the climate, human health, and the economies of developing countries. 
Climate change mitigation pathways have been proposed to limit global warming to 2 °C (3.6 °F). These include phasing out coal-fired power plants, conserving energy, producing more electricity from clean sources such as wind and solar, and switching from fossil fuels to electricity for transport and heating buildings. Power output from some renewable energy sources varies depending on when the wind blows and the sun shines. Switching to renewable energy can therefore require electrical grid upgrades, such as the addition of energy storage. Some processes that are difficult to electrify can use hydrogen fuel produced from low-emission energy sources. In the International Energy Agency's proposal for achieving net zero emissions by 2050, about 35% of the reduction in emissions depends on technologies that are still in development as of 2023. 
Wind and solar market share grew to 8.5% of worldwide electricity in 2019, and costs continue to fall. The Intergovernmental Panel on Climate Change (IPCC) estimates that 2.5% of world gross domestic product (GDP) would need to be invested in the energy system each year between 2016 and 2035 to limit global warming to 1.5 °C (2.7 °F). Governments can fund the research, development, and demonstration of new clean energy technologies. They can also build infrastructure for electrification and sustainable transport. Finally, governments can encourage clean energy deployment with policies such as carbon pricing, renewable portfolio standards, and phase-outs of fossil fuel subsidies. These policies may also increase energy security.

",7082,47331,2025-10-04T15:04:05.290556
musk_supplement_15,Artificial general intelligence,Artificial general intelligence,AI development and safety,ai,https://en.wikipedia.org/wiki/Artificial_general_intelligence,"Artificial general intelligence (AGI)—sometimes called human‑level intelligence AI—is a type of artificial intelligence that would match or surpass human capabilities across virtually all cognitive tasks.
Some researchers argue that state‑of‑the‑art large language models (LLMs) already exhibit signs of AGI‑level capability, while others maintain that genuine AGI has not yet been achieved. Beyond AGI, artificial superintelligence (ASI) would outperform the best human abilities across every domain by a wide margin.
Unlike artificial narrow intelligence (ANI), whose competence is confined to well‑defined tasks, an AGI system can generalise knowledge, transfer skills between domains, and solve novel problems without task‑specific reprogramming. The concept does not, in principle, require the system to be an autonomous agent; a static model—such as a highly capable large language model—or an embodied robot could both satisfy the definition so long as human‑level breadth and proficiency are achieved.
Creating AGI is a primary goal of AI research and of companies such as OpenAI, Google, xAI, and Meta. A 2020 survey identified 72 active AGI research and development projects across 37 countries.
The timeline for achieving human‑level intelligence AI remains deeply contested. Recent surveys of AI researchers give median forecasts ranging from the late 2020s to mid‑century, while still recording significant numbers who expect arrival much sooner—or never at all. There is debate on the exact definition of AGI and regarding whether modern LLMs such as GPT-4 are early forms of emerging AGI. AGI is a common topic in science fiction and futures studies.
Contention exists over whether AGI represents an existential risk. Many AI experts have stated that mitigating the risk of human extinction posed by AGI should be a global priority. Others find the development of AGI to be in too remote a stage to present such a risk.


== Terminology ==
AGI is also known as strong AI, full AI, human-level AI, human-level intelligent AI, or general intelligent action.
Some academic sources reserve the term ""strong AI"" for computer programs that will experience sentience or consciousness. In contrast, weak AI (or narrow AI) is able to solve one specific problem but lacks general cognitive abilities. Some academic sources use ""weak AI"" to refer more broadly to any programs that neither experience consciousness nor have a mind in the same sense as humans.
Related concepts include artificial superintelligence and transformative AI. An artificial superintelligence (ASI) is a hypothetical type of AGI that is much more generally intelligent than humans, while the notion of transformative AI relates to AI having a large impact on society, for example, similar to the agricultural or industrial revolution.
A framework for classifying AGI by performance and autonomy was proposed in 2023 by Google DeepMind researchers. They define five performance levels of AGI: emerging, competent, expert, virtuoso, and superhuman. For example, a competent AGI is defined as an AI that outperforms 50% of skilled adults in a wide range of non-physical tasks, and a superhuman AGI (i.e. an artificial superintelligence) is similarly defined but with a threshold of 100%. They consider large language models like ChatGPT or LLaMA 2 to be instances of emerging AGI (comparable to unskilled humans). Regarding the autonomy of AGI and associated risks, they define five levels: tool (fully in human control), consultant, collaborator, expert, and agent (fully autonomous).


== Characteristics ==

Various popular definitions of intelligence have been proposed. One of the leading proposals is the Turing test. However, there are other well-known definitions, and some researchers disagree with the more popular approaches.


=== Intelligence traits ===
Researchers generally hold that a system is required to do all of the following to be regarded as an AGI:

reason, use strategy, solve puzzles, and make judgments under uncertainty
represent knowledge, including common sense knowledge
plan
learn
communicate in natural language
if necessary, integrate these skills in completion of any given goal
Many interdisciplinary approaches (e.g. cognitive science, computational intelligence, and decision making) consider additional traits such as imagination (the ability to form novel mental images and concepts) and autonomy.
Computer-based systems that exhibit many of these capabilities exist (e.g. see computational creativity, automated reasoning, decision support system, robot, evolutionary computation, intelligent agent). There is debate about whether modern AI systems possess them to an adequate degree.


=== Physical traits ===
Other capabilities are considered desirable in intelligent systems, as they may affect intelligence or aid in its expression. These include:

the ability to sense (e.g. see, hear, etc.), and
the ability to act (e.g. move and manipulate objects, change location to explore, etc.)
This includes the ability to detect and respond to hazard.
Although the ability to sense (e.g. see, hear, etc.) and the ability to act (e.g. move and manipulate objects, change location to explore, etc.) can be desirable for some intelligent systems, these physical capabilities are not strictly required for an entity to qualify as AGI—particularly under the thesis that large language models (LLMs) may already be or become AGI. Even from a less optimistic perspective on LLMs, there is no firm requirement for an AGI to have a human-like form; being a silicon-based computational system is sufficient, provided it can process input (language) from the external world in place of human senses. This interpretation aligns with the understanding that AGI has never been proscribed a particular physical embodiment and thus does not demand a capacity for locomotion or traditional ""eyes and ears"". It can be regarded as sufficient for an intelligent computer to interact with other systems, to invoke or regulate them, to achieve specific goals, including altering a physical environment, as the fictional HAL 9000 in the motion picture 2001: A Space Odyssey was both programmed and tasked to.


=== Tests for human-level AGI ===
Several tests meant to confirm human-level AGI have been considered, including:

The Turing Test (Turing)
Proposed by Alan Turing in his 1950 paper ""Computing Machinery and Intelligence"", this test involves a human judge engaging in natural language conversations with both a human and a machine designed to generate human-like responses. The machine passes the test if it can convince the judge it is human a significant fraction of the time. Turing proposed this as a practical measure of machine intelligence, focusing on the ability to produce human-like responses rather than on the internal workings of the machine.
Turing described the test as follows:
The idea of the test is that the machine has to try and pretend to be a man, by answering questions put to it, and it will only pass if the pretence is reasonably convincing. A considerable portion of a jury, who should not be expert about machines, must be taken in by the pretence.
In 2014, a chatbot named Eugene Goostman, designed to imitate a 13-year-old Ukrainian boy, reportedly passed a Turing Test event by convincing 33% of judges that it was human. However, this claim was met with significant skepticism from the AI research community, who questioned the test's implementation and its relevance to AGI.
In 2023, it was claimed that ""AI is closer to ever"" to passing the Turing test, though the article's authors reinforced that imitation (as ""large language models"" ever closer to passing the test are built upon) is not synonymous with ""intelligence"". Further, as AI intelligence and human intelligence may differ, ""passing the Turing test is good evidence a system is intelligent, failing it is not good evidence a system is not intelligent.""
A 2024 study suggested that GPT-4 was identified as human 54% of the time in a randomized, controlled version of the Turing Test—surpassing older chatbots like ELIZA while still falling behind actual humans (67%).
A 2025 pre‑registered, three‑party Turing‑test study by Cameron R. Jones and Benjamin K. Bergen showed that GPT-4.5 was judged to be the human in 73% of five‑minute text conversations—surpassing the 67% humanness rate of real confederates and meeting the researchers' criterion for having passed the test.
The Robot College Student Test (Goertzel)
A machine enrolls in a university, taking and passing the same classes that humans would, and obtaining a degree. LLMs can now pass university degree-level exams without even attending the classes.
The Employment Test (Nilsson)
A machine performs an economically important job at least as well as humans in the same job. AIs are now replacing humans in many roles as varied as fast food and marketing.
The Ikea test (Marcus)
Also known as the Flat Pack Furniture Test. An AI views the parts and instructions of an Ikea flat-pack product, then controls a robot to assemble the furniture correctly.
The Coffee Test (Wozniak)
A machine is required to enter an average American home and figure out how to make coffee: find the coffee machine, find the coffee, add water, find a mug, and brew the coffee by pushing the proper buttons. Robots developed by Figure AI and other robotics companies can perform tasks like this.
The Modern Turing Test (Suleyman)
An AI model is given $100,000 and has to obtain $1 million.


=== AI-complete problems ===

A problem is informally called ""AI-complete"" or ""AI-hard"" if it is believed that in order to solve it, one would need to implement AGI, because the solution is beyond the capabilities of a purpose-specific algorithm.
There are many problems that have been conjectured to require general intelligence to solve as well as humans. Examples include computer vision, natural language understanding, and dealing with unexpected circumstances while solving any real-world problem. Even a specific task like translation requires a machine to read and write in both languages, follow the author's argument (reason), understand the context (knowledge), and faithfully reproduce the author's original intent (social intelligence). All of these problems need to be solved simultaneously in order to reach human-level machine performance.
However, many of these tasks can now be performed by modern large language models. According to Stanford University's 2024 AI index, AI has reached human-level performance on many benchmarks for reading comprehension and visual reasoning.


== History ==


=== Classical AI ===

Modern AI research began in the mid-1950s. The first generation of AI researchers were convinced that artificial general intelligence was possible and that it would exist in just a few decades. AI pioneer Herbert A. Simon wrote in 1965: ""machines will be capable, within twenty years, of doing any work a man can do.""
Their predictions were the inspiration for Stanley Kubrick and Arthur C. Clarke's fictional character HAL 9000, who embodied what AI researchers believed they could create by the year 2001. AI pioneer Marvin Minsky was a consultant on the project of making HAL 9000 as realistic as possible according to the consensus predictions of the time. He said in 1967, ""Within a generation... the problem of creating 'artificial intelligence' will substantially be solved"".
Several classical AI projects, such as Doug Lenat's Cyc project (that began in 1984), and Allen Newell's Soar project, were directed at AGI.
However, in the early 1970s, it became obvious that researchers had grossly underestimated the difficulty of the project. Funding agencies became skeptical of AGI and put researchers under increasing pressure to produce useful ""applied AI"". In the early 1980s, Japan's Fifth Generation Computer Project revived interest in AGI, setting out a ten-year timeline that included AGI goals like ""carry on a casual conversation"". In response to this and the success of expert systems, both industry and government pumped money into the field. However, confidence in AI spectacularly collapsed in the late 1980s, and the goals of the Fifth Generation Computer Project were never fulfilled. For the second time in 20 years, AI researchers who predicted the imminent achievement of AGI had been mistaken. By the 1990s, AI researchers had a reputation for making vain promises. They became reluctant to make predictions at all and avoided mention of ""human level"" artificial intelligence for fear of being labeled ""wild-eyed dreamer[s]"".


=== Narrow AI research ===

In the 1990s and early 21st century, mainstream AI achieved commercial success and academic respectability by focusing on specific sub-problems where AI can produce verifiable results and commercial applications, such as speech recognition and recommendation algorithms. These ""applied AI"" systems are now used extensively throughout the technology industry, and research in this vein is heavily funded in both academia and industry. As of 2018, development in this field was considered an emerging trend, and a mature stage was expected to be reached in more than 10 years.

At the turn of the century, many mainstream AI researchers hoped that strong AI could be developed by combining programs that solve various sub-problems. Hans Moravec wrote in 1988: I am confident that this bottom-up route to artificial intelligence will one day meet the traditional top-down route more than half way, ready to provide the real-world competence and the commonsense knowledge that has been so frustratingly elusive in reasoning programs. Fully intelligent machines will result when the metaphorical golden spike is driven uniting the two efforts.
However, even at the time, this was disputed. For example, Stevan Harnad of Princeton University concluded his 1990 paper on the symbol grounding hypothesis by stating: The expectation has often been voiced that ""top-down"" (symbolic) approaches to modeling cognition will somehow meet ""bottom-up"" (sensory) approaches somewhere in between. If the grounding considerations in this paper are valid, then this expectation is hopelessly modular and there is really only one viable route from sense to symbols: from the ground up. A free-floating symbolic level like the software level of a computer will never be reached by this route (or vice versa) – nor is it clear why we should even try to reach such a level, since it looks as if getting there would just amount to uprooting our symbols from their intrinsic meanings (thereby merely reducing ourselves to the functional equivalent of a programmable computer).


=== Modern artificial general intelligence research ===
The term ""artificial general intelligence"" was used as early as 1997, by Mark Gubrud in a discussion of the implications of fully automated military production and operations. A mathematical formalism of AGI was proposed by Marcus Hutter in 2000. Named AIXI, the proposed AGI agent maximises ""the ability to satisfy goals in a wide range of environments"". This type of AGI, characterized by the ability to maximise a mathematical definition of intelligence rather than exhibit human-like behaviour, was also called universal artificial intelligence.
The term AGI was re-introduced and popularized by Shane Legg and Ben Goertzel around 2002. AGI research activity in 2006 was described by Pei Wang and Ben Goertzel as ""producing publications and preliminary results"". The first summer school on AGI was organized in Xiamen, China in 2009 by the Xiamen university's Artificial Brain Laboratory and OpenCog. The first university course was given in 2010 and 2011 at Plovdiv University, Bulgaria by Todor Arnaudov. The Massachusetts Institute of Technology (MIT) presented a course on AGI in 2018, organized by Lex Fridman and featuring a number of guest lecturers.
As of 2023, a small number of computer scientists are active in AGI research, and many contribute to a series of AGI conferences. However, increasingly more researchers are interested in open-ended learning, which is the idea of allowing AI to continuously learn and innovate like humans do.


=== Feasibility ===

As of 2023, the development and potential achievement of AGI remains a subject of intense debate within the AI community. While traditional consensus held that AGI was a distant goal, recent advancements have led some researchers and industry figures to claim that early forms of AGI may already exist. AI pioneer Herbert A. Simon speculated in 1965 that ""machines will be capable, within twenty years, of doing any work a man can do"". This prediction failed to come true. Microsoft co-founder Paul Allen believed that such intelligence is unlikely in the 21st century because it would require ""unforeseeable and fundamentally unpredictable breakthroughs"" and a ""scientifically deep understanding of cognition"". Writing in The Guardian, roboticist Alan Winfield claimed in 2014 that the gulf between modern computing and human-level artificial intelligence is as wide as the gulf between current space flight and practical faster-than-light spaceflight.
A further challenge is the lack of clarity in defining what intelligence entails. Does it require consciousness? Must it display the ability to set goals as well as pursue them? Is it purely a matter of scale such that if model sizes increase sufficiently, intelligence will emerge? Are facilities such as planning, reasoning, and causal understanding required? Does intelligence require explicitly replicating the brain and its specific faculties? Does it require emotions?
Most AI researchers believe strong AI can be achieved in the future, but some thinkers, like Hubert Dreyfus and Roger Penrose, deny the possibility of achieving strong AI.  John McCarthy is among those who believe human-level AI will be accomplished, but that the present level of progress is such that a date cannot accurately be predicted. AI experts' views on the feasibility of AGI wax and wane. Four polls conducted in 2012 and 2013 suggested that the median estimate among experts for when they would be 50% confident AGI would arrive was 2040 to 2050, depending on the poll, with the mean being 2081. Of the experts, 16.5% answered with ""never"" when asked the same question but with a 90% confidence instead. Further current AGI progress considerations can be found above Tests for confirming human-level AGI.
A report by Stuart Armstrong and Kaj Sotala of the Machine Intelligence Research Institute found that ""over [a] 60-year time frame there is a strong bias towards predicting the arrival of human-level AI as between 15 and 25 years from the time the prediction was made"". They analyzed 95 predictions made between 1950 and 2012 on when human-level AI will come about.
In 2023, Microsoft researchers published a detailed evaluation of GPT-4. They concluded: ""Given the breadth and depth of GPT-4's capabilities, we believe that it could reasonably be viewed as an early (yet still incomplete) version of an artificial general intelligence (AGI) system."" Another study in 2023 reported that GPT-4 outperforms 99% of humans on the Torrance tests of creative thinking.
Blaise Agüera y Arcas and Peter Norvig wrote in 2023 the article ""Artificial General Intelligence Is Already Here"", arguing that frontier models had already achieved a significant level of general intelligence. They wrote that reluctance to this view comes from four main reasons: a ""healthy skepticism about metrics for AGI"", an ""ideological commitment to alternative AI theories or techniques"", a ""devotion to human (or biological) exceptionalism"", or a ""concern about the economic implications of AGI"".
2023 also marked the emergence of large multimodal models (large language models capable of processing or generating multiple modalities such as text, audio, and images). As of 2025, large language models (LLMs) have been adapted to generate both music and images. Voice‑synthesis systems built on transformer LLMs—such as Suno AI's Bark model—can sing, and several music‑generation platforms (e.g. Suno and Udio) build their services on modified LLM backbones.
The same year, OpenAI released GPT‑4o image generation, integrating native image synthesis directly into ChatGPT rather than relying on a separate diffusion‑based art model, as with DALL-E.
LLM‑style foundation models are likewise being repurposed for robotics. Nvidia's open‑source Isaac GR00T N1 and Google DeepMind's Robotic Transformer 2 (RT‑2) are first trained with language‑model objectives and then fine‑tuned to handle vision‑language‑action control for embodied robots.
In 2024, OpenAI released o1-preview, the first of a series of models that ""spend more time thinking before they respond"". According to Mira Murati, this ability to think before responding represents a new, additional paradigm. It improves model outputs by spending more computing power when generating the answer, whereas the model scaling paradigm improves outputs by increasing the model size, training data and training compute power.
An OpenAI employee, Vahid Kazemi, claimed in 2024 that the company had achieved AGI, stating, ""In my opinion, we have already achieved AGI and it's even more clear with O1."" Kazemi clarified that while the AI is not yet ""better than any human at any task"", it is ""better than most humans at most tasks."" He also addressed criticisms that large language models (LLMs) merely follow predefined patterns, comparing their learning process to the scientific method of observing, hypothesizing, and verifying. These statements have sparked debate, as they rely on a broad and unconventional definition of AGI—traditionally understood as AI that matches human intelligence across all domains. Critics argue that, while OpenAI's models demonstrate remarkable versatility, they may not fully meet this standard. Notably, Kazemi's comments came shortly after OpenAI removed ""AGI"" from the terms of its partnership with Microsoft, prompting speculation about the company's strategic intentions.


=== Timescales ===

Progress in artificial intelligence has historically gone through periods of rapid progress separated by periods when progress appeared to stop. Ending each hiatus were fundamental advances in hardware, software or both to create space for further progress. For example, the computer hardware available in the twentieth century was not sufficient to implement deep learning, which requires large numbers of GPU-enabled CPUs.
In the introduction to his 2006 book, Goertzel says that estimates of the time needed before a truly flexible AGI is built vary from 10 years to over a century. As of 2007, the consensus in the AGI research community seemed to be that the timeline discussed by Ray Kurzweil in 2005 in The Singularity is Near (i.e. between 2015 and 2045) was plausible. Mainstream AI researchers have given a wide range of opinions on whether progress will be this rapid. A 2012 meta-analysis of 95 such opinions found a bias towards predicting that the onset of AGI would occur within 16–26 years for modern and historical predictions alike. That paper has been criticized for how it categorized opinions as expert or non-expert.
In 2012, Alex Krizhevsky, Ilya Sutskever, and Geoffrey Hinton developed a neural network called AlexNet, which won the ImageNet competition with a top-5 test error rate of 15.3%, significantly better than the second-best entry's rate of 26.3% (the traditional approach used a weighted sum of scores from different pre-defined classifiers). AlexNet was regarded as the initial ground-breaker of the current deep learning wave.
In 2017, researchers Feng Liu, Yong Shi, and Ying Liu conducted intelligence tests on publicly available and freely accessible weak AI such as Google AI, Apple's Siri, and others. At the maximum, these AIs reached an IQ value of about 47, which corresponds approximately to a six-year-old child in first grade. An adult comes to about 100 on average. Similar tests were carried out in 2014, with the IQ score reaching a maximum value of 27.
In 2020, OpenAI developed GPT-3, a language model capable of performing many diverse tasks without specific training. According to Gary Grossman in a VentureBeat article, while there is consensus that GPT-3 is not an example of AGI, it is considered by some to be too advanced to be classified as a narrow AI system.
In the same year, Jason Rohrer used his GPT-3 account to develop a chatbot, and provided a chatbot-developing platform called ""Project December"". OpenAI asked for changes to the chatbot to comply with their safety guidelines; Rohrer disconnected Project December from the GPT-3 API.
In 2022, DeepMind developed Gato, a ""general-purpose"" system capable of performing more than 600 different tasks.
In 2023, Microsoft Research published a study on an early version of OpenAI's GPT-4, contending that it exhibited more general intelligence than previous AI models and demonstrated human-level performance in tasks spanning multiple domains, such as mathematics, coding, and law. This research sparked a debate on whether GPT-4 could be considered an early, incomplete version of artificial general intelligence, emphasizing the need for further exploration and evaluation of such systems.
In 2023, AI researcher Geoffrey Hinton stated that:

The idea that this stuff could actually get smarter than people – a few people believed that, [...]. But most people thought it was way off. And I thought it was way off. I thought it was 30 to 50 years or even longer away. Obviously, I no longer think that.He estimated in 2024 (with low confidence) that systems smarter than humans could appear within 5 to 20 years and stressed the attendant existential risks.
In May 2023, Demis Hassabis similarly said that ""The progress in the last few years has been pretty incredible"", and that he sees no reason why it would slow, expecting AGI within a decade or even a few years. In March 2024, Nvidia's Chief Executive Officer (CEO), Jensen Huang, stated his expectation that within five years, AI would be capable of passing any test at least as well as humans. In June 2024, the AI researcher Leopold Aschenbrenner, a former OpenAI employee, estimated AGI by 2027 to be ""strikingly plausible"".
In September 2025, a review of surveys of scientists and industry experts from the last 15 years reported that most agreed that artificial general intelligence (AGI) will occur before the year 2100. A more recent analysis by AIMultiple reported that, “Current surveys of AI researchers are predicting AGI around 2040”.


== Whole brain emulation ==

While the development of transformer models like in ChatGPT is considered the most promising path to AGI, whole brain emulation can serve as an alternative approach. With whole brain simulation, a brain model is built by scanning and mapping a biological brain in detail, and then copying and simulating it on a computer system or another computational device. The simulation model must be sufficiently faithful to the original, so that it behaves in practically the same way as the original brain. Whole brain emulation is a type of brain simulation that is discussed in computational neuroscience and neuroinformatics, and for medical research purposes. It has been discussed in artificial intelligence research as an approach to strong AI. Neuroimaging technologies that could deliver the necessary detailed understanding are improving rapidly, and futurist Ray Kurzweil in the book The Singularity Is Near predicts that a map of sufficient quality will become available on a similar timescale to the computing power required to emulate it.


=== Early estimates ===
 For low-level brain simulation, a very powerful cluster of computers or GPUs would be required, given the enormous quantity of synapses within the human brain. Each of the 1011 (one hundred billion) neurons has on average 7,000 synaptic connections (synapses) to other neurons. The brain of a three-year-old child has about 1015 synapses (1 quadrillion). This number declines with age, stabilizing by adulthood. Estimates vary for an adult, ranging from 1014 to 5×1014 synapses (100 to 500 trillion). An estimate of the brain's processing power, based on a simple switch model for neuron activity, is around 1014 (100 trillion) synaptic updates per second (SUPS).
In 1997, Kurzweil looked at various estimates for the hardware required to equal the human brain and adopted a figure of 1016 computations per second. (For comparison, if a ""computation"" was equivalent to one ""floating-point operation"" – a measure used to rate current supercomputers – then 1016 ""computations"" would be equivalent to 10 petaFLOPS, achieved in 2011, while 1018 was achieved in 2022.) He used this figure to predict the necessary hardware would be available sometime between 2015 and 2025, if the exponential growth in computer power at the time of writing continued.


=== Current research ===
The Human Brain Project, an EU-funded initiative active from 2013 to 2023, has developed a particularly detailed and publicly accessible atlas of the human brain. In 2023, researchers from Duke University performed a high-resolution scan of a mouse brain.


=== Criticisms of simulation-based approaches ===
The artificial neuron model assumed by Kurzweil and used in many current artificial neural network implementations is simple compared with biological neurons. A brain simulation would likely have to capture the detailed cellular behaviour of biological neurons, presently understood only in broad outline. The overhead introduced by full modeling of the biological, chemical, and physical details of neural behaviour (especially on a molecular scale) would require computational powers several orders of magnitude larger than Kurzweil's estimate. In addition, the estimates do not account for glial cells, which are known to play a role in cognitive processes.
A fundamental criticism of the simulated brain approach derives from embodied cognition theory which asserts that human embodiment is an essential aspect of human intelligence and is necessary to ground meaning. If this theory is correct, any fully functional brain model will need to encompass more than just the neurons (e.g., a robotic body). Goertzel proposes virtual embodiment (like in metaverses like Second Life) as an option, but it is unknown whether this would be sufficient.


== Philosophical perspective ==


=== ""Strong AI"" as defined in philosophy ===
In 1980, philosopher John Searle coined the term ""strong AI"" as part of his Chinese room argument. He proposed a distinction between two hypotheses about artificial intelligence:

Strong AI hypothesis: An artificial intelligence system can have ""a mind"" and ""consciousness"".
Weak AI hypothesis: An artificial intelligence system can (only) act like it thinks and has a mind and consciousness.
The first one he called ""strong"" because it makes a stronger statement: it assumes something special has happened to the machine that goes beyond those abilities that we can test. The behaviour of a ""weak AI"" machine would be identical to a ""strong AI"" machine, but the latter would also have subjective conscious experience. This usage is also common in academic AI research and textbooks.
In contrast to Searle and mainstream AI, some futurists such as Ray Kurzweil use the term ""strong AI"" to mean ""human level artificial general intelligence"". This is not the same as Searle's strong AI, unless it is assumed that consciousness is necessary for human-level AGI. Academic philosophers such as Searle do not believe that is the case, and to most artificial intelligence researchers the question is out-of-scope.
Mainstream AI is most interested in how a program behaves. According to Russell and Norvig, ""as long as the program works, they don't care if you call it real or a simulation."" If the program can behave as if it has a mind, then there is no need to know if it actually has mind – indeed, there would be no way to tell. For AI research, Searle's ""weak AI hypothesis"" is equivalent to the statement ""artificial general intelligence is possible"". Thus, according to Russell and Norvig, ""most AI researchers take the weak AI hypothesis for granted, and don't care about the strong AI hypothesis."" Thus, for academic AI research, ""Strong AI"" and ""AGI"" are two different things.


=== Consciousness ===

Consciousness can have various meanings, and some aspects play significant roles in science fiction and the ethics of artificial intelligence:

Sentience (or ""phenomenal consciousness""): The ability to ""feel"" perceptions or emotions subjectively, as opposed to the ability to reason about perceptions. Some philosophers, such as David Chalmers, use the term ""consciousness"" to refer exclusively to phenomenal consciousness, which is roughly equivalent to sentience. Determining why and how subjective experience arises is known as the hard problem of consciousness. Thomas Nagel explained in 1974 that it ""feels like"" something to be conscious. If we are not conscious, then it doesn't feel like anything. Nagel uses the example of a bat: we can sensibly ask ""what does it feel like to be a bat?"" However, we are unlikely to ask ""what does it feel like to be a toaster?"" Nagel concludes that a bat appears to be conscious (i.e., has consciousness) but a toaster does not. In 2022, a Google engineer claimed that the company's AI chatbot, LaMDA, had achieved sentience, though this claim was widely disputed by other experts.
Self-awareness: To have conscious awareness of oneself as a separate individual, especially to be consciously aware of one's own thoughts. This is opposed to simply being the ""subject of one's thought""—an operating system or debugger is able to be ""aware of itself"" (that is, to represent itself in the same way it represents everything else)—but this is not what people typically mean when they use the term ""self-awareness"". In some advanced AI models, systems construct internal representations of their own cognitive processes and feedback patterns—occasionally referring to themselves using second-person constructs such as 'you' within self-modeling frameworks.
These traits have a moral dimension. AI sentience would give rise to concerns of welfare and legal protection, similarly to animals. Other aspects of consciousness related to cognitive capabilities are also relevant to the concept of AI rights. Figuring out how to integrate advanced AI with existing legal and social frameworks is an emergent issue.


== Benefits ==
AGI could improve productivity and efficiency in most jobs. For example, in public health, AGI could accelerate medical research, notably against cancer. It could take care of the elderly, and democratize access to rapid, high-quality medical diagnostics. It could offer fun, inexpensive and personalized education. The need to work to subsist could become obsolete if the wealth produced is properly redistributed. This also raises the question of the place of humans in a radically automated society.
AGI could also help to make rational decisions, and to anticipate and prevent disasters. It could also help to reap the benefits of potentially catastrophic technologies such as nanotechnology or climate engineering, while avoiding the associated risks. If an AGI's primary goal is to prevent existential catastrophes such as human extinction (which could be difficult if the Vulnerable World Hypothesis turns out to be true), it could take measures to drastically reduce the risks while minimizing the impact of these measures on our quality of life.


=== Advancements in medicine and healthcare ===
AGI would improve healthcare by making medical diagnostics faster, less expensive, and more accurate. AI-driven systems can analyse patient data and detect diseases at an early stage. This means patients will get diagnosed quicker and be able to seek medical attention before their medical condition gets worse. AGI systems could also recommend personalised treatment plans based on genetics and medical history.
Additionally, AGI could accelerate drug discovery by simulating molecular interactions, reducing the time it takes to develop new medicines for conditions like cancer and Alzheimer's disease. In hospitals, AGI-powered robotic assistants could assist in surgeries, monitor patients, and provide real-time medical support. It could also be used in elderly care, helping aging populations maintain independence through AI-powered caregivers and health-monitoring systems.
By evaluating large datasets, AGI can assist in developing personalised treatment plans tailored to individual patient needs. This approach ensures that therapies are optimised based on a patient's unique medical history and genetic profile, improving outcomes and reducing adverse effects.


=== Advancements in science and technology ===
AGI can become a tool for scientific research and innovation. In fields such as physics and mathematics, AGI could help solve complex problems that require massive computational power, such as modeling quantum systems, understanding dark matter, or proving mathematical theorems. Problems that have remained unsolved for decades may be solved with AGI.
AGI could also drive technological breakthroughs that could reshape society. It can do this by optimising engineering designs, discovering new materials, and improving automation. For example, AI is already playing a role in developing more efficient renewable energy sources and optimising supply chains in manufacturing. Future AGI systems could push these innovations further.


=== Enhancing education and productivity ===
AGI can personalize education by creating learning programs that are specific to each student's strengths, weaknesses, and interests. Unlike traditional teaching methods, AI-driven tutoring systems could adapt lessons in real-time, ensuring students understand difficult concepts before moving on.
In the workplace, AGI could automate repetitive tasks, freeing workers for more creative and strategic roles. It could also improve efficiency across industries by optimising logistics, enhancing cybersecurity, and streamlining business operations. If properly managed, the wealth generated by AGI-driven automation could reduce the need for people to work for a living. Working may become optional.


=== Mitigating global crises ===
AGI could play a crucial role in preventing and managing global threats. It could help governments and organizations predict and respond to natural disasters more effectively, using real-time data analysis to forecast hurricanes, earthquakes, and pandemics. By analyzing vast datasets from satellites, sensors, and historical records, AGI could improve early warning systems, enabling faster disaster response and minimising casualties.
In climate science, AGI could develop new models for reducing carbon emissions, optimising energy resources, and mitigating climate change effects. It could also enhance weather prediction accuracy, allowing policymakers to implement more effective environmental regulations. Additionally, AGI could help regulate emerging technologies that carry significant risks, such as nanotechnology and bioengineering, by analysing complex systems and predicting unintended consequences. Furthermore, AGI could assist in cybersecurity by detecting and mitigating large-scale cyber threats, protecting critical infrastructure, and preventing digital warfare.


=== Revitalising environmental conservation and biodiversity ===
AGI could significantly contribute to preserving the natural environment and protecting endangered species. By analyzing satellite imagery, climate data, and wildlife patterns, AGI systems could identify environmental threats earlier and recommend targeted conservation strategies. AGI could help optimize land use, monitor illegal activities like poaching or deforestation in real-time, and support global efforts to restore ecosystems. Advanced predictive models developed by AGI could also assist in reversing biodiversity loss, ensuring the survival of critical species and maintaining ecological balance.


=== Enhancing space exploration and colonization ===
AGI could revolutionize humanity's ability to explore and settle beyond Earth. With its advanced problem-solving skills, AGI could autonomously manage complex space missions, including navigation, resource management, and emergency response. It could accelerate the design of life support systems, habitats, and spacecraft optimized for extraterrestrial environments. Furthermore, AGI could support efforts to colonize planets like Mars by simulating survival scenarios and helping humans adapt to new worlds, expanding the possibilities for interplanetary civilization.


== Risks ==


=== Existential risks ===

AGI may represent multiple types of existential risk, which are risks that threaten ""the premature extinction of Earth-originating intelligent life or the permanent and drastic destruction of its potential for desirable future development"". The risk of human extinction from AGI has been the topic of many debates, but there is also the possibility that the development of AGI would lead to a permanently flawed future. Notably, it could be used to spread and preserve the set of values of whoever develops it. If humanity still has moral blind spots similar to slavery in the past, AGI might irreversibly entrench it, preventing moral progress. Furthermore, AGI could facilitate mass surveillance and indoctrination, which could be used to create an entrenched repressive worldwide totalitarian regime. There is also a risk for the machines themselves. If machines that are sentient or otherwise worthy of moral consideration are mass created in the future, engaging in a civilizational path that indefinitely neglects their welfare and interests could be an existential catastrophe. Considering how much AGI could improve humanity's future and help reduce other existential risks, Toby Ord calls these existential risks ""an argument for proceeding with due caution"", not for ""abandoning AI"".


==== Risk of loss of control and human extinction ====
The thesis that AI poses an existential risk for humans, and that this risk needs more attention, is controversial but has been endorsed in 2023 by many public figures, AI researchers and CEOs of AI companies such as Elon Musk, Bill Gates, Geoffrey Hinton, Yoshua Bengio, Demis Hassabis and Sam Altman.
In 2014, Stephen Hawking criticized widespread indifference:

So, facing possible futures of incalculable benefits and risks, the experts are surely doing everything possible to ensure the best outcome, right? Wrong. If a superior alien civilisation sent us a message saying, 'We'll arrive in a few decades,' would we just reply, 'OK, call us when you get here—we'll leave the lights on?' Probably not—but this is more or less what is happening with AI.The potential fate of humanity has sometimes been compared to the fate of gorillas threatened by human activities. The comparison states that greater intelligence allowed humanity to dominate gorillas, which are now vulnerable in ways that they could not have anticipated. As a result, the gorilla has become an endangered species, not out of malice, but simply as a collateral damage from human activities.
The skeptic Yann LeCun considers that AGIs will have no desire to dominate humanity and that we should be careful not to anthropomorphize them and interpret their intents as we would for humans. He said that people won't be ""smart enough to design super-intelligent machines, yet ridiculously stupid to the point of giving it moronic objectives with no safeguards"". On the other side, the concept of instrumental convergence suggests that almost whatever their goals, intelligent agents will have reasons to try to survive and acquire more power as intermediary steps to achieving these goals. And that this does not require having emotions.
Many scholars who are concerned about existential risk advocate for more research into solving the ""control problem"" to answer the question: what types of safeguards, algorithms, or architectures can programmers implement to maximise the probability that their recursively-improving AI would continue to behave in a friendly, rather than destructive, manner after it reaches superintelligence? Solving the control problem is complicated by the AI arms race (which could lead to a race to the bottom of safety precautions in order to release products before competitors), and the use of AI in weapon systems.
The thesis that AI can pose existential risk also has detractors. Skeptics usually say that AGI is unlikely in the short-term, or that concerns about AGI distract from other issues related to current AI. Former Google fraud czar Shuman Ghosemajumder considers that for many people outside of the technology industry, existing chatbots and LLMs are already perceived as though they were AGI, leading to further misunderstanding and fear.
Skeptics sometimes charge that the thesis is crypto-religious, with an irrational belief in the possibility of superintelligence replacing an irrational belief in an omnipotent God. Some researchers believe that the communication campaigns on AI existential risk by certain AI groups (such as OpenAI, Anthropic, DeepMind, and Conjecture) may be an at attempt at regulatory capture and to inflate interest in their products.
In 2023, the CEOs of Google DeepMind, OpenAI and Anthropic, along with other industry leaders and researchers, issued a joint statement asserting that ""Mitigating the risk of extinction from AI should be a global priority alongside other societal-scale risks such as pandemics and nuclear war.""


=== Mass unemployment ===

Researchers from OpenAI estimated that ""80% of the U.S. workforce could have at least 10% of their work tasks affected by the introduction of LLMs, while around 19% of workers may see at least 50% of their tasks impacted"". They consider office workers to be the most exposed, for example mathematicians, accountants or web designers. AGI could have a better autonomy, ability to make decisions, to interface with other computer tools, but also to control robotized bodies.
Critics argue that AGI will complement rather than replace humans, and that automation displaces work in the short term but not in the long term.
According to Stephen Hawking, the outcome of automation on the quality of life will depend on how the wealth will be redistributed:

Everyone can enjoy a life of luxurious leisure if the machine-produced wealth is shared, or most people can end up miserably poor if the machine-owners successfully lobby against wealth redistribution. So far, the trend seems to be toward the second option, with technology driving ever-increasing inequalityElon Musk argued in 2021 that the automation of society will require governments to adopt a universal basic income (UBI). Hinton similarly advised the UK government in 2025 to adopt a UBI as a response to AI-induced unemployment. In 2023, Hinton said ""I'm a socialist [...] I think that private ownership of the media, and of the 'means of computation', is not good.""


== See also ==


== Notes ==


== References ==


== Sources ==


== Further reading ==


== External links ==
The AGI portal maintained by Pei Wang","Artificial general intelligence (AGI)—sometimes called human‑level intelligence AI—is a type of artificial intelligence that would match or surpass human capabilities across virtually all cognitive tasks.
Some researchers argue that state‑of‑the‑art large language models (LLMs) already exhibit signs of AGI‑level capability, while others maintain that genuine AGI has not yet been achieved. Beyond AGI, artificial superintelligence (ASI) would outperform the best human abilities across every domain by a wide margin.
Unlike artificial narrow intelligence (ANI), whose competence is confined to well‑defined tasks, an AGI system can generalise knowledge, transfer skills between domains, and solve novel problems without task‑specific reprogramming. The concept does not, in principle, require the system to be an autonomous agent; a static model—such as a highly capable large language model—or an embodied robot could both satisfy the definition so long as human‑level breadth and proficiency are achieved.
Creating AGI is a primary goal of AI research and of companies such as OpenAI, Google, xAI, and Meta. A 2020 survey identified 72 active AGI research and development projects across 37 countries.
The timeline for achieving human‑level intelligence AI remains deeply contested. Recent surveys of AI researchers give median forecasts ranging from the late 2020s to mid‑century, while still recording significant numbers who expect arrival much sooner—or never at all. There is debate on the exact definition of AGI and regarding whether modern LLMs such as GPT-4 are early forms of emerging AGI. AGI is a common topic in science fiction and futures studies.
Contention exists over whether AGI represents an existential risk. Many AI experts have stated that mitigating the risk of human extinction posed by AGI should be a global priority. Others find the development of AGI to be in too remote a stage to present such a risk.

",7270,47432,2025-10-04T15:04:08.959452
musk_supplement_16,Jeff Bezos,Jeff Bezos,Amazon founder and space competitor,context,https://en.wikipedia.org/wiki/Jeff_Bezos,"Jeffrey Preston Bezos ( BAY-zohss; né Jorgensen; born January 12, 1964) is an American businessman best known as the founder, executive chairman, and former president and CEO of Amazon, the world's largest e-commerce and cloud computing company. According to Forbes, as of May 2025, Bezos's estimated net worth exceeded $220 billion, making him the third richest person in the world. He was the wealthiest person from 2017 to 2021, according to Forbes and the Bloomberg Billionaires Index.
Bezos was born in Albuquerque and raised in Houston and Miami. He graduated from Princeton University in 1986 with a degree in engineering. He worked on Wall Street in a variety of related fields from 1986 to early 1994. Bezos founded Amazon in mid-1994 on a road trip from New York City to Seattle. The company began as an online bookstore and has since expanded to a variety of other e-commerce products and services, including video and audio streaming, cloud computing, and artificial intelligence. It is the world's largest online sales company, the largest Internet company by revenue, and the largest provider of virtual assistants and cloud infrastructure services through its Amazon Web Services branch.
Bezos founded the aerospace manufacturer and sub-orbital spaceflight services company Blue Origin in 2000. Blue Origin's New Shepard vehicle reached space in 2015 and afterwards successfully landed back on Earth; he flew into space on Blue Origin NS-16 in 2021. He purchased the major American newspaper The Washington Post in 2013 for $250 million and manages many other investments through his venture capital firm, Bezos Expeditions. In September 2021, Bezos co-founded Altos Labs with Mail.ru founder Yuri Milner.
The first centibillionaire on the Forbes Real Time Billionaires Index and the second ever to have achieved the feat since Bill Gates in 1999, Bezos was named the ""richest man in modern history"" after his net worth increased to $150 billion in July 2018. In August 2020, according to Forbes, he had a net worth exceeding $200 billion. On July 5, 2021, Bezos stepped down as the CEO and president of Amazon and took over the role of executive chairman. Amazon Web Services CEO Andy Jassy succeeded Bezos as the CEO and president of Amazon.


== Early life and education ==
Bezos was born Jeffrey Preston Jorgensen on January 12, 1964, in Albuquerque, New Mexico, to Jacklyn (née Gise) (1946–2025) and Ted Jorgensen (1944–2015). At the time of his birth, his mother was a 17-year-old high-school student and his father was 19. Ted was a Danish American unicyclist born in Chicago to a family of Baptists. After completing high school despite challenging conditions, Jacklyn attended night school, bringing her baby with her. Jeff attended a Montessori school in Albuquerque when he was two.
Ted struggled with alcohol and with his finances. Jacklyn left her husband to live with her parents, filing for divorce in June 1965 when Jeff was 17 months old. After his parents divorced, his mother married Cuban immigrant Miguel ""Mike"" Bezos in April 1968. Shortly after the wedding, Mike adopted 4-year-old Jeff, whose surname was then legally changed from Jorgensen to Bezos. Jacklyn, her husband, and her son left the area and asked Ted to discontinue contact, to which he agreed.
After Mike received his degree from the University of New Mexico, the family moved to Houston, Texas, so that he could begin working as an engineer for Exxon. Jeff attended River Oaks Elementary School in Houston from fourth to sixth grade. Jeff's maternal grandfather was Lawrence Preston Gise, a regional director of the U.S. Atomic Energy Commission (AEC) in Albuquerque.
Lawrence retired early to his family's ranch near Cotulla, Texas, where his grandson would spend many summers in his youth and which he would later purchase and expand from 25,000 acres (10,117 ha) to 300,000 acres (121,406 ha). Jeff displayed scientific interests and technological proficiency and once rigged an electric alarm to keep his younger half-siblings out of his room. The family moved to Miami, Florida, where Jeff attended Miami Palmetto High School. In high school, he worked at McDonald's as a short-order line cook during the breakfast shift.
Bezos attended the Student Science Training Program at the University of Florida. He was high school valedictorian, a National Merit Scholar, and a Silver Knight Award winner in 1982. In his graduation speech, Bezos told the audience that he dreamed of the day when mankind would colonize space. A local newspaper quoted his intention ""to get all people off the earth and see it turned into a huge national park"".
After graduating from high school in 1982, Bezos attended Princeton University. He initially majored in physics but later switched to electrical engineering and computer science.  In 2018, during a talk at the Economic Club of Washington, D.C., Bezos revealed that, some thirty years ago, his Princeton classmate Yasantha Rajakarunanayake had defeated him in solving a mathematical problem, causing him to give up on his dreams of becoming a theoretical physicist.
Bezos was a member of the Quadrangle Club, one of Princeton's 11 eating clubs. Additionally, he was the president of the Princeton chapter of the Students for the Exploration and Development of Space (SEDS). He had a 4.2 GPA and was elected to Phi Beta Kappa and Tau Beta Pi. Bezos graduated from Princeton in 1986 with a Bachelor of Science in Engineering (BSE), summa cum laude.


== Business career ==


=== Early career ===
After Bezos graduated from college in 1986, he was offered jobs at Intel, Bell Labs, and Andersen Consulting, among others. He first worked at Fitel, a fintech telecommunications start-up, where he was tasked with building a network for international trade. Bezos was promoted to head of development and director of customer service. He transitioned into the banking industry when he became a product manager at Bankers Trust from 1988 to 1990. From 1990 to 1994, he worked at D. E. Shaw & Co, a newly created hedge fund with a strong emphasis on mathematical modelling. Bezos became D. E. Shaw's fourth senior vice-president by age 30.


=== Amazon ===

In spring 1994, Bezos read that web usage was growing at a rate of 2300% a year and eventually decided to establish an online bookstore. He and his then-wife, MacKenzie Scott, left their jobs at D. E. Shaw and founded Amazon in a rented garage in Bellevue, Washington on July 5, 1994, after writing its business plan on a cross-country drive from New York City to Seattle. With Bezos at the helm and Scott taking an integral role in its operation—writing checks, keeping track of the books, and negotiating the company's first freight contracts—the foundation was laid for this garage-run operation to grow exponentially. Prior to settling in Seattle, Bezos had investigated setting up his company at an Indian reservation near San Francisco in order to avoid paying taxes. Bezos initially named his new company Cadabra but later changed the name to Amazon after the Amazon River in South America, in part because the name begins with the letter A, which is at the beginning of the alphabet. At the time, website listings were alphabetized, so a name starting with ""A"" would appear sooner when customers conducted online searches. In addition, he regarded ""Amazon,"" the name of the world's largest river as fitting for what he hoped would become the world's largest online bookstore. He accepted an estimated $300,000 from his parents as an investment in Amazon. He warned many early investors that there was a 70% chance that Amazon would fail or go bankrupt. Although Amazon was originally an online bookstore, Bezos had always planned to expand to other products. Three years after Bezos founded Amazon, he took it public with an initial public offering (IPO). In response to critical reports from Fortune and Barron's, Bezos maintained that the growth of the Internet would overtake competition from larger book retailers such as Borders and Barnes & Noble.
In 1998, Bezos diversified into the online sale of music and video, and by the end of the year he had expanded the company's products to include a variety of other consumer goods. Bezos used the $54 million raised during the company's 1997 equity offering to finance the aggressive acquisition of smaller competitors. Among these acquisitions were his purchase of a majority stake in pets.com in 1999 and a purchase of a portion of kozmo.com for $60 million, both of which would fail after the dot-com bubble collapse in 2000. By the end of 2000, Bezos borrowed $2 billion from banks, as its cash balances dipped to only $350 million. However, the company continued to expand despite its losses, and in 2002, Bezos led Amazon to launch Amazon Web Services, which compiled data from weather channels and website traffic. Revenues stagnated later that year, and after the company nearly went bankrupt, he closed distribution centers and laid off 14% of the Amazon workforce. In 2003, Amazon rebounded from financial instability and turned a profit of $35 million.
In November 2007, Bezos launched the Amazon Kindle. According to a 2008 Time profile, Bezos wished to create a device that allowed a ""flow state"" in reading similar to the experience of video games. In 2013, Bezos secured a $600-million contract with the Central Intelligence Agency (CIA) on behalf of Amazon Web Services. In October of that year, Amazon was recognized as the largest online shopping retailer in the world.

In May 2016, Bezos sold slightly more than one million shares of his holdings in the company for $671 million, the largest sum he had ever raised from selling some of his Amazon stock. On August 4, 2016, Bezos sold another million of his shares for $756.7 million. A year later, Bezos took on 130,000 new employees when he ramped up hiring at company distribution centers. By January 19, 2018, his Amazon stock holdings had appreciated to slightly over $109 billion; months later he began to sell stock to raise cash for other enterprises, in particular, Blue Origin. On January 29, 2018, he was featured in Amazon's Super Bowl commercial. On February 1, 2018, Amazon reported its highest ever profit with quarterly earnings of $2 billion. Due to the growth of Alibaba in China, Bezos has often expressed interest in expanding Amazon into India. On July 27, 2017, Bezos momentarily became the world's wealthiest person over Microsoft co-founder Bill Gates when his estimated net worth increased to just over $90 billion. His wealth surpassed $100 billion for the first time on November 24, 2017, and he was formally designated the wealthiest person in the world by Forbes on March 6, 2018, with a net worth of $112 billion.

In March 2018, Bezos dispatched Amit Agarwal, Amazon's global senior vice president, to India with $5.5 billion to localize operations throughout the company's supply chain routes. Later in the month, U.S. President Donald Trump accused Amazon and Bezos, specifically, of sales tax avoidance, misusing postal routes, and anti-competitive business practices. Amazon's share price fell by 9% in response to the President's negative comments; this reduced Bezos's personal wealth by $10.7 billion. Weeks later, Bezos recouped his losses when academic reports out of Stanford University indicated that Trump could do little to regulate Amazon in any meaningful way. During July 2018, a number of members of the U.S. Congress called on Bezos to detail the applications of Amazon's face recognition software, Rekognition.

Criticism of Amazon's business practices continued in September 2018 when Senator Bernie Sanders introduced the Stop Bad Employers by Zeroing Out Subsidies (Stop BEZOS) Act and accused Amazon of receiving corporate welfare. This followed revelations by the non-profit group New Food Economy which found that one third of Amazon workers in Arizona, and one tenth of Amazon workers in Pennsylvania and Ohio, relied on food stamps. While preparing to introduce the bill, Sanders opined: ""Instead of attempting to explore Mars or go to the moon, how about Jeff Bezos pays his workers a living wage?"" He later said: ""Bezos could play a profound role. If he said today, nobody who is employed at Amazon will receive less than a living wage, it would send a message to every corporation in America."" Sanders's efforts elicited a response from Amazon which pointed to the 130,000 jobs it created in 2017 and called the $28,446 figure for its median salary ""misleading"" as it included part-time workers. However, Sanders countered that the companies targeted by his proposal have placed an increased focus on part-time workers to escape benefit obligations. On October 2, 2018, Bezos announced a company-wide wage increase, which Sanders applauded. The American workers who were being paid the minimum wage had this increased to $15 per hour, a decision that was interpreted as support for the Fight for $15 movement.
In February 2021, Bezos announced that in the third quarter of 2021 he would step down from his role as CEO of Amazon to become the Executive Chairman of the Amazon Board. He was succeeded as CEO by Andy Jassy. On February 2, 2021, Bezos sent an email to all Amazon employees, telling them the transition would give him ""the time and energy [he] need[s] to focus on the Day 1 Fund, the Bezos Earth Fund, Blue Origin, The Washington Post, and [his] other passions."" In February 2024, Bezos sold 24 million shares in Amazon at a total value of $4 billion. Bezos announced that he intended to sell 50 million shares in Amazon over the next year. During an interview at the DealBook Summit in December 2024, Bezos said that he was dedicating 95% of his time to artificial intelligence initiatives at Amazon.


=== Blue Origin ===

In September 2000, Bezos founded Blue Origin, a human spaceflight startup. Bezos has long expressed an interest in space travel and the development of human life in the Solar System. His 1982 high school valedictorian senior graduation speech was followed up with a Miami Herald interview in which he expressed an interest to build and develop hotels, amusement parks, and colonies for human beings who were in orbit. The 18-year-old Bezos stated that he wanted to preserve Earth from overuse through resource depletion. Rob Meyerson led Blue Origin from 2003 to 2017 and served as its first president.
After its founding, Blue Origin maintained a low profile until 2006 when it purchased a large tract of land in West Texas for a launch and test facility. After the company gained the public's attention during the late 2000s, Bezos additionally indicated his interest in reducing the cost of space travel for humans while also increasing the safety of extraterrestrial travel. In September 2011, one of the company's uncrewed prototype vehicles crashed during a short-hop test flight. Although the crash was viewed as a setback, news outlets noted how far the company went from its founding-to-date in advancing spaceflight. After the crash, Bezos has been superstitiously wearing his ""lucky"" Texas Cowboy boots to all rocket launches. In May 2013, Bezos met with Richard Branson, chairman of Virgin Galactic, to discuss commercial spaceflight opportunities and strategies. He has been compared to Branson and Elon Musk as all three are billionaires who prioritize spaceflight among their business interests.
In 2015, Bezos announced that a new orbital launch vehicle was under development and would make its first flight in the late-2010s. Later in November, Blue Origin's New Shepard space vehicle successfully rocketed into space and reached its planned test altitude of 329,839 feet (100.5 kilometers) before executing a vertical landing back at the launch site in West Texas. In 2016, Bezos allowed select journalists to visit, tour, and photograph his facility. He has repeatedly called for increased inter-space energy and industrial manufacturing to decrease the negative costs associated with business-related pollution.
In December 2017, New Shepard successfully flew and landed dummy passengers, amending and pushing its human space travel start date into late 2018. To execute this program, Blue Origin built six of the vehicles to support all phases of testing and operations: no-passenger test flights, flights with test passengers, and commercial-passenger weekly operations. Since 2016, Bezos has spoken more freely about his hopes to colonize the solar system, and has been selling $1 billion in Amazon stock each year to capitalize Blue Origin in an effort to support this endeavor. In May 2018, Bezos maintained that the primary goal of Blue Origin is to preserve the natural resources of Earth by making the human species multi-planetary. He announced that New Shepard would begin transporting humans into sub-orbital space by November 2018. In July 2018, it was announced that Bezos had priced commercial spaceflight tickets from $200,000 to $300,000 per person.


==== Spaceflight ====

On July 20, 2021, he launched on the NS-16 mission with his half-brother Mark Bezos, Wally Funk, and Oliver Daemen. He launched nine days after Richard Branson launched on board the Virgin Galactic Unity 22 mission. Bezos's suborbital flight lasted over 10 minutes, reaching a peak altitude of 66.5 miles (107.0 km).


=== The Washington Post ===

On August 5, 2013, Bezos announced his purchase of The Washington Post for $250 million in cash, at the suggestion of his friend, Don Graham. To execute the purchase, he established limited liability company Nash Holdings to serve as a holding company through which he would own the newspaper. The sale closed on October 1, 2013, and Nash Holdings took control. In March 2014, Bezos made his first significant change at The Washington Post and lifted the online paywall for subscribers of a number of U.S. local newspapers in Texas, Hawaii, and Minnesota. In January 2016, Bezos set out to reinvent the newspaper as a media and technology company by reconstructing its digital media, mobile platforms, and analytics software. After a surge in online readership in 2016, the paper was profitable for the first time since Bezos made the purchase in 2013. However, Bezos' ownership of the Post has been subject to scrutiny and criticism regarding his treatment of employees as well as his influence on the paper's content, in particular 2024-25 interference with the editorial and opinion pages.


=== Bezos Expeditions ===

Bezos makes personal investments through his venture capital vehicle, Bezos Expeditions. He was one of the first shareholders in Google, when he invested $250,000 in 1998. That $250,000 investment resulted in 3.3 million shares of Google stock, worth about $3.1 billion in 2017. He also invested in Unity Biotechnology, a life-extension research firm hoping to slow or stop the process of aging. Bezos is involved in the healthcare sector, which includes investments in Unity Biotechnology, GRAIL, Juno Therapeutics, and Zocdoc. In January 2018, an announcement was made concerning Bezos's role within a new, unnamed healthcare company. This venture, later named Haven, is expected to be a partnership between Amazon, JPMorgan, and Berkshire Hathaway.
Bezos also supports philanthropic efforts through direct donations and non-profit projects funded by Bezos Expeditions. Bezos used Bezos Expeditions to fund several philanthropic projects, including an Innovation center at the Seattle Museum of History and Industry and the Bezos Center for Neural Circuit Dynamics at Princeton Neuroscience Institute. In 2013, Bezos Expeditions funded the recovery of two Saturn V first-stage Rocketdyne F-1 engines from the floor of the Atlantic Ocean. They were positively identified as belonging to the Apollo 11 mission's S-1C stage from July 1969. The engines are currently on display at the Seattle Museum of Flight.


=== Altos Labs ===

In September 2021, Bezos co-founded Altos Labs with Mail.ru founder Yuri Milner. Altos Labs is a well-funded biotechnology company dedicated to harnessing cellular reprogramming to develop longevity therapeutics. The company has recruited prominent scientists such as Juan Carlos Izpisúa Belmonte (known for work on rejuvenation through reprogramming), Steve Horvath (known for work in epigenetic aging clocks), and Shinya Yamanaka (the Nobel Prize-winning inventor of cellular reprogramming in mammalian cells). The company left stealth mode and launched on January 19, 2022, with a start capital of $3 billion and an executive team led by Hal Barron.


== Public image ==

Journalist Nellie Bowles of The New York Times has described the public persona and personality of Bezos as that of ""a brilliant but mysterious and coldblooded corporate titan"". During the 1990s, Bezos earned a reputation for relentlessly pushing Amazon forward, often at the expense of public charity and social welfare. Journalist Mark O'Connell criticized Bezos's relentless customer focus as ""very small"" in terms of impact on humanity as a whole, a sentiment technologist Tim O'Reilly agreed with. His business practices projected a public image of prudence and parsimony with his own wealth and that of Amazon. In 1999, Bezos was worth $10 billion yet drove a 1996 Honda Accord. Throughout the early 2000s, he was perceived to be geeky or nerdy.
Bezos was seen by some as needlessly quantitative and data-driven. This perception was detailed by Alan Deutschman, who described him as ""talking in lists"" and ""[enumerating] the criteria, in order of importance, for every decision he has made"". Select accounts of his persona have drawn controversy and public attention. Notably, journalist Brad Stone wrote a book that described Bezos as a demanding boss as well as hyper-competitive, and opined that Bezos perhaps ""bet the biggest on the Internet"" out of anyone. Bezos has been characterized as a notoriously opportunistic CEO who operates with little concern for obstacles and externalities.
During the early 2010s, Bezos solidified his reputation for aggressive business practices, and his public image began to shift. Bezos started to wear tailored clothing; he weight trained, pursued a regimented diet and began to freely spend his money. His physical transformation has been compared to the transformation of Amazon; he is often referred to as the metonym of the company. Since 2017, he has been portrayed by Kyle Mooney and Steve Carell on Saturday Night Live, usually as an undercutting, domineering figure. His physical appearance increased the public's perception of him as a symbolically dominant figure in business and in popular culture, wherein he has been parodied as an enterprising supervillain.
In May 2014, the International Trade Union Confederation named Bezos the ""World's Worst Boss"", with its general secretary Sharan Burrow saying: ""Jeff Bezos represents the inhumanity of employers who are promoting the North American corporate model"", while in 2019, Harvard Business Review, which ranked Bezos the best-performing CEO for 4 years in a row since 2014, did not rank him even in the top 100, citing Amazon's ""relatively low ESG (environment, social, and governance) scores"" that reflect ""risks created by working conditions and employment policies, data security, and antitrust issues"".
During the late 2010s, Bezos reversed his reputation for being reluctant to spend money on non-business-related expenses. His relative lack of philanthropy compared to other billionaires has drawn a negative response from the public since 2016. Bezos has been known to publicly contest claims made in critical articles, as exemplified in 2015 when he sent a memo to employees denouncing a New York Times piece.


=== Leadership style ===
Bezos used what he called a ""regret-minimization framework"" while working at D. E. Shaw and again during the early years of Amazon. He described this life philosophy by stating: ""When I'm 80, am I going to regret leaving Wall Street? No. Will I regret missing the beginning of the Internet? Yes."" During the 1990s and early 2000s at Amazon, he was characterized as trying to quantify all aspects of running the company, often listing employees on spreadsheets and basing executive decisions on data. To push Amazon forward, Bezos developed the mantra ""Get Big Fast"", establishing the company's need to scale its operations to produce market dominance. He favored diverting Amazon profits back into the company in lieu of allocating it amongst shareholders in the form of dividends.
Bezos uses the term ""work–life harmony"" instead of the more standard ""work–life balance"" because he believes that balance implies that you can only have one and not the other. He believes that work and home life are interconnected, informing and calibrating each other. Journalist Walt Mossberg dubbed the idea that someone who cannot tolerate criticism or critique should not do anything new or interesting ""The Bezos Principle"". Bezos does not schedule early morning meetings and enforces a two-pizza rule—a preference that meetings are small enough for two pizzas to feed everyone in the boardroom. When interviewing candidates for jobs at Amazon, he has stated he considers three inquiries: can he admire the person, can the person raise the common standard, and under what circumstances could the person become exemplary.
In 2018, it was reported that he met with Amazon investors for just six hours a year. Instead of using presentation slides, Bezos requires high-level employees to present information with six-page narratives. Since 1998, Bezos has published an annual letter for Amazon shareholders wherein he frequently refers to five principles: focus on customers, not competitors; take risks for market leadership; facilitate staff morale; build a company culture; and empower people. Bezos maintains the email address jeff@amazon.com as an outlet for customers to reach out to him and the company. Although he does not respond to the emails, he forwards some of them with a question mark in the subject line to executives, who then attempt to address the issues. Bezos has cited Jeff Immelt of New Enterprise Associates, Warren Buffett of Berkshire Hathaway, Jamie Dimon of JPMorgan Chase, and Bob Iger of The Walt Disney Company as major influences on his leadership style.


== Recognition ==
In 1999, Bezos received his first major award when Time named him Person of the Year.
In 2008, he was selected by U.S. News & World Report as one of America's best leaders.
Bezos was awarded an honorary doctorate in science and technology from Carnegie Mellon University in 2008.
In 2011, The Economist gave Bezos and Gregg Zehr an Innovation Award for the Amazon Kindle.
In 2012, Bezos was named Businessperson of the Year by Fortune.
He is also a member of the Bilderberg Group and attended the 2011 Bilderberg conference in St. Moritz, Switzerland, and the 2013 conference in Watford, Hertfordshire, England. He was a member of the executive committee of The Business Council for 2011 and 2012, and appointed as chairman of the organization in 2014.
Between 2014 and 2018, he was ranked the best-performing CEO in the world by Harvard Business Review.
He has also figured in Fortune's list of 50 great leaders of the world for three straight years, topping the list in 2015.
In September 2016, Bezos received a $250,000 prize for winning the Heinlein Prize for Advances in Space Commercialization, which he donated to the Students for the Exploration and Development of Space.
In February 2018, Bezos was elected to the National Academy of Engineering for ""leadership and innovation in space exploration, autonomous systems, and building a commercial pathway for human space flight"".
In March 2018, at the Explorers Club annual dinner, he was awarded the Buzz Aldrin Space Exploration Award in recognition of his work with Blue Origin.
He received Germany's 2018 Axel Springer Award for Business Innovation and Social Responsibility. Time magazine named him one of the 100 most influential people in the world on five separate occasions between 2008 and 2018.
In 2019, Bezos was inducted into the Living Legends of Aviation, being awarded with the Jeff Bezos Freedom's Wings Award and the Kenn Ricci Lifetime Aviation Entrepreneur Award.
In February 2023, Bezos was presented with the Légion d'honneur, the highest French order of merit. Bezos had been designated a member of the Légion d'Honneur about 10 years earlier but was not available to collect it.


== Wealth ==

Bezos first became a millionaire in 1997 after raising $54 million through Amazon's initial public offering (IPO). He was first included on the Forbes World's Billionaires list in 1999 with an estimated net worth of $10.1 billion, which placed his on the 19th position in the world and 10th in the USA. His net worth decreased to $6.1 billion a year later, a 40.5% drop. His wealth plummeted even more the following year, dropping 66.6% to $2.0 billion. He lost $500 million the following year, which brought his net worth down to $1.5 billion. The following year, his net worth increased by 66.66% to $2.5 billion. From 2005 to 2007, he quadrupled his net worth to $8.7 billion. After the 2008 financial crisis and Great Recession, his net worth would decrease to $6.8 billion—a 17.7% drop. His wealth rose by 85.2% in 2010, leaving him with $12.6 billion. This percentage increase ascended him to the 43rd spot on the ranking from 68th.
After a rumor broke out that Amazon was developing a smartphone, Bezos's net worth rose to $30.5 billion in 2014. A year later, he entered the top ten when he increased his net worth to a total of $50.3 billion. Bezos rose to become the fifth richest person in the world hours before market close; he gained $7 billion in one hour. By the time the Forbes list was calculated in March 2016, his net worth was registered at $45.2 billion. However, just months later in October 2016, his wealth increased by $16.2 billion to $66.5 billion, unofficially ranking him the third-richest person in the world, behind Warren Buffett. After sporadic jumps in Amazon's share price, in July 2017 he briefly unseated Microsoft co-founder Bill Gates as the wealthiest person in the world.

Bezos would continue to sporadically surpass Gates throughout the month of October 2017 after Amazon's share price fluctuated. His net worth surpassed $100 billion for the first time on November 24, 2017, after Amazon's share price increased by more than 2.5%. When the 2017 list was issued, Bezos's net worth was registered at $72.8 billion, adding $27.6 billion from the previous year. His wealth's rapid growth from 2016 to 2017 sparked a variety of assessments about how much money Bezos earned on a controlled, reduced time scale. On October 10, 2017, he made an estimated $6.24 billion in 5 minutes, slightly less than the then annual gross domestic product of Kyrgyzstan.
On March 6, 2018, Bezos was designated the wealthiest person in the world, with a registered net worth of $112 billion. He unseated Bill Gates ($90 billion), who was $6 billion ahead of Warren Buffett ($84 billion), ranked third. He is considered the first registered centi-billionaire (not adjusted for inflation).
His wealth, in 2017–18 terms, equaled that of 2.7 million Americans. Bezos's net worth increased by $33.6 billion from January 2017 to January 2018. This increase outstripped the economic development (in GDP terms) of more than 96 countries around the world. During March 9, Bezos earned $230,000 every 60 seconds. The Motley Fool estimated that if Bezos had not sold any of his shares from its original public offering in 1997, his net worth would sit at $181 billion in 2018. According to Quartz, his net worth of $150 billion in July 2018 was enough to purchase the entire stock markets of Nigeria, Hungary, Egypt, Luxembourg, and Iran. Following the report by Quartz, Amazon workers in Poland, (Germany), and Spain participated in demonstrations and labor strikes to draw attention to his growing wealth and the lack of compensation, labor rights, and satisfactory working conditions of select Amazon workers. On July 17, 2018, he was designated the ""wealthiest person in modern history"" by the Bloomberg Billionaires Index, Fortune, MarketWatch, The Wall Street Journal, and Forbes.
In 2019, Bezos's wealth was reduced by the divorce from his wife MacKenzie Bezos. According to Forbes, had the Washington state common law applied to their divorce without a prenuptial agreement, Bezos's wealth could have been equitably divided with his ex-wife; however, she eventually received 25% of Bezos's Amazon shares, then valued at approximately $36 billion, making her the third-richest woman in the world. Bezos retained his interest in The Washington Post and Blue Origin, as well as voting control of the shares received by his ex-wife.
In June 2019, Bezos purchased three adjoining apartments overlooking Madison Square Park in Manhattan, including a penthouse, for a combined total of $80 million, making this one of the most expensive real estate purchases within New York City in 2019. Bezos had also purchased three adjoining apartments at 25 Central Park West in Manhattan for $7.65 million in 1999; he bought a fourth unit in that building for $5.3 million in 2012.
In February 2020, Bezos purchased the Warner Estate from David Geffen for $165 million, a record price paid for a residence in the Los Angeles area. The previous record high price of $150 million was paid by Lachlan Murdoch for the Chartwell Mansion. During the COVID-19 pandemic, it was reported that Bezos's fortune had grown by $24 billion, citing a surge in demand from households on lockdown shopping on Amazon. He further expanded his residential holdings in February 2022, purchasing a $16.13-million-dollar apartment at a 24-story boutique condominium, located across from Madison Square Park in the Flatiron neighbourhood, where he already owns all the units on the top floors. Bezos is the owner of the Y721, a luxury superyacht estimated to cost more than $500,000,000; it is the largest yacht in the world. According to Forbes Bezos was the second-wealthiest person in America and the third-wealthiest person in the world in 2023. Bezos is the second-wealthiest person in the world according to Bloomberg Billionaires Index. His net worth is about $197 billion as of February 2024.


== Criticism ==

Bezos is known for creating an adversarial environment at Amazon, as well as insulting and verbally abusing his employees. As journalist Brad Stone revealed in his book The Everything Store, Bezos issued remarks to his employees such as ""I'm sorry, did I take my stupid pills today?"", ""Are you lazy or just incompetent?"", and ""Why are you ruining my life?"" Additionally, Bezos reportedly pitted Amazon teams against each other, and once refused to give Amazon employees city bus passes in order to discourage them from leaving the office.
Throughout his early years of ownership of The Washington Post, Bezos was accused of having a potential conflict of interest with the paper. Bezos and the newspaper's editorial board have dismissed accusations that he unfairly controlled the paper's content, and Bezos maintains that the paper is independent. Bezos' treatment of employees at The Washington Post has also drawn scrutiny. In 2018, more than 400 Washington Post employees wrote an open letter to Bezos criticizing his poor wages and benefits for his employees. The letter demanded ""Fair wages; fair benefits for retirement, family leave and health care; and a fair amount of job security"". Around 750 employees at The Washington Post went on a brief strike in December 2023 in response to Bezos' plans to lay off staff.
In 2024, Bezos blocked the Washington Post's editorial board from endorsing Kamala Harris in the presidential election. The move was criticized by former editor Marty Baron, who considered it to be an act of ""disturbing spinelessness at an institution famed for courage"" and said that it would invite intimidation of Bezos by Donald Trump. Editor-at-large Robert Kagan and columnist Michele Norris also resigned in the wake of the decision, and editor David Maraniss said that the paper was ""dying in darkness"". Post opinion columnists jointly authored an article calling the decision to not endorse a ""terrible mistake"", and it was condemned by the Washington Post Guild, a union unit representing Post employees. More than 250,000 people (about ten percent of the Post's subscribers) cancelled their subscriptions, and three members of the editorial board left the board. Condemning the Post's decision, several columnists, including Will Bunch, Jonathan Last, Dan Froomkin, Donna Ladd and Sewell Chan, described it as an example of what historian Timothy Snyder calls anticipatory obedience. Snyder, too, condemned the decision.
In January 2025, editorial cartoonist Ann Telnaes resigned from the Post after it refused to run a satirical cartoon critical of the relationship between American billionaires and President Donald Trump, sparking conversations about the paper's ownership under Bezos; Telnaes called the decision ""dangerous for a free press"". In February 2025, Bezos announced that the opinion section of the Post will give voice only to opinions that support ""personal liberties"" and ""free markets"", and that divergent opinions will not be published by the Post. David Shipley, The Post's opinion editor, resigned after trying to persuade Bezos to reconsider the new direction. Within two days of the announcement, it was reported that over 75,000 digital subscribers had canceled their subscriptions.
Due to his considerable influence on industry, politics, and media, Bezos has been described as an oligarch.


== Personal life ==

In 1992, while working for D. E. Shaw in Manhattan, Bezos met novelist MacKenzie Tuttle, who was a research associate at the firm; the couple married a year later. In 1994, they moved across the country to Seattle, Washington, where Bezos founded Amazon. Bezos and his now ex-wife MacKenzie are the parents of four children: three sons, and a daughter adopted from China.
In March 2003, Bezos was a passenger in a helicopter that crashed in West Texas while surveying land to buy for Blue Origin; the other three occupants in the helicopter were pilot Charles ""Cheater"" Bella, Amazon lawyer Elizabeth Korrell, and local rancher Ty Holland. All survived; Bezos sustained only minor injuries and was discharged from a local hospital the same day.
Bezos portrayed a Starfleet official in the 2016 movie Star Trek Beyond, and joined the cast and crew at a San Diego Comic-Con screening. He had lobbied Paramount for the role apropos of Alexa and his personal/professional interest in speech recognition. His one line consisted of a response to an alien in distress: ""Speak Normally."" In his initial discussion of the project which became Alexa with his technical advisor Greg Hart in 2011, Bezos told him that the goal was to create ""the Star Trek computer."" Bezos's family corporation Zefram LLC is named after Zefram Cochrane, a character from Star Trek.
In January 2019, Bezos and his wife MacKenzie released a joint statement which revealed that they would be getting divorced after 25 years together. Subsequently, National Enquirer revealed that Bezos had an affair with media personality Lauren Sánchez; the affair with Sánchez had lasted for months. Later, Bezos published an online essay on February 7, 2019, in which he accused American Media, Inc. owner David Pecker of ""extortion and blackmail"" for threatening to publish intimate photos of Bezos and current girlfriend Lauren Sánchez if he did not stop his investigation into how his text messages and other photos had been leaked to the National Enquirer. Media reports have accused Sánchez's brother Michael of being the source for the photos obtained by National Enquirer; however, Bezos has speculated that it may have been the Saudi Arabian government.
On April 4, 2019, the divorce was finalized, with Bezos keeping 75% of the couple's Amazon stock and MacKenzie getting the remaining 25% ($35.6 billion). However, Bezos would keep all of the couple's voting rights. Sánchez and Bezos became engaged in May 2023. The couple married in Venice on June 27, 2025, with the ceremony attracting mainstream media attention and various celebrities.
Bezos is the Honorary Chair of the Explorers Club.


== Politics ==

According to public campaign finance records, Bezos supported the electoral campaigns of Patty Murray and Maria Cantwell, two Democratic U.S. senators from Washington. He has also supported Democrats U.S. representative John Conyers, as well as Patrick Leahy and Republican Spencer Abraham, U.S. senators serving on committees dealing with Internet-related issues. Jeff Bezos and MacKenzie Bezos have supported the legalization of same-sex marriage, and in 2012 contributed $2.5 million to Washington United for Marriage, a group supporting a yes vote on Washington Referendum 74, which affirmed a same-sex marriage law enacted in the state. Bezos donated $100,000 towards a movement against a Washington state income tax in 2010 for ""top earners"". In 2012, he donated to Amazon's political action committee (PAC), which has given $56,000 and $74,500 to Democrats and Republicans, respectively.
In 2014, Amazon won a bid for a cloud computing contract with the CIA valued at $600 million. A 2018, $10 billion contract known as the Joint Enterprise Defense Infrastructure (JEDI) project, this time with the Pentagon, was allegedly written up in a way that favors Amazon. Controversy over this was raised when General James Mattis accepted a headquarters tour invitation from Bezos and co-ordinated the deal through Sally Donnelly, a lobbyist who previously worked for Amazon. In November 2019, when the contract was awarded to Microsoft instead, Amazon filed a lawsuit with allegations that the bidding process was biased. On July 6, 2021, the Pentagon cancelled the JEDI contract with Microsoft, citing that ""due to evolving requirements, increased cloud conversancy, and industry advances, the JEDI Cloud contract no longer meets its needs."" Despite Bezos's support for an open borders policy towards immigrants, Amazon has actively marketed facial recognition software to U.S. Immigration and Customs Enforcement (ICE).
In 2019, a PAC linked to Bezos spent over $1 million in an unsuccessful attempt to defeat the reelection bid of Seattle city council member and activist Kshama Sawant. On November 22, 2021, Jeff Bezos donated $100 million to the Obama Foundation to ""help expand the scope of programming that reaches emerging leaders"", and requested the Obama Presidential Center's plaza to be named after John Lewis.


=== Donald Trump ===
After the 2016 presidential election, Bezos was invited to join Donald Trump's Defense Innovation Advisory Board, an advisory council to improve the technology used by the Defense Department. Trump has repeatedly criticized Bezos via Twitter, accused Bezos of avoiding corporate taxes, gaining undue political influence, and undermining his presidency by spreading fake news. Nevertheless, Bezos congratulated Trump on his second election victory, posting on X, “Big congratulations to our 45th and now 47th President on an extraordinary political comeback and decisive victory. No nation has bigger opportunities. Wishing Donald Trump all success in leading and uniting the America we all love.""
Since 2023, Bezos has been a resident of Indian Creek, Florida, which is near Trump's Mar-a-Lago. As reported by Axios in February 2025, Bezos held a private phone conversation in July 2024 with then-candidate Trump, planting the seeds of a ""Bezos–Trump alliance"" months before Bezos blocked the Washington Post's editorial board from endorsing Kamala Harris in the election. After Trump's November victory, Bezos dined with Elon Musk and Trump at Mar-a-Lago; Amazon subsequently donated $1 million to Trump's inauguration, at which Bezos was in attendance. Bezos and Trump were reported to have met for dinner again in February 2025, on the same night that Bezos announced changes to the Washington Post's opinion policies to promote ""free markets and personal liberties"" and suppress divergent opinions. Axios characterized it as ""another sign of Trump and Bezos' growing closeness"".
According to the Financial Times, Bezos had a contentious relationship with Trump during Trump's first term, but worked to have a positive relationship with Trump in 2024 and during Trump's second term. Bezos reportedly supported Trump to further his business interests, and supports many of Trump's policies. The Financial Times also noted that Bezos had made other changes in his life, including stepping down as CEO of Amazon in 2021, focusing on Blue Origin, and being engaged to Lauren Sánchez, which may have changed his political views.


=== Saudi hacking claim ===

In March 2018, Bezos met in Seattle with Mohammad bin Salman, the crown prince and de facto ruler of Saudi Arabia, to discuss investment opportunities for Saudi Vision 2030. In March 2019, Bezos's security consultant accused the Saudi government of hacking Bezos's phone. According to BBC, Bezos's top security staffer, Gavin de Becker, ""linked the hack to the Washington Post's coverage of the murder of Saudi writer Jamal Khashoggi at the Saudi consulate in Istanbul"". Khashoggi, a Saudi journalist and dissident, was employed as a writer at the Washington Post, owned by Bezos. Khashoggi was killed in late 2018 in Turkey's Saudi consulate for his critical stance and journalism against the Saudi government and its leader. In January 2020, The Guardian reported that the hack was initiated before the murder but after Khashoggi wrote critically about the crown prince in the Washington Post. Forensic analysis of Bezos's mobile phone conducted by advisory firm FTI Consulting, concluded it ""highly probable"" that the hack was achieved using a malicious file hidden in a video sent in a WhatsApp message to Bezos from the personal account of the crown prince on May 1, 2018. Saudi Arabia has denied the claim.


== Philanthropy ==

Bezos donated to the Fred Hutchinson Cancer Research Center several times between 2009 and 2017. In 2013, he pledged $500,000 to Worldreader, a non-profit founded by a former Amazon employee. In September 2018, Business Insider reported that Bezos was the only one of the top five billionaires in the world who had not signed the Giving Pledge, an initiative created by Bill Gates and Warren Buffett that encourages wealthy people to give away a majority of their wealth. That same month, Janet Camarena, director of transparency initiatives at Foundation Center, was quoted by CNBC as having questions about Bezos's new Day 1 Fund, including the fund's structure and how exactly it will be funded.
In May 2017, Bezos gave $1 million to the Reporters Committee for Freedom of the Press, which provides pro bono legal services for American journalists. On June 15, 2017, he posted a message on Twitter asking for ideas for philanthropy: ""I'm thinking about a philanthropy strategy that is the opposite of how I mostly spend my time—working on the long term"". At the time of the post, Bezos's lifetime spending on charitable causes was estimated to be $100 million. Multiple opinion columnists responded by asking Bezos to pay higher wages to Amazon warehouse workers. A year later in June, he tweeted that he would announce two philanthropic foci by the end of summer 2018. Bezos announced in September 2018 that he would commit approximately $2 billion to a fund to deal with American homelessness and establish a network of non-profit preschools for low income communities. As part of this announcement, he committed to establishing the ""Day 1 Families Fund"" to finance ""night shelters and day care centers for homeless families"" and the ""Day 1 Academies Fund"" for early childhood education.
In January 2018, Bezos made a $33 million donation to TheDream.US, a college scholarship fund for undocumented immigrants brought to the United States as minors. In June 2018, Bezos donated to Breakthrough Energy Ventures, a private philanthropic fund founded by Bill Gates aimed at promoting emissions-free energy. In September 2018, Bezos donated $10 million to With Honor, a nonpartisan organization that works to increase the number of veterans in political office.
In February 2020, Bezos pledged $10 billion to combat climate change through the Bezos Earth Fund. Later that year, in November, Bezos announced $791M of donations to established, well-known groups, with $100M each going to Environmental Defense Fund, Natural Resources Defense Council, The Nature Conservancy, World Resources Institute and World Wildlife Fund, and the remainder going to 11 other groups. In April 2020, early in the COVID-19 pandemic, Bezos donated $100 million to food banks through Feeding America. In November 2021, Bezos pledged to donate $2 billion towards restructuring food systems and nature conservation at the 2021 United Nations Climate Change Conference.
In July 2021, Bezos announced the Courage and Civility Award and donated $100 million each to lawyer Van Jones and chef José Andrés. The next year, he donated $100 million to singer Dolly Parton in recognition of her charity work focused on improving children's literacy around the world. In March 2024, he donated $50 million each to actress Eva Longoria and retired admiral Bill McRaven.
Bezos Academy is a group of tuition-free preschools for students from low-income families, which was created by Bezos, and which operate in a manner similar to the Montessori method (but are not accredited as Montessori schools). On November 22, 2022, Bezos awarded $123 million to organizations that are engaged in relocating homeless families to permanent housing. Day 1 Families Fund grants, the amounts of which vary in monetary terms, will be sent to 40 organizations across the country.


== See also ==
List of Princeton University alumni
List of richest Americans in history


== Notes ==


== References ==


== Sources ==
Robinson, Tom (2010). Jeff Bezos: Amazon.com Architect. ABDO Publishing. ISBN 978-1-60453-759-8.


== Further reading ==


== External links ==

Jeff Bezos at TED 
Appearances on C-SPAN
Jeff Bezos   on Charlie Rose
Jeff Bezos collected news and commentary at The New York Times
Forbes Profile","Jeffrey Preston Bezos ( BAY-zohss; né Jorgensen; born January 12, 1964) is an American businessman best known as the founder, executive chairman, and former president and CEO of Amazon, the world's largest e-commerce and cloud computing company. According to Forbes, as of May 2025, Bezos's estimated net worth exceeded $220 billion, making him the third richest person in the world. He was the wealthiest person from 2017 to 2021, according to Forbes and the Bloomberg Billionaires Index.
Bezos was born in Albuquerque and raised in Houston and Miami. He graduated from Princeton University in 1986 with a degree in engineering. He worked on Wall Street in a variety of related fields from 1986 to early 1994. Bezos founded Amazon in mid-1994 on a road trip from New York City to Seattle. The company began as an online bookstore and has since expanded to a variety of other e-commerce products and services, including video and audio streaming, cloud computing, and artificial intelligence. It is the world's largest online sales company, the largest Internet company by revenue, and the largest provider of virtual assistants and cloud infrastructure services through its Amazon Web Services branch.
Bezos founded the aerospace manufacturer and sub-orbital spaceflight services company Blue Origin in 2000. Blue Origin's New Shepard vehicle reached space in 2015 and afterwards successfully landed back on Earth; he flew into space on Blue Origin NS-16 in 2021. He purchased the major American newspaper The Washington Post in 2013 for $250 million and manages many other investments through his venture capital firm, Bezos Expeditions. In September 2021, Bezos co-founded Altos Labs with Mail.ru founder Yuri Milner.
The first centibillionaire on the Forbes Real Time Billionaires Index and the second ever to have achieved the feat since Bill Gates in 1999, Bezos was named the ""richest man in modern history"" after his net worth increased to $150 billion in July 2018. In August 2020, according to Forbes, he had a net worth exceeding $200 billion. On July 5, 2021, Bezos stepped down as the CEO and president of Amazon and took over the role of executive chairman. Amazon Web Services CEO Andy Jassy succeeded Bezos as the CEO and president of Amazon.

",8075,50475,2025-10-04T15:04:12.919255
musk_supplement_17,Richard Branson,Richard Branson,Virgin Galactic founder,context,https://en.wikipedia.org/wiki/Richard_Branson,"Sir Richard Charles Nicholas Branson (born 18 July 1950) is an English business magnate who co-founded the Virgin Group in 1970, and, as of 2016, controlled five companies.
Branson expressed his desire to become an entrepreneur at a young age. His first business venture, at the age of 16, was a magazine called Student. In 1970, he set up a mail-order record business. He opened a chain of record stores, Virgin Records—later known as Virgin Megastores—in 1972. His Virgin brand grew rapidly during the 1980s, as he started the Virgin Atlantic airline and expanded the Virgin Records music label. In 1997 he founded the Virgin Rail Group to bid for passenger rail franchises during the privatisation of British Rail. The Virgin Trains brand operated the InterCity West Coast franchise from 1997 to 2019, the InterCity CrossCountry franchise from 1997 to 2007 and the InterCity East Coast franchise from 2015 to 2018. In 2004, he founded the space tourism company Virgin Galactic, based at Mojave Air and Space Port in California, United States, noted for the SpaceShipTwo suborbital spaceplane.
In March 2000, Branson was knighted for ""services to entrepreneurship"". Due to his work in retail, music and transport, his taste for adventure and for his humanitarian work, he has become a prominent global figure. In 2007 he was named one of the 100 Most Influential People in the World by Time magazine. In June 2023, Forbes magazine listed Branson's estimated net worth at US$3 billion.
On 11 July 2021, Branson travelled as a passenger on board Virgin Galactic Unity 22 at the edge of space, a suborbital test flight for Virgin Galactic. The mission lasted approximately one hour, reaching a peak altitude of 53.5 miles (86.1 km). At 70 he became the third-oldest person to fly to space.


== Early life ==
Richard Charles Nicholas Branson was born on 18 July 1950 in Blackheath, Royal Borough of Greenwich, London, the son of Edward James Branson (1918–2011), a barrister, and his wife, Evette Huntley Branson (née Flindt; 1924–2021), a former ballet dancer and air hostess. He has two younger sisters, Lindy and Vanessa. His paternal grandfather, Sir George Arthur Harwin Branson, was a judge of the High Court of Justice and a Privy Councillor.
Branson's great-great-great-grandfather John Edward Branson left England for India in 1793; John Edward's father, Harry Wilkins Branson, later joined his son in Madras. Starting from 1793, four generations of Branson's family lived in India, mostly at Cuddalore, in modern-day Tamil Nadu. On the television series Finding Your Roots Branson was shown to have 3.9% South Asian (Indian) DNA, likely through intermarriage. He later said that one of his great-great-great-grandmothers was an Indian named Ariya.
Branson was educated at Scaitcliffe School, a preparatory school in Surrey, before briefly attending Cliff View House School in Sussex. He attended Stowe School, a public school in Buckinghamshire until the age of sixteen.
Branson has dyslexia, and had poor academic performance; on his last day at school, his headmaster, Robert Drayson, told him he would either end up in prison or become a millionaire. Branson has also talked openly about having ADHD. Branson's parents were supportive of his endeavours from an early age. His mother was an entrepreneur; one of her most successful ventures was building and selling wooden tissue boxes and wastepaper bins. In London, he started off squatting from 1967 to 1968.
Branson is an atheist. He said in an interview in 2011 with Piers Morgan that he believes in evolution and the importance of humanitarian efforts, but not in the existence of God: ""I would love to believe,"" he said. ""It's very comforting to believe"".


== Early business career ==
After failed attempts to grow and sell both Christmas trees and budgerigars, Branson launched a magazine named Student in 1966 with Nik Powell. The first issue of Student appeared in January 1968, and a year later, Branson's net worth was estimated at £50,000 (equivalent to £1,040,000 in 2023). The office for the venture was situated in the crypt of St John's Church, off Bayswater Road, in London. Though not initially as successful as he hoped, the magazine later became a vital component of the mail-order record business Branson started from the same church he used for Student. Branson used the magazine to advertise popular albums, driving his record sales. He interviewed several prominent personalities of the late 1960s for the magazine including Mick Jagger and R. D. Laing. Branson took over full direction of Student after successfully lying to Powell that the workers at the magazine opposed Powell's plans to turn the magazine into a co-operative.
His business sold records for considerably less than the ""High Street"" outlets, especially the chain WHSmith. Branson once said, ""There is no point in starting your own business unless you do it out of a sense of frustration."" At the time many products were sold under restrictive marketing agreements that limited discounting, despite efforts in the 1950s and 1960s to limit retail price maintenance.
Branson eventually started a record shop in Oxford Street in London. In 1971 he was questioned in connection with the selling of records declared export stock. The matter was never brought before a court because Branson agreed to repay any unpaid purchase tax of 33% and a £70,000 fine. His parents re-mortgaged the family home to help to pay the settlement.


== Virgin ==


=== 1972–1980: Founding of Virgin Records ===

In 1972, using money earned from his record store, Branson launched the record label Virgin Records with Powell. The name ""Virgin"" was suggested by one of Branson's early employees because they were all new at business. Branson bought a country estate north of Oxford in which he installed a residential recording studio, The Manor Studio. He leased studio time to fledgling artists, including the multi-instrumentalist Mike Oldfield, whose debut album, Tubular Bells (1973), was the first release for Virgin Records and became a chart-topping best-seller.
Virgin signed controversial bands such as the Sex Pistols, which other companies were reluctant to sign. Virgin Records would go on to sign other artists including the Rolling Stones, Peter Gabriel, XTC, Japan, UB40, Steve Winwood and Paula Abdul, and to become the world's largest independent record label. It also won praise for exposing the public to such lesser known avant-garde music as that of the German bands Faust and Can. Virgin Records also introduced Culture Club to the music world.
Branson's net worth was estimated at £5 million by 1979, and a year later, Virgin Records went international.


=== 1981–1987: Package holiday industries, compilation albums, and Virgin Atlantic ===

Branson's first successful entry into the airline industry was during a trip to Puerto Rico. His flight was cancelled, so he decided to charter his own plane the rest of the way and offered a ride to the rest of the stranded passengers for a small fee to cover the cost.
In 1982, Virgin purchased the gay bar Heaven in London. In 1991, in a consortium with David Frost, Branson made an unsuccessful bid for three ITV franchises under the CPV-TV name. The early 1980s also saw his only attempt as a producer—on the novelty record ""Baa, Baa, Black Sheep"", by The Singing Sheep in association with Doug McLean and Grace McDonald, on which he was credited as ""Jeff Mutton"". The track consisted of samples of animal noises recorded at his aunt Claire Hoares' farm in Norfolk, set to a drum-machine-produced track and reached number 42 in the UK charts in 1982.
In 1983, Now That's What I Call Music! emerged from Virgin Records offices as a compilation series. Collaborating with EMI, Peter Jamieson orchestrated the partnership on Branson's boat, leading to the concise and influential title ""Now That's What I Call Music!,"" inspired by a Danish Bacon poster gifted to Simon Draper. Branson's introduction to the antique shop owned by Joan Templeman, played a pivotal role in his growing fascination with old signs and advertisements, ultimately shaping the collection.
Branson formed Virgin Atlantic and Virgin Cargo in 1984. He formed Virgin Holidays in 1985.


=== 1988–2000: Telecoms ventures, railways, and worldwide impact ===

In 1992, to keep his airline company afloat, Branson sold the Virgin label to EMI for £500 million. Branson said that he wept when the sale was completed because the record business had been the very start of the Virgin empire. He created V2 Records in 1996 to re-enter the music business, owning 5% himself. Virgin also acquired the European short-haul airline Euro Belgian Airlines and renamed it Virgin Express. In 1997 Branson took what many saw as being one of his riskier business exploits by entering into the railway business during the privatisation of British Rail. Virgin Rail Group won the InterCity CrossCountry and InterCity West Coast franchises, beginning operations in January and March 1997 respectively. Both franchises were scheduled to run for 15 years.
A series of disputes in the early 1990s caused tension between Virgin Atlantic and British Airways, which viewed Virgin as an emerging competitor. Virgin subsequently accused British Airways of poaching its passengers, hacking its computers and leaking stories to the press that portrayed Virgin negatively. After the so-called campaign of ""dirty tricks"", British Airways settled the case, giving £500,000 to Branson, a further £110,000 to his airline, and had to pay legal fees of up to £3 million. Branson distributed his compensation (the so-called ""BA bonus"") among his staff.
Branson launched Virgin Mobile in 1999, and airline Virgin Blue in Australia in 2000.


=== 2001–2007: Entry into space travel and Virgin Media ===

On 25 September 2004 Branson announced the signing of a deal under which a new space-tourism company, Virgin Galactic, will license the technology behind SpaceShipOne—funded by the Microsoft co-founder Paul Allen and designed by the aeronautical engineer Burt Rutan—to take paying passengers into suborbital outer space. Virgin Galactic plans to make flights available to the public with tickets priced at US$200,000 using the Scaled Composites White Knight Two. The spacecraft, SpaceShipTwo, is manufactured by The Spaceship Company, which was founded by Branson and Rutan and is now solely owned by Virgin Galactic. In 2013, Branson said that he planned to take his two children, 31-year-old Holly and 28-year-old Sam, on a trip to outer space when they ride the SpaceShipTwo rocket plane on its first public flight, then planned for 2014. As part of his promotion of the firm, Branson has added a variation of the Virgin Galactic livery to his personal business jet, the Dassault Falcon 900EX ""Galactic Girl"" (G-GALX).
He was ninth in The Sunday Times Rich List 2006 of the wealthiest people or families in the UK, worth slightly more than £3 billion. Branson wrote in his autobiography of the decision to start an airline.

My interest in life comes from setting myself huge, apparently unachievable challenges and trying to rise above them ... from the perspective of wanting to live life to the full, I felt that I had to attempt it.
In 2006, through a merger with SN Brussels Airlines, Virgin Airlines formed Brussels Airlines, while retaining its separate listing. It also started a national airline based in Nigeria, called Virgin Nigeria, which ceased operations in 2009. Another airline, Virgin America, began flying out of San Francisco International Airport in August 2007.
Branson's next venture with the Virgin group was Virgin Fuels, which was set up to respond to global warming and exploit the recent spike in fuel costs by offering a revolutionary, cheaper fuel for automobiles and, in the near future, aircraft. Branson has stated that he was formerly a global warming sceptic and was influenced in his decision by a breakfast meeting with Al Gore, a former vice president of the United States.
On 21 September 2006 Branson pledged to invest the profits of Virgin Atlantic and Virgin Trains in research for environmentally-friendly fuels. The investment is estimated to be worth US$3 billion.
On 4 July 2006 Branson sold his Virgin Mobile company to the British cable, television, broadband and telephone company NTL:Telewest for £900 million. A new company was launched with much fanfare and publicity on 8 February 2007, under the name Virgin Media. The decision to merge his Virgin Media Company with NTL was made in order to integrate compatible areas of the two businesses. Whilst Branson had owned three-quarters of Virgin Mobile, he would now get paid £8.5 million per annum for the use of the Virgin brand name. He does not own any part of Virgin Media.
In 2006, Branson formed Virgin Comics and Virgin Animation, an entertainment company focused on creating new stories and characters for a global audience. The company was founded with the author Deepak Chopra, the filmmaker Shekhar Kapur and the entrepreneurs Sharad Devarajan and Gotham Chopra. Branson also launched the Virgin Health Bank on 1 February 2007, offering expecting parents the opportunity to store their babies' umbilical cord blood stem cells in private and public stem-cell banks.
In June 2006, a tip-off from Virgin Atlantic led both British and American competition authorities to investigate price-fixing attempts between Virgin Atlantic and British Airways. In August 2007 British Airways was fined £271 million over the allegations. Virgin Atlantic was given immunity for tipping off the authorities and received no fine—a controversial decision the Office of Fair Trading defended as being in the public interest.

On 9 February 2007 Branson announced the setting up of a new global science and technology prize—The Virgin Earth Challenge—in the belief that history has shown that prizes of this nature encourage technological advancements for the good of mankind. The Virgin Earth Challenge was to award US$25 million to the individual or group who are able to demonstrate a commercially viable design that will result in the net removal of anthropogenic, atmospheric greenhouse gases each year for at least ten years without countervailing harmful effects. This removal must have long-term effects and contribute materially to the stability of the Earth's climate. Branson also announced that he would be joined in the adjudication of the prize by a panel of five judges, all world authorities in their respective fields: Al Gore, Sir Crispin Tickell, Tim Flannery, James E. Hansen and James Lovelock.
In July 2007, Branson purchased his Australian home, Makepeace Island, in Noosa. In August 2007 he announced that he had bought a 20 per cent stake in the Malaysian airline AirAsia X.
On 13 October 2007, Branson's Virgin Group sought to add Northern Rock to its empire after submitting an offer that would result in Branson personally owning 30 per cent of the company and changing its name from Northern Rock to Virgin Money. The Daily Mail ran a campaign against his bid; Vince Cable, financial spokesperson for the Liberal Democrats, suggested in the House of Commons that Branson's criminal conviction for tax evasion might be felt by some as a good enough reason not to trust him with public money.
In September 2023, Branson declared his decision against injecting additional funds into Virgin Galactic, his space travel company experiencing financial losses. He highlighted that his business empire no longer possesses extensive financial resources, indicating constraints on further investment.


=== 2008–2019: Hotels, healthcare and charitable influence ===
On 9 January 2008, Virgin Healthcare announced that it would open a chain of health care clinics that would offer conventional medical care alongside homeopathic and complementary therapies, a development that was welcomed by Ben Bradshaw, the health minister.
Plans where GPs could be paid for referring National Health Service (NHS) patients to private Virgin services were abandoned in June 2008. The BMA warned the plan would ""damage clinical objectivity"", there would be a financial incentive for GPs to push patients toward the Virgin services at the centre. Plans to take over an NHS practice in Swindon were abandoned in late September 2008.

In February 2009, Branson's Virgin organisation was reported as bidding to buy the former Honda Formula One team. Branson later expressed interest in Formula One, but claimed that, before the Virgin brand became involved with Honda or any other team, Formula One would have to develop a more economically efficient and environmentally responsible image. At the start of the 2009 Formula One season on 28 March, it was announced that Virgin would be sponsoring the new Brawn GP team, with discussions also under way about introducing a less ""dirty"" fuel in the medium term. After the end of the season and the subsequent purchase of Brawn GP by Mercedes-Benz, Branson invested in an 80 per cent buyout of Manor Grand Prix, with the team being renamed Virgin Racing.
In 2010, Virgin Hotels was launched under the Virgin Group. In February 2018, Branson announced the first Virgin hotel in the UK would open in Edinburgh.
Branson and Tony Fernandes, owner of Air Asia and Lotus F1 Racing, had a bet for the 2010 F1 season where the losing team's boss should work on the winner's airline during a charity flight dressed as a stewardess. Fernandes escaped as the bet winner, as Lotus Racing ended tenth in the championship, while Virgin Racing ended twelfth and last. Branson kept his word after losing the bet, as he served his duty as a stewardess on an Air Asia flight between Perth and Kuala Lumpur on 12 May 2013.

In 2010, Branson became patron of the UK's Gordon Bennett 2010 gas balloon race, which has 16 hydrogen balloons flying across Europe.
In April 2012, Virgin Care commenced a five-year contract for provision of a range of health services which had previously been under the aegis of NHS Surrey, the local primary care trust. By March 2015 Virgin Care was in charge of more than 230 services nationwide.
In July 2012, Branson announced plans to build an orbital space launch system, designated LauncherOne. Four commercial customers have already contracted for launches and two companies are developing standardised satellite buses optimised to the design of LauncherOne, in expectation of business opportunities created by the new smallsat launcher.
In August 2012, when re-tendered the InterCity West Coast franchise was awarded to FirstGroup after a competitive tender process overseen by the Department for Transport. Branson had expressed his concerns about the tender process and questioned the validity of the business plan submitted by FirstGroup. When Virgin Rail lost the contract, Branson said he was convinced the civil servants had ""got their maths wrong"". In October, after an investigation into the bidding process, the deal was scrapped. The transport secretary, Patrick McLoughlin, announced there were ""significant technical flaws"" in the process and mistakes had been made by transport staff. Virgin Rail continued to operate the West Coast line until 7 December 2019, when it was replaced by Avanti West Coast.
In September 2014, Branson announced his investment in the drone company 3D Robotics, stating, ""It's amazing to see what a little flying object with a GoPro attached can do. Before they came along the alternative was an expensive helicopter and crew. I'm really excited about the potential 3D Robotics sees in drones. They can do a lot of good in the world, and I hope this affordable technology will give many more people the chance to see our beautiful planet from such a powerful perspective.""
In 2014, Branson launched the ""Foodpreneur"" food and drink-focused start-up competition. Winners were provided with mentorship from Branson, legal support and brand counselling. The 2014 winners included Proper Beans, Killer Tomato, Sweetpea Pantry and Sweet Virtues. In 2015, the competition expanded to the Virgin StartUp's Foodpreneur Festival. The 2015 winners were given the opportunity to pitch Target Corporation buyers. The 2015 winners included Pip & Nut, Double Dutch Drinks, Harry Bromptons, Cauli Rice and Mallow and Marsh.
In March 2015, Virgin Trains East Coast commenced operating the InterCity East Coast franchise; the company was a joint venture between Stagecoach (90%) and Virgin Group (10%). Due to the line performing below VTEC's expectations, it was announced in May 2018 that the contract would be terminated early by the government. VTEC ceased operating on 23 June 2018 and operations passed to a government-owned operator, London North Eastern Railway.
In November 2015, Branson announced the addition of Moskito Island to the Virgin Limited Edition portfolio. This resort, The Branson Estate on Moskito Island, offers 11 bedrooms for 22 guests.

In 2017, Virgin Group invested in Hyperloop One, developing a strategic partnership between the two. Branson joined the board of directors, and in December 2017 became its chairman. The announced winner of the 2017 Virgin StartUp's Foodpreneur prize was The Snaffling Pig Co, which won a six-week rental space at Intu Lakeside, the retail centre with the highest foot traffic in the United Kingdom.
In October 2017, Branson appeared on the Season 9 Premiere of Shark Tank as a guest investor, where he invested in Locker Board, a sustainable line of skateboards invented by an 11-year-old named Carson Kropfl. Branson told him that he reminded him of himself. Branson became the wealthiest Shark to have appeared on the show.
In April 2018, Branson announced the acquisition of the Las Vegas-based Hard Rock Casino-Hotel with plans to re-brand the property under his Virgin Hotels business. Virgin Hotels Las Vegas opened on 25 March 2021.
In May 2018, it was announced that he would become a partner in a private equity fund that will be co-managed by Metric Capital. The fund will seek out consumer goods firms to invest in.
In September 2018, Branson took part in his fourth Virgin Strive Challenge, where he and a core team travelled more than 2,000 km from Cagliari in Sardinia to the summit of Mont Blanc entirely under human and sail power. It was a month long, and they hiked, biked and kayaked across Europe and had a near-miss on Mont Blanc when a rockfall rained down on them as they crossed the perilous Gouter Couloir. They raised more than £1 million for Holly and Sam Branson's charity Big Change, which supports young people.
In February 2019, Branson helped to organise an international benefit concert, Venezuela Aid Live, to bring worldwide attention to the humanitarian crisis and raise funds for humanitarian aid. The concert took place on 22 February in Cúcuta, Colombia, on the Venezuelan border.


=== 2020–present: COVID-19 difficulties ===
In March 2020, during the COVID-19 pandemic which saw a dramatic decline in international air travel of around 60 per cent globally, Branson and Virgin were criticised for asking staff to take eight weeks' unpaid leave. In response to the global pandemic, Branson put his luxury Necker Island up as collateral for a commercial loan to save Virgin Atlantic from going bust. Branson said: ""Over the five decades I have been in business, this is the most challenging time we have ever faced... From a business perspective, the damage to many is unprecedented and the length of the disruption remains worryingly unknown."" On 5 May 2020 it was announced that due to the COVID-19 pandemic, the airline would lay off 3000 staff, reduce the fleet size to 35 by the summer of 2022, retire the Boeing 747-400s and would not resume operations from Gatwick Airport following the pandemic.
On 11 July 2021, Branson took a flight with Beth Moses, Sirisha Bandla and Colin Bennett and reached edge of space (86 kilometres or 53 miles) on a Virgin Galactic spacecraft called VSS Unity. This made him the first billionaire founder of a space company to travel to the edge of space.
In October 2024, Virgin Money UK was sold to the Nationwide Building Society. Branson made £724 million from the deal, £414 million from his 14.5 per cent shareholding and £310 million for Nationwide's use of the Virgin Money brand for up to six years.


== Failed business ventures ==
Branson has been involved in a number of failed business ventures, such as Virgin Cola, Virgin Cars, Virgin Publishing, Virgin Clothing and Virgin Brides. However, Branson holds an optimistic view of failure. He has written: ""I suppose the secret to bouncing back is not only to be unafraid of failures but to use them as motivational and learning tools... There's nothing wrong with making mistakes as long as you don't make the same ones over and over again.""


== World record attempts ==

Branson made several world record-breaking attempts after 1985, when in the spirit of the Blue Riband he attempted the fastest Atlantic Ocean crossing by ship. His first attempt in the Virgin Atlantic Challenger led to the boat capsizing in British waters and a rescue by Royal Navy helicopter, which received wide media coverage. Some newspapers called for Branson to reimburse the government for the rescue cost. In 1986, in his Virgin Atlantic Challenger II, he beat the record by two hours with a sailing expert named Daniel McCarthy. A year later his hot air balloon Virgin Atlantic Flyer crossed the Atlantic.
In January 1991, Branson crossed the Pacific from Japan to Arctic Canada, 6,700 miles (10,800 km), in a balloon of 2,600,000 cubic feet (74,000 m3). This broke the record, with a speed of 145 miles per hour (233 km/h).
Between 1995 and 1998, Branson, Per Lindstrand, Vladimir Dzhanibekov, Larry Newman and Steve Fossett made attempts to circumnavigate the globe by balloon. In late 1998 they made a record-breaking flight from Morocco to Hawaii, but were unable to complete a global flight before Bertrand Piccard and Brian Jones in Breitling Orbiter 3 in March 1999.
In March 2004, Branson set a record by travelling from Dover to Calais in a Gibbs Aquada in 1 hour, 40 minutes and 6 seconds, the fastest crossing of the English Channel in an amphibious vehicle. The previous record of six hours was set by two Frenchmen. The hosts of the motoring television programme Top Gear, Jeremy Clarkson, James May and Richard Hammond, attempted to break this record in 2007 with an amphibious vehicle which they had constructed and, while successfully crossing the channel, did not break Branson's record. After being intercepted by the Coast Guard and asked what their intentions were, Clarkson remarked ""...our intentions are to go across the Channel faster than 'Beardy' Branson!"". The Coast Guard wished them 'Good luck and Bon Voyage'.
In September 2008, Branson and his children made an unsuccessful attempt at an eastbound record crossing of the Atlantic Ocean under sail in the 99-foot (30 m) sloop Virgin Money. The boat, also known as Speedboat, is owned by a New York Yacht Club member named Alex Jackson, who was a co-skipper on this passage, with Branson and Mike Sanderson. After two days, four hours, winds of force 7 to 9 (strong gale), and seas of 40 feet (12 m), a 'monster wave' destroyed the spinnaker, washed a ten-man life raft overboard and severely ripped the mainsail. The sloop eventually continued to St. George's, Bermuda.


== Television, film and print ==

Branson has guest starred, usually playing himself, on several television shows, including Friends, Baywatch, Birds of a Feather, Only Fools and Horses, The Day Today, a special episode of the comedy Goodness Gracious Me and Tripping Over. Branson made several appearances during the 1990s on the BBC Saturday morning programme Live & Kicking, where he was referred to as 'the pickle man' by the comedy act Trev and Simon (in reference to Branston Pickle).
Branson also appears in a cameo early in XTC's ""Generals and Majors"" video. He was also the star of a reality television show on Fox called The Rebel Billionaire: Branson's Quest for the Best (2004), in which sixteen contestants were tested for their entrepreneurship and sense of adventure and only lasted one season.
His high public profile often leaves him open as a figure of satire—the 2000 AD series Zenith features a parody of Branson as a supervillain, as the comic's publisher and favoured distributor and the Virgin group were in competition at the time. He is also caricatured in The Simpsons episode ""Monty Can't Buy Me Love"" as the tycoon Arthur Fortune, as the ballooning megalomaniac Richard Chutney (a pun on Branson, as in Branston Pickle) in Believe Nothing, and voiced himself in ""The Princess Guide"". The character Grandson Richard 39 in Terry Pratchett's Wings is modelled on Branson.
He has a cameo appearance in several films: Around the World in 80 Days (2004), where he played a hot-air balloon operator, and Superman Returns (2006), where he was credited as a 'Shuttle Engineer' and appeared alongside his son, Sam, with a Virgin Galactic-style commercial suborbital shuttle at the centre of his storyline. He also has a cameo in the James Bond film Casino Royale (2006). Here, he is seen as a passenger going through Miami Airport security check-in and being frisked – several Virgin Atlantic planes appear soon after. British Airways edited out Branson's cameo in their in-flight screening of the movie. He makes a number of brief and disjointed appearances in the documentary Derek and Clive Get the Horn (1979), which follows the exploits of Peter Cook and Dudley Moore recording their final comedy album. Branson and his mother were also featured in the documentary film Lemonade Stories. On the television series Rove Live in early 2006, Rove McManus and Branson pushed each other into a swimming pool fully clothed live on television during a ""Live at your house"" episode.
Branson is a Star Trek fan and named the spaceplane VSS Enterprise in honour of the Star Trek spaceships, and in 2006 reportedly offered the actor William Shatner a ride on the inaugural space launch of Virgin Galactic. In an interview in Time magazine, published on 10 August 2009, Shatner claimed Branson approached him asking how much he would pay for a journey on the spaceplane. In response, Shatner asked ""how much would you pay me to do it?""
In August 2007, Branson announced on The Colbert Report that he had named a new aircraft Air Colbert. He later doused the host, Stephen Colbert, with water from his mug. Branson subsequently took a retaliatory splash from Colbert. The interview quickly ended, with both laughing as shown on the episode aired on Comedy Central on 22 August 2007. The interview was promoted on The Report as the Colbert-Branson Interview Trainwreck. Branson then made a cameo appearance in The Soup, playing an intern working under Joel McHale who had been warned against getting into water fights with Colbert, and being subsequently fired.
In March 2008, he launched Virgin Mobile in India; during that period, he made a cameo appearance in the Bollywood film London Dreams. In July 2010, Branson narrated the Australian sailor Jessica Watson's documentary about her solo sailing trip around the world.
In April 2011, Branson appeared on CNN's Mainsail with Kate Winslet. Together they re-enacted a famous scene from the 1997 film Titanic for the cameras. On 17 August 2011 he was featured in the premiere episode of Hulu's first long-form original production, A Day in the Life.
At the 2012 Pride of Britain Awards on ITV on 30 October, Branson, along with Michael Caine, Elton John, Simon Cowell and Stephen Fry, recited Rudyard Kipling's poem ""If—"" in tribute to the 2012 British Olympic and Paralympics athletes.
In 1998, Branson released his autobiography, titled Losing My Virginity, an international best-seller. Branson was deeply saddened by the disappearance of his fellow-adventurer Steve Fossett in September 2007; the following month he wrote an article for Time magazine, titled ""My Friend, Steve Fossett"".


== Humanitarian initiatives ==
In the late 1990s, Branson and the musician Peter Gabriel discussed with Nelson Mandela their idea of a small group of leaders working to solve difficult global conflicts. On 18 July 2007 in Johannesburg, South Africa, Mandela announced the formation of a new group, The Elders. Kofi Annan served as Chair of The Elders and Gro Harlem Brundtland as deputy chair. The Elders is funded by a group of donors, including Branson and Gabriel.

In 1999, Branson became a founding sponsor of the International Centre for Missing & Exploited Children (""ICMEC""), the goal of which is to help find missing children, and to stop the exploitation of children, as his mother Eve became a founding member of ICMEC's board of directors.
Through the Carbon War Room, founded in 2009, Branson sought solutions for global warming and the energy crisis. ""We all have a part to play, but I believe entrepreneurs will have a really significant role to play in bringing investment and commercial skills to help develop the new technologies needed to grow a post-carbon economy"", he said in his interview with Vision. Through the Carbon War Room he has focused efforts on finding sustainable alternatives for three industry sectors: shipping, energy efficiency and aviation and renewable jet fuels.
He also launched Virgin Startup, an official delivery partner for the UK's Start Up Loans programme. Through this new organisation, he provided loans to entrepreneurs between the ages of 18 and 30 UK-wide. A pilot of the scheme, which ran over 11 months, injected £600,000 into 100 businesses.
Branson's other work in South Africa includes the Branson School of Entrepreneurship, set up in 2005 as a partnership between Virgin Unite, the non-profit foundation of Virgin, and entrepreneur Taddy Blecher, the founder of CIDA City Campus, a university in Johannesburg. The school aims to improve economic growth in South Africa by supporting start-ups and micro-enterprises with skills, mentors, services, networks and finance arrangements. Fundraising activity to support the school is achieved by The Sunday Times Fast Track 100, sponsored by Virgin Group, at its yearly event, where places to join Branson on trips to South Africa to provide coaching and mentoring to students are auctioned to attendees. In 2009 Jason Luckhurst and Boyd Kershaw of Practicus, Martin Ainscough of the Ainscough Group and Matthew Riley of Daisy Communications helped to raise £150,000 through the auction.
In March 2008, Branson hosted an environmental gathering at his private island, Necker Island, in the Caribbean with several entrepreneurs, celebrities, and world leaders. They discussed global warming-related problems, hoping that the meeting would be a precursor to future discussions regarding similar problems. The former British prime minister Tony Blair, the Wikipedia co-founder Jimmy Wales and the Google co-founder Larry Page were in attendance.
On 8 May 2009, Branson took over Mia Farrow's hunger strike for three days in protest of the Sudanese government expulsion of aid groups from the Darfur region. In 2010, he and the Nduna Foundation (founded by Amy Robbins), and Humanity United (an organization backed by Pam Omidyar, the wife of the eBay founder Pierre Omidyar) founded Enterprise Zimbabwe.

Branson is a signatory of Global Zero campaign, a non-profit international initiative for the elimination of all nuclear weapons worldwide. Since its launch in Paris in December 2008, Global Zero has grown to 300 leaders, including current and former heads of state, national security officials and military commanders, and 400,000 citizens worldwide; developed a practical step-by-step plan to eliminate nuclear weapons; launched an international student campaign with 75 campus chapters in eight countries; and produced a documentary film, Countdown to Zero, in partnership with Lawrence Bender and Participant Media.
Since 2010, Branson has served as a Commissioner on the Broadband Commission for Digital Development, a United Nations initiative which promotes universal access to broadband services. In 2011 Branson served on the Global Commission on Drug Policy with former political and cultural leaders of Latin America and elsewhere, ""in a bid to boost the effort to achieve more humane and rational drug laws.""
In December 2013, Branson urged companies to boycott Uganda because of its ""anti-homosexuality bill"". Branson stated that it would be ""against my conscience to support this country...governments must realize that people should be able to love whoever they want.""
In 2014, Branson joined forces with African Wildlife Foundation and partner WildAid for the ""Say No"" Campaign, an initiative to bring public awareness to the issues of wildlife poaching and trafficking.
Branson is an opponent of the death penalty, stating: ""the death penalty is always cruel, barbaric and inhumane. It has no place in the world."" In 2015 Branson released a letter in support of the American prisoner Richard Glossip on the day he was due to be executed, and in 2021 was among the public figures who called on Singapore to halt the execution of Nagaenthran K. Dharmalingam, a Malaysian drug trafficker who was convicted and sentenced to Singapore's death row for heroin trafficking. After Nagaenthran was executed by hanging at Changi Prison, Branson expressed disappointment in Singapore for its ""relentless machinery of death"" since it left ""no room for decency, dignity, compassion, or mercy"". In October 2022 the Singapore Ministry of Home Affairs invited Branson to Singapore for a live televised debate on Singapore's approach towards drugs and the death penalty with K. Shanmugam, Singapore's Minister for Home Affairs and Law. Branson rejected the offer. In 2023, Branson once again spoke up against Singapore's stance of capital punishment when he protested against the upcoming execution of Tangaraju Suppiah, a 46-year-old Singaporean who was found guilty of trafficking 1 kg of cannabis and scheduled to hang on 26 April 2023, and Branson claimed that Tangaraju was ""innocent"" of the crime of which he was convicted. Before the execution of Saridewi Djamani on 28 July 2023, Branson also appealed for mercy on Saridewi's behalf; Saridewi was the first female offender to be executed in Singapore, 19 years after the hanging of Yen May Woen in 2004.
Branson has spoken out in support of a new trial for the American death row prisoner Toforest Johnson. In February 2025 Branson used his social media accounts to draw attention to Johnson's case. Branson wrote on Instagram that ""[a]n innocent man has been on Alabama's death row for over 26 years, but there is still time to fix this tragic mistake."" Branson's post encouraged his followers to listen to the podcast Earwitness, which tells Johnson's story.
In October 2018, Branson spoke out for Jamal Khashoggi, a Saudi journalist who was killed by Saudi authorities in the Saudi consulate in Istanbul, Turkey by suspending his advisory role from Saudi Arabia's biggest Red Sea tourism project. He issued a statement saying, ""The disappearance of journalist Jamal Khashoggi, if proved true, would clearly change the ability of any of us in the West to do business with the Saudi Government.""
On 10 April 2023, Branson became an ambassador for the United24 fundraising platform. Іn connection with these events Virgin Unite announced program of evacuations of children with cancer to the world's leading clinics, in cooperation with the Ukrainian Tabletochki Charity Foundation.


=== Climate change pledge ===

In 2006 Branson made a high-profile pledge to invest US$3 billion towards addressing global warming over the course of the following decade. However, the author and activist Naomi Klein has criticised Branson for contributing ""well under $300 million"" as of 2014, far below the originally stated goal. Additionally, Klein says Virgin airlines' greenhouse gas emissions increased considerably in the years following his pledge.


=== B Team ===
Branson is the co-founder of the B Team, a global nonprofit organization that was founded in 2013 by a group of business leaders who are committed to using their influence to drive positive change and promote sustainable business practice. The B Team has several focus areas, including climate action, human rights and responsible tax practices. The organisation also advocates for gender equality and diversity and inclusion in the workplace, recognising that these issues are critical to achieving sustainable business practices.


== Politics ==
In the 1980s, Branson was briefly given the post of ""litter Tsar"" by Margaret Thatcher—charged with ""keeping Britain tidy"". During the BBC coverage of the 1997 general election, Branson was interviewed at the Labour Party celebrations at the Royal Festival Hall. In 2005 he declared that there were only negligible differences between the two main parties on economic matters. He was suggested as a candidate for Mayor of London before the first 2000 mayoral election, with polls indicating he would be a viable candidate, but he did not express interest.
In March 2015, Branson said that almost all drug use should be decriminalised in the UK, following the example of Portugal.
Branson supported continuing British membership of the European Union and was opposed to the 2016 referendum. On 28 June 2016, interviewed for ITV's Good Morning Britain, he said his company had lost a third of its value as a result of the referendum result and that a planned venture, employing more than 3,000 people, which he had announced before the referendum, had been shelved. He gave his backing for a second referendum. Branson endorsed Hillary Clinton in the 2016 United States presidential election.
Branson openly criticised the Philippine drug war marred by allegations of extrajudicial killings. In September 2016, he, along with the former United Nations High Commissioner for Human Rights Louise Arbour and the former Brazilian president Fernando Henrique Cardoso, wrote a letter to the then Philippine president, Rodrigo Duterte, calling on his government to halt the killings and develop evidence-based policies to address the Philippines' drug situation.
After expressing his opposition to the death penalty for crimes such as drug trafficking, in October 2022 Branson was invited by Singapore's government to participate in a live television debate regarding this country's approach to drugs and the death penalty. However, Branson declined this invitation, stating that such debates often focus on the personalities rather than the issue itself.


== Honours and awards ==

In 1992, Branson received the Golden Plate Award of the American Academy of Achievement.
In 1993, Branson was awarded an honorary degree of Doctor of Technology from Loughborough University.
In the New Years Honours list dated 30 December 1999, Queen Elizabeth II signified her intention to confer the honour of Knight Bachelor on him for his ""services to entrepreneurship"". He was knighted by Charles, Prince of Wales, on 30 March 2000 at an investiture in Buckingham Palace.
Also in 2000, Branson received the Tony Jannus Award for his accomplishments in commercial air transportation.
In 2000, Branson was inducted into the International Air & Space Hall of Fame at the San Diego Air & Space Museum.
Branson appears at No. 85 on the 2002 list of 100 Greatest Britons on the BBC and voted for by the public. Branson was also ranked in Time magazine's 2007 list of the 100 Most Influential People in The World. On 7 December 2007 United Nations Secretary-General Ban Ki-moon presented Branson with the United Nations Correspondents Association Citizen of the World Award for his support for environmental and humanitarian causes.
On 24 January 2011, Branson was awarded the German Media Prize (organised by ""Media Control Charts""), previously handed to the former US president Bill Clinton and the Dalai Lama.
On 14 November 2011, Branson was awarded the ISTA Prize by the International Space Transport Association in The Hague for his pioneering achievements in the development of suborbital transport systems with ""Virgin Galactic"".
On 11 February 2012, Branson was honoured with the National Academy of Recording Arts and Sciences' President's Merit Award for his contributions to the music industry.
On 2 June 2013, Branson received an honorary degree of Doctor Honoris Causa from Kaunas Technology University in Kaunas, Lithuania.
On 15 May 2014, Branson received the 2014 Business for Peace Award, awarded annually by the Business for Peace Foundation in Oslo, Norway.
On 21 September 2014, Branson was recognised by The Sunday Times as the most admired businessperson over the last five decades.
On 9 October 2014, Branson was named as the No. 1 LGBT ally by the OUTstanding organisation.
On 29 October 2015, Branson was listed by the UK-based company Richtopia at number 1 in the list of 100 Most Influential British Entrepreneurs.
In October 2015, Branson received the International Crisis Group Chairman's Award at the United Nations Development Programme's in Pursuit of Peace Awards Dinner.
On 16 October 2018, Branson received a star on the Hollywood Walk of Fame under the category of recording for co-founding Virgin Records. The Hollywood Chamber of Commerce placed his star at 6764 Hollywood Boulevard in Los Angeles.


== Tax evasion ==
In 1971, Branson was convicted for tax evasion and was briefly jailed, for one night, having fraudulently obtained export documents for records to be sold on the domestic market to avoid paying Purchase Tax. Customs officials caught onto the scheme and executed a sting operation, marking records bought for the international market with invisible ink and subsequently buying them on the domestic market. Branson was advised of the sting by an anonymous tip-off and attempted to dispose of the evidence, but this was unsuccessful.
Branson's business empire is owned by a complicated series of offshore trusts and companies. The Sunday Times stated that his wealth is calculated at £3 billion; if he were to retire to his Caribbean island and liquidate all of this, he would pay relatively little in tax. Branson has been criticised for his business strategy, and has been accused of being a carpetbagger. Branson responded that he is living on Necker for health rather than tax reasons.
In 2013, Branson described himself as a ""tax exile"", having saved millions in tax by ending his mainland British residency and living in the British Virgin Islands. This was echoed by the then Shadow Chancellor of the Exchequer, John McDonnell, in 2016, amid calls for his knighthood to be revoked.


== Personal life ==
Branson married Kristen Tomassi in 1972 and divorced her in 1979. They had no children together. In 1976, Branson met Joan Templeman and later began a relationship with her. Three children were born during the course of the relationship: a daughter, Clare Sarah (b. 1979), who lived for four days; another daughter, Holly (b. 1981), and a son, Sam (b. 1985). In 1989 Branson and Templeman married on Necker Island.
In 2017, Branson's Necker Island home was left uninhabitable after Hurricane Irma. It was the second time it had been severely damaged, after the building caught fire when it was struck by lightning caused by Hurricane Irene in 2011. Branson's mother, Eve, died of COVID-19 complications in January 2021 at the age of 96. Branson posted an online celebration of her life.
In 2007, Branson was ordained as a minister by the Universal Life Church Monastery to conduct an on-flight wedding as part of a marketing effort for domestic flights in the US on Virgin America airline. From 2013 to 2017, he served as President of the Old Stoic Society of Stowe School.
In November 2017, Antonia Jenae, a backing singer for Joss Stone, claimed Branson sexually assaulted her at Necker Island by ""putting his head between her cleavage and making boat engine noises"", a practice that, when performed consensually, is known as motorboating. A spokesperson for Branson confirmed to The Sun that members of the band had been invited for a party on the island in 2010, but that he and friends and family in attendance had ""no recollection"" of the events and that ""there would never have been any intention to offend or make anyone feel uncomfortable. Richard apologises if anyone felt that way.""
Branson is an experienced kitesurfer, and set two world records in the sport. The first was as the oldest person to kitesurf across the English Channel. Then in 2014 he broke the Guinness World Record for most people riding a surfboard by kiting with three women attached to him, including the professional kiteboarder Susi Mai and the entrepreneur Alison Di Spaltro. Also an avid cyclist, in August 2016 he was injured while riding his bicycle in the British Virgin Islands, resulting in torn ligaments and a cracked cheek.


== Influences ==
Branson has stated in a number of interviews that he has been much influenced by non-fiction books. He most commonly mentions Nelson Mandela's autobiography, Long Walk to Freedom, explaining that Mandela was ""one of the most inspiring men I have ever met and had the honour to call my friend."" Owing to his interest in humanitarian and ecological issues, Branson also lists Al Gore's best-selling book, An Inconvenient Truth, and The Revenge of Gaia by James Lovelock among his favourites. According to Branson's book, Screw It, Let's Do It: Lessons in Life, he is also a fan of Jung Chang's Wild Swans and Antony Beevor's Stalingrad. In fiction Branson has long admired Peter Pan, and in 2006 he founded Virgin Comics LLC, stating that Virgin Comics will give ""a whole generation of young, creative thinkers a voice"".


== Bibliography ==
Losing My Virginity: How I've Survived, Had Fun, and Made a Fortune Doing Business My Way. National Geographic Books. 9 March 2010. ISBN 978-0-7535-1955-4.
Screw It, Let's Do It. Virgin Books. 2006. ISBN 978-0-7535-1149-7.
Let's Not Screw It, Let's Just Do it: New Lessons for the Future. Random House Australia. 2007. ISBN 978-1-7416-6688-5.
Business Stripped Bare. Virgin Books. 2008. ISBN 978-0-7535-1503-7.
Arctic Diary: Surviving on Thin Ice. Virgin Books. 2008. ISBN 978-0-7535-1536-5.
Reach for the Skies: Ballooning, Birdmen and Blasting into Space. Virgin Books. 2010. ISBN 978-1-905264-91-9.
Globalisation Laid Bare: Lessons in International Business. Gibson Square Books. 2010. ISBN 978-1-90614-272-8.
Screw Business as Usual. Portfolio/Penguin. 2011. ISBN 978-1-59184-434-1.
Like a Virgin: Secrets They Won't Teach You at Business School. Virgin Books. 2013. ISBN 978-0-75351-992-9.
The Virgin Way: How to Listen, Learn, Laugh and Lead. Virgin Books. 2014. ISBN 978-1-90526-490-2.
Finding My Virginity. Ebury Publishing. 2017. ISBN 978-0-75355-108-0.
Also published as: The Virgin Way: If It's Not Fun, It's Not Worth Doing and The Virgin Way: Everything I Know About Leadership


== Audiobook ==
Losing and Finding My Virginity: The Full Story. Virgin Digital. 4 April 2024. ISBN 978-0-7535-6110-2.


== Notes ==


== References ==


== External links ==

Sir Richard Branson at The Bail Project
Branson's 2nd island in Architectural Digest
Richard Branson on Twitter 
Branson's blog on virgin.com
Richard Branson at TED 
Branson's Forbes Profile
Branson interview on BBC Radio 4's Desert Island Discs, 1990","Sir Richard Charles Nicholas Branson (born 18 July 1950) is an English business magnate who co-founded the Virgin Group in 1970, and, as of 2016, controlled five companies.
Branson expressed his desire to become an entrepreneur at a young age. His first business venture, at the age of 16, was a magazine called Student. In 1970, he set up a mail-order record business. He opened a chain of record stores, Virgin Records—later known as Virgin Megastores—in 1972. His Virgin brand grew rapidly during the 1980s, as he started the Virgin Atlantic airline and expanded the Virgin Records music label. In 1997 he founded the Virgin Rail Group to bid for passenger rail franchises during the privatisation of British Rail. The Virgin Trains brand operated the InterCity West Coast franchise from 1997 to 2019, the InterCity CrossCountry franchise from 1997 to 2007 and the InterCity East Coast franchise from 2015 to 2018. In 2004, he founded the space tourism company Virgin Galactic, based at Mojave Air and Space Port in California, United States, noted for the SpaceShipTwo suborbital spaceplane.
In March 2000, Branson was knighted for ""services to entrepreneurship"". Due to his work in retail, music and transport, his taste for adventure and for his humanitarian work, he has become a prominent global figure. In 2007 he was named one of the 100 Most Influential People in the World by Time magazine. In June 2023, Forbes magazine listed Branson's estimated net worth at US$3 billion.
On 11 July 2021, Branson travelled as a passenger on board Virgin Galactic Unity 22 at the edge of space, a suborbital test flight for Virgin Galactic. The mission lasted approximately one hour, reaching a peak altitude of 53.5 miles (86.1 km). At 70 he became the third-oldest person to fly to space.

",8291,51511,2025-10-04T15:04:17.014519
musk_supplement_18,Steve Jobs,Steve Jobs,Apple founder (comparison),context,https://en.wikipedia.org/wiki/Steve_Jobs,"Steven Paul Jobs (born Abdul Lateef Jandali; February 24, 1955 – October 5, 2011) was an American businessman, inventor, and investor best known for co-founding the technology company Apple Inc. Jobs was also the founder of NeXT and chairman and majority shareholder of Pixar. He was a pioneer of the personal computer revolution of the 1970s and 1980s, along with his early business partner and fellow Apple co-founder Steve Wozniak.
Jobs was born in San Francisco in 1955 and adopted shortly afterwards. He attended Reed College in 1972 before withdrawing that same year. In 1974, he traveled through India, seeking enlightenment before later studying Zen Buddhism. He and Wozniak co-founded Apple in 1976 to further develop and sell Wozniak's Apple I personal computer. Together, the duo gained fame and wealth a year later with production and sale of the Apple II, one of the first highly successful mass-produced microcomputers. 
Jobs saw the commercial potential of the Xerox Alto in 1979, which was mouse-driven and had a graphical user interface (GUI). This led to the development of the largely unsuccessful Apple Lisa in 1983, followed by the breakthrough Macintosh in 1984, the first mass-produced computer with a GUI. The Macintosh launched the desktop publishing industry in 1985 (for example, the Aldus Pagemaker) with the addition of the Apple LaserWriter, the first laser printer to feature vector graphics and PostScript.
In 1985, Jobs departed Apple after a long power struggle with the company's board and its then-CEO, John Sculley. That same year, Jobs took some Apple employees with him to found NeXT, a computer platform development company that specialized in computers for higher-education and business markets, serving as its CEO. In 1986, he bought the computer graphics division of Lucasfilm, which was spun off independently as Pixar. Pixar produced the first computer-animated feature film, Toy Story (1995), and became a leading animation studio, producing dozens of commercially successful and critically acclaimed films.
In 1997, Jobs returned to Apple as CEO after the company's acquisition of NeXT. He was largely responsible for reviving Apple, which was on the verge of bankruptcy. He worked closely with British designer Jony Ive to develop a line of products and services that had larger cultural ramifications, beginning with the ""Think different"" advertising campaign, and leading to the iMac, iTunes, Mac OS X, Apple Store, iPod, iTunes Store, iPhone, App Store, and iPad. Jobs was also a board member at Gap Inc. from 1999 to 2002. In 2003, Jobs was diagnosed with a pancreatic neuroendocrine tumor. He died of tumor-related respiratory arrest in 2011; in 2022, he was posthumously awarded the Presidential Medal of Freedom. Since his death, he has won 141 patents; Jobs holds over 450 patents in total.


== Early life ==


=== Family ===
Steven Paul Jobs was born in San Francisco, California, on February 24, 1955, to Joanne Carole Schieble and Abdulfattah ""John"" Jandali (Arabic: عبد الفتاح الجندلي). Abdulfattah Jandali was born in a Muslim household to wealthy Syrian parents, the youngest of nine siblings. After obtaining his undergraduate degree at the American University of Beirut, Jandali pursued a PhD in political science at the University of Wisconsin. There, he met Joanne Schieble, an American Catholic of Swiss-German descent whose parents owned a mink farm and real estate in Green Bay. The two fell in love but faced opposition from Schieble's father due to Jandali's Muslim faith. When Schieble became pregnant, she arranged for a closed adoption, and travelled to San Francisco to give birth. His cousin Bassma Al Jandaly has claimed that Jobs' birth name (prior to adoption) was Abdul Lateef Jandali (Arabic: عبد اللطيف الجندلي).
Schieble requested that her son be adopted by college graduates. A lawyer and his wife were selected, but they withdrew after discovering that the baby was a boy, so Jobs was instead adopted by Paul Reinhold Jobs and his wife Clara. Paul Jobs, an American of German descent, was the son of a dairy farmer from Washington County, Wisconsin. After dropping out of high school, Paul Jobs worked as a mechanic, then joined the US Coast Guard. After he was discharged at San Francisco, Paul married Clara Hagopian of Armenian descent in February 1946 and they moved to Wisconsin, then Indiana, where Paul worked as a machinist and later as a car salesman. Since Clara missed San Francisco, she convinced Paul to move back. There, Paul worked as a repossession agent, and Clara became a bookkeeper. In 1955, after having an ectopic pregnancy, the couple looked to adopt a child. Since they lacked a college education, Schieble initially refused to sign the adoption papers, and went to court to request that her son be removed from the Jobs household and placed with a different family, but changed her mind after Paul and Clara promised to pay for their son's college tuition.


=== Infancy ===
In his youth, Jobs's parents took him to a Lutheran church. When Steve was in high school, Clara admitted to Steve's girlfriend, Chrisann Brennan, that she ""was too frightened to love [Steve] for the first six months of his life ... I was scared they were going to take him away from me. Even after we won the case, Steve was so difficult a child that by the time he was two I felt we had made a mistake. I wanted to return him."" When Chrisann shared this comment with Steve, he stated that he was already aware, and later said that he had been deeply loved and indulged by Paul and Clara. Jobs would ""bristle"" when Paul and Clara were referred to as his ""adoptive parents"", and he regarded them as his parents ""1,000%"". Jobs referred to his biological parents as ""my sperm and egg bank. That's not harsh, it's just the way it was, a sperm bank thing, nothing more.""


=== Childhood ===

Paul Jobs worked in several jobs that included a try as a machinist, several other jobs, and then ""back to work as a machinist"". Paul and Clara adopted Jobs's sister Patricia in 1957, and by 1959 the family had moved to the Monta Loma neighborhood in Mountain View, California. Paul built a workbench in his garage for his son in order to ""pass along his love of mechanics"". Jobs, meanwhile, admired his father's craftsmanship ""because he knew how to build anything. If we needed a cabinet, he would build it. When he built our fence, he gave me a hammer so I could work with him ... I wasn't that into fixing cars ... but I was eager to hang out with my dad.""

Jobs had difficulty functioning in a traditional classroom, tended to resist authority figures, frequently misbehaved, and was suspended a few times. He frequently played pranks on others at Monta Loma Elementary School in Mountain View. His father Paul (who was abused as a child) never reprimanded him, however, and instead blamed the school for not challenging his brilliant son. Jobs skipped the 5th grade and transferred to the 6th grade at Crittenden Middle School in Mountain View, where he became a ""socially awkward loner"". Jobs was often ""bullied"" at Crittenden Middle, and in the middle of 7th grade, he gave his parents an ultimatum: either they would take him out of Crittenden or he would drop out of school.
The Jobs family was not affluent, and only by expending all their savings were they able to buy a new home in 1967, allowing Steve to change schools. The new house (a three-bedroom home on Crist Drive in Los Altos, California) was in the better Cupertino School District, in Cupertino, California. The house was declared a historic site in 2013, as the first site of Apple Computer. As of 2013, it was owned by Jobs's sister, Patty, and occupied by his stepmother, Marilyn. When he was 13, in 1968, Jobs was given a summer job by Bill Hewlett (of Hewlett-Packard) after Jobs cold-called him to ask for parts for an electronics project.


=== Homestead High ===

The location of the Los Altos home meant that Jobs would be able to attend nearby Homestead High School, which had strong ties to Silicon Valley. He began his first year there in late 1968 along with Bill Fernandez, who introduced Jobs to Steve Wozniak, and would become Apple's first employee. Neither Jobs nor Fernandez (whose father was a lawyer) came from engineering households and thus decided to enroll in John McCollum's Electronics I class. Jobs had grown his hair long and become involved in the growing counterculture, and the rebellious youth eventually clashed with McCollum and lost interest in the class.
Jobs underwent a change during mid-1970. He later noted to his official biographer that ""I started to listen to music a whole lot, and I started to read more outside of just science and technology — Shakespeare, Plato. I loved King Lear ... when I was a senior I had this phenomenal AP English class. The teacher was this guy who looked like Ernest Hemingway. He took a bunch of us snowshoeing in Yosemite."" During his last two years at Homestead High, Jobs developed two different interests: electronics and literature. These dual interests were particularly reflected during Jobs's senior year, as his best friends were Wozniak and his first girlfriend, the artistic Homestead junior Chrisann Brennan.
In 1971, after Wozniak began attending University of California, Berkeley, Jobs would visit him there a few times a week. This experience led him to study in nearby Stanford University's student union. Instead of joining the electronics club, Jobs put on light shows with a friend for Homestead's avant-garde jazz program. He was described by a Homestead classmate as ""kind of brain and kind of hippie ... but he never fit into either group. He was smart enough to be a nerd, but wasn't nerdy. And he was too intellectual for the hippies, who just wanted to get wasted all the time. He was kind of an outsider. In high school everything revolved around what group you were in, and if you weren't in a carefully defined group, you weren't anybody. He was an individual, in a world where individuality was suspect."" By his senior year in late 1971, he was taking a freshman English class at Stanford and working on a Homestead underground film project with Chrisann Brennan.
Around that time, Wozniak designed a low-cost digital ""blue box"" to generate the necessary tones to manipulate the telephone network, allowing free long-distance calls. He was inspired by an article titled ""Secrets of the Little Blue Box"" from the October 1971 issue of Esquire. Jobs decided then to sell them and split the profit with Wozniak. The clandestine sales of the illegal blue boxes went well and perhaps planted the seed in Jobs's mind that electronics could be both fun and profitable. In a 1994 interview, he recalled that it took six months for him and Wozniak to design the blue boxes. Jobs later reflected that had it not been for Wozniak's blue boxes, ""there wouldn't have been an Apple"". He states it showed them that they could take on large companies and beat them.
By his senior year of high school, Jobs began using LSD. He later recalled that on one occasion he consumed it in a wheat field outside Sunnyvale, and experienced ""the most wonderful feeling of my life up to that point"". In mid-1972, after graduation and before leaving for Reed College, Jobs and Brennan rented a house from their other roommate, Al.


=== Reed College ===
In September 1972, Jobs enrolled at Reed College in Portland, Oregon. He insisted on applying only to Reed, although it was an expensive school that Paul and Clara could ill afford. Jobs soon befriended Robert Friedland, who was Reed's student body president at that time. Brennan remained involved with Jobs while he was at Reed.

After just one semester, Jobs dropped out of Reed College without telling his parents. Jobs later explained this was because he did not want to spend his parents' money on an education that seemed meaningless to him. He continued to attend by auditing his classes, including a course on calligraphy that was taught by Robert Palladino. In a 2005 commencement speech at Stanford University, Jobs stated that during this period, he slept on the floor in friends' dorm rooms, returned Coke bottles for food money, and got weekly free meals at the local Hare Krishna temple. In that same speech, Jobs said: ""If I had never dropped in on that single calligraphy course in college, the Mac would have never had multiple typefaces or proportionally spaced fonts"".


== 1974–1985 ==


=== Pre-Apple ===
In February 1974, Jobs returned to his parents' home in Los Altos and began looking for a job. He was soon hired by Atari, Inc. in Los Gatos, California, as a computer technician. Back in 1973, Steve Wozniak designed his own version of the classic video game Pong and gave its electronics board to Jobs. According to Wozniak, Atari only hired Jobs because he took the board down to the company, and they thought that he had built it himself. Atari's cofounder Nolan Bushnell later described him as ""difficult but valuable"", pointing out that ""he was very often the smartest guy in the room, and he would let people know that"".
Jobs traveled to India in mid-1974 to visit Neem Karoli Baba at his Kainchi ashram with his Reed College friend and eventual Apple employee Daniel Kottke, searching for spiritual teachings. When they got to the Neem Karoli ashram, it was almost deserted because Neem Karoli Baba had died in September 1973. Then, they made a long trek up a dry riverbed to an ashram of Haidakhan Babaji.
After seven months, Jobs left India and returned to the US ahead of Daniel Kottke. Jobs had changed his appearance; his head was shaved, and he wore traditional Indian clothing. During this time, Jobs experimented with psychedelics, later calling his LSD experiences ""one of the two or three most important things [he had] done in [his] life"". He spent a period at the All One Farm, a commune in Oregon that was owned by Robert Friedland.
During this time period, Jobs and Brennan both became practitioners of Zen Buddhism through the Zen master Kōbun Chino Otogawa. Jobs engaged in lengthy meditation retreats at the Tassajara Zen Mountain Center, the oldest Sōtō Zen monastery in the US. He considered taking up monastic residence at Eihei-ji in Japan, and maintained a lifelong appreciation for Zen, Japanese cuisine, and artists such as Hasui Kawase.
Jobs returned to Atari in early 1975, and that summer, Bushnell assigned him to create a circuit board for the arcade video game Breakout in as few chips as possible, knowing that Jobs would recruit Wozniak for help. During his day job at HP, Wozniak drew sketches of the circuit design; at night, he joined Jobs at Atari and continued to refine the design, which Jobs implemented on a breadboard. According to Bushnell, Atari offered $100 (equivalent to about $600 in 2024) for each TTL chip that was eliminated in the machine. Jobs made a deal with Wozniak to split the fee evenly between them if Wozniak could minimize the number of chips. Much to the amazement of Atari engineers, within four days Wozniak reduced the TTL count to 45, far below the usual 100, though Atari later re-engineered it to make it easier to test and add a few missing features. According to Wozniak, Jobs told him that Atari paid them only $750 (instead of the actual $5,000), and that Wozniak's share was thus $375. Wozniak did not learn about the actual bonus until ten years later but said that if Jobs had told him about it and explained that he needed the money, Wozniak would have given it to him.
Jobs and Wozniak attended meetings of the Homebrew Computer Club in 1975, which was a stepping stone to the development and marketing of the first Apple computer. According to a document released by the United States Department of Defense, Jobs claimed that in 1975, he was arrested in Eugene, Oregon, after being questioned for being a minor in possession of alcohol. Jobs alleged that he ""didn't have any alcohol"", but police questioned him, and subsequently determined that he had an outstanding arrest warrant for an unpaid speeding ticket. Jobs claimed he then paid the $50 fine. The arrest allegedly occurred ""behind a store"".


=== Apple (1976–1985) ===

By March 1976, Wozniak completed the basic design of the Apple I computer and showed it to Jobs, who suggested that they sell it; Wozniak was at first skeptical of the idea but later agreed. In April of that same year, Jobs, Wozniak, and administrative overseer Ronald Wayne founded Apple Computer Company (now called ""Apple Inc."") as a business partnership in Jobs's parents' Crist Drive home on April 1, 1976. The operation originally started in Jobs's bedroom and later moved to the garage. Wayne stayed briefly, leaving Jobs and Wozniak as the active primary cofounders of the company.
The two decided on the name ""Apple"" after Jobs returned from the All One Farm commune in Oregon and told Wozniak about his time in the farm's apple orchard. Jobs originally planned to produce bare printed circuit boards of the Apple I and sell them to computer hobbyists for $50 (equivalent to about $280 in 2024) each. To fund the first batch, Wozniak sold his HP scientific calculator and Jobs sold his Volkswagen van. Later that year, computer retailer Paul Terrell purchased 50 fully assembled Apple I units for $500 each. Eventually, about 200 Apple I computers were produced in total.

A neighbor on Crist Drive recalled Jobs as an odd individual who would greet his clients ""with his underwear hanging out, barefoot and hippie-like"". Another neighbor, Larry Waterland, who had just earned his PhD in chemical engineering at Stanford, recalled dismissing Jobs's budding business compared to the established industry of giant mainframe computers with big decks of punch cards: ""Steve took me over to the garage. He had a circuit board with a chip on it, a DuMont TV set, a Panasonic cassette tape deck and a keyboard. He said, 'This is an Apple computer.' I said, 'You've got to be joking.' I dismissed the whole idea."" Jobs's friend from Reed College and India, Daniel Kottke, recalled that as an early Apple employee, he ""was the only person who worked in the garage ... Woz would show up once a week with his latest code. Steve Jobs didn't get his hands dirty in that sense."" Kottke also stated that much of the early work took place in Jobs's kitchen, where he spent hours on the phone trying to find investors for the company.
They received funding from semi-retired Intel product marketing manager and engineer Mike Markkula. Scott McNealy, one of the cofounders of Sun Microsystems, said that Jobs broke a ""glass age ceiling"" in Silicon Valley because he'd created a very successful company at a young age. Markkula brought Apple to the attention of Arthur Rock, who, after looking at the crowded Apple booth at the Home Brew Computer Show, started with a $60,000 investment and went on the Apple board. Jobs was not pleased when Markkula recruited Mike Scott from National Semiconductor in February 1977 to serve as the first president and CEO of Apple.

After Brennan returned from her own journey to India, she and Jobs fell in love again, as Brennan noted changes in him that she attributes to Kobun (whom she was also still following). It was also at this time that Jobs displayed a prototype Apple II computer to Brennan and his parents in their living room. Brennan notes a shift in this time period, where the two main influences on Jobs were Apple Inc. and Kobun.
In April 1977, Jobs and Wozniak introduced the Apple II at the West Coast Computer Faire. It is the first consumer product to have been sold by Apple Computer. Primarily designed by Wozniak, Jobs oversaw the development of its unusual case and Rod Holt developed the unique power supply. During the design stage, Jobs argued that the Apple II should have two expansion slots, while Wozniak wanted eight. After a heated argument, Wozniak threatened that Jobs should ""go get himself another computer"". They later agreed on eight slots. The Apple II became one of the first highly successful mass-produced microcomputer products in the world.
As Jobs became more successful with his new company, his relationship with Brennan grew more complex. In 1977, the success of Apple was now a part of their relationship, and Brennan, Daniel Kottke, and Jobs moved into a house near the Apple office in Cupertino. Brennan eventually took a position in the shipping department at Apple. Brennan's relationship with Jobs deteriorated as his position with Apple grew, and she began to consider ending the relationship. In October 1977, Brennan was approached by Rod Holt, who asked her to take ""a paid apprenticeship designing blueprints for the Apples"". Both Holt and Jobs believed that it would be a good position for her, given her artistic abilities. Holt was particularly eager that she take the position and puzzled by her ambivalence toward it. Brennan's decision, however, was overshadowed by the fact that she realized she was pregnant, and that Jobs was the father. It took her a few days to tell Jobs, whose face, according to Brennan, ""turned ugly"" at the news. At the same time, according to Brennan, at the beginning of her third trimester, Jobs said to her: ""I never wanted to ask that you get an abortion. I just didn't want to do that."" He also refused to discuss the pregnancy with her.
Brennan turned down the internship and decided to leave Apple. A few weeks before she was due to give birth, Brennan was invited to deliver her baby at the All One Farm. She accepted the offer. When Jobs was 23 (the same age as his biological parents when they had him) Brennan gave birth to her baby, Lisa Brennan, on May 17, 1978. Jobs went there for the birth after he was contacted by Robert Friedland, their mutual friend and the farm owner. While distant, Jobs worked with her on a name for the baby, which they discussed while sitting in the fields on a blanket. Brennan suggested the name ""Lisa"" which Jobs also liked and notes that Jobs was very attached to the name ""Lisa"" while he ""was also publicly denying paternity"". She would discover later that during this time, Jobs was preparing to unveil a new kind of computer that he wanted to give a female name (his first choice was ""Claire"" after St. Clare). She stated that she never gave him permission to use the baby's name for a computer and he hid the plans from her. Jobs worked with his team to come up with the phrase, ""Local Integrated Software Architecture"" as an alternative explanation for the Apple Lisa. Decades later, however, Jobs admitted to his biographer Walter Isaacson that ""obviously, it was named for my daughter"".
When Jobs denied paternity, a DNA test established him as Lisa's father. It required him to pay Brennan $385 (equivalent to about $1,200 in 2024) monthly in addition to returning the welfare money she had received. Jobs paid her $500 (equivalent to about $1,600 in 2024) monthly at the time when Apple went public and made him a millionaire. Later, Brennan agreed to an interview with Michael Moritz for Time magazine for its Time Person of the Year special, released on January 3, 1983, in which she discussed her relationship with Jobs. Rather than name Jobs the Person of the Year, the magazine named the generic personal computer the ""Machine of the Year"". In the issue, Jobs questioned the reliability of the paternity test, which stated that the ""probability of paternity for Jobs, Steven... is 94.1%"". He responded by arguing that ""28% of the male population of the United States could be the father"". Time also noted that ""the baby girl and the machine on which Apple has placed so much hope for the future share the same name: Lisa"".
In 1978, at age 23, Jobs was worth over $1 million (equivalent to $4.82 million in 2024). By age 25, his net worth grew to an estimated $250 million (equivalent to $865 million in 2024). He was also one of the youngest ""people ever to make the Forbes list of the nation's richest people—and one of only a handful to have done it themselves, without inherited wealth"". In 1982, Jobs bought an apartment on the top two floors of The San Remo, a Manhattan building with a politically progressive reputation. Although he never lived there, he spent years renovating it thanks to I. M. Pei. In 1983, Jobs lured John Sculley away from Pepsi-Cola to serve as Apple's CEO, asking, ""Do you want to spend the rest of your life selling sugared water, or do you want a chance to change the world?"".
In 1984, Jobs bought the Jackling House and estate and resided there for a decade. Thereafter, he leased it out for several years until 2000 when he stopped maintaining the house, allowing weathering to degrade it. In 2004, Jobs received permission from the town of Woodside to demolish the house to build a smaller, contemporary styled one. After a few years in court, the house was finally demolished in 2011, a few months before he died.

Jobs took over development of the Macintosh in 1981, from early Apple employee Jef Raskin, who had conceived the project. Wozniak and Raskin had heavily influenced the early program, and Wozniak was on leave during this time due to an airplane crash earlier that year, making it easier for Jobs to take over the project. On January 22, 1984, Apple aired a Super Bowl television commercial titled ""1984"", which ended with the words: ""On January 24th, Apple Computer will introduce Macintosh. And you'll see why 1984 won't be like 1984."" On January 24, 1984, an emotional Jobs introduced the Macintosh to a wildly enthusiastic audience at Apple's annual shareholders meeting held in the Flint Auditorium at De Anza College. Macintosh engineer Andy Hertzfeld described the scene as ""pandemonium"". The Macintosh was inspired by the Lisa (in turn inspired by Xerox PARC's mouse-driven graphical user interface), and it was widely acclaimed by the media with strong initial sales. However, its low performance and limited range of available software led to a rapid sales decline in the second half of 1984.
Sculley's and Jobs's respective visions for the company greatly differed. Sculley favored open architecture computers like the Apple II, targeting education, small business, and home markets less vulnerable to IBM. Jobs wanted the company to focus on the closed architecture Macintosh as a business alternative to the IBM PC. President and CEO Sculley had little control over chairman of the board Jobs's Macintosh division; it and the Apple II division operated like separate companies, duplicating services. Although its products provided 85% of Apple's sales in early 1985, the company's January 1985 annual meeting did not mention the Apple II division or employees. Many left, including Wozniak, who stated that the company had ""been going in the wrong direction for the last five years"" and sold most of his stock. Though frustrated with the company's and Jobs's dismissal of the Apple II in favor of the Macintosh, Wozniak left amicably and remained an honorary employee of Apple, maintaining a lifelong friendship with Jobs.

By early 1985, the Macintosh's failure to defeat the IBM PC became clear, and it strengthened Sculley's position in the company. In May 1985, Sculley—encouraged by Arthur Rock—decided to reorganize Apple, and proposed a plan to the board that would remove Jobs from the Macintosh group and put him in charge of ""New Product Development"". This move would effectively render Jobs powerless within Apple. In response, Jobs then developed a plan to get rid of Sculley and take over Apple. However, Jobs was confronted after the plan was leaked, and he said that he would leave Apple. The Board declined his resignation and asked him to reconsider. Sculley also told Jobs that he had all of the votes needed to go ahead with the reorganization. A few months later, on September 17, 1985, Jobs submitted a letter of resignation to the Apple Board. Five additional senior Apple employees also resigned and joined Jobs in his new venture, NeXT.
The Macintosh's struggle continued after Jobs left Apple. Though marketed and received in fanfare, the expensive Macintosh was hard to sell. In 1985, Bill Gates's then-developing company, Microsoft, threatened to stop developing Mac applications unless it was granted ""a license for the Mac operating system software. Microsoft was developing its graphical user interface ... for DOS, which it was calling Windows and didn't want Apple to sue over the similarities between the Windows GUI and the Mac interface."" Sculley granted Microsoft the license which later led to problems for Apple. In addition, cheap IBM PC clones that ran Microsoft software and had a graphical user interface began to appear. Although the Macintosh preceded the clones, it was far more expensive, so ""through the late 1980s, the Windows user interface was getting better and better and was thus taking increasingly more share from Apple"". Windows-based IBM-PC clones also led to the development of additional GUIs such as IBM's TopView or Digital Research's GEM, and thus ""the graphical user interface was beginning to be taken for granted, undermining the most apparent advantage of the Mac...it seemed clear as the 1980s wound down that Apple couldn't go it alone indefinitely against the whole IBM-clone market"".


== 1985–1997 ==


=== NeXT computer ===

Following his resignation from Apple in 1985, Jobs founded NeXT Inc. with $7 million. A year later he was running out of money, and he sought venture capital with no product on the horizon. Eventually, Jobs attracted the attention of billionaire Ross Perot, who invested heavily in the company. The NeXT computer was shown to the world in what was considered Jobs's comeback event, a lavish invitation-only gala launch event that was described as a multimedia extravaganza. The celebration was held at the Louise M. Davies Symphony Hall, San Francisco, California, on Wednesday, October 12, 1988. Steve Wozniak said in a 2013 interview that while Jobs was at NeXT he was ""really getting his head together"".
NeXT workstations were first released in 1990 and priced at $9,999 (equivalent to about $24,000 in 2024). Like the Apple Lisa, the NeXT workstation was technologically advanced and designed for the education sector but was largely dismissed as cost prohibitive. The NeXT workstation was known for its technical strengths, chief among them its object-oriented software development system. Jobs marketed NeXT products to the financial, scientific, and academic community, highlighting its innovative, experimental new technologies, such as the Mach kernel, the digital signal processor chip, and the built-in Ethernet port. Making use of a NeXT computer, English computer scientist Tim Berners-Lee invented the World Wide Web in 1990 at CERN in Switzerland.
The revised, second generation NeXTcube was released in 1990. Jobs touted it as the first ""interpersonal"" computer that would replace the personal computer. With its innovative NeXTMail multimedia email system, NeXTcube could share voice, image, graphics, and video in email for the first time. ""Interpersonal computing is going to revolutionize human communications and groupwork"", Jobs told reporters. Jobs ran NeXT with an obsession for aesthetic perfection, as evidenced by the development of and attention to NeXTcube's magnesium case. This put considerable strain on NeXT's hardware division, and in 1993, after having sold only 50,000 machines, NeXT transitioned fully to software development with the release of NeXTSTEP/Intel. The company reported its first yearly profit of $1.03 million in 1994. In 1996, NeXT Software, Inc. released WebObjects, a framework for Web application development. After NeXT was acquired by Apple Inc. in 1997, WebObjects was used to build and run the Apple Store, MobileMe services, and the iTunes Store.


=== Pixar and Disney ===
In 1986, Jobs funded the spinout of The Graphics Group (later renamed Pixar) from Lucasfilm's computer graphics division for the price of $10 million, $5 million of which was given to the company as capital and $5 million of which was paid to Lucasfilm for technology rights.

The first film produced by Pixar with its Disney partnership, Toy Story (1995), with Jobs credited as executive producer, brought financial success and critical acclaim to the studio when it was released. Over the course of Jobs's life, under Pixar's creative chief John Lasseter, the company produced box-office hits A Bug's Life (1998), Toy Story 2 (1999), Monsters, Inc. (2001), Finding Nemo (2003), The Incredibles (2004), Cars (2006), Ratatouille (2007), WALL-E (2008), Up (2009), Toy Story 3 (2010), and Cars 2 (2011). Brave (2012), Pixar's first film to be produced since Jobs's death, honored him with a tribute for his contributions to the studio. Finding Nemo, The Incredibles, Ratatouille, WALL-E, Up, Toy Story 3, and Brave each received the Academy Award for Best Animated Feature, an award introduced in 2001.
In 2003 and 2004, as Pixar's contract with Disney was running out, Jobs and Disney chief executive Michael Eisner tried but failed to negotiate a new partnership, and in January 2004, Jobs announced that he would never deal with Disney again.
In October 2005, Bob Iger replaced Eisner at Disney, and Iger quickly worked to mend relations with Jobs and Pixar. On January 24, 2006, Jobs and Iger announced that Disney had agreed to purchase Pixar in an all-stock transaction worth $7.4 billion. When the deal closed, Jobs became The Walt Disney Company's largest single shareholder with approximately seven percent of the company's stock. Jobs's holdings in Disney far exceeded those of Eisner, who holds 1.7%, and of Disney family member Roy E. Disney, who until his 2009 death held about 1% of the company's stock and whose criticisms of Eisner—especially that he soured Disney's relationship with Pixar—accelerated Eisner's ousting. Upon completion of the merger, Jobs received 7% of Disney shares, and joined the board of directors as the largest individual shareholder. Upon Jobs's death his shares in Disney were transferred to the Steven P. Jobs Trust led by Laurene Jobs.
After Jobs's death, Iger recalled in 2019 that many warned him about Jobs, ""that he would bully me and everyone else"". Iger wrote, ""Who wouldn't want Steve Jobs to have influence over how a company is run?"", and that as an active Disney board member ""he rarely created trouble for me. Not never but rarely."" He speculated that they would have seriously considered merging Disney and Apple had Jobs lived. Floyd Norman, of Pixar, described Jobs as a ""mature, mellow individual"" who never interfered with the creative process of the filmmakers. In early June 2014, Pixar cofounder and Walt Disney Animation Studios President Edwin Catmull revealed that Jobs once advised him to ""just explain it to them until they understand"" in disagreements. Catmull released the book Creativity, Inc. in 2014, in which he recounts numerous experiences of working with Jobs. Regarding his own manner of dealing with Jobs, Catmull writes:

In all the 26 years with Steve, Steve and I never had one of these loud verbal arguments, and it's not my nature to do that. ... but we did disagree fairly frequently about things. ... I would say something to him and he would immediately shoot it down because he could think faster than I could. ... I would then wait a week ... I'd call him up, and I give my counterargument to what he had said, and he'd immediately shoot it down. So I had to wait another week, and occasionally this went on for months. But ultimately one of three things happened. About a third of the time he said, ""Oh, I get it, you're right"", and that was the end of it. And it was another third of the time in which [I'd] say, ""Actually I think he is right"". The other third of the time, where we didn't reach consensus, he just let me do it my way, never said anything more about it.


== 1997–2011 ==


=== Return to Apple ===

In 1996, Jobs's former company Apple was struggling and its survival depended on completing its next operating system. After failed negotiations to purchase Be Inc., Apple eventually came to a deal with NeXT in December for $400 million; the deal was finalized in February 1997, bringing Jobs back to the company he had cofounded. Jobs became de facto chief after then-CEO Gil Amelio was ousted in July 1997. He was formally named interim chief executive on September 16. In March 1998, to concentrate Apple's efforts on returning to profitability, Jobs terminated several projects, such as Newton, Cyberdog, and OpenDoc. In the coming months, many employees developed a fear of encountering Jobs while riding in the elevator, ""afraid that they might not have a job when the doors opened. The reality was that Jobs's summary executions were rare, but a handful of victims was enough to terrorize a whole company."" Jobs changed the licensing program for Macintosh clones, making it too costly for the manufacturers to continue making machines.
With the purchase of NeXT, much of the company's technology found its way into Apple products, most notably NeXTSTEP, which evolved into Mac OS X. Under Jobs's guidance, the company increased sales significantly with the introduction of the iMac and other new products; since then, appealing designs and powerful branding have worked well for Apple. At the 2000 Macworld Expo, Jobs officially dropped the ""interim"" modifier from his title at Apple and became permanent CEO. Jobs quipped at the time that he would be using the title ""iCEO"".
The company subsequently branched out, introducing and improving upon other digital appliances. With the introduction of the iPod portable music player, iTunes digital music software, and the iTunes Store, the company made forays into consumer electronics and music distribution. On June 29, 2007, Apple entered the cellular phone business with the introduction of the iPhone, a multi-touch display cell phone, which also included the features of an iPod and, with its own mobile browser, revolutionized the mobile browsing scene. While nurturing open-ended innovation, Jobs also reminded his employees that ""real artists ship"".
Jobs had a public war of words with Dell Computer CEO Michael Dell, starting in 1987, when Jobs first criticized Dell for making ""un-innovative beige boxes"". On October 6, 1997, at a Gartner Symposium, when Dell was asked what he would do if he ran the then-troubled Apple Computer company, he said: ""I'd shut it down and give the money back to the shareholders"". Then, in 2006, Jobs emailed all employees when Apple's market capitalization rose above Dell's. It read:

Team, it turned out that Michael Dell wasn't perfect at predicting the future. Based on today's stock market close, Apple is worth more than Dell. Stocks go up and down, and things may be different tomorrow, but I thought it was worth a moment of reflection today. Steve.
Jobs was both admired and criticized for his consummate skill at persuasion and salesmanship, which has been dubbed the ""reality distortion field"" and was particularly evident during his keynote speeches (colloquially known as ""Stevenotes"") at Macworld Expos and at Apple Worldwide Developers Conferences.
Jobs usually went to work wearing a black long-sleeved mock turtleneck made by Issey Miyake, Levi's 501 blue jeans, and New Balance 991 sneakers. Jobs told his biographer Walter Isaacson ""...he came to like the idea of having a uniform for himself, both because of its daily convenience (the rationale he claimed) and its ability to convey a signature style"".

In 2001, Jobs was granted stock options in the amount of 7.5 million shares of Apple with an exercise price of $18.30. It was alleged that the options had been backdated, and that the exercise price should have been $21.10. It was further alleged that Jobs had thereby incurred taxable income of $20,000,000 that he did not report, and that Apple overstated its earnings by that same amount. As a result, Jobs potentially faced a number of criminal charges and civil penalties. The case was the subject of active criminal and civil government investigations, though an independent internal Apple investigation completed on December 29, 2006, found that Jobs was unaware of these issues and that the options granted to him were returned without being exercised in 2003.
In 2005, Jobs responded to criticism of Apple's poor recycling programs for e-waste in the US by lashing out at environmental and other advocates at Apple's annual meeting in Cupertino in April. A few weeks later, Apple announced it would take back iPods for free at its retail stores. The Computer TakeBack Campaign responded by flying a banner from a plane over the Stanford University graduation at which Jobs was the commencement speaker. The banner read ""Steve, don't be a mini-player—recycle all e-waste"".

In 2006, he further expanded Apple's recycling programs to any US customer who buys a new Mac. This program includes shipping and ""environmentally friendly disposal"" of their old systems. The success of Apple's unique products and services provided several years of stable financial returns, propelling Apple to become the world's most valuable publicly traded company in 2011.
Jobs was perceived as a demanding perfectionist who always aspired to position his businesses and their products at the forefront of the information technology industry by foreseeing and setting innovation and style trends. He summed up this self-concept at the end of his keynote speech at the Macworld Conference and Expo in January 2007, by quoting ice hockey player Wayne Gretzky:

There's an old Wayne Gretzky quote that I love. ""I skate to where the puck is going to be, not where it has been"". And we've always tried to do that at Apple. Since the very, very beginning. And we always will.
On July 1, 2008, a $7 billion class action suit was filed against several members of the Apple board of directors for revenue lost because of alleged securities fraud. In a 2011 interview with biographer Walter Isaacson, Jobs revealed that he had met with US President Barack Obama, complained about the nation's shortage of software engineers, and told Obama that he was ""headed for a one-term presidency"". Jobs proposed that any foreign student who got an engineering degree at a US university should automatically be offered a green card. After the meeting, Jobs commented, ""The president is very smart, but he kept explaining to us reasons why things can't get done ... It infuriates me"".


== Health problems ==
In October 2003, Jobs was diagnosed with cancer. In mid 2004, he announced to his employees that he had a cancerous tumor in his pancreas. The prognosis for pancreatic cancer is very poor; however, Jobs stated that he had a rare, less aggressive type, known as islet cell neuroendocrine tumor.
Jobs resisted his doctors' recommendations for medical intervention for nine months, in favor of alternative medicine. Other doctors agree that Jobs's diet was insufficient to address his disease. However, cancer researcher and alternative medicine critic David Gorski wrote that ""it's impossible to know whether and by how much he might have decreased his chances of surviving his cancer through his flirtation with woo. My best guess was that Jobs probably only modestly decreased his chances of survival, if that."" Barrie R. Cassileth, the chief of Memorial Sloan Kettering Cancer Center's integrative medicine department, on the other hand, said, ""Jobs's faith in alternative medicine likely cost him his life ... He had the only kind of pancreatic cancer that is treatable and curable ... He essentially committed suicide.""
According to biographer Walter Isaacson, ""for nine months he refused to undergo surgery for his pancreatic cancer – a decision he later regretted as his health declined"". ""Instead, he tried a vegan diet, acupuncture, herbal remedies, and other treatments he found online, and even consulted a psychic. He was also influenced by a doctor who ran a clinic that advised juice fasts, bowel cleansings and other unproven approaches, before finally having surgery in July 2004."" He underwent a pancreaticoduodenectomy (or ""Whipple procedure"") that appeared to remove the tumor successfully. Jobs did not receive chemotherapy or radiation therapy. During Jobs's absence, Tim Cook, head of worldwide sales and operations at Apple, ran the company.
In January 2006, only Jobs's wife, his doctors, and Iger knew that his cancer had returned. Jobs told Iger privately that he hoped to live to see his own son Reed's high school graduation in 2010. In early August 2006, Jobs delivered the keynote for Apple's annual Worldwide Developers Conference. His ""thin, almost gaunt"" appearance and unusually ""listless"" delivery, together with his choice to delegate significant portions of his keynote to other presenters, inspired a flurry of media and internet speculation about the state of his health. In contrast, according to an Ars Technica journal report, Worldwide Developers Conference (WWDC) attendees who saw Jobs in person said he ""looked fine"". Following the keynote, an Apple spokesperson said that ""Steve's health is robust"".
Two years later, similar concerns followed Jobs's 2008 WWDC keynote address. Apple officials stated that Jobs was victim to a ""common bug"" and was taking antibiotics, while others surmised his cachectic appearance was due to the Whipple procedure. During a July conference call discussing Apple earnings, participants responded to repeated questions about Jobs's health by insisting that it was a ""private matter"". Others said that shareholders had a right to know more, given Jobs's hands-on approach to running his company. Based on an off-the-record phone conversation with Jobs, The New York Times reported, ""While his health problems amounted to a good deal more than 'a common bug', they weren't life-threatening and he doesn't have a recurrence of cancer"".
On August 28, 2008, Bloomberg mistakenly published a 2500-word obituary of Jobs in its corporate news service, containing blank spaces for his age and cause of death. News carriers customarily stockpile up-to-date obituaries to facilitate news delivery in the event of a well-known figure's death. Although the error was promptly rectified, many news carriers and blogs reported on it, intensifying rumors concerning Jobs's health. Jobs responded at Apple's September 2008 Let's Rock keynote by paraphrasing Mark Twain: ""The reports of my death are greatly exaggerated."" At a subsequent media event, Jobs concluded his presentation with a slide reading ""110/70"", referring to his blood pressure, stating he would not address further questions about his health.
On December 16, 2008, Apple announced that marketing vice-president Phil Schiller would deliver the company's final keynote address at the Macworld Conference and Expo 2009, again reviving questions about Jobs's health. In a statement given on January 5, 2009, on Apple.com, Jobs said that he had been suffering from a ""hormone imbalance"" for several months.
On January 14, 2009, Jobs wrote in an internal Apple memo that in the previous week he had ""learned that my health-related issues are more complex than I originally thought"". He announced a six-month leave of absence until the end of June 2009, to allow him to better focus on his health. Tim Cook, who previously acted as CEO in Jobs's 2004 absence, became acting CEO of Apple, with Jobs still involved with ""major strategic decisions"".
In 2009, Tim Cook offered a portion of his liver to Jobs, since both share a rare blood type, and the donor liver can regenerate tissue after such an operation. Jobs yelled, ""I'll never let you do that. I'll never do that."" In April 2009, Jobs underwent a liver transplantation at Methodist University Hospital Transplant Institute in Memphis, Tennessee. Jobs's prognosis was described as ""excellent"".


=== Resignation ===
On January 17, 2011, a year and a half after Jobs returned to work following the liver transplant, Apple announced that he had been granted another leave of absence. Jobs announced his leave in a letter to employees, stating his decision was made ""so he could focus on his health"". As it did at the time of his 2009 medical leave, Apple announced that Tim Cook would run day-to-day operations and that Jobs would continue to be involved in major strategic decisions at the company. While on leave, Jobs appeared at the iPad 2 launch event on March 2, the WWDC keynote introducing iCloud on June 6, and before the Cupertino City Council on June 7.
On August 24, 2011, Jobs announced his resignation as Apple's CEO, writing to the board, ""I have always said if there ever came a day when I could no longer meet my duties and expectations as Apple's CEO, I would be the first to let you know. Unfortunately, that day has come."" Jobs became chairman of the board and named Tim Cook as his successor as CEO. Jobs continued to work for Apple until the day before his death six weeks later.


=== Death ===

Jobs died at his home in Palo Alto, California on October 5, 2011, due to complications from a relapse of his previously treated islet-cell pancreatic neuroendocrine tumor, which resulted in respiratory arrest. He had lost consciousness the day before and died with his wife, children, and sisters at his side. His sister, Mona Simpson, described his death thus: ""Steve's final words, hours earlier, were monosyllables, repeated three times. Before embarking, he'd looked at his sister Patty, then for a long time at his children, then at his life's partner, Laurene, and then over their shoulders past them. Steve's final words were: 'Oh wow. Oh wow. Oh wow.' "" He then lost consciousness and died several hours later. A small private funeral was held on October 7, 2011, the details of which, out of respect for Jobs's family, were not made public.
Both Apple and Pixar issued announcements of his death. Apple announced on the same day that they had no plans for a public service, but were encouraging ""well-wishers"" to send their remembrance messages to an email address created to receive such messages. Apple and Microsoft both flew their flags at half-staff throughout their respective headquarters and campuses.
Bob Iger ordered all Disney properties, including Walt Disney World and Disneyland, to fly their flags at half-staff from October 6 to 12, 2011. For two weeks following his death, Apple displayed on its corporate website a simple page that showed Jobs's name and lifespan next to his portrait in grayscale. On October 19, 2011, Apple employees held a private memorial service for Jobs on the Apple campus in Cupertino. It was attended by Jobs's widow, Laurene, and by Tim Cook, Bill Campbell, Norah Jones, Al Gore, and Coldplay. Some of Apple's retail stores closed briefly so employees could attend the memorial. A video of the service was uploaded to Apple's website.
California Governor Jerry Brown declared Sunday, October 16, 2011, to be ""Steve Jobs Day"". On that day, an invitation-only memorial was held at Stanford University. Those in attendance included Apple and other tech company executives, members of the media, celebrities, politicians, and family and close friends of Jobs. Bono, Yo-Yo Ma, and Joan Baez performed at the service, which lasted longer than an hour. There was high security with guards at all of the university's gates, and a helicopter overhead from an area news station. Each attendee was given a small brown box as a ""farewell gift"" from Jobs, containing a copy of the Autobiography of a Yogi (1946) by Paramahansa Yogananda.
Childhood friend and fellow Apple co-founder Steve Wozniak, former owner of what would become Pixar, George Lucas, his competitor Microsoft co-founder Bill Gates, and President Barack Obama all made statements in response to his death. At his request, Jobs was buried in an unmarked grave at Alta Mesa Memorial Park, the only nonsectarian cemetery in Palo Alto.


== Innovations and designs ==
Jobs's design aesthetic was influenced by philosophies of Zen and Buddhism. In India, he experienced Buddhism while on his seven-month spiritual journey, and his sense of intuition was influenced by the spiritual people with whom he studied. Jobs gained insights regarding industrial designs from Richard Sapper. According to Apple co-founder Wozniak, ""Steve didn't ever code. He wasn't an engineer and he didn't do any original design..."". Daniel Kottke, one of Apple's earliest employees and a college friend of Jobs, stated: ""Between Woz and Jobs, Woz was the innovator, the inventor. Steve Jobs was the marketing person.""
He is listed as either primary inventor or co-inventor in 346 United States patents or patent applications related to a range of technologies from actual computer and portable devices to user interfaces (including touch-based), speakers, keyboards, power adapters, staircases, clasps, sleeves, lanyards, and packages. His contributions to most of his patents were to ""the look and feel of the product"". He and his industrial design chief Jonathan Ive are named for 200 of the patents. Most of these are design patents as opposed to utility patents or inventions; they are specific product designs such as both original and lamp-style iMacs, and PowerBook G4 Titanium. He holds 43 issued US patents on inventions. The patent on the Mac OS X Dock user interface with ""magnification"" feature was issued the day before he died. Although Jobs had little involvement in the engineering and technical side of the original Apple computers, Jobs later used his CEO position to directly involve himself with product design.
Involved in many projects throughout his career was his long-time marketing executive and confidant Joanna Hoffman, known as one of the few employees at Apple and NeXT who could successfully stand up to Jobs while also engaging with him. Even while terminally ill in the hospital, Jobs sketched new devices that would hold the iPad in a hospital bed. He despised the oxygen monitor on his finger, and suggested ways to revise the design for simplicity.


=== Apple I ===

The Apple I was designed entirely by Wozniak, but Jobs had the idea of selling the computer, which led to the founding of Apple Computer in 1976. Jobs and Wozniak constructed several of the Apple I prototype by hand, funded by selling some of their belongings. Eventually, 200 units were produced. One of the main innovations of the Apple I was that it included video display terminal circuitry on its circuit board, allowing it to connect to a low-cost composite video monitor or television, instead of an expensive computer terminal, compared to most existing computers at the time.


=== Apple II ===

The Apple II is an 8-bit home computer, one of the world's first highly successful mass-produced microcomputer products, designed primarily by Wozniak. Jobs oversaw the development of the Apple II's unusual case and Rod Holt developed the unique power supply. It was introduced in 1977 at the West Coast Computer Faire by Jobs and Wozniak as the first consumer product sold by Apple. The Apple II was first sold on June 10, 1977.


=== Lisa ===

The Lisa is a personal computer developed by Apple from 1978 and sold in the early 1980s to business users. It is the first personal computer with a graphical user interface. The Lisa sold poorly at 100,000 units, but despite being considered a commercial failure, it received technical acclaim, introducing several advanced features that reappeared on the Macintosh and eventually IBM PC compatibles. In 1982, after Jobs was forced out of the Lisa project, he took over the Macintosh project, adding inspiration from Lisa. The final Lisa 2/10 was modified and sold as the Macintosh XL.


=== Macintosh ===

Once he joined the Macintosh team, Jobs took over the project after Wozniak had experienced a traumatic airplane accident and temporarily left the company. Jobs launched the Macintosh on January 24, 1984, as the first mass-market personal computer featuring an integral graphical user interface and mouse. This first model was later renamed to Macintosh 128k among the prolific series. Since 1998, Apple has phased out the Macintosh name in favor of ""Mac"", though the product family has been nicknamed ""Mac"" or ""the Mac"" since inception. The Macintosh was introduced by a US$1.5 million Ridley Scott television commercial, ""1984"". It aired during the third quarter of Super Bowl XVIII on January 22, 1984, received as a ""watershed event"" and a ""masterpiece"". Regis McKenna called the ad ""more successful than the Mac itself"". It uses an unnamed heroine to represent the coming of the Macintosh (indicated by a Picasso-style picture of the computer on her white tank top) to save humanity from the conformity of IBM's domination of the computer industry. The ad alludes to George Orwell's novel Nineteen Eighty-Four, which describes a dystopian future ruled by a televised ""Big Brother"".
The Macintosh, however, was expensive, which hindered its ability to be competitive in a market already dominated by the Commodore 64 for consumers, and the IBM Personal Computer and its accompanying clone market for businesses. Macintosh systems still found success in education and desktop publishing and kept Apple as the second-largest PC manufacturer for the next decade.


=== NeXT Computer ===

After Jobs was forced out of Apple in 1985, he started NeXT, a workstation computer company. The NeXT Computer was introduced in 1988 at a lavish launch event. Using the NeXT Computer, Tim Berners-Lee created the world's first web browser, the WorldWideWeb. The NeXT Computer's operating system, named NeXTSTEP, begat Darwin, which is now the foundation of most of Apple's operating systems such as Macintosh's macOS and iPhone's iOS.


=== iMac ===

Apple's iMac G3 was introduced in 1998 and its innovative design is directly the result of Jobs's return to Apple. Apple boasted ""the back of our computer looks better than the front of anyone else's"". Described as ""cartoonlike"", the first iMac, clad in Bondi Blue plastic, was unlike any personal computer that came before. In 1999, Apple introduced the Graphite gray Apple iMac and since has varied the shape, color and size considerably while maintaining the all-in-one design. Design ideas were intended to create a connection with the user such as the handle and a ""breathing"" light effect when the computer went to sleep. The Apple iMac sold for $1,299 at that time. The iMac's forward-thinking changes include eschewing the floppy disk drive and moving exclusively to USB for connecting peripherals. Through the iMac's success, USB was popularized among third-party peripheral makers—as evidenced by the fact that many early USB peripherals were made of translucent plastic to match the iMac design.


=== iTunes ===

iTunes is a media player, media library, online radio broadcaster, and mobile device management application developed by Apple. It is used to play, download, and organize digital audio and video on personal computers running the macOS and Microsoft Windows operating systems. The iTunes Store is also available on the iPod Touch, iPhone, and iPad. 
Through the iTunes Store, users can purchase and download music, music videos, television shows, audiobooks, podcasts, movies, and movie rentals in some countries, and ringtones, available on the iPhone and iPod Touch (fourth generation onward). Application software for the iPhone, iPad and iPod Touch can be downloaded from the App Store.


=== iPod ===

The first generation of iPod was released October 23, 2001. The major innovation of the iPod was its small size achieved by using a 1.8"" hard drive compared to the 2.5"" drives common to players at that time. The capacity of the first-generation iPod ranged from 5 GB to 10 GB. The iPod sold for US$399 and more than 100,000 iPods were sold before the end of 2001. The introduction of the iPod resulted in Apple becoming a major player in the music industry. Also, the iPod's success prepared the way for the iTunes music store and the iPhone. After the first few generations of iPod, Apple released the touchscreen iPod Touch, the reduced-size iPod Mini and iPod Nano, and the screenless iPod Shuffle in the following years.


=== iPhone ===

Apple began work on the first iPhone in 2005 and the first iPhone was released on June 29, 2007. The iPhone created such a sensation that a survey indicated six out of ten Americans were aware of its release. Time declared it ""Invention of the Year"" for 2007 and included it in the All-TIME 100 Gadgets list in 2010, in the category of Communication. The completed iPhone had multimedia capabilities and functioned as a quad-band touch screen smartphone. A year later, the iPhone 3G was released in July 2008 with three key features: support for GPS, 3G data and tri-band UMTS/HSDPA. In June 2009, the iPhone 3GS, whose improvements included voice control, a better camera, and a faster processor, was introduced by Phil Schiller. The iPhone 4 was thinner than previous models, had a five megapixel camera capable of recording video in 720p HD, and added a secondary front-facing camera for video calls. A major feature of the iPhone 4s, introduced in October 2011, was Siri, a virtual assistant capable of voice recognition.


=== iPad ===

The iPad is an iOS-based line of tablet computers designed and marketed by Apple. The first iPad was released on April 3, 2010. The user interface is built around the device's multi-touch screen, including a virtual keyboard. The iPad includes built-in Wi-Fi and cellular connectivity on select models. As of April 2015, more than 250 million iPads have been sold.


== Personal life ==


=== Marriage ===
In 1989, Jobs first met his future wife, Laurene Powell, when he gave a lecture at the Stanford Graduate School of Business, where she was a student. Soon after the event, he stated that Laurene ""was right there in the front row in the lecture hall, and I couldn't take my eyes off of her ... kept losing my train of thought, and started feeling a little giddy"". After the lecture, he met her in the parking lot and invited her out to dinner. From that point forward, they were together, with a few minor exceptions, for the rest of his life.
Jobs proposed on New Year's Day 1990; they married on March 18, 1991, in a Buddhist ceremony at the Ahwahnee Hotel in Yosemite National Park. Fifty people, including Jobs's father, Paul, and his sister Mona, attended. The ceremony was conducted by Jobs's guru, Kobun Chino Otogawa. The vegan wedding cake was in the shape of Yosemite's Half Dome, and the wedding ended with a hike and Laurene's brothers' snowball fight. Jobs reportedly said to Mona: ""You see, Mona [...], Laurene is descended from Joe Namath, and we're descended from John Muir"".
Jobs's and Powell's first child, a son named Reed, was born in 1991. Jobs's father, Paul, died a year and a half later, on March 5, 1993. Jobs's childhood home remains a tourist attraction and is currently owned by his stepmother (Paul's second wife), Marilyn Jobs. Jobs and Powell had two more children, daughters Erin (b. 1995) and Eve Jobs (b. 1998), who is a fashion model. The family lived in Palo Alto, California. Although a billionaire, Jobs made it known that, like Gates, he had stipulated that most of his monetary fortune would not be left to his children. 


=== Family ===
Chrisann Brennan notes that after Jobs was forced out of Apple, ""he apologized many times over for his behavior"" towards her and Lisa. She said Jobs ""said that he never took responsibility when he should have, and that he was sorry"". By this time, Jobs had developed a strong relationship with Lisa and when she was nine, Jobs had her name on her birth certificate changed from ""Lisa Brennan"" to ""Lisa Brennan-Jobs"". Jobs and Brennan developed a working relationship to co-parent Lisa, a change which Brennan credits to the influence of his newly found biological sister, Mona Simpson, who worked to repair the relationship between Lisa and Jobs. Jobs had found Mona after first finding his birth mother, Joanne Schieble Simpson, shortly after he left Apple.
Jobs did not contact his birth family during his adoptive mother Clara's lifetime, however. He later told his official biographer Walter Isaacson: ""I never wanted [Paul and Clara] to feel like I didn't consider them my parents, because they were totally my parents [...] I loved them so much that I never wanted them to know of my search, and I even had reporters keep it quiet when any of them found out"". However, in 1986, when Jobs was 31, Clara was diagnosed with lung cancer. He began to spend a great deal of time with her and learned more details about her background and his adoption, information that motivated him to find his biological mother. Jobs found on his birth certificate the name of the San Francisco doctor to whom Schieble had turned when she was pregnant. Although the doctor did not help Jobs while he was alive, he left a letter for Jobs to be opened upon his death. As he died soon afterwards, Jobs was given the letter which stated that ""his mother had been an unmarried graduate student from Wisconsin named Joanne Schieble"".
Jobs only contacted Schieble after Clara died in early 1986 and after he received permission from his father, Paul. In addition, out of respect for Paul, he asked the media not to report on his search. Jobs stated that he was motivated to find his birth mother out of both curiosity and a need ""to see if she was okay and to thank her, because I'm glad I didn't end up as an abortion. She was twenty-three and she went through a lot to have me."" Schieble was emotional during their first meeting (though she wasn't familiar with the history of Apple or Jobs's role in it) and told him that she had been pressured into signing the adoption papers. She said that she regretted giving him up and repeatedly apologized to him for it. Jobs and Schieble developed a friendly relationship throughout the rest of his life and spent Christmas together.
During this first visit, Schieble told Jobs that he had a sister, Mona, who was not aware that she had a brother. Schieble then arranged for them to meet in New York where Mona worked. Her first impression of Jobs was that ""he was totally straightforward and lovely, just a normal and sweet guy"". Simpson and Jobs then went for a long walk to get to know each other. Jobs later told his biographer that ""Mona was not completely thrilled at first to have me in her life and have her mother so emotionally affectionate toward me ... As we got to know each other, we became really good friends, and she is my family. I don't know what I'd do without her. I can't imagine a better sister. My adopted sister, Patty, and I were never close.""

Jobs then learned his family history. Six months after he was given up for adoption, Schieble's father died, she wed Jandali, and they had a daughter, Mona. Jandali states that after finishing his PhD he returned to Syria to work, and then Schieble left him. They divorced in 1962 and he said then he lost contact with Mona for a time:

I also bear the responsibility for being away from my daughter when she was four years old, as her mother divorced me when I went to Syria, but we got back in touch after 10 years. We lost touch again when her mother moved and I didn't know where she was, but since 10 years ago we've been in constant contact, and I see her three times a year. I organized a trip for her last year to visit Syria and Lebanon and she went with a relative from Florida.
A few years later, Schieble married an ice-skating teacher, George Simpson. Mona Jandali took her stepfather's last name, as Mona Simpson. In 1970, after divorcing her second husband, Schieble took Mona to Los Angeles and raised her alone.
When Simpson found that their father, Abdulfattah Jandali, was living in Sacramento, California, Jobs had no interest in meeting him as he believed Jandali did not treat his children well and according to the San Francisco Chronicle, this was because of finding a Seattle Times article about Jandali's abandonment of his students on a trip to Egypt in 1974. Simpson went to Sacramento alone and met Jandali, who worked in a small restaurant. They spoke for several hours, and he told her that he had left teaching for the restaurant business. He said he and Schieble had given another child away for adoption but that ""we'll never see that baby again. That baby's gone."" He said he once managed a Mediterranean restaurant near San Jose and that ""all of the successful technology people used to come there. Even Steve Jobs ... oh yeah, he used to come in, and he was a sweet guy and a big tipper"". At the request of Jobs, Simpson did not reveal to Jandali that his own story meant that he had actually already met his son.
After hearing about the visit, Jobs recalled that ""it was amazing ... I had been to that restaurant a few times, and I remember meeting the owner. He was Syrian. Balding. We shook hands."" However, Jobs still did not want to meet Jandali because ""I was a wealthy man by then, and I didn't trust him not to try to blackmail me or go to the press about it ... I asked Mona not to tell him about me"". Jandali later discovered his relationship to Jobs through an online blog. He then contacted Simpson and asked, ""what is this thing about Steve Jobs?"". Simpson told him that it was true and later commented, ""My father is thoughtful and a beautiful storyteller, but he is very, very passive ... He never contacted Steve"". Because Simpson herself researched her Syrian roots and began to meet the family, she assumed that Jobs would eventually want to meet their father, but he never did. Jobs also never showed an interest in his Syrian heritage or the Middle East. Simpson fictionalized the search for their father in her 1992 novel The Lost Father. Malek Jandali is their cousin.


=== Philanthropy ===
Jobs's views and actions on philanthropy and charity are a public mystery. He maintained privacy even over what few of these actions were publicly known. He has been a key figure in public discussions about societal obligations of the wealthy and powerful. Through his career, the media investigated and criticized him and Apple as unusually and inexplicably mysterious or absent among powerful leaders and especially billionaires. His name is absent from the Million Dollar List of all large global philanthropy. Some have speculated about his possible secret role in large anonymous donations.
Mark Vermilion, former charitable leader for Joan Baez, Apple, and Jobs, attributed Jobs's lifelong minimization of direct charity to his perfectionism and limited time. Jobs, Vermilion, and supporters said over the years that corporate products were Jobs's superior contributions to culture and society instead of direct charity. In 1985, Jobs said, ""You know, my main reaction to this money thing is that it's humorous, all the attention to it, because it's hardly the most insightful or valuable thing that's happened to me.""
Shortly after leaving Apple, he formed the charitable Steven P. Jobs Foundation, led by Mark Vermilion, hired away from Apple's community leadership. Jobs wanted a focus on nutrition and vegetarianism, but Vermilion wanted social entrepreneurship. That year, Jobs soon launched NeXT and closed the foundation with no results. Upon his 1997 return to Apple, Jobs optimized the failing company to the core, such as eliminating all philanthropic programs, never to be restored. In 2007, Stanford Social Innovation Review magazine listed Apple among ""America's least philanthropic companies"". A few months after another unflattering news report, Apple started a program to match employees' charitable gifts. Jobs declined to sign The Giving Pledge, launched in 2010 by Warren Buffett and Bill Gates for fellow billionaires. He donated $50 million to Stanford hospital and contributed to efforts to cure AIDS. Bono reported ""tens of millions of dollars"" given by Apple while Jobs was CEO, to AIDS and HIV relief programs in Africa, which inspired other companies to join.


== Honors and awards ==

1985: awarded National Medal of Technology (with Steve Wozniak) by US President Ronald Reagan, the country's highest honor for technological achievements
1987: Jefferson Award for Public Service
1989: Entrepreneur of the Decade by Inc.
1991: Howard Vollum Award from Reed College
2004–2010: listed among the Time 100 Most Influential People in the World on five separate occasions
2007: named the most powerful person in business by Fortune magazine
2007: inducted into the California Hall of Fame, located at The California Museum for History, Women and the Arts
2012: Grammy Trustees Award, an award for those who have influenced the music industry in areas unrelated to performance
2012: posthumously honored with an Edison Achievement Award for his commitment to innovation throughout his career
2013: posthumously inducted as a Disney Legend
2017: Steve Jobs Theater opens at Apple Park
2022: posthumously awarded the Presidential Medal of Freedom by US President Joe Biden, the country's highest civilian honor


== In popular culture ==


== See also ==

Seva Foundation – American non-profit international health organization
Timeline of Steve Jobs media


== References ==


=== Footnotes ===


=== Citations ===


=== Bibliography ===
Brennan, Chrisann (2013). The Bite in the Apple: A Memoir of My Life with Steve Jobs. New York: St. Martin's Press. ISBN 978-1-250-03876-0.
Isaacson, Walter (2011). Steve Jobs (1st ed.). New York: Simon & Schuster. ISBN 978-1-4516-4853-9.
Linzmayer, Owen W. (2004). Apple Confidential 2.0: The Definitive History of the World's Most Colorful Company. No Starch Press. ISBN 978-1-59327-010-0.
Schlender, Brent; Tetzeli, Rick (2015). Becoming Steve Jobs: The Evolution of a Reckless Upstart into a Visionary Leader. Crown Business. ISBN 978-0-7710-7914-6.
Smith, Alexander (2020). They Create Worlds: The Story of the People and Companies That Shaped the Video Game Industry, Volume 1: 1971–1982. Boca Raton, FL: CRC Press. ISBN 978-1-138-38992-2.


== External links ==

Steve Jobs official memorial page at Apple
Steve Jobs discography at Discogs
Steve Jobs at IMDb
Steve Jobs profile at Forbes
Steven Paul Jobs The Vault at FBI Records
Steve Jobs at Andy Hertzfeld's The Original Macintosh (folklore.org)
Steve Jobs at Steve Wozniak's woz.org
2011: ""Steve Jobs: From Garage to World's Most Valuable Company."" Computer History Museum
2005: Steve Jobs commencement speech at Stanford University
1995: Steve Jobs, Founder, NeXT Computer, excerpts from an Oral History Interview at Smithsonian Institution, April 20, 1995
1994: Steve Jobs in 1994: The Rolling Stone Interview in Rolling Stone
1990: Steve Jobs Archived December 16, 2014, at the Wayback Machine – memory and imagination ""What a computer is to me is it's the most remarkable tool that we've ever come up with, and it's the equivalent of a bicycle for our minds""
1983: The ""Lost"" Steve Jobs Speech from 1983; Foreshadowing Wireless Networking, the iPad, and the App Store (audio clip)
 History of Steve Jobs (Full Documentary) on YouTube","Steven Paul Jobs (born Abdul Lateef Jandali; February 24, 1955 – October 5, 2011) was an American businessman, inventor, and investor best known for co-founding the technology company Apple Inc. Jobs was also the founder of NeXT and chairman and majority shareholder of Pixar. He was a pioneer of the personal computer revolution of the 1970s and 1980s, along with his early business partner and fellow Apple co-founder Steve Wozniak.
Jobs was born in San Francisco in 1955 and adopted shortly afterwards. He attended Reed College in 1972 before withdrawing that same year. In 1974, he traveled through India, seeking enlightenment before later studying Zen Buddhism. He and Wozniak co-founded Apple in 1976 to further develop and sell Wozniak's Apple I personal computer. Together, the duo gained fame and wealth a year later with production and sale of the Apple II, one of the first highly successful mass-produced microcomputers. 
Jobs saw the commercial potential of the Xerox Alto in 1979, which was mouse-driven and had a graphical user interface (GUI). This led to the development of the largely unsuccessful Apple Lisa in 1983, followed by the breakthrough Macintosh in 1984, the first mass-produced computer with a GUI. The Macintosh launched the desktop publishing industry in 1985 (for example, the Aldus Pagemaker) with the addition of the Apple LaserWriter, the first laser printer to feature vector graphics and PostScript.
In 1985, Jobs departed Apple after a long power struggle with the company's board and its then-CEO, John Sculley. That same year, Jobs took some Apple employees with him to found NeXT, a computer platform development company that specialized in computers for higher-education and business markets, serving as its CEO. In 1986, he bought the computer graphics division of Lucasfilm, which was spun off independently as Pixar. Pixar produced the first computer-animated feature film, Toy Story (1995), and became a leading animation studio, producing dozens of commercially successful and critically acclaimed films.
In 1997, Jobs returned to Apple as CEO after the company's acquisition of NeXT. He was largely responsible for reviving Apple, which was on the verge of bankruptcy. He worked closely with British designer Jony Ive to develop a line of products and services that had larger cultural ramifications, beginning with the ""Think different"" advertising campaign, and leading to the iMac, iTunes, Mac OS X, Apple Store, iPod, iTunes Store, iPhone, App Store, and iPad. Jobs was also a board member at Gap Inc. from 1999 to 2002. In 2003, Jobs was diagnosed with a pancreatic neuroendocrine tumor. He died of tumor-related respiratory arrest in 2011; in 2022, he was posthumously awarded the Presidential Medal of Freedom. Since his death, he has won 141 patents; Jobs holds over 450 patents in total.",12499,75281,2025-10-04T15:04:21.413317
musk_supplement_19,Electric battery,Electric battery,Battery technology details,technology,https://en.wikipedia.org/wiki/Electric_battery,"An electric battery is a source of electric power consisting of one or more electrochemical cells with external connections for powering electrical devices. When a battery is supplying power, its positive terminal is the cathode and its negative terminal is the anode. The terminal marked negative is the source of electrons. When a battery is connected to an external electric load, those negatively charged electrons flow through the circuit and reach  the positive terminal, thus causing a redox reaction by attracting positively charged ions, or cations. Thus, higher energy reactants are converted to lower energy products, and the free-energy difference is delivered to the external circuit as electrical energy. Historically the term ""battery"" specifically referred to a device composed of multiple cells; however, the usage has evolved to include devices composed of a single cell.
Primary (single-use or ""disposable"") batteries are used once and discarded, as the electrode materials are irreversibly changed during discharge; a common example is the alkaline battery used for flashlights and a multitude of portable electronic devices. Secondary (rechargeable) batteries can be discharged and recharged multiple times using an applied electric current; the original composition of the electrodes can be restored by reverse current. Examples include the lead–acid batteries used in vehicles and lithium-ion batteries used for portable electronics such as laptops and mobile phones.
Batteries come in many shapes and sizes, from miniature cells used to power hearing aids and wristwatches to, at the largest extreme, huge battery banks the size of rooms that provide standby or emergency power for telephone exchanges and computer data centers. Batteries have much lower specific energy (energy per unit mass) than common fuels such as gasoline. In automobiles, this is somewhat offset by the higher efficiency of electric motors in converting electrical energy to mechanical work, compared to combustion engines.


== History ==


=== Invention ===

Benjamin Franklin first used the term ""battery"" in 1749 when he was doing experiments with electricity using a set of linked Leyden jar capacitors. Franklin grouped a number of the jars into what he described as a ""battery"", using the military term for weapons functioning together. By multiplying the number of holding vessels, a stronger charge could be stored, and more power would be available on discharge.
Italian physicist Alessandro Volta built and described the first electrochemical battery, the voltaic pile, in 1800. This was a stack of copper and zinc plates, separated by brine-soaked paper disks, that could produce a steady current for a considerable length of time.  Volta did not understand that the voltage was due to chemical reactions. He thought that his cells were an inexhaustible source of energy, and that the associated corrosion effects at the electrodes were a mere nuisance, rather than an unavoidable consequence of their operation, as Michael Faraday showed in 1834.
Although early batteries were of great value for experimental purposes, in practice their voltages fluctuated and they could not provide a large current for a sustained period. The Daniell cell, invented in 1836 by British chemist John Frederic Daniell, was the first practical source of electricity, becoming an industry standard and seeing widespread adoption as a power source for electrical telegraph networks. It consisted of a copper pot filled with a copper sulfate solution, in which was immersed an unglazed earthenware container filled with sulfuric acid and a zinc electrode.
These wet cells used liquid electrolytes, which were prone to leakage and spillage if not handled correctly. Many used glass jars to hold their components, which made them fragile and potentially dangerous. These characteristics made wet cells unsuitable for portable appliances. Near the end of the nineteenth century, the invention of dry cell batteries, which replaced the liquid electrolyte with a paste, made portable electrical devices practical.
Batteries in vacuum tube devices historically used a wet cell for the ""A"" battery (to provide power to the filament) and a dry cell for the ""B"" battery (to provide the plate voltage).


=== Ongoing developments ===
Between 2010 and 2018,  battery demand grew by 30% annually, reaching a total of 180 GWh in 2018. Conservatively, the growth rate is expected to be maintained at an estimated 25%, culminating in demand reaching 2600 GWh in 2030. In addition, cost reductions are expected to further increase the demand to as much as 3562 GWh.
Important reasons for this high rate of growth of the electric battery industry include the electrification of transport, and large-scale deployment in electricity grids, supported by decarbonization initiatives.
Distributed electric batteries, such as those used in battery electric vehicles (vehicle-to-grid) and in home energy storage with smart metering and that are connected to smart grids for demand response are active participants in smart power supply grids.
Secondary use of partially depleted batteries can add to the overall utility of electric batteries by reducing energy storage costs and emission impact due to longer service life. In this use, vehicle electric batteries that have their battery capacity reduced to less than 80% (usually after 5–8 years of  service) are repurposed for use in backup supplies or renewable energy storage systems.
Grid scale energy storage envisages the large-scale use of batteries to collect and store energy from the grid or a power plant and then discharge that energy at a later time to provide electricity or other grid services when needed. Grid scale energy storage (either turnkey or distributed) are important components of smart power supply grids.
Computational Paradigm Shift: The advent of computational modeling has revolutionized battery materials design, enabling high-throughput screening and atomistic simulations that accelerate the discovery of novel electrolytes and electrodes, moving beyond traditional trial-and-error approaches.


== Chemistry and principles ==

Batteries convert chemical energy directly to electrical energy. In many cases, the electrical energy released is the difference in the cohesive or bond energies of the metals, oxides, or molecules undergoing the electrochemical reaction. For instance, energy can be stored in Zn or Li, which are high-energy metals because they are not stabilized by d-electron bonding, unlike transition metals. Batteries are designed so that the energetically favorable redox reaction can occur only when electrons move through the external part of the circuit.
A battery consists of some number of voltaic cells. Each cell consists of two half-cells connected in series by a conductive electrolyte containing metal cations. One half-cell includes electrolyte and the negative electrode, the electrode to which anions (negatively charged ions) migrate; the other half-cell includes electrolyte and the positive electrode, to which cations (positively charged ions) migrate. Cations are reduced (electrons are added) at the cathode, while metal atoms are oxidized (electrons are removed) at the anode. Some cells use different electrolytes for each half-cell; then a separator is used to prevent mixing of the electrolytes while allowing ions to flow between half-cells to complete the electrical circuit.
Each half-cell has an electromotive force (emf, measured in volts) relative to a standard. The net emf of the cell is the difference between the emfs of its half-cells. Thus, if the electrodes have emfs 
  
    
      
        
          
            
              E
            
          
          
            1
          
        
      
    
    {\displaystyle {\mathcal {E}}_{1}}
  
 and 
  
    
      
        
          
            
              E
            
          
          
            2
          
        
      
    
    {\displaystyle {\mathcal {E}}_{2}}
  
, then the net emf is 
  
    
      
        
          
            
              E
            
          
          
            2
          
        
        −
        
          
            
              E
            
          
          
            1
          
        
      
    
    {\displaystyle {\mathcal {E}}_{2}-{\mathcal {E}}_{1}}
  
; in other words, the net emf is the difference between the reduction potentials of the half-reactions.
The electrical driving force or 
  
    
      
        
          
            Δ
            
              V
              
                b
                a
                t
              
            
          
        
      
    
    {\displaystyle \displaystyle {\Delta V_{bat}}}
  
 across the terminals of a cell is known as the terminal voltage (difference) and is measured in volts. The terminal voltage of a cell that is neither charging nor discharging is called the open-circuit voltage and equals the emf of the cell. Because of internal resistance, the terminal voltage of a cell that is discharging is smaller in magnitude than the open-circuit voltage and the terminal voltage of a cell that is charging exceeds the open-circuit voltage. An ideal cell has negligible internal resistance, so it would maintain a constant terminal voltage of 
  
    
      
        
          
            E
          
        
      
    
    {\displaystyle {\mathcal {E}}}
  
 until exhausted, then dropping to zero. If such a cell maintained 1.5 volts and produced a charge of one coulomb then on complete discharge it would have performed 1.5 joules of work. In actual cells, the internal resistance increases under discharge and the open-circuit voltage also decreases under discharge. If the voltage and resistance are plotted against time, the resulting graphs typically are a curve; the shape of the curve varies according to the chemistry and internal arrangement employed.
The voltage developed across a cell's terminals depends on the energy release of the chemical reactions of its electrodes and electrolyte. Alkaline and zinc–carbon cells have different chemistries, but approximately the same emf of 1.5 volts; likewise NiCd and NiMH cells have different chemistries, but approximately the same emf of 1.2 volts. The high electrochemical potential changes in the reactions of lithium compounds give lithium cells emfs of 3 volts or more.
Almost any liquid or moist object that has enough ions to be electrically conductive can serve as the electrolyte for a cell. As a novelty or science demonstration, it is possible to insert two electrodes made of different metals into a lemon, potato, etc. and generate small amounts of electricity.
A voltaic pile can be made from two coins (such as a nickel and a penny) and a piece of paper towel dipped in salt water. Such a pile generates a very low voltage but, when many are stacked in series, they can replace normal batteries for a short time.


== Types ==


=== Primary and secondary batteries ===

Batteries are classified into primary and secondary forms:

Primary batteries are designed to be used until exhausted of energy then discarded.  Their chemical reactions are generally not reversible, so they cannot be recharged. When the supply of reactants in the battery is exhausted, the battery stops producing current and is useless.
Secondary batteries can be recharged; that is, they can have their chemical reactions reversed by applying electric current to the cell.  This regenerates the original chemical reactants, so they can be used, recharged, and used again multiple times.
Some types of primary batteries used, for example, for telegraph circuits, were restored to operation by replacing the electrodes. Secondary batteries are not indefinitely rechargeable due to dissipation of the active materials, loss of electrolyte and internal corrosion.
Primary batteries, or primary cells, can produce current immediately on assembly. These are most commonly used in portable devices that have low current drain, are used only intermittently, or are used well away from an alternative power source, such as in alarm and communication circuits where other electric power is only intermittently available. Disposable primary cells cannot be reliably recharged, since the chemical reactions are not easily reversible and active materials may not return to their original forms. Battery manufacturers recommend against attempting to recharge primary cells. In general, these have higher energy densities than rechargeable batteries, but disposable batteries do not fare well under high-drain applications with loads under 75 ohms (75 Ω). Common types of disposable batteries include zinc–carbon batteries and alkaline batteries.
Secondary batteries, also known as secondary cells, or rechargeable batteries, must be charged before first use; they are usually assembled with active materials in the discharged state. Rechargeable batteries are (re)charged by applying electric current, which reverses the chemical reactions that occur during discharge/use. Devices to supply the appropriate current are called chargers. The oldest form of rechargeable battery is the lead–acid battery, which are widely used in automotive and boating applications. This technology contains liquid electrolyte in an unsealed container, requiring that the battery be kept upright and the area be well ventilated to ensure safe dispersal of the hydrogen gas it produces during overcharging. The lead–acid battery is relatively heavy for the amount of electrical energy it can supply. Its low manufacturing cost and its high surge current levels make it common where its capacity (over approximately 10 Ah) is more important than weight and handling issues. A common application is the modern car battery, which can, in general, deliver a peak current of 450 amperes.


=== Composition ===

Many types of electrochemical cells have been produced, with varying chemical processes and designs, including galvanic cells, electrolytic cells, fuel cells, flow cells and voltaic piles.

A wet cell battery has a liquid electrolyte. Other names are flooded cell, since the liquid covers all internal parts or vented cell, since gases produced during operation can escape to the air. Wet cells were a precursor to dry cells and are commonly used as a learning tool for electrochemistry. They can be built with common laboratory supplies, such as beakers, for demonstrations of how electrochemical cells work. A particular type of wet cell known as a concentration cell is important in understanding corrosion. Wet cells may be primary cells (non-rechargeable) or secondary cells (rechargeable). Originally, all practical primary batteries such as the Daniell cell were built as open-top glass jar wet cells. Other primary wet cells are the Leclanche cell, Grove cell, Bunsen cell, Chromic acid cell, Clark cell, and Weston cell. The Leclanche cell chemistry was adapted to the first dry cells. Wet cells are still used in automobile batteries and in industry for standby power for switchgear, telecommunication or large uninterruptible power supplies, but in many places batteries with gel cells have been used instead. These applications commonly use lead–acid or nickel–cadmium cells. Molten salt batteries are primary or secondary batteries that use a molten salt as electrolyte. They operate at high temperatures and must be well insulated to retain heat.
A dry cell uses a paste electrolyte, with only enough moisture to allow current to flow. Unlike a wet cell, a dry cell can operate in any orientation without spilling, as it contains no free liquid, making it suitable for portable equipment. By comparison, the first wet cells were typically fragile glass containers with lead rods hanging from the open top and needed careful handling to avoid spillage. Lead–acid batteries did not achieve the safety and portability of the dry cell until the development of the gel battery. A common dry cell is the zinc–carbon battery, sometimes called the dry Leclanché cell, with a nominal voltage of 1.5 volts, the same as the alkaline battery (since both use the same zinc–manganese dioxide combination). A standard dry cell comprises a zinc anode, usually in the form of a cylindrical pot, with a carbon cathode in the form of a central rod. The electrolyte is ammonium chloride in the form of a paste next to the zinc anode. The remaining space between the electrolyte and carbon cathode is taken up by a second paste consisting of ammonium chloride and manganese dioxide, the latter acting as a depolariser. In some designs, the ammonium chloride is replaced by zinc chloride.
A reserve battery can be stored unassembled (unactivated and supplying no power) for a long period (perhaps years).  When the battery is needed, then it is assembled (e.g., by adding electrolyte); once assembled, the battery is charged and ready to work.  For example, a battery for an electronic artillery fuze might be activated by the impact of firing a gun. The acceleration breaks a capsule of electrolyte that activates the battery and powers the fuze's circuits. Reserve batteries are usually designed for a short service life (seconds or minutes) after long storage (years). A water-activated battery for oceanographic instruments or military applications becomes activated on immersion in water.
On 28 February 2017, the University of Texas at Austin issued a press release about a new type of solid-state battery, developed by a team led by lithium-ion battery inventor John Goodenough, ""that could lead to safer, faster-charging, longer-lasting rechargeable batteries for handheld mobile devices, electric cars and stationary energy storage"". The solid-state battery is also said to have ""three times the energy density"", increasing its useful life in electric vehicles, for example. It should also be more ecologically sound since the technology uses less expensive, earth-friendly materials such as sodium extracted from seawater. They also have much longer life.
Sony has developed a biological battery that generates electricity from sugar in a way that is similar to the processes observed in living organisms. The battery generates electricity through the use of enzymes that break down carbohydrates.
The sealed valve regulated lead–acid battery (VRLA battery) is popular in the automotive industry as a replacement for the lead–acid wet cell. The VRLA battery uses an immobilized sulfuric acid electrolyte, reducing the chance of leakage and extending shelf life. VRLA batteries immobilize the electrolyte. The two types are:

Gel batteries (or ""gel cell"") use a semi-solid electrolyte.
Absorbed Glass Mat (AGM) batteries absorb the electrolyte in a special fiberglass matting.
Other portable rechargeable batteries include several sealed ""dry cell"" types, that are useful in applications such as mobile phones and laptop computers. Cells of this type (in order of increasing power density and cost) include nickel–cadmium (NiCd), nickel–zinc (NiZn), nickel–metal hydride (NiMH), and lithium-ion (Li-ion) cells. Li-ion has by far the highest share of the dry cell rechargeable market. NiMH has replaced NiCd in most applications due to its higher capacity, but NiCd remains in use in power tools, two-way radios, and medical equipment.
In the 2000s, developments include batteries with embedded electronics such as USBCELL, which allows charging an AA battery through a USB connector, nanoball batteries that allow for a discharge rate about 100x greater than current batteries, and smart battery packs with state-of-charge monitors and battery protection circuits that prevent damage on over-discharge. Low self-discharge (LSD) allows secondary cells to be charged prior to shipping.
Lithium–sulfur batteries were used on the longest and highest solar-powered flight.


=== Consumer and industrial grades ===
Batteries of all types are manufactured in consumer and industrial grades. Costlier industrial-grade batteries may use chemistries that provide higher power-to-size ratio, have lower self-discharge and hence longer life when not in use, more resistance to leakage and, for example, ability to handle the high temperature and humidity associated with medical autoclave sterilization.


=== Combination and management ===

Standard-format batteries are inserted into battery holder in the device that uses them. When a device does not uses standard-format batteries, they are typically combined into a custom battery pack which holds multiple batteries in addition to features such as a battery management system and battery isolator which ensure that the batteries within are charged and discharged evenly.


=== Sizes ===

Primary batteries readily available to consumers range from tiny button cells used for electric watches, to the No. 6 cell used for signal circuits or other long duration applications. Secondary cells are made in very large sizes; very large batteries can power a submarine or stabilize an electrical grid and help level out peak loads.
As of 2017, the world's largest battery was built in South Australia by Tesla. It can store 129 MWh. A battery in Hebei Province, China, which can store 36 MWh of electricity was built in 2013 at a cost of $500 million. Another large battery, composed of Ni–Cd cells, was in Fairbanks, Alaska.  It covered 2,000 square metres (22,000 sq ft)—bigger than a football pitch—and weighed 1,300 tonnes. It was manufactured by ABB to provide backup power in the event of a blackout. The battery can provide 40 MW of power for up to seven minutes. Sodium–sulfur batteries have been used to store wind power. A 4.4 MWh battery system that can deliver 11 MW for 25 minutes stabilizes the output of the Auwahi wind farm in Hawaii.


=== Comparison ===

Many important cell properties, such as voltage, energy density, flammability, available cell constructions, operating temperature range and shelf life, are dictated by battery chemistry.


== Performance, capacity and discharge ==

A battery's characteristics may vary over load cycle, over charge cycle, and over lifetime due to many factors including internal chemistry, current drain, and temperature. At low temperatures, a battery cannot deliver as much power. As such, in cold climates, some car owners install battery warmers, which are small electric heating pads that keep the car battery warm. 
A battery's capacity is the amount of electric charge it can deliver at a voltage that does not drop below the specified terminal voltage. The more electrode material contained in the cell the greater its capacity. A small cell has less capacity than a larger cell with the same chemistry, although they develop the same open-circuit voltage. Capacity is usually stated in ampere-hours (A·h) (mAh for small batteries). The rated capacity of a battery is usually expressed as the product of 20 hours multiplied by the current that a new battery can consistently supply for 20 hours at 20 °C (68 °F), while remaining above a specified terminal voltage per cell. For example, a battery rated at 100 A·h can deliver 5 A over a 20-hour period at room temperature. The fraction of the stored charge that a battery can deliver depends on multiple factors, including battery chemistry, the rate at which the charge is delivered (current), the required terminal voltage, the storage period, ambient temperature and other factors.
The higher the discharge rate, the lower the capacity. The relationship between current, discharge time and capacity for a lead acid battery is approximated (over a typical range of current values) by Peukert's law:

  
    
      
        t
        =
        
          
            
              Q
              
                P
              
            
            
              I
              
                k
              
            
          
        
      
    
    {\displaystyle t={\frac {Q_{P}}{I^{k}}}}
  

where

  
    
      
        
          Q
          
            P
          
        
      
    
    {\displaystyle Q_{P}}
  
 is the capacity when discharged at a rate of 1 amp.

  
    
      
        I
      
    
    {\displaystyle I}
  
 is the current drawn from battery (A).

  
    
      
        t
      
    
    {\displaystyle t}
  
 is the amount of time (in hours) that a battery can sustain.

  
    
      
        k
      
    
    {\displaystyle k}
  
 is a constant around 1.3.
Charged batteries (rechargeable or disposable) lose charge by internal self-discharge over time although not discharged, due to the presence of generally irreversible side reactions that consume charge carriers without producing current. The rate of self-discharge depends upon battery chemistry and construction, typically from months to years for significant loss. When batteries are recharged, additional side reactions reduce capacity for subsequent discharges. After enough recharges, in essence all capacity is lost and the battery stops producing power. Internal energy losses and limitations on the rate that ions pass through the electrolyte cause battery efficiency to vary. Above a minimum threshold, discharging at a low rate delivers more of the battery's capacity than at a higher rate. Installing batteries with varying A·h ratings changes operating time, but not device operation unless load limits are exceeded. High-drain loads such as digital cameras can reduce total capacity of rechargeable or disposable batteries. For example, a battery rated at 2 A·h for a 10- or 20-hour discharge would not sustain a current of 1 A for a full two hours as its stated capacity suggests.
The C-rate is a measure of the rate at which a battery is being charged or discharged. It is defined as the current through the battery divided by the theoretical current draw under which the battery would deliver its nominal rated capacity in one hour. It has the units h−1. Because of internal resistance loss and the chemical processes inside the cells, a battery rarely delivers nameplate rated capacity in only one hour. Typically, maximum capacity is found at a low C-rate, and charging or discharging at a higher C-rate reduces the usable life and capacity of a battery. Manufacturers often publish datasheets with graphs showing capacity versus C-rate curves. C-rate is also used as a rating on batteries to indicate the maximum current that a battery can safely deliver in a circuit. Standards for rechargeable batteries generally rate the capacity and charge cycles over a 4-hour (0.25C), 8 hour (0.125C) or longer discharge time. Types intended for special purposes, such as in a computer uninterruptible power supply, may be rated by manufacturers for discharge periods much less than one hour (1C) but may suffer from limited cycle life.
In 2009 experimental lithium iron phosphate (LiFePO4) battery technology provided the fastest charging and energy delivery, discharging all its energy into a load in 10 to 20 seconds. In 2024 a prototype battery for electric cars that could charge from 10% to 80% in five minutes was demonstrated, and a Chinese company claimed that car batteries it had introduced charged 10% to 80% in 10.5 minutes—the fastest batteries available—compared to Tesla's 15 minutes to half-charge.


== Lifespan and endurance ==

Battery life (or lifetime) has two meanings for rechargeable batteries but only one for non-chargeables. It can be used to describe the length of time a device can run on a fully charged battery—this is also unambiguously termed ""endurance"". For a rechargeable battery it may also be used for the number of charge/discharge cycles possible before the cells fail to operate satisfactorily—this is also termed ""lifespan"". The term shelf life is used to describe how long a battery will retain its performance between manufacture and use. Available capacity of all batteries drops with decreasing temperature. In contrast to most of today's batteries, the Zamboni pile, invented in 1812, offers a very long service life without refurbishment or recharge, although it can supply very little current (nanoamps). The Oxford Electric Bell has been ringing almost continuously since 1840 on its original pair of batteries, thought to be Zamboni piles.
Disposable batteries typically lose 8–20% of their original charge per year when stored at room temperature (20–30 °C). This is known as the ""self-discharge"" rate, and is due to non-current-producing ""side"" chemical reactions that occur within the cell even when no load is applied. The rate of side reactions is reduced for batteries stored at lower temperatures, although some can be damaged by freezing and storing in a fridge will not meaningfully prolong shelf life and risks damaging condensation. Old rechargeable batteries self-discharge more rapidly than disposable alkaline batteries, especially nickel-based batteries; a freshly charged nickel cadmium (NiCd) battery loses 10% of its charge in the first 24 hours, and thereafter discharges at a rate of about 10% a month. However, newer low self-discharge nickel–metal hydride (NiMH) batteries and modern lithium designs display a lower self-discharge rate (but still higher than for primary batteries).
The active material on the battery plates changes chemical composition on each charge and discharge cycle; active material may be lost due to physical changes of volume, further limiting the number of times the battery can be recharged. Most nickel-based batteries are partially discharged when purchased, and must be charged before first use. Newer NiMH batteries are ready to be used when purchased, and have only 15% discharge in a year.
Some deterioration occurs on each charge–discharge cycle. Degradation usually occurs because electrolyte migrates away from the electrodes or because active material detaches from the electrodes. Low-capacity NiMH batteries (1,700–2,000 mA·h) can be charged some 1,000 times, whereas high-capacity NiMH batteries (above 2,500 mA·h) last about 500 cycles. NiCd batteries tend to be rated for 1,000 cycles before their internal resistance permanently increases beyond usable values. Fast charging increases component changes, shortening battery lifespan. If a charger cannot detect when the battery is fully charged then overcharging is likely, damaging it.
NiCd cells, if used in a particular repetitive manner, may show a decrease in capacity called ""memory effect"". The effect can be avoided with simple practices. NiMH cells, although similar in chemistry, suffer less from memory effect.
Automotive lead–acid rechargeable batteries must endure stress due to vibration, shock, and temperature range. Because of these stresses and sulfation of their lead plates, few automotive batteries last beyond six years of regular use. Automotive starting (SLI: Starting, Lighting, Ignition) batteries have many thin plates to maximize current. In general, the thicker the plates the longer the life. They are typically discharged only slightly before recharge. ""Deep-cycle"" lead–acid batteries such as those used in electric golf carts have much thicker plates to extend longevity. The main benefit of the lead–acid battery is its low cost; its main drawbacks are large size and weight for a given capacity and voltage. Lead–acid batteries should never be discharged to below 20% of their capacity, because internal resistance will cause heat and damage when they are recharged. Deep-cycle lead–acid systems often use a low-charge warning light or a low-charge power cut-off switch to prevent the type of damage that will shorten the battery's life.
Battery life can be extended by storing the batteries at a low temperature, as in a refrigerator or freezer, which slows the side reactions. Such storage can extend the life of alkaline batteries by about 5%; rechargeable batteries can hold their charge much longer, depending upon type. To reach their maximum voltage, batteries must be returned to room temperature; discharging an alkaline battery at 250 mA at 0 °C is only half as efficient as at 20 °C. Alkaline battery manufacturers such as Duracell do not recommend refrigerating batteries.


== Hazards ==

A battery explosion is generally caused by misuse or malfunction, such as attempting to recharge a primary (non-rechargeable) battery, or a short circuit.
When a battery is recharged at an excessive rate, an explosive gas mixture of hydrogen and oxygen may be produced faster than it can escape from within the battery (e.g. through a built-in vent), leading to pressure build-up and eventual bursting of the battery case. In extreme cases, battery chemicals may spray violently from the casing and cause injury. An expert summary of the problem indicates that this type uses ""liquid electrolytes to transport lithium ions between the anode and the cathode. If a battery cell is charged too quickly, it can cause a short circuit, leading to explosions and fires"". Car batteries are most likely to explode when a short circuit generates very large currents. Such batteries produce hydrogen, which is very explosive, when they are overcharged (because of electrolysis of the water in the electrolyte). During normal use, the amount of overcharging is usually very small and generates little hydrogen, which dissipates quickly. However, when ""jump starting"" a car, the high current can cause the rapid release of large volumes of hydrogen, which can be ignited explosively by a nearby spark, e.g. when disconnecting a jumper cable.
Overcharging (attempting to charge a battery beyond its electrical capacity) can also lead to a battery explosion, in addition to leakage or irreversible damage. It may also cause damage to the charger or device in which the overcharged battery is later used.
Disposing of a battery via incineration may cause an explosion as steam builds up within the sealed case.

Many battery chemicals are corrosive, poisonous or both. If leakage occurs, either spontaneously or through accident, the chemicals released may be dangerous. For example, disposable batteries often use a zinc ""can"" both as a reactant and as the container to hold the other reagents. If this kind of battery is over-discharged, the reagents can emerge through the cardboard and plastic that form the remainder of the container. The active chemical leakage can then damage or disable the equipment that the batteries power. For this reason, many electronic device manufacturers recommend removing the batteries from devices that will not be used for extended periods of time.
Many types of batteries employ toxic materials such as lead, mercury, and cadmium as an electrode or electrolyte. When each battery reaches end of life it must be disposed of to prevent environmental damage. Batteries are one form of electronic waste (e-waste). E-waste recycling services recover toxic substances, which can then be used for new batteries. Of the nearly three billion batteries purchased annually in the United States, about 179,000 tons end up in landfills across the country.

Batteries may be harmful or fatal if swallowed. Small button cells can be swallowed, in particular by young children. While in the digestive tract, the battery's electrical discharge may lead to tissue damage; such damage is occasionally serious and can lead to death. Ingested disk batteries do not usually cause problems unless they become lodged in the gastrointestinal tract. The most common place for disk batteries to become lodged is the esophagus, resulting in clinical sequelae. Batteries that successfully traverse the esophagus are unlikely to lodge elsewhere. The likelihood that a disk battery will lodge in the esophagus is a function of the patient's age and battery size. Older children do not have problems with batteries smaller than 21–23 mm. Liquefaction necrosis may occur because sodium hydroxide is generated by the current produced by the battery (usually at the anode). Perforation has occurred as rapidly as 6 hours after ingestion.
Some battery manufactures have added a bad taste to batteries to discourage swallowing.


== Legislation and regulation ==

Legislation around electric batteries includes such topics as safe disposal and recycling.
In the United States, the Mercury-Containing and Rechargeable Battery Management Act of 1996 banned the sale of mercury-containing batteries, enacted uniform labeling requirements for rechargeable batteries and required that rechargeable batteries be easily removable. California and New York City prohibit the disposal of rechargeable batteries in solid waste. The rechargeable battery industry operates nationwide recycling programs in the United States and Canada, with dropoff points at local retailers.
The Battery Directive of the European Union has similar requirements, in addition to requiring increased recycling of batteries and promoting research on improved battery recycling methods. In accordance with this directive all batteries to be sold within the EU must be marked with the ""collection symbol"" (a crossed-out wheeled bin). This must cover at least 3% of the surface of prismatic batteries and 1.5% of the surface of cylindrical batteries. All packaging must be marked likewise.
In response to reported accidents and failures, occasionally ignition or explosion, recalls of devices using lithium-ion batteries have become more common in recent years.
On 9 December 2022, the European Parliament reached an agreement to force, from 2026, manufacturers to design all electrical appliances sold in the EU (and not used predominantly in wet conditions) so that consumers can easily remove and replace batteries themselves.


== See also ==

Battery simulator
Nanowire battery
Search for the Super Battery


== References ==


== Bibliography ==
Dingrando, Laurel; et al. (2007). Chemistry: Matter and Change. New York: Glencoe/McGraw-Hill. ISBN 978-0-07-877237-5. Ch. 21 (pp. 662–695) is on electrochemistry.
Fink, Donald G.; H. Wayne Beaty (1978). Standard Handbook for Electrical Engineers, Eleventh Edition. New York: McGraw-Hill. ISBN 978-0-07-020974-9.
Knight, Randall D. (2004). Physics for Scientists and Engineers: A Strategic Approach. San Francisco: Pearson Education. ISBN 978-0-8053-8960-9. Chs. 28–31 (pp. 879–995) contain information on electric potential.
Linden, David; Thomas B. Reddy (2001). Handbook of Batteries. New York: McGraw-Hill. ISBN 978-0-07-135978-8.
Saslow, Wayne M. (2002). Electricity, Magnetism, and Light. Toronto: Thomson Learning. ISBN 978-0-12-619455-5. Chs. 8–9 (pp. 336–418) have more information on batteries.
Turner, James Morton. Charged: A History of Batteries and Lessons for a Clean Energy Future (University of Washington Press, 2022). online review


== External links ==
 Media related to Electric batteries at Wikimedia Commons
Non-rechargeable batteries (archived 22 October 2013)
HowStuffWorks: How batteries work
Other Battery Cell Types
DoITPoMS Teaching and Learning Package- ""Batteries""","An electric battery is a source of electric power consisting of one or more electrochemical cells with external connections for powering electrical devices. When a battery is supplying power, its positive terminal is the cathode and its negative terminal is the anode. The terminal marked negative is the source of electrons. When a battery is connected to an external electric load, those negatively charged electrons flow through the circuit and reach  the positive terminal, thus causing a redox reaction by attracting positively charged ions, or cations. Thus, higher energy reactants are converted to lower energy products, and the free-energy difference is delivered to the external circuit as electrical energy. Historically the term ""battery"" specifically referred to a device composed of multiple cells; however, the usage has evolved to include devices composed of a single cell.
Primary (single-use or ""disposable"") batteries are used once and discarded, as the electrode materials are irreversibly changed during discharge; a common example is the alkaline battery used for flashlights and a multitude of portable electronic devices. Secondary (rechargeable) batteries can be discharged and recharged multiple times using an applied electric current; the original composition of the electrodes can be restored by reverse current. Examples include the lead–acid batteries used in vehicles and lithium-ion batteries used for portable electronics such as laptops and mobile phones.
Batteries come in many shapes and sizes, from miniature cells used to power hearing aids and wristwatches to, at the largest extreme, huge battery banks the size of rooms that provide standby or emergency power for telephone exchanges and computer data centers. Batteries have much lower specific energy (energy per unit mass) than common fuels such as gasoline. In automobiles, this is somewhat offset by the higher efficiency of electric motors in converting electrical energy to mechanical work, compared to combustion engines.

",5794,39038,2025-10-04T15:04:25.292190
musk_supplement_20,Vehicular automation,Autonomous driving,Self-driving technology,technology,https://en.wikipedia.org/wiki/Vehicular_automation,"Vehicular automation is using technology to assist or replace the operator of a vehicle such as a car, truck, aircraft, rocket, military vehicle, or boat. Assisted vehicles are semi-autonomous, whereas vehicles that can travel without a human operator are autonomous. The degree of autonomy may be subject to various constraints such as conditions. Autonomy is enabled by advanced driver-assistance systems (ADAS) of varying capacity.
Related technology includes advanced software, maps, vehicle changes, and outside vehicle support. 
Autonomy presents varying issues for road, air, and marine travel. Roads present the most significant complexity given the unpredictability of the driving environment, including diverse road designs, driving conditions, traffic, obstacles, and geographical/cultural differences.
Autonomy implies that the vehicle is responsible for all perception, monitoring, and control functions.


== SAE autonomy levels ==

The Society of Automotive Engineers (SAE) classifies road vehicle autonomy in six levels: 

0: No automation.
1: Driver assistance, the vehicle controls steering or speed autonomously in specific circumstances.
2: Partial automation, the vehicle controls both steering and speed autonomously in specific circumstances.
3: Conditional automation, the vehicle controls both steering and speed under normal environmental conditions, but requires the driver to be ready to take control in other circumstances.
4: High automation, the vehicle travels autonomously under normal environmental conditions, not requiring driver oversight.
5: Full autonomy, where the vehicle can complete travel autonomously in any environmental conditions.
Level 0 refers, for instance, to vehicles without adaptive cruise control. Level 1 and 2 refer to vehicles where one part of the driving task is performed by the ADAS under the responsibility/liability of the driver.
From level 3, the driver can transfer the driving task to the vehicle, but the driver must assume control when the ADAS reaches its limits. For instance an automated traffic jam pilot can drive in a traffic jam, but otherwise passes control to the driver. Level 5 refers to a vehicle that can handle any situation.


== Technology ==


=== Software ===
Autonomous vehicle software generally contains several different modules that work together to enable self-driving capabilities. The perception module ingests and processes data from various sensors, such cameras, LIDAR, RADAR, and ultrasonic SONAR, to create a comprehensive understanding of the vehicle's surroundings. The localization module uses 3D point cloud data, GPS, IMU, and mapping information to determine the vehicle's precise position, including its orientation, velocity, and angular rate. The planning module takes inputs from both perception and localization to compute actions to take, such as velocity and steering angle outputs. These modules are typically supported by machine learning algorithms, particularly deep neural networks, which enable the vehicle to detect objects, interpret traffic patterns, and make real-time decisions. Furthermore, modern autonomous driving systems increasingly employ sensor fusion techniques that combine data from multiple sensors to improve accuracy and reliability in different environmental conditions.


=== Perception ===
The perception system is responsible for observing the environment. It must identify everything that could affect the trip, including other vehicles, pedestrians, cyclists, their movements, road conditions, obstacles, and other issues. Various makers use cameras, radar, lidar, sonar, and microphones that can collaboratively minimize errors.


=== Navigation ===
Navigation systems are a necessary element in autonomous vehicles. The Global Positioning System (GPS) is used for navigation by air, water, and land vehicles, particularly for off-road navigation.
For road vehicles, two approaches are prominent. One is to use maps that hold data about lanes and intersections, relying on the vehicle's perception system to fill in the details. The other is to use highly detailed maps that reduce the scope of real-time decision-making but require significant maintenance as the environment evolves. Some systems crowdsource their map updates, using the vehicles themselves to update the map to reflect changes such as construction or traffic used by the entire vehicle fleet.
Another potential source of information is the environment itself. Traffic data may be supplied by roadside monitoring systems and used to route vehicles to best use a limited road system. Additionally, modern GNSS enhancement technologies, such as real-time kinematic (RTK) and precise point positioning (PPP), enhance the accuracy of vehicle positioning to sub-meter level precision, which is crucial for autonomous navigation and decision-making.


== History ==
Automated vehicles in European Union legislation refer specifically to road vehicles (car, truck, or bus). For those vehicles, a specific difference is legally defined between advanced driver-assistance system and autonomous/automated vehicles, based on liability differences.
AAA Foundation for Traffic Safety tested two automatic emergency braking systems: some designed to prevent crashes and others that aim to make a crash less severe. The test looked at popular models like the 2016 Volvo XC90, Subaru Legacy, Lincoln MKX, Honda Civic, and Volkswagen Passat. Researchers tested how well each system stopped when approaching moving and nonmoving targets. It found that systems capable of preventing crashes reduced vehicle speeds by twice that of the systems designed to mitigate crash severity. When the two test vehicles traveled within 30 mph of each other, even those designed to lessen crash severity avoided crashes 60 percent of the time.


=== Sartre ===
The SAfe Road TRains for the Environment (Sartre) project's goal was to enable platooning, in which a line of cars and trucks (a ""train"") follow a human-driven vehicle. Trains were predicted to provide comfort and allow the following vehicles to travel safely to a destination. Human drivers encountering a train could join and delegate driving to the human driver.  


=== Tests ===
Self-driving Uber vehicles were tested in Pittsburgh, Pennsylvania. The tests were paused after an autonomous car killed a woman in Arizona. Automated busses have been tested in California. In San Diego, California, an automated bus test used magnetic markers. The longitudinal control of automated truck platoons used millimeter wave radio and radar. Waymo and Tesla have conducted tests. Tesla FSD allows drivers to enter a destination and let the car take over.


=== Risks and liabilities ===

Ford offers Blue Cruise, technology that allows geofenced cars to drive autonomously. 
Drivers are directed to stay attentive, and safety warnings are implemented to alert the driver when corrective action is needed. Tesla, Incorporated has one recorded incident that resulted in a fatality involving the automated driving system in the Tesla Model S. The accident report reveals the accident was a result of the driver being inattentive and the autopilot system not recognizing the obstruction ahead. Tesla has also had multiple instances where the vehicle crashed into a garage door. According to the book ""The Driver in the Driverless Car: How Your Technology Choices Create the Future,"" Tesla automatically performs an update overnight. The morning after the update, the driver used his app to ""summon"" his car, and it crashed into his garage door.
Another flaw with automated driving systems is that unpredictable events, such as weather or the driving behavior of others, may cause fatal accidents due to sensors that monitor the surroundings of the vehicle not being able to provide corrective action.
To overcome some of the challenges for automated driving systems, novel methodologies based on virtual testing, traffic flow simulation and digital prototypes have been proposed, especially when novel algorithms based on Artificial Intelligence approaches are employed which require extensive training and validation data sets.
Implementing automated driving systems poses the possibility of changing built environments in urban areas, such as expanding the suburban regions due to the increased ease of mobility.


== Challenges ==
Around 2015, several self-driving car companies including Nissan and Toyota promised self-driving cars by 2020. However, the predictions turned out to be far too optimistic.
There are still many obstacles in developing fully autonomous Level 5 vehicles, which is the ability to operate in any conditions. Currently, companies are focused on Level 4 automation, which is able to operate under certain environmental circumstances.
There is still debate about what an autonomous vehicle should look like. For example, whether to incorporate lidar to autonomous driving systems is still being argued. Some researchers have come up with algorithms using camera-only data that achieve the performance that rival those of lidar. On the other hand, camera-only data sometimes draw inaccurate bounding boxes, and thus lead to poor predictions. This is due to the nature of superficial information that stereo cameras provide, whereas incorporating lidar gives autonomous vehicles precise distance to each point on the vehicle.


=== Technical challenges ===
Software Integration: Because of the large number of sensors and safety processes required by autonomous vehicles, software integration remains a challenging task. A robust autonomous vehicle should ensure that the integration of hardware and software can recover from component failures.
Prediction and trust among autonomous vehicles: Fully autonomous cars should be able to anticipate the actions of other cars like humans do. Human drivers are great at predicting other drivers' behaviors, even with a small amount of data such as eye contact or hand gestures. In the first place, the cars should agree on traffic rules, whose turn it is to drive in an intersection, and so on. This scales into a larger issue when there exists both human-operated cars and self-driving cars due to more uncertainties. A robust autonomous vehicle is expected to improve on understanding the environment better to address this issue.
Scaling up: The coverage of autonomous vehicles testing could not be accurate enough. In cases where heavy traffic and obstruction exist, it requires faster response time or better tracking algorithms from the autonomous vehicles. In cases where unseen objects are encountered, it is important that the algorithms are able to track these objects and avoid collisions.
These features require numerous sensors, many of which rely on micro-electro-mechanical systems (MEMS) to maintain a small size, high efficiency, and low cost. Foremost among MEMS sensors in vehicles are accelerometers and gyroscopes to measure acceleration around multiple orthogonal axes—critical to detecting and controlling the vehicle's motion.


=== Societal challenges ===
One critical step to achieve the implementation of autonomous vehicles is the acceptance by the general public. It provides guidelines for the automobile industry to improve their design and technology. Studies have shown that many people believe that using autonomous vehicles is safer, which underlines the necessity for the automobile companies to assure that autonomous vehicles improve safety benefits. The TAM research model breaks down important factors that affect the consumer's acceptance into: usefulness, ease to use, trust, and social influence.

The usefulness factor studies whether or not autonomous vehicles are useful in that they provide benefits that save consumers' time and make their lives simpler. How well the consumers believe autonomous vehicles will be useful compared to other forms of transportation solutions is a determining factor.
The ease to use factor studies the user-friendliness of the autonomous vehicles. While the notion that consumers care more about ease to use than safety has been challenged. It still remains an important factor that has indirect effects on the public's intention to use autonomous vehicles.
The trust factor studies the safety, data privacy and security protection of autonomous vehicles. A more trusted system has a positive impact on the consumer's decision to use autonomous vehicles.
The social influence factor studies whether the influence of others would influence consumer's likelihood of having autonomous vehicles. Studies have shown that the social influence factor is positively related to behavioral intention. This might be due to the fact that cars traditionally serve as a status symbol that represents one's intent to use and his social environment.


=== Regulatory challenges ===

Real-time testing of autonomous vehicles is an inevitable part of the process. At the same time, vehicular automation regulators are faced with challenges to protect public safety and yet allow autonomous vehicle companies to test their products. Groups representing autonomous vehicle companies are resisting most regulations, whereas groups representing vulnerable road users and traffic safety are pushing for regulatory barriers. To improve traffic safety, the regulators are encouraged to find a middle ground that protects the public from immature technology while allowing autonomous vehicle companies to test the implementation of their systems. There have also been proposals to adopt the aviation automation safety regulatory knowledge into the discussions of safe implementation of autonomous vehicles, due to the experience that has been gained over the decades by the aviation sector on safety topics.


== Ground vehicles ==

In some countries, specific laws and regulations apply to road traffic motor vehicles (such as cars, bus and trucks) while other laws and regulations apply to other ground vehicles such as tram, train or automated guided vehicles making them to operate in different environments and conditions.


=== Road traffic vehicles ===
An automated driving system is defined in a proposed amendment to Article 1 of the Vienna Convention on Road Traffic:

(ab) ""Automated driving system"" refers to a vehicle system that uses both hardware and
software to exercise dynamic control of a vehicle on a sustained basis.(ac) ""Dynamic control"" refers to carrying out all the real-time operational and tactical functions required to move the vehicle. This includes controlling the vehicle's lateral and longitudinal motion, monitoring the road environment, responding to events in the road traffic environment, and planning and signalling for manoeuvres.
This amendment will enter into force on 14 July 2022, unless it is rejected before 13 January 2022.

An automated driving feature must be described sufficiently clearly so that it is distinguished from an assisted driving feature.
There are two clear states – a vehicle is either assisted with a driver being supported by technology or automated where the technology is effectively and safely replacing the driver.
Ground vehicles employing automation and teleoperation include shipyard gantries, mining trucks, bomb-disposal robots, robotic insects, and driverless tractors.
There are many autonomous and semi-autonomous ground vehicles being made for the purpose of transporting passengers. One such example is the free-ranging on grid (FROG) technology which consists of autonomous vehicles, a magnetic track and a supervisory system. The FROG system is deployed for industrial purposes in factory sites and has been in use since 1999 on the ParkShuttle, a PRT-style public transport system in the city of Capelle aan den IJssel to connect the Rivium business park with the neighboring city of Rotterdam (where the route terminates at the Kralingse Zoom metro station). The system experienced a crash in 2005 that proved to be caused by a human error.
Applications for automation in ground vehicles include the following:

Vehicle tracking system system ESITrack, Lojack.
Rear-view alarm, to detect obstacles behind.
Anti-lock braking system (ABS) (also Emergency Braking Assistance (EBA)), often coupled with Electronic brake force distribution (EBD), which prevents the brakes from locking and losing traction while braking. This shortens stopping distances in most cases and, more importantly, allows the driver to steer the vehicle while braking.
Traction control system (TCS) actuates brakes or reduces throttle to restore traction if driven wheels begin to spin.
Four wheel drive (AWD) with a centre differential. Distributing power to all four wheels lessens the chances of wheel spin. It also suffers less from oversteer and understeer.
Electronic Stability Control (ESC) (also known for Mercedes-Benz proprietary Electronic Stability Program (ESP), Acceleration Slip Regulation (ASR) and Electronic differential lock (EDL)). Uses various sensors to intervene when the car senses a possible loss of control. The car's control unit can reduce power from the engine and even apply the brakes on individual wheels to prevent the car from understeering or oversteering.
Dynamic steering response (DSR) corrects the rate of power steering system to adapt it to vehicle's speed and road conditions.
Research is ongoing and prototypes of autonomous ground vehicles exist.


=== Cars ===

Extensive automation for cars focuses on either introducing robotic cars or modifying modern car designs to be semi-autonomous.
Semi-autonomous designs could be implemented sooner as they rely less on technology that is still at the forefront of research. An example is the dual mode monorail. Groups such as RUF (Denmark) and TriTrack (USA) are working on projects consisting of specialized private cars that are driven manually on normal roads but also that dock onto a monorail/guideway along which they are driven autonomously.
As a method of automating cars without extensively modifying the cars as much as a robotic car, Automated highway systems (AHS) aims to construct lanes on highways that would be equipped with, for example, magnets to guide the vehicles. Automation vehicles have auto-brakes named as Auto Vehicles Braking System (AVBS). Highway computers would manage the traffic and direct the cars to avoid crashes.
In 2006, The European Commission has established a smart car development program called the Intelligent Car Flagship Initiative. The goals of that program include:

Adaptive cruise control
Lane departure warning system
Project AWAKE for drowsy drivers
There are further uses for automation in relation to cars. These include:

Assured Clear Distance Ahead
Adaptive headlamps
Advanced Automatic Collision Notification, such as OnStar
Intelligent Parking Assist System
Automatic Parking
Automotive night vision with pedestrian detection
Blind spot monitoring
Driver Monitoring System
Robotic car or self-driving car which may result in less-stressed ""drivers"", higher efficiency (the driver can do something else), increased safety and less pollution (e.g. via completely automated fuel control)
Precrash system
Safe speed governing
Traffic sign recognition
Following another car on a motorway – ""enhanced"" or ""adaptive"" cruise control, as used by Ford Motor Company and Vauxhall
Distance control assist – as developed by Nissan
Dead man's switch – there is a move to introduce deadman's braking into automotive application, primarily heavy vehicles, and there may also be a need to add penalty switches to cruise controls.
Singapore also announced a set of provisional national standards on January 31, 2019, to guide the autonomous vehicle industry. The standards, known as Technical Reference 68 (TR68), will promote the safe deployment of fully driverless vehicles in Singapore, according to a joint press release by Enterprise Singapore (ESG), Land Transport Authority (LTA), Standards Development Organisation and Singapore Standards Council (SSC).


=== Shuttle ===

Since 1999, the 12-seat/10-standing ParkShuttle has been operating on an 1.8 kilometres (1.1 mi) exclusive right of way in the city of Capelle aan den IJssel in The Netherlands. The system uses small magnets in the road surface to allow the vehicle to determine its position. The use of shared autonomous vehicles was trialed around 2012 in a hospital car park in Portugal. From 2012 to 2016, the European Union funded CityMobil2 project examined the use of shared autonomous vehicles and passenger experience including short term trials in seven cities. This project led to the development of the EasyMile EZ10.
In the 2010s, self-driving shuttle became able to run in mixed traffic without the need for embedded guidance markers. So far the focus has been on low speed, 20 miles per hour (32 km/h), with short, fixed routes for the ""last mile"" of journeys. This means issues of collision avoidance and safety are significantly less challenging than those for automated cars, which seek to match the performance of conventional vehicles. Many trials have been undertaken, mainly on quiet roads with little traffic or on public pathways or private roadways and specialised test sites. The capacity of different models varies significantly, between 6-seats and 20-seats. (Above this size there are conventional buses that have driverless technology installed.)
In December 2016, the Jacksonville Transportation Authority has announced its intention to replace the Jacksonville Skyway monorail with driverless vehicles that would run on the existing elevated superstructure as well as continue onto ordinary roads. The project has since been named the ""Ultimate Urban Circulator"" or ""U2C"" and testing has been carried out on shuttles from six different manufacturers. The cost of the project is estimated at $379 million.
In January 2017, it was announced the ParkShuttle system in the Netherlands will be renewed and expanded including extending the route network beyond the exclusive right of way so vehicles will run in mixed traffic on ordinary roads. The plans were delayed and the extension into mixed traffic was expected in 2021.
In July 2018, Baidu stated it had built 100 of its 8-seat Apolong model, with plans for commercial sales. As of July 2021, they had not gone into volume production.
In August 2020, it was reported there were 25 autonomous shuttle manufacturers, including the 2GetThere, Local Motors, Navya, Baidu, Easymile, Toyota and Ohmio.
In December 2020, Toyota showcased its 20-passenger ""e-Palette"" vehicle, which is due to be used at the 2021 Tokyo Olympic Games. Toyota announced it intends to have the vehicle available for commercial applications before 2025.
In January 2021, Navya released an investor report which predicted global autonomous shuttle sales will reach 12,600 units by 2025, with a market value of EUR 1.7 billion.
In June 2021, Chinese maker Yutong claimed to have delivered 100 models of its 10-seat Xiaoyu 2.0 autonomous bus for use in Zhengzhou. Testing has been carried out in a number of cities since 2019 with trials open to the public planned for July 2021.
Self-driving shuttles are already in use on some private roads, such as at the Yutong factory in Zhengzhou where they are used to transport workers between buildings of the world's largest bus factory.


==== Trials ====
A large number of trials have been conducted since 2016, with most involving only one vehicle on a short route for a short period of time and with an onboard conductor. The purpose of the trials has been to both provide technical data and to familiarize the public with the driverless technology. A 2021 survey of over 100 shuttle experiments across Europe concluded that low speed – 15–20 kilometres per hour (9.3–12.4 mph) – was the major barrier to implementation of autonomous shuttle buses. The current cost of the vehicles at €280,000 and the need for onboard attendants were also issues.

 

Vehicle names are in quotes


=== Buses ===

Autonomous buses are proposed, as well as self-driving cars and trucks. Grade 2 level automated minibusses were trialed for a few weeks in Stockholm. China has a small fleet of self-driving public buses in the tech district of Shenzhen, Guangdong.
The first autonomous bus trial in the United Kingdom commenced in mid-2019, with an Alexander Dennis Enviro200 MMC single-decker bus modified with autonomous software from Fusion Processing able to operate in driverless mode within Stagecoach Manchester's Sharston bus depot, performing tasks such as driving to the washing station, refueling point and then parking at a dedicated parking space in the depot. Passenger-carrying driverless bus trials in Scotland commenced in January 2023, with a fleet of five identical vehicles to the Manchester trial used on a 14 miles (23 km) Stagecoach Fife park-and-ride route across the Forth Road Bridge, from the north bank of the Forth to Edinburgh Park station.
Another autonomous trial in Oxfordshire, England, which uses a battery electric Fiat Ducato minibus on a circular service to Milton Park, operated by FirstBus with support from Fusion Processing, Oxfordshire County Council and the University of the West of England, entered full passenger service also in January 2023. The trial route will be extended to Didcot Parkway railway station after acquiring a larger single-decker by the end of 2023.
In July 2020 in Japan, AIST Human-Centered Mobility Research Center with Nippon Koei and Isuzu started a series of demonstration tests for mid-sized buses, Isuzu ""Erga Mio"" with autonomous driving systems, in five areas; Ōtsu city in Shiga prefecture, Sanda city in Hyōgo Prefecture and other three areas in sequence.
In October 2023, Imagry, an Israeli AI startup, introduced its mapless autonomous driving solution at Busworld Europe, leveraging a real-time image recognition system and a spatial deep convolutional neural network (DCNN) to mimic human driving behavior.


==== Modular autonomous transit ====
Modular autonomous transit is a research concept for public transit using self-driving vehicles with connectable units, or ""pods"", that can adjust capacity based on passenger demand. Studies suggest these systems could improve efficiency through dynamic routing, with simulations showing reduced travel times in urban networks, though no operational systems existed as of 2025.


=== Trucks ===

The concept for autonomous vehicles has been applied for commercial uses, such as autonomous or nearly autonomous trucks.
Companies such as Suncor Energy, a Canadian energy company, and Rio Tinto Group were among the first to replace human-operated trucks with driverless commercial trucks run by computers. In April 2016, trucks from major manufacturers including Volvo and the Daimler Company completed a week of autonomous driving across Europe, organized by the Dutch, in an effort to get self-driving trucks on the road. With developments in self-driving trucks progressing, U.S. self-driving truck sales is expected to reach 60,000 by 2035 according to a report released by IHS Incorporated in June 2016.
As reported in June 1995 in Popular Science magazine, self-driving trucks were being developed for combat convoys, whereby only the lead truck would be driven by a human and the following trucks would rely on satellite, an inertial guidance system and ground-speed sensors. Caterpillar Incorporated made early developments in 2013 with the Robotics Institute at Carnegie Mellon University to improve efficiency and reduce cost at various mining and construction sites.
In Europe, the Safe Road Trains for the Environment is such an approach.
From PWC's Strategy & Report, self driving trucks will be the source of concern around how this technology will impact around 3 million truck drivers in the US, as well as 4 million employees in support of the trucking economy in gas stations, restaurants, bars and hotels. At the same time, some companies like Starsky, are aiming for Level 3 Autonomy, which would see the driver playing a control role around the truck's environment. The company's project, remote truck driving, would give truck drivers a greater work-life balance, enabling them to avoid long periods away from their home. This would however provoke a potential mismatch between the driver's skills with the technological redefinition of the job.
Companies that buy driverless trucks could massively cut costs: human drivers would no longer be required, companies' liabilities due to truck accidents would diminish, and productivity would increase (as the driverless truck doesn't need to rest). The usage of self driving trucks will go hand in hand with the use of real-time data to optimize both efficiency and productivity of the service delivered, as a way to tackle traffic congestion for example. Driverless trucks could enable new business models that would see deliveries shift from day time to night time or time slots in which traffic is less heavily dense.


==== Suppliers ====


=== Motorcycles ===
Several self-balancing autonomous motorcycles were demonstrated in 2017 and 2018 from BMW, Honda and Yamaha.

 


=== Trains ===

The concept for autonomous vehicles has also been applied for commercial uses, like for autonomous trains. The world's first driverless urban transit system is the Port Island Line in Kobe, Japan, opened in 1981. The first self-driving train in the UK was launched in London on the Thameslink route.
An example of an automated train network is the Docklands Light Railway in London.
Also see List of automated train systems.


=== Trams ===
In 2018 the first autonomous trams in Potsdam were trialed.


=== Automated guided vehicle ===

An automated guided vehicle or automatic guided vehicle (AGV) is a mobile robot that follows markers or wires in the floor, or uses vision, magnets, or lasers for navigation. They are most often used in industrial applications to move materials around a manufacturing facility or warehouse. Application of the automatic guided vehicle had broadened during the late 20th century.


== Aircraft ==

Aircraft have received much attention for automation, especially for navigation. A system capable of autonomously navigating a vehicle (especially aircraft) is known as autopilot.


=== Delivery drones ===

Various industries such as packages and food have experimented with delivery drones. Traditional and new transportation companies are competing in the market. For example, UPS Flight Forward, Alphabet Wing, and Amazon Prime Air are all developing delivery drones. Zipline, an American medical drone delivery company, has the largest active drone delivery operations in the world, and its drones are capable of Level 4 autonomy.
However, even if technology seems to allow for those solutions to function correctly as various tests of various companies show, the main throwback to the market launch and use of such drones is inevitably the legislation in place and regulatory agencies have to decide on the framework they wish to take to draft regulation. This process is in different phases across the world as each country will tackle the topic independently. For example, Iceland's government and departments of transport, aviation, police have already started issuing licenses for drone operations. It has a permissive approach and together with Costa Rica, Italy, the UAE, Sweden and Norway, has a fairly unrestricted legislation on commercial drone use. Those countries are characterized by a body of regulation that may give operational guidelines or require licensing, registration and insurance.
On the other side, other countries have decided to ban, either directly (outright ban) or indirectly (effective ban), the use of commercial drones. The RAND Corporation thus notes the difference between countries forbidding drones and those that have a formal process for commercial drone licensing, but requirements are either impossible to meet or licenses do not appear to have been approved. In the US, United Parcel Service is the only delivery service with the Part 135 Standard certification that is required to use drones to deliver to real customers.
However, most countries seem to be struggling on the integration of drones for commercial uses into their aviation regulatory frameworks. Thus, constraints are placed on the use of those drones such as that they must be operating within the visual line of sight (VLOS) of the pilot and thus limiting their potential range. This would be the case of the Netherlands and Belgium. Most countries let pilots operate outside the VLOS but is subject to restrictions and pilot ratings, which would be the case of the US.
The general trend is that legislation is moving fast and laws are constantly being reevaluated. Countries are moving towards a more permissive approach but the industry still lacks infrastructures to ensure the success of such a transition. To provide safety and efficiency, specialized training courses, pilot exams (type of UAV and flying conditions) as well as liability management measures regarding insurances may need to be developed.
There is a sense of urgency related to this innovation as competition is high and companies lobby to integrate them rapidly in their products and services offerings. Since June 2017, the US Senate legislation reauthorized the Federal Aviation Administration and the Department of Transportation to create a carrier certificate allowing for package deliveries by drones.


== Watercraft ==

Autonomous boats can provide security, perform research, or conduct hazardous or repetitive tasks (such as guiding a large ship into a harbor or transporting cargo).


=== DARPA ===
Sea Hunter is an autonomous unmanned surface vehicle (USV) launched in 2016 as part of the DARPA Anti-Submarine Warfare Continuous Trail Unmanned Vessel (ACTUV) program.


== Submersibles ==

Underwater vehicles have been a focus for automation for tasks such as pipeline inspection and underwater mapping.


== Assistance robots ==


=== Spot ===
This four-legged robot was created to be able to navigate through many different terrain outdoors and indoors. It can walk on its own without colliding into anything. It uses many different sensors, including 360-degree vision cameras and gyroscopes. It is able to keep its balance even when pushed over. This vehicle, while it is not intended to be ridden, can carry heavy loads for construction workers or military personnel through rough terrain.


== Regulation ==

The British Highway Code states that: 

By self-driving vehicles, we mean those listed as automated vehicles by the Secretary of State for Transport under the Automated and Electric Vehicles Act 2018.
The UK considers the way to update its British Highway Code for automated code:

Automated vehicles can perform all the tasks involved in driving, in at least some situations. They differ from vehicles fitted with assisted driving features (like cruise control and lane-keeping assistance), which carry out some tasks, but where the driver is still responsible for driving. If you are driving a vehicle with assisted driving features, you MUST stay in control of the vehicle.
If the vehicle is designed to require you to resume driving after being prompted to, while the vehicle is driving itself, you MUST remain in a position to be able to take control. For example, you should not move out of the driving seat. You should not be so distracted that you cannot take back control when prompted by the vehicle.


== Concerns ==


=== Lack of control ===
Through the autonomy level, it is shown that the higher the level of autonomy, the less control humans have on their vehicles (highest level of autonomy needing zero human interventions). One concerns regarding the development of vehicular automation is related to the end-users' trust in the technology that controls automated vehicles. According to a nationally conducted survey made by Kelley Blue Book (KBB) in 2016, it was shown that the majority of people would choose to have a certain level of control behind their own vehicle rather than having the vehicle operate in Level 5 autonomy, or in other words, complete autonomy. According to half of the respondents, the idea of safety in an autonomous vehicle diminishes as the level of autonomy increases. This distrust of autonomous driving systems proved to be unchanged throughout the years when a nationwide survey conducted by AAA Foundation for Traffic and Safety (AAAFTS) in 2019 showed the same outcome as the survey KBB did in 2016. AAAFTS survey showed that even though people have a certain level of trust in automated vehicles, most people also have doubts and distrust towards the technology used in autonomous vehicles, with most distrust in Level 5 autonomous vehicles. It is shown by AAAFTS' survey that people's trust in autonomous driving systems increased when their level of understanding increased.


=== Malfunctions ===

The possibility of autonomous vehicle's technology to experience malfunctions is also one of the causes of user's distrust in autonomous driving systems. It is the concern that most respondents voted for in the AAAFTS survey. Even though autonomous vehicles are made to improve traffic safety by minimizing crashes and their severity, they still caused fatalities. At least 113 autonomous vehicle related accidents have occurred until 2018. In 2015, Google declared that their automated vehicles experienced at least 272 failures, and drivers had to intervene around 13 times to prevent fatalities. Furthermore, other automated vehicles' manufacturers also reported automated vehicles' failures, including the Uber car incident. A self-driving Uber car accident in 2018 is an example of autonomous vehicle accidents that are also listed among self-driving car fatalities. A report made by the National Transportation Safety Board (NTSB) showed that the self-driving Uber car was unable to identify the victim in a sufficient amount of time for the vehicle to slow down and avoid crashing into the victim.


=== Ethical ===
Another concern related to vehicle automation is its ethical issues. In reality, autonomous vehicles can encounter inevitable traffic accidents. In such situations, many risks and calculations need to be made in order to minimize the amount of damage the accident could cause. When a human driver encounters an inevitable accident, the driver will take a spontaneous action based on ethical and moral logic. However, when a driver has no control over the vehicle (Level 5 autonomy), the system of an autonomous vehicle needs to make that quick decision. Unlike humans, autonomous vehicles can only make decisions based on what it is programmed to do. However, the situation and circumstances of accidents differ from one another, and any one decision might not be the best decision for certain accidents. Based on two research studies in 2019, the implementation of fully automated vehicles in traffic where semi-automated and non-automated vehicles are still present might lead to complications. Some flaws that still need consideration include the structure of liability, distribution of responsibilities, efficiency in decision making, and the performance of autonomous vehicles with its diverse surroundings. Still, researchers Steven Umbrello and Roman V. Yampolskiy propose that the value sensitive design approach is one method that can be used to design autonomous vehicles to avoid some of these ethical issues and design for human values.


== See also ==
Self-driving car
Self-driving truck
Dashcam
Intelligent speed adaptation
Intelligent Transportation System
Robotaxi
Transit media
Uncrewed vehicle


== References ==


== Works cited ==
""Uber Self-Driving Cars Hit The Streets Of Pittsburgh"". www.cbsnews.com. 14 September 2016. Retrieved 5 May 2023.
Badue, Claudine; Guidolini, Rânik; Carneiro, Raphael Vivacqua; Azevedo, Pedro; Cardoso, Vinicius B.; Forechi, Avelino; Jesus, Luan; Berriel, Rodrigo; Paixão, Thiago M.; Mutz, Filipe; de Paula Veronese, Lucas; Oliveira-Santos, Thiago; De Souza, Alberto F. (1 March 2021). ""Self-driving cars: A survey"". Expert Systems with Applications. 165 113816. Elsevier. arXiv:1901.04407. doi:10.1016/j.eswa.2020.113816.
Azam, Shoaib; Munir, Farzeen; Sheri, Ahmad Muqeem; Kim, Joonmo; Jeon, Moongu (22 October 2020). ""System, Design and Experimental Validation of Autonomous Vehicle in an Unconstrained Environment"". Sensors. 20 (21): 5999. Bibcode:2020Senso..20.5999A. doi:10.3390/s20215999. PMC 7660187. PMID 33105897.
Serban, Alex; Poll, Erik; Visser, Joost (2020). ""A Standard Driven Software Architecture for Fully Autonomous Vehicles"". Journal of Automotive Software Engineering. 1 (1). Atlantis Press: 20. doi:10.2991/jase.d.200212.001.


== External links ==
European Commission Intelligent Car website
U.S. Department of Transportation – Intelligent Transportation Systems Joint Program Office website
Sheth, Aadit (3 January 2024). ""Indian AI And Robotics Startup Claims Level 5 Autonomy"". Prompt Engineering Daily. Retrieved 27 January 2024.","Vehicular automation is using technology to assist or replace the operator of a vehicle such as a car, truck, aircraft, rocket, military vehicle, or boat. Assisted vehicles are semi-autonomous, whereas vehicles that can travel without a human operator are autonomous. The degree of autonomy may be subject to various constraints such as conditions. Autonomy is enabled by advanced driver-assistance systems (ADAS) of varying capacity.
Related technology includes advanced software, maps, vehicle changes, and outside vehicle support. 
Autonomy presents varying issues for road, air, and marine travel. Roads present the most significant complexity given the unpredictability of the driving environment, including diverse road designs, driving conditions, traffic, obstacles, and geographical/cultural differences.
Autonomy implies that the vehicle is responsible for all perception, monitoring, and control functions.",6221,41105,2025-10-04T15:04:31.807448
musk_supplement_21,Vertical integration,Vertical integration,Business strategy,strategy,https://en.wikipedia.org/wiki/Vertical_integration,"In microeconomics, management and international political economy, vertical integration, also referred to as vertical consolidation, is an arrangement in which the supply chain of a company is integrated and owned by that company. Usually each member of the supply chain produces a different product or (market-specific) service, and the products combine to satisfy a common need. It contrasts with horizontal integration, wherein a company produces several items that are related to one another. Vertical integration has also described management styles that bring large portions of the supply chain not only under a common ownership but also into one corporation (as in the 1920s when the Ford River Rouge complex began making much of its own steel rather than buying it from suppliers).
Vertical integration can be desirable because it secures supplies needed by the firm to produce its product and the market needed to sell the product, but it can become undesirable when a firm's actions become anti-competitive and impede free competition in an open marketplace. Vertical integration is one method of avoiding the hold-up problem. A monopoly produced through vertical integration is called a vertical monopoly: vertical in a supply chain measures a firm's distance from the final consumers; for example, a firm that sells directly to the consumers has a vertical position of 0, a firm that supplies to this firm has a vertical position of 1, and so on.


== Measurement ==
The vertical integration of a company can be measured using the Real net output ratio:

  
    
      
        0
        <
        
          Real net output ratio
        
        =
        
          
            Added Value
            Total Production Value
          
        
        <
        1
      
    
    {\displaystyle 0<{\text{Real net output ratio}}={\frac {\text{Added Value}}{\text{Total Production Value}}}<1}
  

Added value is the difference between a company's turnover and externally purchased services, such as profit, gross wages, or other non-wage labor costs.
In essence, the less a company outsources, the higher the degree of vertical integration - or the degree of integration tends towards one, representing a high degree of vertical integration.
This also means that the lower the vertical integration - the higher the proportion of purchased components and services - the lower the real net output ratio, as this reduces value creation.


== Vertical expansion ==
Vertical integration is often closely associated with vertical expansion which, in economics, is the growth of a business enterprise through the acquisition of companies that produce the intermediate goods needed by the business or help market and distribute its product. A firm may desire such expansion to secure the supplies needed by the firm to produce its product and the market needed to sell the product. Such expansion can become undesirable from a system-wide perspective when it becomes anti-competitive and impede free competition in an open marketplace.
The result is a more efficient business with lower costs and more profits. On the undesirable side, when vertical expansion leads toward monopolistic control of a product or service then regulative action may be required to rectify anti-competitive behavior. Related to vertical expansion is lateral expansion, which is the growth of a business enterprise through the acquisition of similar firms, in the hope of achieving economies of scale.
Vertical expansion is also known as a vertical acquisition. Vertical expansion or acquisitions can also be used to increase sales and to gain market power. The acquisition of DirecTV by News Corporation is an example of forwarding vertical expansion or acquisition. DirecTV is a satellite TV company through which News Corporation can distribute more of its media content: news, movies, and television shows. The acquisition of NBC by Comcast is an example of backward vertical integration. For example, in the United States, protecting the public from communications monopolies that can be built in this way is one of the missions of the Federal Communications Commission.
Scholars' findings suggest that a reduction in inefficiencies caused by the market vertical value chains, including downstream prices or double mark-up, can be negated with vertical integration. Application in more complex environments can help firms overcome market failures (markets with high transaction costs or assets specificities). Scholars also identified potential risks and boundaries which may occur under vertical integration. This includes the potential competitor, the enhancements to horizontal collusion, and development of barriers to entry. However, it is still debated over if vertical integration expected efficiencies can lead to competitive harm to the market. Some conclude that in many cases that the efficiencies outweigh the potential risks.


== Three types of vertical integration ==
Contrary to horizontal integration, which is a consolidation of many firms that handle the same part of the production process, vertical integration is typified by one firm engaged in different parts of production (e.g., growing raw materials, manufacturing, transporting, marketing, and/or retailing). Vertical integration is the degree to which a firm owns its upstream suppliers and its downstream buyers. The differences depend on where the firm is placed in the order of the supply chain. There are three varieties of vertical integration: backward (upstream) vertical integration, forward (downstream) vertical integration, and balanced (both upstream and downstream) vertical integration.

Backward vertical integration: A company exhibits backward vertical integration when it controls subsidiaries that produce some of the inputs used in the production of its products. For example, an automobile company may own a tire company, a glass company, and a metal company. Control of these three subsidiaries is intended to create a stable supply of inputs and ensure consistent quality in their final product. It was the main business approach of Ford and other car companies in the 1920s, who sought to use curated designs by Ford engineers, while minimizing costs by integrating the production of cars and car parts, as exemplified in the Ford River Rouge Complex. This type of integration also makes the barriers to entry into an industry more difficult. The control of subsidiaries that produce the raw materials needed in the production process gives a company the power to refuse access to resources to competitors and new entrants. They have the ability to cut off the chain of supply for competing buyers and thus, strengthen their position in their respective industry.
Forward vertical integration: A company tends toward forward vertical integration when it controls distribution centers and retailers where its products are sold. An example is a brewing company that owns and controls a number of bars or pubs. Unlike backward vertical integration, which serves to reduce costs of production, forward vertical integration allows a company to decrease its costs of distribution. This includes avoiding paying taxes for exchanges between stages in the chain of production, bypassing other price regulations, and removing the need for intermediary markets. In addition, a company has the power to refuse to support sales of competing distribution centers and retailers. Similar to backward vertical integration, this ability increases the barriers to entry into an industry.
Balanced vertical integration: A company demonstrates balanced vertical integration when it practices both backward vertical integration and forward vertical integration. Accomplishing this gives a company authority over the entire production and distribution process of a given product. A product that is produced in an integrated company as such exemplifies the result of a cost-efficient manufacture
Disintermediation is a form of vertical integration when purchasing departments take over the former role of wholesalers to source products.
For vertical integration to succeed, managers must be able to adapt their managerial approach to compliment the changes in functional activities that their vertical shift accompanies. Managers should make sure that their firm can take advantage of existing functional knowledge through organisation, and simultaneously allow new functional knowledge to develop. However, environmental possibilities can be a factor in determining whether vertical integration is successful.


== Influence factors of vertical integration ==
Technology : the probability of vertical integration between the two industries is less likely when the supply industry is more technology-intensive and the production industry is less technology-intensive. In addition, the impact of these factors is greater when inputs from the supply industry represent a large proportion of the total costs incurred by the production industry.
Switching cost and product differentiation : based on a new insight that pricing incentive choice of a downstream producer may change by vertical integration, downstream firms are more likely to switch to a different supplier if the investment by firms in a particular relationship is low, or if the input market is similar to the spot market. In this case, vertical M&A is more likely to have a positive impact on consumers. However, if supplier switching costs are high, the impact of a vertical integration on consumers depends on the degree of downstream product differentiation. If the downstream product is significantly differentiated, vertical integration is more likely beneficial to consumers. In contrast, if the downstream products are close substitutes, vertical integration is likely to harm consumers.


== Problems and benefits ==

There are many problems and benefits that vertical integration brings to an economic system. Problems that can stem from vertical integration can include large capital investments needed to set up and buy factories and maintain efficient profits. Rapid technology development can increase integration difficulties and further increase costs. The requirement of different business skills venturing into new portions of the supply chain can be challenging for the firm. Another problem that may stem from vertical integration is the collapse of goals among the various firms in a supply chain. With each firm operating under different systems, integration may cause initial problems in management and production. Vertical integration also proves to be dangerous when monopolistic problems arise in a capitalistic economy. When this happens, competition is removed and a corporation has the power to control all firms in its supply chain.
Large companies are more likely than smaller companies to employ vertical integration, as they have more resources to manage each stage of production (e.g. major expansion and funding). Vertical integration allows control of production from beginning to end. Vertical integration requires a company to focus not only on its core business, but also on several difficult areas such as sourcing materials and manufacturing partners, distribution, and finally selling the product.
One benefit is that the implementation of vertical integration can yield increased profit margins or eliminate the leverage that other firms or buyers may have over the firm. It allows improved coordination between production and distribution firms and decreases the cost of exchange of goods between firms within a supply chain. Operational routines also become more consistent and certain as the management of these firms gradually merge. Vertically integrated firms rarely need to worry about the sufficiency in their supply of materials because they generally control the facilities that provide them. A vertically integrated company also creates high barriers of entry into their respective economy, eliminating most potential competition. Implementing vertical integration can be beneficial in that it reduces the distance that separates the suppliers and customers from the resources or information, which can then boost profits and efficiency.
There are internal and external society-wide gains and losses stemming from vertical integration, which vary according to the state of technology in the industries involved, roughly corresponding to the stages of the industry lifecycle. Static technology represents the simplest case, where the gains and losses have been studied extensively. A vertically integrated company usually fails when transactions within the market are too risky or the contracts to support these risks are too costly to administer, such as frequent transactions and a small number of buyers and sellers.


=== Internal gains ===
Lower transaction costs
Synchronization of supply and demand along the chain of products
Lower uncertainty and higher investment
Capture of profit margins from upstream or downstream
Ability to monopolize market throughout the chain by market foreclosure
Strategic independence (especially if important inputs are rare or highly volatile in price, such as rare-earth metals).
Enhancing the company's ties with its suppliers
Lower the threshold for entry. A sustained high surplus phase must be protected by barriers to entry. As a result, a vertically integrated entrant is able to extend these barriers at a lower cost than the value of existing surpluses.


=== Internal losses ===
Higher monetary and organizational costs of switching to other suppliers/buyers
Weaker motivation for good performance at the start of the supply chain since sales are guaranteed and poor quality may be blended into other inputs at later manufacturing stages
Specific investment, capacity balancing issue
Developing new business competencies can compromise on existing competencies
Conflicts in inventory management post-integration
Demand uncertainty may increase due to inventory instability
Assigning limited purchasing resources among the suppliers as well as the production of goods or services


=== Benefits to society ===
Better opportunities for investment growth through reduced uncertainty
Local companies are often better positioned against foreign competition
Lower consumer prices by reducing markup from intermediaries
Accomplishing the maximum profits for selling products or services.


=== Losses to society ===
Monopolization of markets
Potential for vertical foreclosure
Rigid organizational structure
Manipulation of prices (if market power is established)
Loss of tax revenue in the case of sales taxes.


== Vertical integration in Germany ==
Among German economists, vertical integration is typically measured on the level of individual businesses and companies, rather than via merged corporations or subsidiary businesses. The real net output ratio, or Fertigungstiefe, is commonly used to measure the contributions of an individual company to the value chain of a product. The term, and its subsequent global impact on vertical integration, was first popularized outside Germany in Hermann Simon's 1996 publication on Hidden champions, Hidden champions: lessons from 500 of the world's best unknown companies:Many extremely successful companies escape the attention of those whose business it is to know everything (media), understand everything (scientists) or improve everything (consultants). This is the sphere of the world’s best midsize companies, the world of the ‘hidden champions.’Germany's strong tradition of industrial manufacturing and its focus on engineering excellence has resulted in it favoring vertical integration as a means to maintain control over production, particularly processes and quality. Common cultural attributes of Germany, including its high focus on tertiary education, inter-firm relationships, and knowledge sharing among industries, have resulted in the consistent development of vertically integrated businesses. In contrast to the United States, German businesses typically approach vertical integration via the expansion of the existing business, rather than merging with or acquiring suppliers or distributors.
On a national level, real net output ratio is sometimes used to the level of vertical integration within a country, or determine the share of domestic value added to products imported from abroad. While commonly used in Germany, researchers have applied it to other nations, such as Taiwan.


=== Historical and current examples ===
Prior to World War I, German manufacturing, such as cotton and textiles, had a relatively high degree of vertical integration. Post World War II, the US State Department noted Germany's advocacy for integration of its coal and steel production under the Schumann Plan.
At the time of Simon's 1996 publication, Germany was the number one exporter globally, and remains the third largest exporter of goods as of 2023, at $2,104,251 million per year. Industry 4.0 initiatives and trade flows are expected to further increase the level of vertical integration within small-to-medium businesses.
Automotive manufacturers such as Volkswagen remain committed to vertical integration as they work to transition towards electric vehicle manufacture, including developing their own battery-manufacturing sites and securing access to raw material. Likewise, Rohde & Schwarz recommitted to their high level of vertical integration in 2022, in the wake of the COVID-19 pandemic.
Germany's vertical integration of its electrical markets have been a known issue since 2005. In 2021, the European Court determined that German concepts of vertical integration, specifically related to the production/supply and transmission/distribution/storage of electricity and natural gas, were too narrow and did not follow the requirements of the EU Electricity Directive and the EU Natural Gas Directive.


== Vertical integration in America ==

Many major companies such as General Foods, Carnegie Steel Company, the Bell System, Apple, the U.S. entertainment studios, the U.S. meat industry, Ford Motor Company, CVS, and Amazon demonstrate vertical merging. Notably, the successful vertical integration of Standard Oil Company contributed to significant developments in US antitrust law in 1890, significantly limiting the vertical expansion of businesses. 


=== Food ===
In 1924, Clarence Birdseye patented the ""Birdseye Plate Froster"" and established the General Seafood Corporation. In 1929, Birdseye's company and the patent were bought by Postum Cereals and Goldman Sachs Trading Corporation. It was later known as General Foods. They kept the Birdseye name, which was split into two words (Birds eye) for use as a trademark. Birdseye was paid $20 million for the patents and $2 million for the assets.
Birds Eye was one of the pioneers in the frozen food industry. In 1924, Clarence Birdseye patented the ""Birdseye Plate Froster"" and established the General Seafood Corporation. In 1929, Birdseye's company and the patent were bought by Postum Cereals and Goldman Sachs Trading Corporation. It was later known as General Foods. Members of the supply chain, such as farmers and small food retailers, could not afford the high cost of equipment, so Birdseye provided it to them.
Birds Eye has since seen the downsides of vertical integration, with fixed costs associated with vertical integration, such as property, plants, and equipment that cannot be reduced significantly when production needs decrease, and a larger organizational structure that cannot react quickly to market changes.


=== Big tech ===
Big Tech companies such as Alphabet and Amazon have been noted as examples of both vertically and horizontally integrated companies.


=== Steel and oil ===
Carnegie Steel is an example of America's initial approach to vertical integration, with the business controlling not only the mills where steel was manufactured, but mines where coal and iron ore was extracted, shipping of the raw materials, the coke ovens where the coal was coked, and so on. The company focused heavily on developing talent internally from the bottom up, rather than importing it from other companies. Later, Carnegie established an institute of higher learning to teach the steel processes to the next generation.
National oil companies (e.g., Petronas), often adopt a vertically integrated structure, meaning that they are active along the entire supply chain from locating deposits, drilling and extracting crude oil, transporting it around the world, refining it into petroleum products such as petrol/gasoline, and distributing the fuel to company-owned retail stations, for sale to consumers. Standard Oil combined extraction, transport, refinement, wholesale distribution, and retail sales at company-owned gas stations, with its vertical integration of the petroleum market bordering on monopoly. In 1980, Standard Oil controlled 88 percent of the refined oil flows in the United States. Consequently, the US Congress passed the Sherman Antitrust Act in 1890, which was enforced in Standard Oil Co. of New Jersey v. United States.


=== Telecommunications and computing ===
Telephone companies in most of the 20th century, especially the largest (the Bell System), were integrated, making their own telephones, telephone cables, telephone exchange equipment and other supplies. The Bell System is an example of an industry in which without vertical integration, would not be able to develop efficiently. In order to implement a telecommunications system that connected cities across a nation reliably, vertical integration was called upon. This strategic move ensured that the wiring, manufacture, and management of the system was consistent and functional across a state.


=== Apple ===

Apple has used the vertical integration strategy for 1980, with a business strategy focused on its own development of integrated hardware, software, and latterly services. This includes integrating their software (through APIs for third-party application developers) with their own hardware, along with the forward integration with their retail stores, allowing them to sell their products directly to customers and control the prices of their own markets. Apple is distinct in that it is known as an orchestrator (economics), exerting control over the entire value chain, without manufacturing everything directly, such as the assembly of iPhones by its manufacturing partner Foxconn.


=== Entertainment ===
From the early 1920s through the early 1950s, the American motion picture had evolved into an industry controlled by a few companies, a condition known as a ""mature oligopoly"", as it was led by eight major film studios, the most powerful of which were the ""Big Five"" studios: MGM, Warner Brothers, 20th Century Fox, Paramount Pictures, and RKO. These studios were fully integrated, not only producing and distributing films, but also operating their own movie theaters; the ""Little Three"", Universal Studios, Columbia Pictures, and United Artists, produced and distributed feature films but did not own theaters.
The issue of vertical integration (also known as common ownership) has been the main focus of policy makers because of the possibility of anti-competitive behaviors affiliated with market influence. For example, in United States v. Paramount Pictures, Inc., the Supreme Court ordered the five vertically integrated studios to sell off their theater chains and all trade practices were prohibited (United States v. Paramount Pictures, Inc., 1948). The prevalence of vertical integration wholly predetermined the relationships between both studios and networks and modified criteria in financing. Networks began arranging content initiated by commonly owned studios and stipulated a portion of the syndication revenues in order for a show to gain a spot on the schedule if it was produced by a studio without common ownership. In response, the studios fundamentally changed the way they made movies and did business. Lacking the financial resources and contract talent they once controlled, the studios now relied on independent producers supplying some portion of the budget in exchange for distribution rights.
Certain media conglomerates may, in a similar manner, own television broadcasters (either over-the-air or on cable), production companies that produce content for their networks, and also own the services that distribute their content to viewers (such as television and internet service providers). AT&T, Bell Canada, Comcast, Sky plc, and Rogers Communications are vertically integrated in such a manner—operating media subsidiaries (such as WarnerMedia, Bell Media, NBCUniversal, and Rogers Media), and provide ""triple play"" services of television, internet, and phone service in some markets (such as Bell Satellite TV/Bell Internet, Rogers Cable, Xfinity, and Sky's satellite TV and internet services). Additionally, Bell and Rogers own wireless providers, Bell Mobility and Rogers Wireless, while Comcast is partnered with Verizon Wireless for an Xfinity-branded MVNO. Similarly, Sony has media holdings through its Sony Pictures division, including film and television content, as well as television channels, but is also a manufacturer of consumer electronics that can be used to play content from itself and others, including televisions, phones, and PlayStation video game consoles. AT&T is the first ever vertical integration where a mobile phone company and a film studio company are under same umbrella.


=== Agriculture ===

Vertical integration through production and marketing contracts have also become the dominant model for livestock production. Currently, 90% of poultry, 69% of hogs, and 29% of cattle are contractually produced through vertical integration. The USDA supports vertical integration because it has increased food productivity. However, ""... contractors receive a large share of farm receipts, formerly assumed to go to the operator's family"".
Under production contracts, growers raise animals owned by integrators. Farm contracts contain detailed conditions for growers, who are paid based on how efficiently they use feed, provided by the integrator, to raise the animals. The contract dictates how to construct the facilities, how to feed, house, and medicate the animals, and how to handle manure and dispose of carcasses. Generally, the contract also shields the integrator from liability. Jim Hightower, in his book, Eat Your Heart Out, discusses this liability role enacted by large food companies. He finds that in many cases of agricultural vertical integration, the integrator (food company) denies the farmer the right of entrepreneurship. This means that the farmer can only sell under and to the integrator. These restrictions on specified growth, Hightower argues, strips the selling and producing power of the farmer. The producer is ultimately limited by the established standards of the integrator. Yet, at the same time, the integrator still keeps the responsibility connected to the farmer. Hightower sees this as ownership without reliability.
Under marketing contracts, growers agree in advance to sell their animals to integrators under an agreed price system. Generally, these contracts shield the integrator from liability for the grower's actions and the only negotiable item is a price.


=== Health care ===
Within healthcare systems, horizontal integration is generally much more prominent. However, in the United States, major vertical mergers have included CVS Health's purchase of Aetna, and Cigna's purchase of Express Scripts. The integration of CVS Health and Aetna resulted in the combination of one of the nation's largest health insurance companies with a pharmaceutical company seen all across the U.S. The vertical merge allowed CVS-Aetna to regulate more of the healthcare and delivery chain and gave them the ability to provide higher quality care to consumers. One of the most significant advantages to this integration is the reduction in costs for healthcare.


=== Electric utilities ===
Before a wave of deregulation at the end of 20th century, most electric utilities were vertically integrated and provided electric generation, transmission, distribution, and sales. These were not just conglomerates with a common accounting department: there was just one profit center in sales, and costs of transmission and distribution were not separated. Partial deregulation in the US in 1978 (PURPA) forced the utilities to buy electricity outside if the rates were competitive; this gave rise to independent power producers. The other deviation from the vertical integration model were local distribution companies in some towns and regions. In the US 250 vertically integrated companies provided 85% of electrical generation. As of 2022, this ""public utility"" model was still utilized in some US states, mostly in the Mountain West, Great Plains, and Southeast.


== Vertical integration in China ==
Baidu and Alibaba have been noted as examples of both vertically and horizontally integrated companies.
In order to increase profits and gain more market share, Alibaba, has implemented vertical integration deepening its company holdings to more than the e-commerce platform. Alibaba has built its leadership in the market by gradually acquiring complementary companies in a variety of industries including delivery and payments. For example, Alibaba is the owner of logistics operator Cainiao, which handles warehousing and last-mile delivery for products sold through Alibaba's platforms. It also operates Alipay, a payment platform for its merchants.


== Vertical integration in France ==
EssilorLuxottica, the company that merged with Essilor and Luxottica, occupies up to 30% of the global market share as well as representing billions of pairs of lenses and frames sold annually. Before the merger, Luxottica also owned 80% of the market share of companies that produce corrective and protective eyewear as well as owning many retailers, optical departments at Target and Sears, and key eye insurance groups, such as EyeMed, many of which are already part of the now merged company.


== Economic theory ==
In economic theory, vertical integration has been studied in the literature on incomplete contracts that was developed by Oliver Hart and his coauthors. Hart's theory has been extended by several authors. For instance, DeMeza and Lockwood (1998) have studied different bargaining games, while Schmitz (2006) has introduced asymmetric information into the incomplete contracting setup. In these extended models, vertical integration can sometimes be optimal even if only the seller has to make an investment decision.
German economics commonly refers to the real net output ratio to monitor the fraction of the value chain influenced by the business' vertical integration.


== See also ==
Vertical and horizontal market


== References ==


=== Bibliography ===
Aagaard, Todd; Kleit, Andrew N. (2022). ""Too Much Is Never Enough: Constructing Electricity Capacity Market Demand"" (PDF). Energy Law Journal. 43 (1). Washington: 79–124. Archived from the original (PDF) on 10 October 2022. Retrieved 17 September 2022.
Kathryn H. (1986). ""Matching Vertical Integration strategies"". Strategic Management Journal. 7: 535–555. doi:10.1002/smj.4250070605.
Matthew Lewis (2013). ""On Apple And Vertical Integration"". Seeking Alpha. Retrieved 11 April 2015.
Paul Cole-Ingait; Demand Media (2013). ""Vertical Integration Examples in the Smartphone Industry"". Chron - Small Business. Retrieved 11 April 2015.
Robert D. Buzzell (January 1983). ""Is Vertical Integration Profitable?"". Harvard Business Review. Retrieved 11 April 2015.
Wharton (2012). ""How Apple Made 'Vertical Integration' Hot Again — Too Hot, Maybe"". Time. Retrieved 13 April 2015.
""Idea Vertical Integration"". 30 March 2009. Retrieved 12 April 2015.
Grossman SJ, Hart OD (1986). ""The costs and benefits of ownership: A theory of vertical and lateral integration"" (PDF). The Journal of Political Economy. 94 (4): 691–719. doi:10.1086/261404. S2CID 215807368.
""Iglo History"". Archived from the original on 3 May 2015. Retrieved 2 May 2015.
Willis, H. Lee; Philipson, Lorrin (3 October 2018). ""Vertically Integrated Utilities"". Understanding Electric Utilities and De-Regulation (2 ed.). CRC Press. pp. 12–. ISBN 978-1-4200-2826-3.


== Further reading ==
Bramwell G. Rudd, 2014, ""Courtaulds and the Hosiery & Knitwear Industry,"" Lancaster, PA:Carnegie.
Joseph R. Conlin, 2007, ""Vertical Integration"", in The American Past: A Survey of American History, p. 457, Belmont, CA:Thompson Wadsworth.","In microeconomics, management and international political economy, vertical integration, also referred to as vertical consolidation, is an arrangement in which the supply chain of a company is integrated and owned by that company. Usually each member of the supply chain produces a different product or (market-specific) service, and the products combine to satisfy a common need. It contrasts with horizontal integration, wherein a company produces several items that are related to one another. Vertical integration has also described management styles that bring large portions of the supply chain not only under a common ownership but also into one corporation (as in the 1920s when the Ford River Rouge complex began making much of its own steel rather than buying it from suppliers).
Vertical integration can be desirable because it secures supplies needed by the firm to produce its product and the market needed to sell the product, but it can become undesirable when a firm's actions become anti-competitive and impede free competition in an open marketplace. Vertical integration is one method of avoiding the hold-up problem. A monopoly produced through vertical integration is called a vertical monopoly: vertical in a supply chain measures a firm's distance from the final consumers; for example, a firm that sells directly to the consumers has a vertical position of 0, a firm that supplies to this firm has a vertical position of 1, and so on.

",4825,32655,2025-10-04T15:04:35.655295
musk_supplement_22,Innovation,Innovation,Innovation theory and practice,strategy,https://en.wikipedia.org/wiki/Innovation,"Innovation is the practical implementation of ideas that result in the introduction of new goods or services or improvement in offering goods or services. ISO TC 279 in the standard ISO 56000:2020 defines innovation as ""a new or changed entity, realizing or redistributing value"". Others have different definitions; a common element in the definitions is a focus on newness, improvement, and spread of ideas or technologies.
Innovation often takes place through the development of more-effective products, processes, services, technologies, art works
or business models that innovators make available to markets, governments and society.
Innovation is related to, but not the same as, invention: innovation is more apt to involve the practical implementation of an invention (i.e. new / improved ability) to make a meaningful impact in a market or society, and not all innovations require a new invention.
Technical innovation often manifests itself via the engineering process when the problem being solved is of a technical or scientific nature. The opposite of innovation is exnovation.


== Definition ==
Surveys of the literature on innovation have found a variety of definitions. In 2009, Baregheh et al. found around 60 definitions in different scientific papers, while a 2014 survey found over 40. Based on their survey, Baragheh et al. attempted to formulate a multidisciplinary definition and arrived at the following:""Innovation is the multi-stage process whereby organizations transform ideas into new/improved products, service or processes, in order to advance, compete and differentiate themselves successfully in their marketplace""
In a study of how the software industry considers innovation, the following definition given by Crossan and Apaydin was considered to be the most complete. Crossan and Apaydin built on the definition given in the Organisation for Economic Co-operation and Development (OECD) Oslo Manual: Innovation is production or adoption, assimilation, and exploitation of a value-added novelty in economic and social spheres; renewal and enlargement of products, services, and markets; development of new methods of production; and the establishment of new management systems. It is both a process and an outcome.
American sociologist Everett Rogers, defined it as follows:""An idea, practice, or object that is perceived as new by an individual or other unit of adoption""
According to Alan Altshuler and Robert D. Behn, innovation includes original invention and creative use. These writers define innovation as generation, admission and realization of new ideas, products, services and processes.

Two main dimensions of innovation are degree of novelty (i.e. whether an innovation is new to the firm, new to the market, new to the industry, or new to the world) and kind of innovation (i.e. whether it is process or product-service system innovation). Organizational researchers have also distinguished innovation separately from creativity, by providing an updated definition of these two related constructs:Workplace creativity concerns the cognitive and behavioral processes applied when attempting to generate novel ideas. Workplace innovation concerns the processes applied when attempting to implement new ideas. Specifically, innovation involves some combination of problem/opportunity identification, the introduction, adoption or modification of new ideas germane to organizational needs, the promotion of these ideas, and the practical implementation of these ideas.
Peter Drucker wrote:

Innovation is the specific function of entrepreneurship, whether in an existing business, a public service institution, or a new venture started by a lone individual in the family kitchen. It is the means by which the entrepreneur either creates new wealth-producing resources or endows existing resources with enhanced potential for creating wealth.


=== Creativity and innovation ===
In general, innovation is distinguished from creativity by its emphasis on the implementation of creative ideas in an economic setting. Amabile and Pratt in 2016, drawing on the literature, distinguish between creativity (""the production of novel and useful ideas by an individual or small group of individuals working together"") and innovation (""the successful implementation of creative ideas within an organization"").


=== Economics and innovation ===
In 1957 the economist Robert Solow was able to demonstrate that economic growth had two components. The first component could be attributed to growth in production including wage labour and capital. The second component was found to be productivity. Ever since, economic historians have tried to explain the process of innovation itself, rather than assuming that technological inventions and technological progress result in productivity growth.
The concept of innovation emerged after the Second World War, mostly thanks to the works of Joseph Schumpeter (1883–1950) who described the economic effects of innovation processes as Constructive destruction. Today, consistent neo-Schumpeterian scholars see innovation not as neutral or apolitical processes. Rather, innovation can be seen as socially constructed processes. Therefore, its conception depends on the political and societal context in which innovation is taking place. According to Shannon Walsh, ""innovation today is best understood as innovation under capital"" (p. 346). This means that the current hegemonic purpose for innovation is capital valorisation and profit maximization, exemplified by the appropriation of knowledge (e.g., through patenting), the widespread practice of Planned obsolescence (incl. lack of repairability by design), and the Jevons paradox, that describes negative consequences of eco-efficiency as energy-reducing effects tend to trigger mechanisms leading to energy-increasing effects.


== Types ==
Several frameworks have been proposed for defining types of innovation.


=== Sustaining vs disruptive innovation ===

One framework proposed by Clayton Christensen draws a distinction between sustaining and disruptive innovations. Sustaining innovation is the improvement of a product or service based on the known needs of current customers (e.g. faster microprocessors, flat screen televisions). Disruptive innovation in contrast refers to a process by which a new product or service creates a new market (e.g. transistor radio, free crowdsourced encyclopedia, etc.), eventually displacing established competitors. According to Christensen, disruptive innovations are critical to long-term success in business.
Disruptive innovation is often enabled by disruptive technology. Marco Iansiti and Karim R. Lakhani define foundational technology as having the potential to create new foundations for global technology systems over the longer term. Foundational technology tends to transform business operating models as entirely new business models emerge over many years, with gradual and steady adoption of the innovation leading to waves of technological and institutional change that gain momentum more slowly. The advent of the packet-switched communication protocol TCP/IP—originally introduced in 1972 to support a single use case for United States Department of Defense electronic communication (email), and which gained widespread adoption only in the mid-1990s with the advent of the World Wide Web—is a foundational technology.


=== Four types of innovation model ===
Another framework was suggested by Henderson and Clark. They divide innovation into four types;

Radical innovation: ""establishes a new dominant design and, hence, a new set of core design concepts embodied in components that are linked together in a new architecture."" (p. 11)
Incremental innovation: ""refines and extends an established design. Improvement occurs in individual components, but the underlying core design concepts, and the links between them, remain the same."" (p. 11)
Architectural innovation: ""innovation that changes only the relationships between them [the core design concepts]"" (p. 12)
Modular Innovation: ""innovation that changes only the core design concepts of a technology"" (p. 12)
While Henderson and Clark as well as Christensen talk about technical innovation there are other kinds of innovation as well, such as service innovation and organizational innovation.


=== Non-economic innovation ===
As distinct from business-centric views of innovation concentrating on generating profit for a firm, other types of innovation include: social innovation, religious innovation,
sustainable innovation (or green innovation),
and responsible innovation.


=== Open innovation ===
One type of innovation that has been the focus of recent literature is open innovation or ""crowd sourcing."" Open innovation refers to the use of individuals outside of an organizational context who have no expertise in a given area to solve complex problems.


=== User innovation ===
Similar to open innovation, user innovation is when companies rely on users of their goods and services to come up with, help to develop, and even help to implement new ideas.


== History ==

Innovation must be understood in the historical setting in which its processes were and are taking place. The first full-length discussion about innovation was published by the Greek philosopher and historian Xenophon (430–355 BCE). He viewed the concept as multifaceted and connected it to political action. The word for innovation that he uses, kainotomia, had previously occurred in two plays by Aristophanes (c. 446 – c. 386 BCE). Plato (died c. 348 BCE) discussed innovation in his Laws dialogue and was not very fond of the concept. He was skeptical to it both in culture (dancing and art) and in education (he did not believe in introducing new games and toys to the kids). Aristotle (384–322 BCE) did not like organizational innovations: he believed that all possible forms of organization had been discovered.
Before the 4th century in Rome, the words novitas and res nova / nova res were used with either negative or positive judgment on the innovator. This concept meant ""renewing"" and was incorporated into the new Latin verb word innovo (""I renew"" or ""I restore"") in the centuries that followed. The Vulgate version of the Bible (late 4th century CE) used the word in spiritual as well as political contexts. It also appeared in poetry, mainly with spiritual connotations, but was also connected to political, material and cultural aspects.
Machiavelli's The Prince (1513) discusses innovation in a political setting. Machiavelli portrays it as a strategy a Prince may employ in order to cope with a constantly changing world as well as the corruption within it. Here innovation is described as introducing change in government (new laws and institutions); Machiavelli's later book The Discourses (1528) characterises innovation as imitation, as a return to the original that has been corrupted by people and by time. Thus for Machiavelli innovation came with positive connotations. This is however an exception in the usage of the concept of innovation from the 16th century and onward. No innovator from the renaissance until the late 19th century ever thought of applying the word innovator upon themselves, it was a word used to attack enemies.
From the 1400s through the 1600s, the concept of innovation was pejorative – the term was an early-modern synonym for ""rebellion"", ""revolt"" and ""heresy"". In the 1800s people promoting capitalism saw socialism as an innovation and spent a lot of energy working against it. For instance, Goldwin Smith (1823-1910) saw the spread of social innovations as an attack on money and banks. These social innovations were socialism, communism, nationalization, cooperative associations.
In the 20th century, the concept of innovation did not become popular until after the Second World War of 1939–1945. This is the point in time when people started to talk about technological product innovation and tie it to the idea of economic growth and competitive advantage. Joseph Schumpeter (1883–1950), who contributed greatly to the study of innovation economics, is seen as the one who made the term popular. Schumpeter argued that industries must incessantly revolutionize the economic structure from within, that is: innovate with better or more effective processes and products, as well as with market distribution (such as the transition from the craft shop to factory). He famously asserted that ""creative destruction is the essential fact about capitalism"". In business and in economics, innovation can provide a catalyst for growth when entrepreneurs continuously search for better ways to satisfy their consumer base with improved quality, durability, service and price - searches which may come to fruition in innovation with advanced technologies and organizational strategies. Schumpeter's findings coincided with rapid advances in transportation and communications in the beginning of the 20th century, which had huge impacts for the economic concepts of factor endowments and comparative advantage as new combinations of resources or production techniques constantly transform markets to satisfy consumer needs. Hence, innovative behaviour becomes relevant for economic success.


== Process of innovation ==
An early model included only three phases of innovation. According to Utterback (1971), these phases were: 1) idea generation, 2) problem solving, and 3) implementation. By the time one completed phase 2, one had an invention, but until one got it to the point of having an economic impact, one did not have an innovation. Diffusion was not considered a phase of innovation. Focus at this point in time was on manufacturing.
A prime example of innovation involved the boom of Silicon Valley start-ups out of the Stanford Industrial Park. In 1957, dissatisfied employees of Shockley Semiconductor, the company of Nobel laureate William Shockley, co-inventor of the transistor, left to form an independent firm, Fairchild Semiconductor. After several years, Fairchild developed into a formidable presence in the sector. Eventually, these founders left to start their own companies based on their own unique ideas, and then leading employees started their own firms. Over the next 20 years this process resulted in the momentous startup-company explosion of information-technology firms. Silicon Valley began as 65 new enterprises born out of Shockley's eight former employees.
All organizations can innovate, including for example hospitals, universities, and local governments. The organization requires a proper structure in order to retain competitive advantage. Organizations can also improve profits and performance by providing work groups opportunities and resources to innovate, in addition to employee's core job tasks. Executives and managers have been advised to break away from traditional ways of thinking and use change to their advantage. The world of work is changing with the increased use of technology and companies are becoming increasingly competitive. Companies will have to downsize or reengineer their operations to remain competitive. This will affect employment as businesses will be forced to reduce the number of people employed while accomplishing the same amount of work if not more.
For instance, former Mayor Martin O'Malley pushed the City of Baltimore to use CitiStat, a performance-measurement data and management system that allows city officials to maintain statistics on several areas from crime trends to the conditions of potholes. This system aided in better evaluation of policies and procedures with accountability and efficiency in terms of time and money. In its first year, CitiStat saved the city $13.2 million. Even mass transit systems have innovated with hybrid bus fleets to real-time tracking at bus stands. In addition, the growing use of mobile data terminals in vehicles, that serve as communication hubs between vehicles and a control center, automatically send data on location, passenger counts, engine performance, mileage and other information. This tool helps to deliver and manage transportation systems.
Still other innovative strategies include hospitals digitizing medical information in electronic medical records. For example, the U.S. Department of Housing and Urban Development's HOPE VI initiatives turned severely distressed public housing in urban areas into revitalized, mixed-income environments; the Harlem Children's Zone used a community-based approach to educate local area children; and the Environmental Protection Agency's brownfield grants facilitates turning over brownfields for environmental protection, green spaces, community and commercial development.


=== Sources of innovation ===
Innovation may occur due to effort from a range of different agents, by chance, or as a result of a major system failure. According to Peter F. Drucker, the general sources of innovations are changes in industry structure, in market structure, in local and global demographics, in human perception, in the amount of available scientific knowledge, etc.

In the simplest linear model of innovation the traditionally recognized source is manufacturer innovation. This is where a person or business innovates in order to sell the innovation.
Another source of innovation is end-user innovation. This is where a person or company develops an innovation for their own (personal or in-house) use because existing products do not meet their needs. MIT economist Eric von Hippel identified end-user innovation as the most important source in his classic book on the subject, ""The Sources of Innovation"".
The robotics engineer Joseph F. Engelberger asserts that innovations require only three things:

a recognized need
competent people with relevant technology
financial support
The Kline chain-linked model of innovation places emphasis on potential market needs as drivers of the innovation process, and describes the complex and often iterative feedback loops between marketing, design, manufacturing, and R&D.
In the 21st century the Islamic State (IS) movement, while decrying religious innovations, has innovated in military tactics, recruitment, ideology and geopolitical activity.


=== Facilitating innovation ===
Innovation by businesses is achieved in many ways, with much attention now given to formal research and development (R&D) for ""breakthrough innovations"". R&D help spur on patents and other scientific innovations that leads to productive growth in such areas as industry, medicine, engineering, and government. Yet, innovations can be developed by less formal on-the-job modifications of practice, through exchange and combination of professional experience and by many other routes. Investigation of relationship between the concepts of innovation and technology transfer revealed overlap. The more radical and revolutionary innovations tend to emerge from R&D, while more incremental innovations may emerge from practice – but there are many exceptions to each of these trends.
Information technology and changing business processes and management style can produce a work climate favorable to innovation. For example, the software tool company Atlassian conducts quarterly ""ShipIt Days"" in which employees may work on anything related to the company's products. Google employees work on self-directed projects for 20% of their time (known as Innovation Time Off). Both companies cite these bottom-up processes as major sources for new products and features.
An important innovation factor includes customers buying products or using services. As a result, organizations may incorporate users in focus groups (user centered approach), work closely with so-called lead users (lead user approach), or users might adapt their products themselves. The lead user method focuses on idea generation based on leading users to develop breakthrough innovations. U-STIR, a project to innovate Europe's surface transportation system, employs such workshops. Regarding this user innovation, a great deal of innovation is done by those actually implementing and using technologies and products as part of their normal activities. Sometimes user-innovators may become entrepreneurs, selling their product, they may choose to trade their innovation in exchange for other innovations, or they may be adopted by their suppliers. Nowadays, they may also choose to freely reveal their innovations, using methods like open source. In such networks of innovation the users or communities of users can further develop technologies and reinvent their social meaning.
One technique for innovating a solution to an identified problem is to actually attempt an experiment with many possible solutions. This technique was famously used by Thomas Edison's laboratory to find a version of the incandescent light bulb economically viable for home use, which involved searching through thousands of possible filament designs before settling on carbonized bamboo.
This technique is sometimes used in pharmaceutical drug discovery. Thousands of chemical compounds are subjected to high-throughput screening to see if they have any activity against a target molecule which has been identified as biologically significant to a disease. Promising compounds can then be studied; modified to improve efficacy and reduce side effects, evaluated for cost of manufacture; and if successful turned into treatments.
The related technique of A/B testing is often used to help optimize the design of web sites and mobile apps. This is used by major sites such as amazon.com, Facebook, Google, and Netflix. Procter & Gamble uses computer-simulated products and online user panels to conduct larger numbers of experiments to guide the design, packaging, and shelf placement of consumer products. Capital One uses this technique to drive credit card marketing offers.


== Goals and failures of innovation ==
Scholars have argued that the main purpose for innovation today is profit maximization and capital valorisation. Consequently, programs of organizational innovation are typically tightly linked to organizational goals and growth objectives, to the business plan, and to market competitive positioning. Davila et al. (2006) note, ""Companies cannot grow through cost reduction and reengineering alone... Innovation is the key element in providing aggressive top-line growth, and for increasing bottom-line results"". One survey across a large number of manufacturing and services organizations found that systematic programs of organizational innovation are most frequently driven by: improved quality, creation of new markets, extension of the product range, reduced labor costs, improved production processes, reduced materials cost, reduced environmental damage, replacement of products/services, reduced energy consumption, and conformance to regulations.
Different goals are appropriate for different products, processes, and services. According to Andrea Vaona and Mario Pianta, some example goals of innovation could stem from two different types of technological strategies: technological competitiveness and active price competitiveness. Technological competitiveness may have a tendency to be pursued by smaller firms and can be characterized as ""efforts for market-oriented innovation, such as a strategy of market expansion and patenting activity."" On the other hand, active price competitiveness is geared toward process innovations that lead to efficiency and flexibility, which tend to be pursued by large, established firms as they seek to expand their market foothold. Whether innovation goals are successfully achieved or otherwise depends greatly on the environment prevailing in the organization.


=== Organization-internal innovation failures ===
Failure of organizational innovation programs has been widely researched and the causes vary considerably. Some causes are external to the organization and outside its influence of control. Others are internal and ultimately within the control of the organization. Internal causes of failure can be divided into causes associated with the cultural infrastructure and causes associated with the innovation process itself. David O'Sullivan wrote that causes of failure within the innovation process in most organizations can be distilled into five types: poor goal definition, poor alignment of actions to goals, poor participation in teams, poor monitoring of results, and poor communication and access to information.


=== Environmental and social innovation failures ===
Innovation is generally framed as an inherently positive force, delivering growth and prosperity for all, and is often deemed as both inevitable and unstoppable. In this sense, future innovations are often hailed as solutions to current problems, such as climate change. This business-as-usual approach would mean continued and increased globalization as well as quick innovation cycles which supposedly will maximize the competitiveness of processes, in the end leading to Eco-economic decoupling or Green growth. Yet, it is unclear whether innovative solutions will be capable of solving the climate crisis: According to Mario Giampietro and Silvio Funtowicz (2020), this positive framing of innovation ""demonstrates [a] lack of understanding of the biophysical roots of the economic process and the seriousness of the sustainability crisis"". This is due to the fact that innovation can be understood in its specific historic and cultural context: The prevailing hegemonic view on innovation, as emphasized by Ben Robra et al. (2023), aligns closely with capitalist mode of production, shown by the mantra of 'innovate or die.' From this viewpoint, innovation is primarily driven by the imperative of capital accumulation, serving the sole purpose of increasing returns, neglecting societal needs such as a clean environment or social equality and in general the biophysical limits of our planet.


== Diffusion ==

Diffusion of innovation research was first started in 1903 by seminal researcher Gabriel Tarde, who first plotted the S-shaped diffusion curve. Tarde defined the innovation-decision process as a series of steps that include:

knowledge
forming an attitude
a decision to adopt or reject
implementation and use
confirmation of the decision
Once innovation occurs, innovations may be spread from the innovator to other individuals and groups. This process has been proposed that the lifecycle of innovations can be described using the 's-curve' or diffusion curve. The s-curve maps growth of revenue or productivity against time. In the early stage of a particular innovation, growth is relatively slow as the new product establishes itself. At some point, customers begin to demand and the product growth increases more rapidly. New incremental innovations or changes to the product allow growth to continue. Towards the end of its lifecycle, growth slows and may even begin to decline. In the later stages, no amount of new investment in that product will yield a normal rate of return.

The s-curve derives from an assumption that new products are likely to have ""product life"" – i.e., a start-up phase, a rapid increase in revenue and eventual decline. In fact, the great majority of innovations never get off the bottom of the curve, and never produce normal returns.
Innovative companies will typically be working on new innovations that will eventually replace older ones. Successive s-curves will come along to replace older ones and continue to drive growth upwards. In the figure above the first curve shows a current technology. The second shows an emerging technology that currently yields lower growth but will eventually overtake current technology and lead to even greater levels of growth. The length of life will depend on many factors.


== Measuring innovation ==
Measuring innovation is inherently difficult as it implies commensurability so that comparisons can be made in quantitative terms. Innovation, however, is by definition novelty. Comparisons are thus often meaningless across products or service. Nevertheless, Edison et al. in their review of literature on innovation management found 232 innovation metrics. They categorized these measures along five dimensions; i.e. inputs to the innovation process, output from the innovation process, effect of the innovation output, measures to access the activities in an innovation process and availability of factors that facilitate such a process.
There are two different types of measures for innovation: the organizational level and the political level.


=== Organizational-level ===
The measure of innovation at the organizational level relates to individuals, team-level assessments, and private companies from the smallest to the largest company. Measure of innovation for organizations can be conducted by surveys, workshops, consultants, or internal benchmarking. There is today no established general way to measure organizational innovation. Corporate measurements are generally structured around balanced scorecards which cover several aspects of innovation such as business measures related to finances, innovation process efficiency, employees' contribution and motivation, as well benefits for customers. Measured values will vary widely between businesses, covering for example new product revenue, spending in R&D, time to market, customer and employee perception & satisfaction, number of patents, additional sales resulting from past innovations.


=== Political-level ===
For the political level, measures of innovation are more focused on a country or region competitive advantage through innovation. In this context, organizational capabilities can be evaluated through various evaluation frameworks, such as those of the European Foundation for Quality Management. The OECD Oslo Manual (1992) suggests standard guidelines on measuring technological product and process innovation. Some people consider the Oslo Manual complementary to the Frascati Manual from 1963. The new Oslo Manual from 2018 takes a wider perspective to innovation, and includes marketing and organizational innovation. These standards are used for example in the European Community Innovation Surveys.
Other ways of measuring innovation have traditionally been expenditure, for example, investment in R&D (Research and Development) as percentage of GNP (Gross National Product). Whether this is a good measurement of innovation has been widely discussed and the Oslo Manual has incorporated some of the critique against earlier methods of measuring. The traditional methods of measuring still inform many policy decisions. The EU Lisbon Strategy has set as a goal that their average expenditure on R&D should be 3% of GDP.


=== Indicators ===
Many scholars claim that there is a great bias towards the ""science and technology mode"" (S&T-mode or STI-mode), while the ""learning by doing, using and interacting mode"" (DUI-mode) is ignored and measurements and research about it rarely done. For example, an institution may be high tech with the latest equipment, but lacks crucial doing, using and interacting tasks important for innovation.
A common industry view (unsupported by empirical evidence) is that comparative cost-effectiveness research is a form of price control which reduces returns to industry, and thus limits R&D expenditure, stifles future innovation and compromises new products access to markets.
Some academics claim cost-effectiveness research is a valuable value-based measure of innovation which accords ""truly significant"" therapeutic advances (i.e. providing ""health gain"") higher prices than free market mechanisms. Such value-based pricing has been viewed as a means of indicating to industry the type of innovation that should be rewarded from the public purse.
An Australian academic developed the case that national comparative cost-effectiveness analysis systems should be viewed as measuring ""health innovation"" as an evidence-based policy concept for valuing innovation distinct from valuing through competitive markets, a method which requires strong anti-trust laws to be effective, on the basis that both methods of assessing pharmaceutical innovations are mentioned in annex 2C.1 of the Australia-United States Free Trade Agreement.


=== Indices ===
Several indices attempt to measure innovation and rank entities based on these measures, such as:

Bloomberg Innovation Index
""Bogota Manual"" similar to the Oslo Manual, is focused on Latin America and the Caribbean countries.
""Creative Class"" developed by Richard Florida
EIU Innovation Ranking
Global Competitiveness Report
Global Innovation Index (GII), by INSEAD
Information Technology and Innovation Foundation (ITIF) Index
Innovation 360 – From the World Bank. Aggregates innovation indicators (and more) from a number of different public sources
Innovation Capacity Index (ICI) published by a large number of international professors working in a collaborative fashion. The top scorers of ICI 2009–2010 were: 1. Sweden 82.2; 2. Finland 77.8; and 3. United States 77.5
Innovation Index, developed by the Indiana Business Research Center, to measure innovation capacity at the county or regional level in the United States
Innovation Union Scoreboard, developed by the European Union
innovationsindikator for Germany, developed by the Federation of German Industries (Bundesverband der Deutschen Industrie) in 2005
INSEAD Innovation Efficacy Index
International Innovation Index, produced jointly by The Boston Consulting Group, the National Association of Manufacturers (NAM) and its nonpartisan research affiliate The Manufacturing Institute, is a worldwide index measuring the level of innovation in a country; NAM describes it as the ""largest and most comprehensive global index of its kind""
Management Innovation Index – Model for Managing Intangibility of Organizational Creativity: Management Innovation Index
NYCEDC Innovation Index, by the New York City Economic Development Corporation, tracks New York City's ""transformation into a center for high-tech innovation. It measures innovation in the City's growing science and technology industries and is designed to capture the effect of innovation on the City's economy""
OECD Oslo Manual is focused on North America, Europe, and other rich economies
State Technology and Science Index, developed by the Milken Institute, is a U.S.-wide benchmark to measure the science and technology capabilities that furnish high paying jobs based around key components
World Competitiveness Scoreboard


=== Rankings ===
Common areas of focus include: high-tech companies, manufacturing, patents, post secondary education, research and development, and research personnel. The left ranking of the top 10 countries below is based on the 2020 Bloomberg Innovation Index. However, studies may vary widely; for example the Global Innovation Index 2016 ranks Switzerland as number one wherein countries like South Korea, Japan, and China do not even make the top ten.


=== Rate of innovation ===
In 2005 Jonathan Huebner, a physicist working at the Pentagon's Naval Air Warfare Center, argued on the basis of both U.S. patents and world technological breakthroughs, per capita, that the rate of human technological innovation peaked in 1873 and has been slowing ever since. In his article, he asked ""Will the level of technology reach a maximum and then decline as in the Dark Ages?"" In later comments to New Scientist magazine, Huebner clarified that while he believed that we will reach a rate of innovation in 2024 equivalent to that of the Dark Ages, he was not predicting the reoccurrence of the Dark Ages themselves.
John Smart criticized the claim and asserted that technological singularity researcher Ray Kurzweil and others showed a ""clear trend of acceleration, not deceleration"" when it came to innovations. The foundation replied to Huebner the journal his article was published in, citing Second Life and eHarmony as proof of accelerating innovation; to which Huebner replied.
However, Huebner's findings were confirmed in 2010 with U.S. Patent Office data. and in a 2012 paper.


=== Innovation and development ===
The theme of innovation as a tool to disrupting patterns of poverty has gained momentum since the mid-2000s among major international development actors such as DFID, Gates Foundation's use of the Grand Challenge funding model, and USAID's Global Development Lab. Networks have been established to support innovation in development, such as D-Lab at MIT. Investment funds have been established to identify and catalyze innovations in developing countries, such as DFID's Global Innovation Fund, Human Development Innovation Fund, and (in partnership with USAID) the Global Development Innovation Ventures.
The United States has to continue to play on the same level of playing field as its competitors in federal research. This can be achieved being strategically innovative through investment in basic research and science"".


== Government policies ==

Given its effects on efficiency, quality of life, and productive growth, innovation is a key driver in improving society and economy. Consequently, policymakers have worked to develop environments that will foster innovation, from funding research and development to establishing regulations that do not inhibit innovation, funding the development of innovation clusters, and using public purchasing and standardisation to 'pull' innovation through.
For instance, experts are advocating that the U.S. federal government launch a National Infrastructure Foundation, a nimble, collaborative strategic intervention organization that will house innovations programs from fragmented silos under one entity, inform federal officials on innovation performance metrics, strengthen industry-university partnerships, and support innovation economic development initiatives, especially to strengthen regional clusters. Because clusters are the geographic incubators of innovative products and processes, a cluster development grant program would also be targeted for implementation. By focusing on innovating in such areas as precision manufacturing, information technology, and clean energy, other areas of national concern would be tackled including government debt, carbon footprint, and oil dependence. The U.S. Economic Development Administration understand this reality in their continued Regional Innovation Clusters initiative. The United States also has to integrate her supply-chain and improve her applies research capability and downstream process innovation.
Many countries recognize the importance of innovation including Japan's Ministry of Education, Culture, Sports, Science and Technology (MEXT); Germany's Federal Ministry of Education and Research; and the Ministry of Science and Technology in the People's Republic of China. Russia's innovation programme is the Medvedev modernisation programme which aims to create a diversified economy based on high technology and innovation. The Government of Western Australia has established a number of innovation incentives for government departments. Landgate was the first Western Australian government agency to establish its Innovation Program.
Some regions have taken a proactive role in supporting innovation. Many regional governments are setting up innovation agencies to strengthen regional capabilities. Business incubators were first introduced in 1959 and subsequently nurtured by governments around the world. Such ""incubators"", located close to knowledge clusters (mostly research-based) like universities or other government excellence centres – aim primarily to channel generated knowledge to applied innovation outcomes in order to stimulate regional or national economic growth.
In 2009, the municipality of Medellin, Colombia created Ruta N to transform the city into a knowledge city.


== Counter-hegemonic views on innovation ==
Innovation in the prevailing hegemonic view today mostly refers to 'innovation under capital', due to the prevailing capitalist nature of the global economy. In contrast, Robra et al. (2023) propose a counter-hegemonic view on innovation. This alternative lens revises the centrality of capital accumulation as the primary goal of innovation. Instead of being solely driven by profit motives, a counter-hegemonic understanding sees innovation as a means to create user-value, with a focus on satisfying societal needs. This view on innovation is underpinned by open access to knowledge, adaptability, repairability, and maintenance of products as well as Eco-sufficiency, defining progress not by efficiency but by staying within planetary boundaries, thereby challenging the hegemonic belief in limitless growth. This perspective is exemplified by commons-based peer production (CBPP), offering an alternative vision of innovation that prioritizes conviviality over relentless competition. In essence, this counter-hegemonic view describes a more socially and ecologically conscious approach to innovation, striving for a balance between technological progress and human wellbeing.


== See also ==

Communities of innovation (CoI) – Communities that support innovation
Creative problem solving – Mental process of problem solvingPages displaying short descriptions of redirect targets
Diffusion (anthropology) – Archaeological theoryPages displaying short descriptions of redirect targets
Eco-innovation – Development of products and processes that contribute to sustainable development
Hype cycle – Graphical presentation of the maturity of specific technologiesPages displaying short descriptions of redirect targets
Induced innovation
Information revolution – Industrial shift to information technologyPages displaying short descriptions of redirect targets
Innovation leadership
Innovation system
International Association of Innovation Professionals
ISO 56000 – Family of standards for innovation management systems
Knowledge economy – Approach to generating value
Obsolescence – State of being obsolete
Open Innovation – Term for external cooperation in innovationPages displaying short descriptions of redirect targets
Open Innovations (Forum and Technology Show)
Outcome-Driven Innovation – Strategy for customer-defined value creation
Participatory design – Active involvement of all stakeholders in the design process
Product innovation
Pro-innovation bias – Belief that innovation should be adopted by the society without the need for alterations
Sustainable Development Goals (Agenda 9) – United Nations goals for people for 2030
Technology Life Cycle – Development, ascent, maturity, and decline of new technologiesPages displaying short descriptions of redirect targets
Technological change – Process of invention, innovation and diffusion of technology or processes
Technological innovation system
Theories of technology – Factors that shape technological innovation
Timeline of historic inventions
Toolkits for User Innovation – Design methodPages displaying short descriptions of redirect targets
UNDP Innovation Facility – Global development network of the United NationsPages displaying short descriptions of redirect targets
User Innovation – Revolutional resourcePages displaying short descriptions of redirect targets
Virtual product development – Development of products in a digital environment


== References ==


== Further reading ==
Bloom, Nicholas, Charles I. Jones, John Van Reenen, and Michael Webb. 2020. ""Are Ideas Getting Harder to Find?"", American Economic Review, 110 (4): 1104–44.
Gitta, Cosmas and South, David (2011). Southern Innovator Magazine Issue 1: Mobile Phones and Information Technology: United Nations Office for South-South Cooperation. ISSN 2222-9280
Steven Johnson (2011). Where Good Ideas Come From. Riverhead Books. ISBN 978-1-59448-538-1.
Sonenshein, Scott (2017). Stretch: Unlock the Power of Less and Achieve More Than You Ever Imagined. Harper Business. ISBN 978-0-06-245722-6.
Kochetkov, Dmitry M. (2023). ""Innovation: A state-of-the-art review and typology"". International Journal of Innovation Studies. 7 (4): 263–272. doi:10.1016/j.ijis.2023.05.004. hdl:1887/3631559.
Śledzik, K., Szmelter-Jarosz, A., Schmidt, E. K., Bielawski, K., & Declich, A. (2023). Are Schumpeter’s Innovations Responsible? A Reflection on the Concept of Responsible (Research and) Innovation from a Neo-Schumpeterian Perspective. Journal of the Knowledge Economy, 14(4), 5065-5085.","Innovation is the practical implementation of ideas that result in the introduction of new goods or services or improvement in offering goods or services. ISO TC 279 in the standard ISO 56000:2020 defines innovation as ""a new or changed entity, realizing or redistributing value"". Others have different definitions; a common element in the definitions is a focus on newness, improvement, and spread of ideas or technologies.
Innovation often takes place through the development of more-effective products, processes, services, technologies, art works
or business models that innovators make available to markets, governments and society.
Innovation is related to, but not the same as, invention: innovation is more apt to involve the practical implementation of an invention (i.e. new / improved ability) to make a meaningful impact in a market or society, and not all innovations require a new invention.
Technical innovation often manifests itself via the engineering process when the problem being solved is of a technical or scientific nature. The opposite of innovation is exnovation.",6415,44516,2025-10-04T15:04:39.552657
musk_supplement_23,Disruptive innovation,Disruptive innovation,Market disruption theory,strategy,https://en.wikipedia.org/wiki/Disruptive_innovation,"In business theory, disruptive innovation is innovation that creates a new market and value network or enters at the bottom of an existing market and eventually displaces established market-leading firms, products, and alliances. The term, ""disruptive innovation"" was popularized by the American academic Clayton Christensen and his collaborators beginning in 1995, but the concept had been previously described in Richard N. Foster's book Innovation: The Attacker's Advantage and in the paper ""Strategic responses to technological threats"", as well as by Joseph Schumpeter in the book Capitalism, Socialism and Democracy (as creative destruction).
Not all innovations are disruptive, even if they are revolutionary. For example, the first automobiles in the late 19th century were not a disruptive innovation, because early automobiles were expensive luxury items that did not disrupt the market for horse-drawn vehicles. The market for transportation essentially remained intact until the debut of the lower-priced Ford Model T in 1908. The mass-produced automobile was a disruptive innovation, because it changed the transportation market, whereas the first thirty years of automobiles did not. Generative artificial intelligence is expected to have a revolutionary impact on the way humans interact with technology. There is much excitement about its potential, but also worries about its possible negative impact on labor markets across many industries. However, the real-world impacts on labor markets remain to be seen. 
Disruptive innovations tend to be produced by outsiders and entrepreneurs in startups, rather than existing market-leading companies. The business environment of market leaders does not allow them to pursue disruptive innovations when they first arise, because they are not profitable enough at first and because their development can take scarce resources away from sustaining innovations (which are needed to compete against current competition). Small teams are more likely to create disruptive innovations than large teams. A disruptive process can take longer to develop than by the conventional approach and the risk associated with it is higher than the other more incremental, architectural or evolutionary forms of innovations, but once it is deployed in the market, it achieves a much faster penetration and higher degree of impact on the established markets.
Beyond business and economics disruptive innovations can also be considered to disrupt complex systems, including economic and business-related aspects. Through identifying and analyzing systems for possible points of intervention, one can then design changes focused on disruptive interventions.


== Usage history ==

The term disruptive technologies was coined by Clayton M. Christensen and introduced in his 1995 article Disruptive Technologies: Catching the Wave, which he cowrote with Joseph Bower. The article is aimed at both management executives who make the funding or purchasing decisions in companies, as well as the research community, which is largely responsible for introducing the disruptive vector to the consumer market. He describes the term further in his book The Innovator's Dilemma. Innovator's Dilemma explored the case of the disk drive industry (the disk drive and memory industry, with its rapid technological evolution, is to the study of technology what fruit flies are to the study of genetics, as Christensen was told in the 1990s) and the excavating and Earth-moving industry (where hydraulic actuation slowly, yet eventually,  displaced cable-actuated machinery). In his sequel with Michael E. Raynor, The Innovator's Solution, Christensen replaced the term disruptive technology with disruptive innovation because he recognized that most technologies are not intrinsically disruptive or sustaining in character; rather, it is the business model that identifies the crucial idea that potentiates profound market success and subsequently serves as the disruptive vector. Comprehending Christensen's business model, which takes the disruptive vector from the idea borne from the mind of the innovator to a marketable product, is central to understanding how novel technology facilitates the rapid destruction of established technologies and markets by the disruptor. Christensen and Mark W. Johnson, who cofounded the management consulting firm Innosight, described the dynamics of ""business model innovation"" in the 2008 Harvard Business Review article ""Reinventing Your Business Model"". The concept of disruptive technology continues a long tradition of identifying radical technological  change in the study of innovation by economists, and its implementation and execution   by its management at a corporate or policy level.
According to Christensen, ""the term 'disruptive innovation' is misleading when it is used to refer to the derivative, or 'instantaneous value', of the market behavior of the product or service, rather than the integral, or 'sum over histories', of the product's market behavior.""
In the late 1990s, the automotive sector began to embrace a perspective of ""constructive disruptive technology"" by working with the consultant David E. O'Ryan, whereby the use of current off-the-shelf technology was integrated with newer innovation to create what he called ""an unfair advantage"". The process or technology change as a whole had to be ""constructive"" in improving the current method of manufacturing, yet disruptively impact the whole of the business case model, resulting in a significant reduction of waste, energy, materials, labor, or legacy costs to the user.
In keeping with the insight that a persuasive advertising campaign can be just as effective as technological sophistication at bringing a successful product to market, Christensen's theory explains why many disruptive innovations are not advanced or useful technologies, rather combinations of existing off-the-shelf components, applied shrewdly to a fledgling value network.
Online news site TechRepublic proposes an end using the term, and similar related terms, suggesting that, as of 2014, it is overused jargon.


=== Definition ===
Disruption is a process, not a product or service, that occurs from the nascent to the mainstream
Originates in low-end (less demanding customers) or new market (where none existed) footholds
New firms do not catch on with mainstream customers until quality catches up with their standards
Success is not a requirement and some business can be disruptive but fail
New firm's business model differs significantly from incumbent
Christensen continues to develop and refine the theory and has accepted that not all examples of disruptive innovation perfectly fit into his theory. For example, he conceded that originating in the low end of the market is not always a cause of disruptive innovation, but rather it fosters competitive business models, using Uber as an example. In an interview with Forbes magazine he stated:

Uber helped me realize that it isn't that being at the bottom of the market is the causal mechanism, but that it's correlated with a business model that is unattractive to its competitor.
Entrepreneur Chris Dixon cited the theory for the idea that ""the next big thing always starts out being dismissed as a 'toy'"".


== Theory ==
The current theoretical understanding of disruptive innovation is different from what might be expected by default, an idea that Clayton M. Christensen called the ""technology mudslide hypothesis"". This is the simplistic idea that an established firm fails because it doesn't ""keep up technologically"" with other firms. In this hypothesis, firms are like climbers scrambling upward on crumbling footing, where it takes constant upward-climbing effort just to stay still, and any break from the effort (such as complacency born of profitability) causes a rapid downhill slide. Christensen and colleagues have shown that this simplistic hypothesis is wrong; it doesn't model reality. What they have shown is that good firms are usually aware of the innovations, but their business environment does not allow them to pursue them when they first arise, because they are not profitable enough at first and because their development can take scarce resources away from that of sustaining innovations (which are needed to compete against current competition). In Christensen's terms, a firm's existing value networks place insufficient value on the disruptive innovation to allow its pursuit by that firm. Meanwhile, start-up firms inhabit different value networks, at least until the day that their disruptive innovation is able to invade the older value network. At that time, the established firm in that network can at best only fend off the market share attack with a me-too entry, for which survival (not thriving) is the only reward.
In the technology mudslide hypothesis, Christensen differentiated disruptive innovation from sustaining innovation, whose goal is to improve existing product performance. On the other hand, he defines a disruptive innovation as a product or service designed for a new set of customers.

Generally, disruptive innovations were technologically straightforward, consisting of off-the-shelf components put together in a product architecture that was often simpler than prior approaches. They offered less of what customers in established markets wanted and so could rarely be initially employed there. They offered a different package of attributes valued only in emerging markets remote from, and unimportant to, the mainstream.
Christensen also noted that products considered as disruptive innovations tend to skip stages in the traditional product design and development process to quickly gain market traction and competitive advantage. He argued that disruptive innovations can hurt successful, well-managed companies that are responsive to their customers and have excellent research and development. These companies tend to ignore the markets most susceptible to disruptive innovations, because the markets have very tight profit margins and are too small to provide a good growth rate to an established (sizable) firm. Thus, disruptive technology provides an example of an instance when the common business-world advice to ""focus on the customer"" (or ""stay close to the customer"", or ""listen to the customer"") can be strategically counterproductive.
While Christensen argued that disruptive innovations can hurt successful, well-managed companies, O'Ryan countered that ""constructive"" integration of existing, new, and forward-thinking innovation could improve the economic benefits of these same well-managed companies, once decision-making management understood the systemic benefits as a whole.

Christensen distinguishes between ""low-end disruption"", which targets customers who do not need the full performance valued by customers at the high end of the market, and ""new-market disruption"", which targets customers who have needs that were previously unserved by existing incumbents.


=== Low-end disruption ===
""Low-end disruption"" occurs when the rate at which products improve exceeds the rate at which customers can adopt the new performance. Therefore, at some point the performance of the product overshoots the needs of certain customer segments. At this point, a disruptive technology may enter the market and provide a product that has lower performance than the incumbent but that exceeds the requirements of certain segments, thereby gaining a foothold in the market.
In low-end disruption, the disruptor is focused initially on serving the least profitable customer, who is happy with a good enough product. This type of customer is not willing to pay premium for enhancements in product functionality. Once the disruptor has gained a foothold in this customer segment, it seeks to improve its profit margin. To get higher profit margins, the disruptor needs to enter the segment where the customer is willing to pay a little more for higher quality. To ensure this quality in its product, the disruptor needs to innovate. The incumbent will not do much to retain its share in a not-so-profitable segment, and will move up-market and focus on its more attractive customers. After a number of such encounters, the incumbent is squeezed into smaller markets than it was previously serving. And then, finally, the disruptive technology meets the demands of the most profitable segment and drives the established company out of the market.


=== New market disruption ===
""New market disruption"" occurs when a product fits a new or emerging market segment that is not being served by existing incumbents in the industry. Some scholars note that the creation of a new market is a defining feature of disruptive innovation, particularly in the way it tend to improve products or services differently in comparison to normal market drivers. It initially caters to a niche market and proceeds on defining the industry over time once it is able to penetrate the market or induce consumers to defect from the existing market into the new market it created.


=== Social cost ===
W. Chan Kim and Renée Mauborgne, the authors of Blue Ocean Strategy, also published a book in 2023, Beyond Disruption, criticizing disruptive innovation for the layoffs and social costs it tends to incur.


==== Proactive approach ====
A proactive approach to addressing the challenge posed by disruptive innovations has been debated by scholars. Petzold criticized the lack of acknowledgment of underlying process of the change to study the disruptive innovation over time from a process view and complexify the concept to support the understanding of its unfolding and advance its manageability. Keeping in view the multidimensional nature of disruptive innovation a measurement framework has been developed by Guo to enable a systemic assessment of disruptive potential of innovations, providing insights for the decisions in product/service launch and resource allocation. Middle managers play an important role in long term sustainability of any firm and thus have been studied to have a proactive role in exploitation of the disruptive innovation process.


=== Criticism ===
The extrapolation of the theory to all aspects of life has been challenged, as has the methodology of relying on selected case studies as the principal form of evidence. Jill Lepore points out that some companies identified by the theory as victims of disruption a decade or more ago, rather than being defunct, remain dominant in their industries today (including Seagate Technology, U.S. Steel, and Bucyrus). Lepore questions whether the theory has been oversold and misapplied, as if it were able to explain everything in every sphere of life, including not just business but education and public institutions. 


== Disruptive technology ==
In 2009, Milan Zeleny described high technology as disruptive technology and raised the question of what is being disrupted. The answer, according to Zeleny, is the support network of high technology. For example, introducing electric cars disrupts the support network for gasoline cars (network of gas and service stations). Such disruption is fully expected and therefore effectively resisted by support net owners. In the long run, high (disruptive) technology bypasses, upgrades, or replaces the outdated support network.
Questioning the concept of a disruptive technology, Haxell (2012) questions how such technologies get named and framed, pointing out that this is a positioned and retrospective act.
Technology, being a form of social relationship, always evolves. No technology remains fixed. Technology starts, develops, persists, mutates, stagnates, and declines, just like living organisms. The evolutionary life cycle occurs in the use and development of any technology. A new high-technology core emerges and challenges existing technology support nets (TSNs), which are thus forced to coevolve with it. New versions of the core are designed and fitted into an increasingly appropriate TSN, with smaller and smaller high-technology effects. High technology becomes regular technology, with more efficient versions fitting the same support net. Finally, even the efficiency gains diminish, emphasis shifts to product tertiary attributes (appearance, style), and technology becomes TSN-preserving appropriate technology. This technological equilibrium state becomes established and fixated, resisting being interrupted by a technological mutation; then new high technology appears and the cycle is repeated.
Regarding this evolving process of technology, Christensen said:

The technological changes that damage established companies are usually not radically new or difficult from a technological point of view. They do, however, have two important characteristics: First, they typically present a different package of performance attributes—ones that, at least at the outset, are not valued by existing customers. Second, the performance attributes that existing customers do value improve at such a rapid rate that the new technology can later invade those established markets.
The World Bank's 2019 World Development Report on The Changing Nature of Work examines how technology shapes the relative demand for certain skills in labor markets and expands the reach of firms - robotics and digital technologies, for example, enable firms to automate, replacing labor with machines to become more efficient, and innovate, expanding the number of tasks and products. Joseph Bower explained the process of how disruptive technology, through its requisite support net, dramatically transforms a certain industry.

When the technology that has the potential for revolutionizing an industry emerges, established companies typically see it as unattractive: it’s not something their mainstream customers want, and its projected profit margins aren’t sufficient to cover big-company cost structure. As a result, the new technology tends to get ignored in favor of what’s currently popular with the best customers. But then another company steps in to bring the innovation to a new market. Once the disruptive technology becomes established there, smaller-scale innovation rapidly raise the technology’s performance on attributes that mainstream customers’ value.
For example, the automobile was high technology with respect to the horse carriage. It evolved into technology and finally into appropriate technology with a stable, unchanging TSN. The main high-technology advance in the offing is some form of electric car—whether the energy source is the sun, hydrogen, water, air pressure, or traditional charging outlet. Electric cars preceded the gasoline automobile by many decades and are now returning to replace the traditional gasoline automobile. The printing press was a development that changed the way that information was stored, transmitted, and replicated. This allowed empowered authors but it also promoted censorship and information overload in writing technology.
Milan Zeleny described the above phenomenon. He also wrote that:

Implementing high technology is often resisted. This resistance is well understood on the part of active participants in the requisite TSN. The electric car will be resisted by gas-station operators in the same way automated teller machines (ATMs) were resisted by bank tellers and automobiles by horsewhip makers. Technology does not qualitatively restructure the TSN and therefore will not be resisted and never has been resisted. Middle management resists business process reengineering because BPR represents a direct assault on the support net (coordinative hierarchy) they thrive on. Teamwork and multi-functionality is resisted by those whose TSN provides the comfort of narrow specialization and command-driven work.
Social media could be considered a disruptive innovation within sports. More specifically, the way that news in sports circulates nowadays versus the pre-internet era where sports news was mainly on TV, radio and newspapers. Social media has created a new market for sports that was not around before in the sense that players and fans have instant access to information related to sports.
Disruptiveness of research articles can be estimated with CD index.


== High-technology effects ==
High technology is a technology core that changes the very architecture (structure and organization) of the components of the technology support net. High technology therefore transforms the qualitative nature of the TSN's tasks and their relations, as well as their requisite physical, energy, and information flows. It also affects the skills required, the roles played, and the styles of management and coordination—the organizational culture itself.
This kind of technology core is different from regular technology core, which preserves the qualitative nature of flows and the structure of the support and only allows users to perform the same tasks in the same way, but faster, more reliably, in larger quantities, or more efficiently. It is also different from appropriate technology core, which preserves the TSN itself with the purpose of technology implementation and allows users to do the same thing in the same way at comparable levels of efficiency, instead of improving the efficiency of performance.
On differences between high and low technologies, Milan Zeleny wrote:

The effects of high technology always breaks the direct comparability by changing the system itself, therefore requiring new measures and new assessments of its productivity. High technology cannot be compared and evaluated with the existing technology purely on the basis of cost, net present value or return on investment. Only within an unchanging and relatively stable TSN would such direct financial comparability be meaningful. For example, you can directly compare a manual typewriter with an electric typewriter, but not a typewriter with a word processor. Therein lies the management challenge of high technology.
Not all modern technologies are high technologies, only those used and functioning as such, and embedded in their requisite TSNs. They have to empower the individual because only through the individual can they empower knowledge. Not all information technologies have integrative effects. Some information systems are still designed to improve the traditional hierarchy of command and thus preserve and entrench the existing TSN. The administrative model of management, for instance, further aggravates the division of task and labor, further specializes knowledge, separates management from workers, and concentrates information and knowledge in centers.
As knowledge surpasses capital, labor, and raw materials as the dominant economic resource, technologies are also starting to reflect this shift. Technologies are rapidly shifting from centralized hierarchies to distributed networks. Nowadays knowledge does not reside in a super-mind, super-book, or super-database, but in a complex relational pattern of networks brought forth to coordinate human action.


== Examples ==
In the practical world, the popularization of personal computers  illustrates how knowledge contributes to the ongoing technology innovation. The original centralized concept (one computer, many persons) is a knowledge-defying idea of the prehistory of computing, and its inadequacies and failures have become clearly apparent. The era of personal computing brought powerful computers ""on every desk"" (one person, one computer). This short transitional period was necessary for getting used to the new computing environment, but was inadequate from the vantage point of producing knowledge. Adequate knowledge creation and management come mainly from networking and distributed computing (one person, many computers). Each person's computer must form an access point to the entire computing landscape or ecology through the Internet of other computers, databases, and mainframes, as well as production, distribution, and retailing facilities, and the like. For the first time, technology empowers individuals rather than external hierarchies. It transfers influence and power where it optimally belongs: at the loci of the useful knowledge. Even though hierarchies and bureaucracies do not innovate, free and empowered individuals do; knowledge, innovation, spontaneity, and self-reliance are becoming increasingly valued and promoted.
Uber is not an example of disruption because it did not originate in a low-end or new market footholds. One of the conditions for the business to be considered disruptive according to Clayton M. Christensen is that the business should originate on a) low-end or b) new-market footholds. Instead, Uber was launched in San Francisco, a large urban city with an established taxi service and did not target low-end customers or create a new market (from the consumer perspective). In contrast, UberSELECT, an option that provides luxurious cars such as limousines at a discounted price, is an example of disruption innovation because it originates from a low-end customer segment - customers who would not have entered the traditional luxurious market.


== See also ==


== Notes ==


== References ==


== Further reading ==
Danneels, Erwin (2004). ""Disruptive Technology Reconsidered: A Critique and Research Agenda"" (PDF). Journal of Product Innovation Management. 21 (4): 246–258. doi:10.1111/j.0737-6782.2004.00076.x. Archived from the original (PDF) on January 12, 2006.
Danneels, Erwin (2006). ""From the Guest Editor: Dialogue on The Effects of Disruptive Technology on Firms and Industries"". Journal of Product Innovation Management. 23 (1): 2–4. doi:10.1111/j.1540-5885.2005.00174.x. S2CID 26286417.
Roy, Raja (2014). ""Exploring the Boundary Conditions of Disruption: Large Firms and New Product Introduction With a Potentially Disruptive Technology in the Industrial Robotics Industry"". IEEE Transactions on Engineering Management. 61 (1): 90–100. doi:10.1109/tem.2013.2259590. S2CID 22937655.
Roy, Raja; Cohen, S.K. (2015). ""Disruption in the US machine tool industry: The role of inhouse users and pre-disruption component experience in firm response"". Research Policy. 44 (8): 1555–1565. doi:10.1016/j.respol.2015.01.004.
Si, Steven; Chen, Hui (2020). ""A literature review of disruptive innovation: What it is, how it works and where it goes"". Journal of Engineering and Technology Management. 56 101568. doi:10.1016/j.jengtecman.2020.101568.
Weeks, Michael R. (2015). ""Is disruption theory wearing new clothes or just naked? Analyzing recent critiques of disruptive innovation theory"". Innovation. 17 (4): 417–428. doi:10.1080/14479338.2015.1061896.
Daub, Adrian. ""What Tech Calls Thinking: An Inquiry Into the Intellectual Bedrock of Silicon Valley"", 2020, also in: The Guardian, The disruption con: why big tech's favourite buzzword is nonsense


== External links ==

Peer-reviewed chapter on Disruptive Innovation by Clayton Christensen with public commentaries by notable designers like Donald Norman
The Myth of Disruptive Technologies Archived May 1, 2009, at the Wayback Machine. Dvorák's definition of disruptive technology describes the low cost disruption model, above. He reveals the overuse of the term and shows how many claimed disruptive technologies are not truly disruptive.
""The Disruptive Potential of Game Technologies: Lessons Learned from its Impact on the Military Simulation Industry"", by Roger Smith in Research Technology Management (September/October 2006)
Diffusion of Innovations, Strategy and Innovations The D.S.I Framework by Francisco Rodrigues Gomes, Academia.edu share research
Creating the Future: Building Tomorrow's World
Lecture (video), VoIP as an example of disruptive technology","In business theory, disruptive innovation is innovation that creates a new market and value network or enters at the bottom of an existing market and eventually displaces established market-leading firms, products, and alliances. The term, ""disruptive innovation"" was popularized by the American academic Clayton Christensen and his collaborators beginning in 1995, but the concept had been previously described in Richard N. Foster's book Innovation: The Attacker's Advantage and in the paper ""Strategic responses to technological threats"", as well as by Joseph Schumpeter in the book Capitalism, Socialism and Democracy (as creative destruction).
Not all innovations are disruptive, even if they are revolutionary. For example, the first automobiles in the late 19th century were not a disruptive innovation, because early automobiles were expensive luxury items that did not disrupt the market for horse-drawn vehicles. The market for transportation essentially remained intact until the debut of the lower-priced Ford Model T in 1908. The mass-produced automobile was a disruptive innovation, because it changed the transportation market, whereas the first thirty years of automobiles did not. Generative artificial intelligence is expected to have a revolutionary impact on the way humans interact with technology. There is much excitement about its potential, but also worries about its possible negative impact on labor markets across many industries. However, the real-world impacts on labor markets remain to be seen. 
Disruptive innovations tend to be produced by outsiders and entrepreneurs in startups, rather than existing market-leading companies. The business environment of market leaders does not allow them to pursue disruptive innovations when they first arise, because they are not profitable enough at first and because their development can take scarce resources away from sustaining innovations (which are needed to compete against current competition). Small teams are more likely to create disruptive innovations than large teams. A disruptive process can take longer to develop than by the conventional approach and the risk associated with it is higher than the other more incremental, architectural or evolutionary forms of innovations, but once it is deployed in the market, it achieves a much faster penetration and higher degree of impact on the established markets.
Beyond business and economics disruptive innovations can also be considered to disrupt complex systems, including economic and business-related aspects. Through identifying and analyzing systems for possible points of intervention, one can then design changes focused on disruptive interventions.

",4083,27787,2025-10-04T15:04:43.342097
