chunk_id,source_document_id,chunk_type,content,char_count,metadata.persona,metadata.time_period,metadata.poem_title,metadata.poem_type,metadata.language,metadata.has_allusions,metadata.has_annotations,metadata.allusion_count,metadata.annotation_count
dufu_chunk_0001,dufu_30790,poem_content,"Poem Title: 李監宅

Poem Text:
尚覺王孫貴，
豪家意頗濃。
屏開金孔雀，
褥隱繡芙蓉。
且食雙魚美，
誰看異味重。
門闌多喜色，
女壻近乘龍。

Creation Date: 742年
Location: CN4103
Poem Type: 律詩",135,Du Fu (杜甫),742年,李監宅,律詩,Classical Chinese,True,True,,
dufu_chunk_0002,dufu_30790,allusions_context,"Poem: 李監宅

Literary Allusions and References:
  乘龍
  孔雀屏開",57,Du Fu (杜甫),742年,李監宅,律詩,Classical Chinese,,,2.0,
dufu_chunk_0003,dufu_30790,annotations_context,"Poem: 李監宅

Scholarly Annotations:
  一作李鹽鐵，一云，開元中，李令問爲祕書監，飲饌豪奢，或即其人，尚有一首，見吳若逸詩中。",79,Du Fu (杜甫),742年,李監宅,律詩,Classical Chinese,,,,1.0
dufu_chunk_0004,dufu_31012,poem_content,"Poem Title: 重題鄭氏東亭

Poem Text:
華亭入翠微，
秋日亂清暉。
崩石欹山樹，
清漣曳水衣。
紫鱗衝岸躍，
蒼隼護巢歸。
向晚尋征路，
殘雲傍馬飛。

Creation Date: 759年
Location: CN410323
Poem Type: 律詩",140,Du Fu (杜甫),759年,重題鄭氏東亭,律詩,Classical Chinese,False,True,,
dufu_chunk_0005,dufu_31012,annotations_context,"Poem: 重題鄭氏東亭

Scholarly Annotations:
  原注：在新安界。
  一作晴
  苔也",58,Du Fu (杜甫),759年,重題鄭氏東亭,律詩,Classical Chinese,,,,3.0
dufu_chunk_0006,dufu_31242,poem_content,"Poem Title: 題張氏隱居二首

Poem Text:
之子時相見，
邀人晚興留。
霽潭鱣發發，
春草鹿呦呦。
杜酒偏勞勸，
張棃不外求。
前村山路險，
歸醉每無愁。

Creation Date: 740年
Location: CN370812
Poem Type: 律詩",141,Du Fu (杜甫),740年,題張氏隱居二首,律詩,Classical Chinese,True,True,,
dufu_chunk_0007,dufu_31242,allusions_context,"Poem: 題張氏隱居二首

Literary Allusions and References:
  杜酒
  張棃",59,Du Fu (杜甫),740年,題張氏隱居二首,律詩,Classical Chinese,,,2.0,
dufu_chunk_0008,dufu_31242,annotations_context,"Poem: 題張氏隱居二首

Scholarly Annotations:
  一作濟
  潘岳《閑居賦》：“張公大谷之梨。”",63,Du Fu (杜甫),740年,題張氏隱居二首,律詩,Classical Chinese,,,,2.0
dufu_chunk_0009,dufu_30601,poem_content,"Poem Title: 天寶初南曹小司寇舅於我太夫人堂下累土爲山一匱盈尺以代彼朽木承諸焚香瓷甌甌甚安矣旁植慈竹蓋茲數峰嶔岑嬋娟宛有塵外數致乃不知興之所至而作是詩

Poem Text:
一匱功盈尺，
三峰意出羣。
望中疑在野，
幽處欲生雲。
慈竹春陰覆，
香爐曉勢分。
惟南將獻壽，
佳氣日氛氳。

Creation Date: 742年
Location: CN4102
Poem Type: 律詩",200,Du Fu (杜甫),742年,天寶初南曹小司寇舅於我太夫人堂下累土爲山一匱盈尺以代彼朽木承諸焚香瓷甌甌甚安矣旁植慈竹蓋茲數峰嶔岑嬋娟宛有塵外數致乃不知興之所至而作是詩,律詩,Classical Chinese,False,True,,
dufu_chunk_0010,dufu_30601,annotations_context,"Poem: 天寶初南曹小司寇舅於我太夫人堂下累土爲山一匱盈尺以代彼朽木承諸焚香瓷甌甌甚安矣旁植慈竹蓋茲數峰嶔岑嬋娟宛有塵外數致乃不知興之所至而作是詩

Scholarly Annotations:
  甫祖母盧氏
  一作壘
  一作簣，詩同
  一本無數字，一作格",133,Du Fu (杜甫),742年,天寶初南曹小司寇舅於我太夫人堂下累土爲山一匱盈尺以代彼朽木承諸焚香瓷甌甌甚安矣旁植慈竹蓋茲數峰嶔岑嬋娟宛有塵外數致乃不知興之所至而作是詩,律詩,Classical Chinese,,,,4.0
dufu_chunk_0011,dufu_30675,poem_content,"Poem Title: 龍門

Poem Text:
龍門橫野斷，
驛樹出城來。
氣色皇居近，
金銀佛寺開。
往還時屢改，
川水日悠哉。
相閱征途上，
生涯盡幾迴。

Creation Date: 742年
Location: CN4103
Poem Type: 律詩",134,Du Fu (杜甫),742年,龍門,律詩,Classical Chinese,False,True,,
dufu_chunk_0012,dufu_30675,annotations_context,"Poem: 龍門

Scholarly Annotations:
  即伊闕
  一作陸",44,Du Fu (杜甫),742年,龍門,律詩,Classical Chinese,,,,2.0
dufu_chunk_0013,dufu_30565,poem_content,"Poem Title: 與任城許主簿遊南池

Poem Text:
秋水通溝洫，
城隅進小船。
晚涼看洗馬，
森木亂鳴蟬。
菱熟經時雨，
蒲荒八月天。
晨朝降白露，
遙憶舊青氊。

Creation Date: 740年
Location: CN3708
Poem Type: 律詩",141,Du Fu (杜甫),740年,與任城許主簿遊南池,律詩,Classical Chinese,True,True,,
dufu_chunk_0014,dufu_30565,allusions_context,"Poem: 與任城許主簿遊南池

Literary Allusions and References:
  舊青氊",57,Du Fu (杜甫),740年,與任城許主簿遊南池,律詩,Classical Chinese,,,1.0,
dufu_chunk_0015,dufu_30565,annotations_context,"Poem: 與任城許主簿遊南池

Scholarly Annotations:
  池在濟寧州境
  一作集
  一作旬",60,Du Fu (杜甫),740年,與任城許主簿遊南池,律詩,Classical Chinese,,,,3.0
dufu_chunk_0016,dufu_31188,poem_content,"Poem Title: 登兖州城樓

Poem Text:
東郡趨庭日，
南樓縱目初。
浮雲連海嶽，
平野入青徐。
孤嶂秦碑在，
荒城魯殿餘。
從來多古意，
臨眺獨躊躇。

Creation Date: 736年
Location: CN370812
Poem Type: 律詩",139,Du Fu (杜甫),736年,登兖州城樓,律詩,Classical Chinese,False,True,,
dufu_chunk_0017,dufu_31188,annotations_context,"Poem: 登兖州城樓

Scholarly Annotations:
  時甫父閑爲兗州司馬
  一作岱",53,Du Fu (杜甫),736年,登兖州城樓,律詩,Classical Chinese,,,,2.0
dufu_chunk_0018,dufu_30677,poem_content,"Poem Title: 劉九法曹鄭瑕丘石門宴集

Poem Text:
秋水清無底，
蕭然靜客心。
掾曹乘逸興，
鞍馬去相尋。
能吏逢聯璧，
華筵直一金。
晚來橫吹好，
泓下亦龍吟。

Creation Date: 740年
Location: CN370812
Poem Type: 律詩",145,Du Fu (杜甫),740年,劉九法曹鄭瑕丘石門宴集,律詩,Classical Chinese,True,True,,
dufu_chunk_0019,dufu_30677,allusions_context,"Poem: 劉九法曹鄭瑕丘石門宴集

Literary Allusions and References:
  聯璧",58,Du Fu (杜甫),740年,劉九法曹鄭瑕丘石門宴集,律詩,Classical Chinese,,,1.0,
dufu_chunk_0020,dufu_30677,annotations_context,"Poem: 劉九法曹鄭瑕丘石門宴集

Scholarly Annotations:
  一作到荒林
  一作“尊酒亦如此，人生復至今。白頭逢晚歲，相顧一悲吟”",79,Du Fu (杜甫),740年,劉九法曹鄭瑕丘石門宴集,律詩,Classical Chinese,,,,2.0
dufu_chunk_0021,dufu_31175,poem_content,"Poem Title: 暫如臨邑至㟙山湖亭奉懷李員外率爾成興

Poem Text:
野亭逼湖水，
歇馬高林間。
鼉吼風奔浪，
魚跳日映山。
暫遊阻詞伯，
却望懷青關。
靄靄生雲霧，
唯應促駕還。

Creation Date: 745年
Location: CN3701
Poem Type: 律詩",150,Du Fu (杜甫),745年,暫如臨邑至㟙山湖亭奉懷李員外率爾成興,律詩,Classical Chinese,False,True,,
dufu_chunk_0022,dufu_31175,annotations_context,"Poem: 暫如臨邑至㟙山湖亭奉懷李員外率爾成興

Scholarly Annotations:
  音宅
  鵲山湖在歷城東門外，㟙疑鵲之誤。",72,Du Fu (杜甫),745年,暫如臨邑至㟙山湖亭奉懷李員外率爾成興,律詩,Classical Chinese,,,,2.0
dufu_chunk_0023,dufu_30648,poem_content,"Poem Title: 對雨書懷走邀許十一簿公

Poem Text:
東岳雲峰起，
溶溶滿太虛。
震雷飜幕燕，
驟雨落河魚。
座對賢人酒，
門聽長者車。
相邀媿泥濘，
騎馬到階除。

Creation Date: 740年
Location: CN3708
Poem Type: 律詩",143,Du Fu (杜甫),740年,對雨書懷走邀許十一簿公,律詩,Classical Chinese,True,True,,
dufu_chunk_0024,dufu_30648,allusions_context,"Poem: 對雨書懷走邀許十一簿公

Literary Allusions and References:
  幕燕",58,Du Fu (杜甫),740年,對雨書懷走邀許十一簿公,律詩,Classical Chinese,,,1.0,
dufu_chunk_0025,dufu_30648,annotations_context,"Poem: 對雨書懷走邀許十一簿公

Scholarly Annotations:
  一作許主簿
  一作溪",55,Du Fu (杜甫),740年,對雨書懷走邀許十一簿公,律詩,Classical Chinese,,,,2.0
dufu_chunk_0026,dufu_30576,poem_content,"Poem Title: 巳上人茅齋

Poem Text:
巳公茅屋下，
可以賦新詩。
枕簟入林僻，
茶瓜留客遲。
江蓮搖白羽，
天棘夢青絲。
空忝許詢輩，
難酬支遁詞。

Creation Date: 741年
Location: CN410381
Poem Type: 律詩",139,Du Fu (杜甫),741年,巳上人茅齋,律詩,Classical Chinese,True,True,,
dufu_chunk_0027,dufu_30576,allusions_context,"Poem: 巳上人茅齋

Literary Allusions and References:
  支遁
  許詢",57,Du Fu (杜甫),741年,巳上人茅齋,律詩,Classical Chinese,,,2.0,
dufu_chunk_0028,dufu_30576,annotations_context,"Poem: 巳上人茅齋

Scholarly Annotations:
  舊注謂齊己，非。
  天門冬，蔓高丈餘，其葉如絲。《通志》：“柳一名天棘，則非蔓矣。”
  一作蔓",87,Du Fu (杜甫),741年,巳上人茅齋,律詩,Classical Chinese,,,,3.0
dufu_chunk_0029,dufu_30858,poem_content,"Poem Title: 房兵曹胡馬詩

Poem Text:
胡馬大宛名，
鋒棱瘦骨成。
竹批雙耳峻，
風入四蹄輕。
所向無空闊，
真堪託死生。
驍騰有如此，
萬里可橫行。

Creation Date: 741年
Location: CN410381
Poem Type: 律詩",140,Du Fu (杜甫),741年,房兵曹胡馬詩,律詩,Classical Chinese,False,True,,
dufu_chunk_0030,dufu_30858,annotations_context,"Poem: 房兵曹胡馬詩

Scholarly Annotations:
  《齊民要術》：“馬耳欲小而鋭，狀如斬竹筒。”",61,Du Fu (杜甫),741年,房兵曹胡馬詩,律詩,Classical Chinese,,,,1.0
dufu_chunk_0031,dufu_30869,poem_content,"Poem Title: 畫鷹

Poem Text:
素練風霜起，
蒼鷹畫作殊。
㩳身思狡兔，
側目似愁胡。
絛旋光堪擿，
軒楹勢可呼。
何當擊凡鳥，
毛血灑平蕪。

Creation Date: 741年
Location: CN410381
Poem Type: 律詩",136,Du Fu (杜甫),741年,畫鷹,律詩,Classical Chinese,False,True,,
dufu_chunk_0032,dufu_30869,annotations_context,"Poem: 畫鷹

Scholarly Annotations:
  一作如
  荀勇切，竦也",47,Du Fu (杜甫),741年,畫鷹,律詩,Classical Chinese,,,,2.0
dufu_chunk_0033,dufu_30759,poem_content,"Poem Title: 過宋員外之問舊莊

Poem Text:
宋公舊池館，
零落守陽阿。
枉道祗從入，
吟詩許更過。
淹留問耆老，
寂莫向山河。
更識將軍樹，
悲風日暮多。

Creation Date: 741年
Location: CN410381
Poem Type: 律詩",142,Du Fu (杜甫),741年,過宋員外之問舊莊,律詩,Classical Chinese,True,True,,
dufu_chunk_0034,dufu_30759,allusions_context,"Poem: 過宋員外之問舊莊

Literary Allusions and References:
  將軍樹",56,Du Fu (杜甫),741年,過宋員外之問舊莊,律詩,Classical Chinese,,,1.0,
dufu_chunk_0035,dufu_30759,annotations_context,"Poem: 過宋員外之問舊莊

Scholarly Annotations:
  原注：員外季弟執金吾見知於代，故有下句。宋之問，官考功員外郎，弟之悌，自羽林將軍出爲劒南節度。
  一作首",94,Du Fu (杜甫),741年,過宋員外之問舊莊,律詩,Classical Chinese,,,,2.0
dufu_chunk_0036,dufu_30821,poem_content,"Poem Title: 夜宴左氏莊

Poem Text:
風林纖月落，
衣露淨琴張。
暗水流花徑，
春星帶草堂。
檢書燒燭短，
看劒引杯長。
詩罷聞吳詠，
扁舟意不忘。

Creation Date: 741年
Location: CN410381
Poem Type: 律詩",139,Du Fu (杜甫),741年,夜宴左氏莊,律詩,Classical Chinese,False,True,,
dufu_chunk_0037,dufu_30821,annotations_context,"Poem: 夜宴左氏莊

Scholarly Annotations:
  一作林風
  一作靜
  一作說
  一作煎茗",61,Du Fu (杜甫),741年,夜宴左氏莊,律詩,Classical Chinese,,,,4.0
dufu_chunk_0038,dufu_30919,poem_content,"Poem Title: 春日憶李白

Poem Text:
白也詩無敵，
飄然思不羣。
清新庾開府，
俊逸鮑參軍。
渭北春天樹，
江東日暮雲。
何時一尊酒，
重與細論文。

Creation Date: 746年
Location: CN6101
Poem Type: 律詩",137,Du Fu (杜甫),746年,春日憶李白,律詩,Classical Chinese,True,True,,
dufu_chunk_0039,dufu_30919,allusions_context,"Poem: 春日憶李白

Literary Allusions and References:
  鮑參軍",53,Du Fu (杜甫),746年,春日憶李白,律詩,Classical Chinese,,,1.0,
dufu_chunk_0040,dufu_30919,annotations_context,"Poem: 春日憶李白

Scholarly Annotations:
  一作數
  一作豪邁
  一作話斯",55,Du Fu (杜甫),746年,春日憶李白,律詩,Classical Chinese,,,,3.0
dufu_chunk_0041,dufu_31261,poem_content,"Poem Title: 贈陳二補闕

Poem Text:
世儒多汨沒，
夫子獨聲名。
獻納開東觀，
君王問長卿。
皁雕寒始急，
天馬老能行。
自到青冥裏，
休看白髮生。

Creation Date: 753年
Location: CN6101
Poem Type: 律詩",137,Du Fu (杜甫),753年,贈陳二補闕,律詩,Classical Chinese,True,True,,
dufu_chunk_0042,dufu_31261,allusions_context,"Poem: 贈陳二補闕

Literary Allusions and References:
  天馬
  問長卿",58,Du Fu (杜甫),753年,贈陳二補闕,律詩,Classical Chinese,,,2.0,
dufu_chunk_0043,dufu_31261,annotations_context,"Poem: 贈陳二補闕

Scholarly Annotations:
  音試",40,Du Fu (杜甫),753年,贈陳二補闕,律詩,Classical Chinese,,,,1.0
dufu_chunk_0044,dufu_31115,poem_content,"Poem Title: 寄高三十五書記

Poem Text:
歎惜高生老，
新詩日又多。
美名人不及，
佳句法如何。
主將收才子，
崆峒足凱歌。
聞君已朱紱，
且得慰蹉跎。

Creation Date: 754年
Location: CN6101
Poem Type: 律詩",139,Du Fu (杜甫),754年,寄高三十五書記,律詩,Classical Chinese,False,True,,
dufu_chunk_0045,dufu_31115,annotations_context,"Poem: 寄高三十五書記

Scholarly Annotations:
  適",41,Du Fu (杜甫),754年,寄高三十五書記,律詩,Classical Chinese,,,,1.0
dufu_chunk_0046,dufu_31001,poem_content,"Poem Title: 送裴二虯作尉永嘉

Poem Text:
孤嶼亭何處，
天涯水氣中。
故人官就此，
絕境興誰同。
隱吏逢梅福，
遊山憶謝公。
扁舟吾已就，
把釣待秋風。

Creation Date: 754年
Location: CN6101
Poem Type: 律詩",140,Du Fu (杜甫),754年,送裴二虯作尉永嘉,律詩,Classical Chinese,True,True,,
dufu_chunk_0047,dufu_31001,allusions_context,"Poem: 送裴二虯作尉永嘉

Literary Allusions and References:
  謝公
  梅福",60,Du Fu (杜甫),754年,送裴二虯作尉永嘉,律詩,Classical Chinese,,,2.0,
dufu_chunk_0048,dufu_31001,annotations_context,"Poem: 送裴二虯作尉永嘉

Scholarly Annotations:
  一作與
  一作具，一作買
  一作只是",61,Du Fu (杜甫),754年,送裴二虯作尉永嘉,律詩,Classical Chinese,,,,3.0
dufu_chunk_0049,dufu_30979,poem_content,"Poem Title: 送韋書記赴安西

Poem Text:
夫子歘通貴，
雲泥相望懸。
白頭無藉在，
朱紱有哀憐。
書記赴三捷，
公車留二年。
欲浮江海去，
此別意蒼然。

Creation Date: 752年
Location: CN6101
Poem Type: 律詩",139,Du Fu (杜甫),752年,送韋書記赴安西,律詩,Classical Chinese,True,True,,
dufu_chunk_0050,dufu_30979,allusions_context,"Poem: 送韋書記赴安西

Literary Allusions and References:
  三捷",54,Du Fu (杜甫),752年,送韋書記赴安西,律詩,Classical Chinese,,,1.0,
dufu_chunk_0051,dufu_30979,annotations_context,"Poem: 送韋書記赴安西

Scholarly Annotations:
  無所依藉也，作籍誤
  一作接
  一作茫",61,Du Fu (杜甫),752年,送韋書記赴安西,律詩,Classical Chinese,,,,3.0
dufu_chunk_0052,dufu_31087,poem_content,"Poem Title: 陪鄭廣文遊何將軍山林十首

Poem Text:
不識南塘路，
今知第五橋。
名園依綠水，
野竹上青霄。
谷口舊相得，
濠梁同見招。
平生爲幽興，
未惜馬蹄遙。

Creation Date: 753年
Location: CN6101
Poem Type: 律詩",144,Du Fu (杜甫),753年,陪鄭廣文遊何將軍山林十首,律詩,Classical Chinese,True,True,,
dufu_chunk_0053,dufu_31087,allusions_context,"Poem: 陪鄭廣文遊何將軍山林十首

Literary Allusions and References:
  濠梁
  谷口",64,Du Fu (杜甫),753年,陪鄭廣文遊何將軍山林十首,律詩,Classical Chinese,,,2.0,
dufu_chunk_0054,dufu_31087,annotations_context,"Poem: 陪鄭廣文遊何將軍山林十首

Scholarly Annotations:
  山林在韋曲西塔陂
  一作決",59,Du Fu (杜甫),753年,陪鄭廣文遊何將軍山林十首,律詩,Classical Chinese,,,,2.0
dufu_chunk_0055,dufu_31088,poem_content,"Poem Title: 陪鄭廣文遊何將軍山林十首

Poem Text:
百頃風潭上，
千重夏木清。
卑枝低結子，
接葉暗巢鶯。
鮮鯽銀絲膾，
香芹碧澗羹。
飜疑柁樓底，
晚飯越中行。

Creation Date: 753年
Location: CN6101
Poem Type: 律詩",144,Du Fu (杜甫),753年,陪鄭廣文遊何將軍山林十首,律詩,Classical Chinese,False,True,,
dufu_chunk_0056,dufu_31088,annotations_context,"Poem: 陪鄭廣文遊何將軍山林十首

Scholarly Annotations:
  山林在韋曲西塔陂
  一作章",59,Du Fu (杜甫),753年,陪鄭廣文遊何將軍山林十首,律詩,Classical Chinese,,,,2.0
dufu_chunk_0057,dufu_31089,poem_content,"Poem Title: 陪鄭廣文遊何將軍山林十首

Poem Text:
萬里戎王子，
何年別月支。
異花開絕域，
滋蔓匝清池。
漢使徒空到，
神農竟不知。
露飜兼雨打，
開坼日離披。

Creation Date: 753年
Location: CN6101
Poem Type: 律詩",144,Du Fu (杜甫),753年,陪鄭廣文遊何將軍山林十首,律詩,Classical Chinese,False,True,,
dufu_chunk_0058,dufu_31089,annotations_context,"Poem: 陪鄭廣文遊何將軍山林十首

Scholarly Annotations:
  山林在韋曲西塔陂
  舊注未月支花名
  此言花張騫未經見，《本草》未經載也
  一作漸",89,Du Fu (杜甫),753年,陪鄭廣文遊何將軍山林十首,律詩,Classical Chinese,,,,4.0
dufu_chunk_0059,dufu_31090,poem_content,"Poem Title: 陪鄭廣文遊何將軍山林十首

Poem Text:
旁舍連高竹，
疎籬帶晚花。
碾渦深沒馬，
藤蔓曲藏蛇。
詞賦工無益，
山林跡未賒。
盡捻書籍賣，
來問爾東家。

Creation Date: 753年
Location: CN6101
Poem Type: 律詩",144,Du Fu (杜甫),753年,陪鄭廣文遊何將軍山林十首,律詩,Classical Chinese,True,True,,
dufu_chunk_0060,dufu_31090,allusions_context,"Poem: 陪鄭廣文遊何將軍山林十首

Literary Allusions and References:
  東家",59,Du Fu (杜甫),753年,陪鄭廣文遊何將軍山林十首,律詩,Classical Chinese,,,1.0,
dufu_chunk_0061,dufu_31090,annotations_context,"Poem: 陪鄭廣文遊何將軍山林十首

Scholarly Annotations:
  山林在韋曲西塔陂
  一作垂
  一作何
  同拈",70,Du Fu (杜甫),753年,陪鄭廣文遊何將軍山林十首,律詩,Classical Chinese,,,,4.0
dufu_chunk_0062,dufu_31091,poem_content,"Poem Title: 陪鄭廣文遊何將軍山林十首

Poem Text:
賸水滄江破，
殘山碣石開。
綠垂風折筍，
紅綻雨肥梅。
銀甲彈箏用，
金魚換酒來。
興移無灑埽，
隨意坐莓苔。

Creation Date: 753年
Location: CN6101
Poem Type: 律詩",144,Du Fu (杜甫),753年,陪鄭廣文遊何將軍山林十首,律詩,Classical Chinese,False,True,,
dufu_chunk_0063,dufu_31091,annotations_context,"Poem: 陪鄭廣文遊何將軍山林十首

Scholarly Annotations:
  山林在韋曲西塔陂
  一作盤",59,Du Fu (杜甫),753年,陪鄭廣文遊何將軍山林十首,律詩,Classical Chinese,,,,2.0
dufu_chunk_0064,dufu_31092,poem_content,"Poem Title: 陪鄭廣文遊何將軍山林十首

Poem Text:
風磴吹陰雪，
雲門吼瀑泉。
酒醒思臥簟，
衣冷欲裝綿。
野老來看客，
河魚不取錢。
只疑淳樸處，
自有一山川。

Creation Date: 753年
Location: CN6101
Poem Type: 律詩",144,Du Fu (杜甫),753年,陪鄭廣文遊何將軍山林十首,律詩,Classical Chinese,False,True,,
dufu_chunk_0065,dufu_31092,annotations_context,"Poem: 陪鄭廣文遊何將軍山林十首

Scholarly Annotations:
  山林在韋曲西塔陂
  一作梅
  一作得",65,Du Fu (杜甫),753年,陪鄭廣文遊何將軍山林十首,律詩,Classical Chinese,,,,3.0
dufu_chunk_0066,dufu_31093,poem_content,"Poem Title: 陪鄭廣文遊何將軍山林十首

Poem Text:
棘樹寒雲色，
茵蔯春藕香。
脆添生菜美，
陰益食單涼。
野鶴清晨出，
山精白日藏。
石林蟠水府，
百里獨蒼蒼。

Creation Date: 753年
Location: CN6101
Poem Type: 律詩",144,Du Fu (杜甫),753年,陪鄭廣文遊何將軍山林十首,律詩,Classical Chinese,False,True,,
dufu_chunk_0067,dufu_31093,annotations_context,"Poem: 陪鄭廣文遊何將軍山林十首

Scholarly Annotations:
  山林在韋曲西塔陂
  一作梀，音同棘
  蒿類，因陳苗而生，故名
  一作蓋
  一作簟
  一作至
  山精如人，一足，長四尺，夜出晝匿",114,Du Fu (杜甫),753年,陪鄭廣文遊何將軍山林十首,律詩,Classical Chinese,,,,7.0
dufu_chunk_0068,dufu_31094,poem_content,"Poem Title: 陪鄭廣文遊何將軍山林十首

Poem Text:
憶過楊柳渚，
走馬定昆池。
醉把青荷葉，
狂遺白接䍦。
刺船思郢客，
解水乞吳兒。
坐對秦山晚，
江湖興頗隨。

Creation Date: 753年
Location: CN6101
Poem Type: 律詩",144,Du Fu (杜甫),753年,陪鄭廣文遊何將軍山林十首,律詩,Classical Chinese,True,True,,
dufu_chunk_0069,dufu_31094,allusions_context,"Poem: 陪鄭廣文遊何將軍山林十首

Literary Allusions and References:
  醉把青荷",61,Du Fu (杜甫),753年,陪鄭廣文遊何將軍山林十首,律詩,Classical Chinese,,,1.0,
dufu_chunk_0070,dufu_31094,annotations_context,"Poem: 陪鄭廣文遊何將軍山林十首

Scholarly Annotations:
  山林在韋曲西塔陂
  安樂公主鑿定昆池",64,Du Fu (杜甫),753年,陪鄭廣文遊何將軍山林十首,律詩,Classical Chinese,,,,2.0
dufu_chunk_0071,dufu_31095,poem_content,"Poem Title: 陪鄭廣文遊何將軍山林十首

Poem Text:
牀上書連屋，
階前樹拂雲。
將軍不好武，
稚子總能文。
醒酒微風入，
聽詩靜夜分。
絺衣挂蘿薜，
涼月白紛紛。

Creation Date: 753年
Location: CN6101
Poem Type: 律詩",144,Du Fu (杜甫),753年,陪鄭廣文遊何將軍山林十首,律詩,Classical Chinese,False,True,,
dufu_chunk_0072,dufu_31095,annotations_context,"Poem: 陪鄭廣文遊何將軍山林十首

Scholarly Annotations:
  山林在韋曲西塔陂",53,Du Fu (杜甫),753年,陪鄭廣文遊何將軍山林十首,律詩,Classical Chinese,,,,1.0
dufu_chunk_0073,dufu_31096,poem_content,"Poem Title: 陪鄭廣文遊何將軍山林十首

Poem Text:
幽意忽不愜，
歸期無奈何。
出門流水注，
回首白雲多。
自笑燈前舞，
誰憐醉後歌。
祗應與朋好，
風雨亦來過。

Creation Date: 753年
Location: CN6101
Poem Type: 律詩",144,Du Fu (杜甫),753年,陪鄭廣文遊何將軍山林十首,律詩,Classical Chinese,False,True,,
dufu_chunk_0074,dufu_31096,annotations_context,"Poem: 陪鄭廣文遊何將軍山林十首

Scholarly Annotations:
  山林在韋曲西塔陂
  一作住
  一作雜花",66,Du Fu (杜甫),753年,陪鄭廣文遊何將軍山林十首,律詩,Classical Chinese,,,,3.0
dufu_chunk_0075,dufu_31005,poem_content,"Poem Title: 重過何氏五首

Poem Text:
問訊東橋竹，
將軍有報書。
倒衣還命駕，
高枕乃吾廬。
花妥鶯捎蝶，
溪喧獺趁魚。
重來休沐地，
真作野人居。

Creation Date: 754年
Location: CN6101
Poem Type: 律詩",138,Du Fu (杜甫),754年,重過何氏五首,律詩,Classical Chinese,False,False,,
dufu_chunk_0076,dufu_31006,poem_content,"Poem Title: 重過何氏五首

Poem Text:
山雨尊仍在，
沙沈榻未移。
犬迎曾宿客，
鴉護落巢兒。
雲薄翠微寺，
天清黃子陂。
向來幽興極，
步屣過東籬。

Creation Date: 754年
Location: CN6101
Poem Type: 律詩",138,Du Fu (杜甫),754年,重過何氏五首,律詩,Classical Chinese,False,True,,
dufu_chunk_0077,dufu_31006,annotations_context,"Poem: 重過何氏五首

Scholarly Annotations:
  一作憎閒
  長安縣南太和谷有太和宮，後改翠微宮，又改寺
  一作寒
  在樊川
  一作履，一作屐",89,Du Fu (杜甫),754年,重過何氏五首,律詩,Classical Chinese,,,,5.0
dufu_chunk_0078,dufu_31007,poem_content,"Poem Title: 重過何氏五首

Poem Text:
落日平臺上，
春風啜茗時。
石闌斜點筆，
桐葉坐題詩。
翡翠鳴衣桁，
蜻蜓立釣絲。
自今幽興熟，
來往亦無期。

Creation Date: 754年
Location: CN6101
Poem Type: 律詩",138,Du Fu (杜甫),754年,重過何氏五首,律詩,Classical Chinese,False,True,,
dufu_chunk_0079,dufu_31007,annotations_context,"Poem: 重過何氏五首

Scholarly Annotations:
  一作照
  一作自逢今日興",52,Du Fu (杜甫),754年,重過何氏五首,律詩,Classical Chinese,,,,2.0
dufu_chunk_0080,dufu_31008,poem_content,"Poem Title: 重過何氏五首

Poem Text:
頗怪朝參嬾，
應耽野趣長。
雨拋金鎖甲，
苔臥綠沈槍。
手自移蒲柳，
家纔足稻粱。
看君用幽意，
白日到羲皇。

Creation Date: 754年
Location: CN6101
Poem Type: 律詩",138,Du Fu (杜甫),754年,重過何氏五首,律詩,Classical Chinese,True,False,,
dufu_chunk_0081,dufu_31008,allusions_context,"Poem: 重過何氏五首

Literary Allusions and References:
  上皇人",54,Du Fu (杜甫),754年,重過何氏五首,律詩,Classical Chinese,,,1.0,
dufu_chunk_0082,dufu_31009,poem_content,"Poem Title: 重過何氏五首

Poem Text:
到此應常宿，
相留可判年。
蹉跎暮容色，
悵望好林泉。
何路霑微祿，
歸山買薄田。
斯遊恐不遂，
把酒意茫然。

Creation Date: 754年
Location: CN6101
Poem Type: 律詩",138,Du Fu (杜甫),754年,重過何氏五首,律詩,Classical Chinese,False,True,,
dufu_chunk_0083,dufu_31009,annotations_context,"Poem: 重過何氏五首

Scholarly Annotations:
  一作鬢
  一作日
  一作終身",55,Du Fu (杜甫),754年,重過何氏五首,律詩,Classical Chinese,,,,3.0
dufu_chunk_0084,dufu_30638,poem_content,"Poem Title: 冬日有懷李白

Poem Text:
寂寞書齋裏，
終朝獨爾思。
更尋嘉樹傳，
不忘角弓詩。
短褐風霜入，
還丹日月遲。
未因乘興去，
空有鹿門期。

Creation Date: 745年
Location: CN410381
Poem Type: 律詩",140,Du Fu (杜甫),745年,冬日有懷李白,律詩,Classical Chinese,True,True,,
dufu_chunk_0085,dufu_30638,allusions_context,"Poem: 冬日有懷李白

Literary Allusions and References:
  乘興
  角弓詩
  鹿門期",65,Du Fu (杜甫),745年,冬日有懷李白,律詩,Classical Chinese,,,3.0,
dufu_chunk_0086,dufu_30638,annotations_context,"Poem: 冬日有懷李白

Scholarly Annotations:
  《左傳》：“晉韓宣子來聘，公享之。韓宣子賦角弓。旣享，燕于季氏，有嘉樹
  一作裋
  《後漢書》：“龐德攜妻子登鹿門山，采藥不反。”",106,Du Fu (杜甫),745年,冬日有懷李白,律詩,Classical Chinese,,,,3.0
dufu_chunk_0087,dufu_30793,poem_content,"Poem Title: 杜位宅守歲

Poem Text:
守歲阿戎家，
椒盤已頌花。
盍簪喧櫪馬，
列炬散林鴉。
四十明朝過，
飛騰暮景斜。
誰能更拘束，
爛醉是生涯。

Creation Date: 751年
Location: CN6101
Poem Type: 律詩",137,Du Fu (杜甫),751年,杜位宅守歲,律詩,Classical Chinese,True,True,,
dufu_chunk_0088,dufu_30793,allusions_context,"Poem: 杜位宅守歲

Literary Allusions and References:
  椒盤",52,Du Fu (杜甫),751年,杜位宅守歲,律詩,Classical Chinese,,,1.0,
dufu_chunk_0089,dufu_30793,annotations_context,"Poem: 杜位宅守歲

Scholarly Annotations:
  位出襄陽房，官考功員外郎、湖州刺史，後因李林甫諸壻，貶新州。甫又有寄從弟位詩云“近聞寬法離新州”是也。
  一作咸，《通鑑注》：“晉、宋間人多呼弟爲阿戎。”",116,Du Fu (杜甫),751年,杜位宅守歲,律詩,Classical Chinese,,,,2.0
dufu_chunk_0090,dufu_30566,poem_content,"Poem Title: 與鄠縣源大少府宴渼陂

Poem Text:
應爲西陂好，
金錢罄一餐。
飯抄雲子白，
瓜嚼水精寒。
無計迴船下，
空愁避酒難。
主人情爛熳，
持荅翠琅玕。

Creation Date: 754年
Location: CN6101
Poem Type: 律詩",142,Du Fu (杜甫),754年,與鄠縣源大少府宴渼陂,律詩,Classical Chinese,False,True,,
dufu_chunk_0091,dufu_30566,annotations_context,"Poem: 與鄠縣源大少府宴渼陂

Scholarly Annotations:
  得寒字
  碎雲母，比米之白",57,Du Fu (杜甫),754年,與鄠縣源大少府宴渼陂,律詩,Classical Chinese,,,,2.0
dufu_chunk_0092,dufu_31121,poem_content,"Poem Title: 崔駙馬山亭宴集

Poem Text:
蕭史幽棲地，
林間蹋鳳毛。
洑流何處入，
亂石閉門高。
客醉揮金椀，
詩成得繡袍。
清秋多宴會，
終日困香醪。

Creation Date: 754年
Location: CN6101
Poem Type: 律詩",139,Du Fu (杜甫),754年,崔駙馬山亭宴集,律詩,Classical Chinese,True,True,,
dufu_chunk_0093,dufu_31121,allusions_context,"Poem: 崔駙馬山亭宴集

Literary Allusions and References:
  蕭史
  鳳毛
  金椀",64,Du Fu (杜甫),754年,崔駙馬山亭宴集,律詩,Classical Chinese,,,3.0,
dufu_chunk_0094,dufu_31121,annotations_context,"Poem: 崔駙馬山亭宴集

Scholarly Annotations:
  京城東有崔惠童駙馬山池
  一作賞樂",58,Du Fu (杜甫),754年,崔駙馬山亭宴集,律詩,Classical Chinese,,,,2.0
dufu_chunk_0095,dufu_30534,poem_content,"Poem Title: 九日楊奉先會白水崔明府

Poem Text:
今日潘懷縣，
同時陸浚儀。
坐開桑落酒，
來把菊花枝。
天宇清霜淨，
公堂宿霧披。
晚酣留客舞，
鳧舄共差池。

Creation Date: 755年
Location: CN610526
Poem Type: 律詩",145,Du Fu (杜甫),755年,九日楊奉先會白水崔明府,律詩,Classical Chinese,True,True,,
dufu_chunk_0096,dufu_30534,allusions_context,"Poem: 九日楊奉先會白水崔明府

Literary Allusions and References:
  鳧舄
  陸浚儀
  潘懷縣",70,Du Fu (杜甫),755年,九日楊奉先會白水崔明府,律詩,Classical Chinese,,,3.0,
dufu_chunk_0097,dufu_30534,annotations_context,"Poem: 九日楊奉先會白水崔明府

Scholarly Annotations:
  潘岳
  陸雲
  一作參差",58,Du Fu (杜甫),755年,九日楊奉先會白水崔明府,律詩,Classical Chinese,,,,3.0
dufu_chunk_0098,dufu_30984,poem_content,"Poem Title: 送張二十參軍赴蜀州因呈楊五侍御

Poem Text:
好去張公子，
通家別恨添。
兩行秦樹直，
萬點蜀山尖。
御史新驄馬，
參軍舊紫髯。
皇華吾善處，
於汝定無嫌。

Creation Date: 754年
Location: CN6101
Poem Type: 律詩",147,Du Fu (杜甫),754年,送張二十參軍赴蜀州因呈楊五侍御,律詩,Classical Chinese,True,True,,
dufu_chunk_0099,dufu_30984,allusions_context,"Poem: 送張二十參軍赴蜀州因呈楊五侍御

Literary Allusions and References:
  驄馬
  佐軍髯短
  皇華
  張公子",80,Du Fu (杜甫),754年,送張二十參軍赴蜀州因呈楊五侍御,律詩,Classical Chinese,,,4.0,
dufu_chunk_0100,dufu_30984,annotations_context,"Poem: 送張二十參軍赴蜀州因呈楊五侍御

Scholarly Annotations:
  一作朵",51,Du Fu (杜甫),754年,送張二十參軍赴蜀州因呈楊五侍御,律詩,Classical Chinese,,,,1.0
dufu_chunk_0101,dufu_31099,poem_content,"Poem Title: 陪諸貴公子丈八溝攜妓納涼晚際遇雨二首

Poem Text:
落日放船好，
輕風生浪遲。
竹深留客處，
荷淨納涼時。
公子調冰水，
佳人雪藕絲。
片雲頭上黑，
應是雨催詩。

Creation Date: 754年
Location: CN6101
Poem Type: 律詩",150,Du Fu (杜甫),754年,陪諸貴公子丈八溝攜妓納涼晚際遇雨二首,律詩,Classical Chinese,False,True,,
dufu_chunk_0102,dufu_31099,annotations_context,"Poem: 陪諸貴公子丈八溝攜妓納涼晚際遇雨二首

Scholarly Annotations:
  下杜城西有第五橋、丈八溝。",64,Du Fu (杜甫),754年,陪諸貴公子丈八溝攜妓納涼晚際遇雨二首,律詩,Classical Chinese,,,,1.0
dufu_chunk_0103,dufu_31100,poem_content,"Poem Title: 陪諸貴公子丈八溝攜妓納涼晚際遇雨二首

Poem Text:
雨來霑席上，
風急打船頭。
越女紅帬濕，
燕姬翠黛愁。
纜侵隄柳繫，
幔宛浪花浮。
歸路飜蕭颯，
陂塘五月秋。

Creation Date: 754年
Location: CN6101
Poem Type: 律詩",150,Du Fu (杜甫),754年,陪諸貴公子丈八溝攜妓納涼晚際遇雨二首,律詩,Classical Chinese,False,True,,
dufu_chunk_0104,dufu_31100,annotations_context,"Poem: 陪諸貴公子丈八溝攜妓納涼晚際遇雨二首

Scholarly Annotations:
  下杜城西有第五橋、丈八溝。
  一作惡
  一作卷",76,Du Fu (杜甫),754年,陪諸貴公子丈八溝攜妓納涼晚際遇雨二首,律詩,Classical Chinese,,,,3.0
dufu_chunk_0105,dufu_30666,poem_content,"Poem Title: 白水明府舅宅喜雨

Poem Text:
吾舅政如此，
古人誰復過。
碧山晴又濕，
白水雨偏多。
精禱既不昧，
歡娛將謂何。
湯年旱頗甚，
今日醉弦歌。

Creation Date: 755年
Location: CN610527
Poem Type: 律詩",142,Du Fu (杜甫),755年,白水明府舅宅喜雨,律詩,Classical Chinese,False,True,,
dufu_chunk_0106,dufu_30666,annotations_context,"Poem: 白水明府舅宅喜雨

Scholarly Annotations:
  得過字",44,Du Fu (杜甫),755年,白水明府舅宅喜雨,律詩,Classical Chinese,,,,1.0
dufu_chunk_0107,dufu_31085,poem_content,"Poem Title: 陪李金吾花下飲

Poem Text:
勝地初相引，
余行得自娛。
見輕吹鳥毳，
隨意數花鬚。
細草稱偏坐，
香醪嬾再酤。
醉歸應犯夜，
可怕李金吾。

Creation Date: 755年
Location: CN6101
Poem Type: 律詩",139,Du Fu (杜甫),755年,陪李金吾花下飲,律詩,Classical Chinese,False,True,,
dufu_chunk_0108,dufu_31085,annotations_context,"Poem: 陪李金吾花下飲

Scholarly Annotations:
  一作徐
  一作偏稱",50,Du Fu (杜甫),755年,陪李金吾花下飲,律詩,Classical Chinese,,,,2.0
dufu_chunk_0109,dufu_31262,poem_content,"Poem Title: 贈高式顏

Poem Text:
昔別是何處，
相逢皆老夫。
故人還寂寞，
削跡共艱虞。
自失論文友，
空知賣酒壚。
平生飛動意，
見爾不能無。

Creation Date: 766年
Location: CN500236
Poem Type: 律詩",138,Du Fu (杜甫),766年,贈高式顏,律詩,Classical Chinese,True,True,,
dufu_chunk_0110,dufu_31262,allusions_context,"Poem: 贈高式顏

Literary Allusions and References:
  賣酒壚",52,Du Fu (杜甫),766年,贈高式顏,律詩,Classical Chinese,,,1.0,
dufu_chunk_0111,dufu_31262,annotations_context,"Poem: 贈高式顏

Scholarly Annotations:
  一作人",40,Du Fu (杜甫),766年,贈高式顏,律詩,Classical Chinese,,,,1.0
dufu_chunk_0112,dufu_30533,poem_content,"Poem Title: 九日曲江

Poem Text:
綴席茱萸好，
浮舟菡萏衰。
季秋時欲半，
九日意兼悲。
江水清源曲，
荆門此路疑。
晚來高興盡，
搖蕩菊花期。

Creation Date: 753年
Location: CN6101
Poem Type: 律詩",136,Du Fu (杜甫),753年,九日曲江,律詩,Classical Chinese,False,True,,
dufu_chunk_0113,dufu_30533,annotations_context,"Poem: 九日曲江

Scholarly Annotations:
  一作百年秋已半
  一作年",50,Du Fu (杜甫),753年,九日曲江,律詩,Classical Chinese,,,,2.0
dufu_chunk_0114,dufu_30916,poem_content,"Poem Title: 故武衛將軍輓歌三首

Poem Text:
嚴警當寒夜，
前軍落大星。
壯夫思感決，
哀詔惜精靈。
王者今無戰，
書生已勒銘。
封侯意疎闊，
編簡爲誰青。

Creation Date: 747年
Location: CN6101
Poem Type: 律詩",141,Du Fu (杜甫),747年,故武衛將軍輓歌三首,律詩,Classical Chinese,True,True,,
dufu_chunk_0115,dufu_30916,allusions_context,"Poem: 故武衛將軍輓歌三首

Literary Allusions and References:
  星落",56,Du Fu (杜甫),747年,故武衛將軍輓歌三首,律詩,Classical Chinese,,,1.0,
dufu_chunk_0116,dufu_30916,annotations_context,"Poem: 故武衛將軍輓歌三首

Scholarly Annotations:
  一作敢",45,Du Fu (杜甫),747年,故武衛將軍輓歌三首,律詩,Classical Chinese,,,,1.0
dufu_chunk_0117,dufu_30917,poem_content,"Poem Title: 故武衛將軍輓歌三首

Poem Text:
舞劒過人絕，
鳴弓射獸能。
銛鋒行愜順，
猛噬失蹻騰。
赤羽千夫膳，
黃河十月冰。
橫行沙漠外，
神速至今稱。

Creation Date: 747年
Location: CN6101
Poem Type: 律詩",141,Du Fu (杜甫),747年,故武衛將軍輓歌三首,律詩,Classical Chinese,False,True,,
dufu_chunk_0118,dufu_30917,annotations_context,"Poem: 故武衛將軍輓歌三首

Scholarly Annotations:
  一作雨",45,Du Fu (杜甫),747年,故武衛將軍輓歌三首,律詩,Classical Chinese,,,,1.0
dufu_chunk_0119,dufu_30918,poem_content,"Poem Title: 故武衛將軍輓歌三首

Poem Text:
哀輓青門去，
新阡絳水遙。
路人紛雨泣，
天意颯風飄。
部曲精仍銳，
匈奴氣不驕。
無由覩雄略，
大樹日蕭蕭。

Creation Date: 747年
Location: CN6101
Poem Type: 律詩",141,Du Fu (杜甫),747年,故武衛將軍輓歌三首,律詩,Classical Chinese,True,False,,
dufu_chunk_0120,dufu_30918,allusions_context,"Poem: 故武衛將軍輓歌三首

Literary Allusions and References:
  大樹日蕭蕭",59,Du Fu (杜甫),747年,故武衛將軍輓歌三首,律詩,Classical Chinese,,,1.0,
dufu_chunk_0121,dufu_30854,poem_content,"Poem Title: 官定後戲贈

Poem Text:
不作河西尉，
淒涼爲折腰。
老夫怕趨走，
率府且逍遙。
耽酒須微祿，
狂歌託聖朝。
故山歸興盡，
回首向風飆。

Creation Date: 755年
Location: CN6101
Poem Type: 律詩",137,Du Fu (杜甫),755年,官定後戲贈,律詩,Classical Chinese,True,True,,
dufu_chunk_0122,dufu_30854,allusions_context,"Poem: 官定後戲贈

Literary Allusions and References:
  不事小兒",54,Du Fu (杜甫),755年,官定後戲贈,律詩,Classical Chinese,,,1.0,
dufu_chunk_0123,dufu_30854,annotations_context,"Poem: 官定後戲贈

Scholarly Annotations:
  原注：時免河西尉，爲右衛率府兵曹。",55,Du Fu (杜甫),755年,官定後戲贈,律詩,Classical Chinese,,,,1.0
dufu_chunk_0124,dufu_30649,poem_content,"Poem Title: 對雪

Poem Text:
戰哭多新鬼，
愁吟獨老翁。
亂雲低薄暮，
急雪舞迴風。
瓢棄尊無綠，
爐存火似紅。
數州消息斷，
愁坐正書空。

Creation Date: 756年
Location: CN6101
Poem Type: 律詩",134,Du Fu (杜甫),756年,對雪,律詩,Classical Chinese,True,True,,
dufu_chunk_0125,dufu_30649,allusions_context,"Poem: 對雪

Literary Allusions and References:
  書空",49,Du Fu (杜甫),756年,對雪,律詩,Classical Chinese,,,1.0,
dufu_chunk_0126,dufu_30649,annotations_context,"Poem: 對雪

Scholarly Annotations:
  一作弄",38,Du Fu (杜甫),756年,對雪,律詩,Classical Chinese,,,,1.0
dufu_chunk_0127,dufu_30618,poem_content,"Poem Title: 月夜

Poem Text:
今夜鄜州月，
閨中只獨看。
遙憐小兒女，
未解憶長安。
香霧雲鬟濕，
清輝玉臂寒。
何時倚虛幌，
雙照淚痕乾。

Creation Date: 756年
Location: CN6101
Poem Type: 律詩",134,Du Fu (杜甫),756年,月夜,律詩,Classical Chinese,False,True,,
dufu_chunk_0128,dufu_30618,annotations_context,"Poem: 月夜

Scholarly Annotations:
  一作當",38,Du Fu (杜甫),756年,月夜,律詩,Classical Chinese,,,,1.0
dufu_chunk_0129,dufu_30592,poem_content,"Poem Title: 元日寄韋氏妹

Poem Text:
近聞韋氏妹，
迎在漢鍾離。
郎伯殊方鎮，
京華舊國移。
春城回北斗，
郢樹發南枝。
不見朝正使，
啼痕滿面垂。

Creation Date: 757年
Location: CN6101
Poem Type: 律詩",138,Du Fu (杜甫),757年,元日寄韋氏妹,律詩,Classical Chinese,False,False,,
dufu_chunk_0130,dufu_30932,poem_content,"Poem Title: 春望

Poem Text:
國破山河在，
城春草木深。
感時花濺淚，
恨別鳥驚心。
烽火連三月，
家書抵萬金。
白頭搔更短，
渾欲不勝簪。

Creation Date: 757年
Location: CN6101
Poem Type: 律詩",134,Du Fu (杜甫),757年,春望,律詩,Classical Chinese,False,False,,
dufu_chunk_0131,dufu_30607,poem_content,"Poem Title: 憶幼子

Poem Text:
驥子春猶隔，
鶯歌暖正繁。
別離驚節換，
聰慧與誰論。
澗水空山道，
柴門老樹村。
憶渠愁只睡，
炙背俯晴軒。

Creation Date: 757年
Location: CN6101
Poem Type: 律詩",135,Du Fu (杜甫),757年,憶幼子,律詩,Classical Chinese,False,True,,
dufu_chunk_0132,dufu_30607,annotations_context,"Poem: 憶幼子

Scholarly Annotations:
  原注：字驥子，時隔絕在鄜州。
  一作惠
  一作即",62,Du Fu (杜甫),757年,憶幼子,律詩,Classical Chinese,,,,3.0
dufu_chunk_0133,dufu_30526,poem_content,"Poem Title: 一百五日夜對月

Poem Text:
無家對寒食，
有淚如金波。
斫却月中桂，
清光應更多。
仳離放紅蘂，
想像嚬青蛾。
牛女漫愁思，
秋期猶渡河。

Creation Date: 757年
Location: CN6101
Poem Type: 律詩",139,Du Fu (杜甫),757年,一百五日夜對月,律詩,Classical Chinese,False,True,,
dufu_chunk_0134,dufu_30526,annotations_context,"Poem: 一百五日夜對月

Scholarly Annotations:
  一作折盡
  一作披",50,Du Fu (杜甫),757年,一百五日夜對月,律詩,Classical Chinese,,,,2.0
dufu_chunk_0135,dufu_31160,poem_content,"Poem Title: 喜達行在所三首

Poem Text:
西憶岐陽信，
無人遂却回。
眼穿當落日，
心死著寒灰。
霧樹行相引，
蓮峰望忽開。
所親驚老瘦，
辛苦賊中來。

Creation Date: 757年
Location: CN610322
Poem Type: 律詩",141,Du Fu (杜甫),757年,喜達行在所三首,律詩,Classical Chinese,False,True,,
dufu_chunk_0136,dufu_31160,annotations_context,"Poem: 喜達行在所三首

Scholarly Annotations:
  原注：自京竄至鳳翔。
  一作看
  一作茂
  一作連山
  一作或",75,Du Fu (杜甫),757年,喜達行在所三首,律詩,Classical Chinese,,,,5.0
dufu_chunk_0137,dufu_31161,poem_content,"Poem Title: 喜達行在所三首

Poem Text:
愁思胡笳夕，
淒涼漢苑春。
生還今日事，
間道暫時人。
司隸章初覩，
南陽氣已新。
喜心飜倒極，
嗚咽淚霑巾。

Creation Date: 757年
Location: CN610322
Poem Type: 律詩",141,Du Fu (杜甫),757年,喜達行在所三首,律詩,Classical Chinese,True,True,,
dufu_chunk_0138,dufu_31161,allusions_context,"Poem: 喜達行在所三首

Literary Allusions and References:
  南陽氣",55,Du Fu (杜甫),757年,喜達行在所三首,律詩,Classical Chinese,,,1.0,
dufu_chunk_0139,dufu_31161,annotations_context,"Poem: 喜達行在所三首

Scholarly Annotations:
  原注：自京竄至鳳翔。
  一作秋
  一作涕",62,Du Fu (杜甫),757年,喜達行在所三首,律詩,Classical Chinese,,,,3.0
dufu_chunk_0140,dufu_31162,poem_content,"Poem Title: 喜達行在所三首

Poem Text:
死去憑誰報，
歸來始自憐。
猶瞻太白雪，
喜遇武功天。
影靜千官裏，
心蘇七校前。
今朝漢社稷，
新數中興年。

Creation Date: 757年
Location: CN610322
Poem Type: 律詩",141,Du Fu (杜甫),757年,喜達行在所三首,律詩,Classical Chinese,False,True,,
dufu_chunk_0141,dufu_31162,annotations_context,"Poem: 喜達行在所三首

Scholarly Annotations:
  原注：自京竄至鳳翔。
  一作門",56,Du Fu (杜甫),757年,喜達行在所三首,律詩,Classical Chinese,,,,2.0
dufu_chunk_0142,dufu_30844,poem_content,"Poem Title: 奉贈嚴八閣老

Poem Text:
扈聖登黃閣，
明公獨妙年。
蛟龍得雲雨，
鵰鶚在秋天。
客禮容疎放，
官曹可接聯。
新詩句句好，
應任老夫傳。

Creation Date: 757年
Location: CN610322
Poem Type: 律詩",140,Du Fu (杜甫),757年,奉贈嚴八閣老,律詩,Classical Chinese,True,True,,
dufu_chunk_0143,dufu_30844,allusions_context,"Poem: 奉贈嚴八閣老

Literary Allusions and References:
  蛟龍得雲雨",56,Du Fu (杜甫),757年,奉贈嚴八閣老,律詩,Classical Chinese,,,1.0,
dufu_chunk_0144,dufu_30844,annotations_context,"Poem: 奉贈嚴八閣老

Scholarly Annotations:
  唐兩省相呼爲閣老，時嚴武爲給事中，屬黃門省。
  一作扈從，一作今日
  一作許",79,Du Fu (杜甫),757年,奉贈嚴八閣老,律詩,Classical Chinese,,,,3.0
dufu_chunk_0145,dufu_30614,poem_content,"Poem Title: 月

Poem Text:
天上秋期近，
人間月影清。
入河蟾不沒，
擣藥兔長生。
只益丹心苦，
能添白髮明。
干戈知滿地，
休照國西營。

Creation Date: 757年
Location: CN610322
Poem Type: 律詩",135,Du Fu (杜甫),757年,月,律詩,Classical Chinese,True,True,,
dufu_chunk_0146,dufu_30614,allusions_context,"Poem: 月

Literary Allusions and References:
  蟾
  擣藥",52,Du Fu (杜甫),757年,月,律詩,Classical Chinese,,,2.0,
dufu_chunk_0147,dufu_30614,annotations_context,"Poem: 月

Scholarly Annotations:
  一作道",37,Du Fu (杜甫),757年,月,律詩,Classical Chinese,,,,1.0
dufu_chunk_0148,dufu_31045,poem_content,"Poem Title: 留別賈嚴二閣老兩院補闕

Poem Text:
田園須蹔往，
戎馬惜離羣。
去遠留詩別，
愁多任酒醺。
一秋常苦雨，
今日始無雲。
山路時吹角，
那堪處處聞。

Creation Date: 757年
Location: CN610322
Poem Type: 律詩",145,Du Fu (杜甫),757年,留別賈嚴二閣老兩院補闕,律詩,Classical Chinese,False,True,,
dufu_chunk_0149,dufu_31045,annotations_context,"Poem: 留別賈嚴二閣老兩院補闕

Scholarly Annotations:
  至
  武
  得雲字。一作兩院遺補諸公得聞字。
  一作住
  一作晴
  一作笛",86,Du Fu (杜甫),757年,留別賈嚴二閣老兩院補闕,律詩,Classical Chinese,,,,6.0
dufu_chunk_0150,dufu_31129,poem_content,"Poem Title: 晚行口號

Poem Text:
三川不可到，
歸路晚山稠。
落雁浮寒水，
飢烏集戍樓。
市朝今日異，
喪亂幾時休。
遠媿梁江總，
還家尚黑頭。

Creation Date: 757年
Location: CN610628
Poem Type: 律詩",138,Du Fu (杜甫),757年,晚行口號,律詩,Classical Chinese,True,False,,
dufu_chunk_0151,dufu_31129,allusions_context,"Poem: 晚行口號

Literary Allusions and References:
  江總還家尚黑頭",56,Du Fu (杜甫),757年,晚行口號,律詩,Classical Chinese,,,1.0,
dufu_chunk_0152,dufu_30942,poem_content,"Poem Title: 獨酌成詩

Poem Text:
燈花何太喜，
酒綠正相親。
醉裏從爲客，
詩成覺有神。
兵戈猶在眼，
儒術豈謀身。
共被微官縛，
低頭媿野人。

Creation Date: 757年
Location: CN610628
Poem Type: 律詩",138,Du Fu (杜甫),757年,獨酌成詩,律詩,Classical Chinese,True,True,,
dufu_chunk_0153,dufu_30942,allusions_context,"Poem: 獨酌成詩

Literary Allusions and References:
  燈花喜",52,Du Fu (杜甫),757年,獨酌成詩,律詩,Classical Chinese,,,1.0,
dufu_chunk_0154,dufu_30942,annotations_context,"Poem: 獨酌成詩

Scholarly Annotations:
  一作色
  一作苦",46,Du Fu (杜甫),757年,獨酌成詩,律詩,Classical Chinese,,,,2.0
dufu_chunk_0155,dufu_30692,poem_content,"Poem Title: 收京三首

Poem Text:
仙仗離丹極，
妖星照玉除。
須爲下殿走，
不可好樓居。
暫屈汾陽駕，
聊飛燕將書。
依然七廟略，
更與萬方初。

Creation Date: 757年
Location: CN610628
Poem Type: 律詩",138,Du Fu (杜甫),757年,收京三首,律詩,Classical Chinese,True,True,,
dufu_chunk_0156,dufu_30692,allusions_context,"Poem: 收京三首

Literary Allusions and References:
  燕將書
  汾陽駕
  樓居
  妖星",68,Du Fu (杜甫),757年,收京三首,律詩,Classical Chinese,,,4.0,
dufu_chunk_0157,dufu_30692,annotations_context,"Poem: 收京三首

Scholarly Annotations:
  一作得非羣盜起，難作九重居
  《莊子》：“堯見四子於汾水之陽，窅然喪其天下。”",77,Du Fu (杜甫),757年,收京三首,律詩,Classical Chinese,,,,2.0
dufu_chunk_0158,dufu_30693,poem_content,"Poem Title: 收京三首

Poem Text:
生意甘衰白，
天涯正寂寥。
忽聞哀痛詔，
又下聖明朝。
羽翼懷商老，
文思憶帝堯。
叨逢罪己日，
霑灑望青霄。

Creation Date: 757年
Location: CN610628
Poem Type: 律詩",138,Du Fu (杜甫),757年,收京三首,律詩,Classical Chinese,True,True,,
dufu_chunk_0159,dufu_30693,allusions_context,"Poem: 收京三首

Literary Allusions and References:
  哀痛詔
  商老
  帝堯文思",64,Du Fu (杜甫),757年,收京三首,律詩,Classical Chinese,,,3.0,
dufu_chunk_0160,dufu_30693,annotations_context,"Poem: 收京三首

Scholarly Annotations:
  一作慙
  一作灑涕
  錢謙益曰：“收京時，上皇在蜀，誥定行日，肅宗汲汲御丹鳳樓下制。故曰忽聞哀痛詔，又下聖明朝。靈武諸臣爭誇擁立之功，至有蜀郡、靈武功臣之目，故以商老羽翼刺之。明皇內禪，故目之曰帝堯。肅宗已即大位，而用商老故事，則仍以東朝目之也。”",163,Du Fu (杜甫),757年,收京三首,律詩,Classical Chinese,,,,3.0
dufu_chunk_0161,dufu_30694,poem_content,"Poem Title: 收京三首

Poem Text:
汗馬收宮闕，
春城剷賊壕。
賞應歌杕杜，
歸及薦櫻桃。
雜虜橫戈數，
功臣甲第高。
萬方頻送喜，
無乃聖躬勞。

Creation Date: 757年
Location: CN610628
Poem Type: 律詩",138,Du Fu (杜甫),757年,收京三首,律詩,Classical Chinese,True,True,,
dufu_chunk_0162,dufu_30694,allusions_context,"Poem: 收京三首

Literary Allusions and References:
  杕杜歌",52,Du Fu (杜甫),757年,收京三首,律詩,Classical Chinese,,,1.0,
dufu_chunk_0163,dufu_30694,annotations_context,"Poem: 收京三首

Scholarly Annotations:
  一作槊
  一作同",46,Du Fu (杜甫),757年,收京三首,律詩,Classical Chinese,,,,2.0
dufu_chunk_0164,dufu_30931,poem_content,"Poem Title: 春宿左省

Poem Text:
花隱掖垣暮，
啾啾棲鳥過。
星臨萬戶動，
月傍九霄多。
不寢聽金鑰，
因風想玉珂。
明朝有封事，
數問夜如何。

Creation Date: 758年
Location: CN6101
Poem Type: 律詩",136,Du Fu (杜甫),758年,春宿左省,律詩,Classical Chinese,True,True,,
dufu_chunk_0165,dufu_30931,allusions_context,"Poem: 春宿左省

Literary Allusions and References:
  夜如何",52,Du Fu (杜甫),758年,春宿左省,律詩,Classical Chinese,,,1.0,
dufu_chunk_0166,dufu_30931,annotations_context,"Poem: 春宿左省

Scholarly Annotations:
  一作寐
  一作鎖",46,Du Fu (杜甫),758年,春宿左省,律詩,Classical Chinese,,,,2.0
dufu_chunk_0167,dufu_31004,poem_content,"Poem Title: 送翰林張司馬南海勒碑

Poem Text:
冠冕通南極，
文章落上台。
詔從三殿去，
碑到百蠻開。
野館濃花發，
春帆細雨來。
不知滄海上，
天遣幾時回。

Creation Date: 758年
Location: CN6101
Poem Type: 律詩",142,Du Fu (杜甫),758年,送翰林張司馬南海勒碑,律詩,Classical Chinese,True,True,,
dufu_chunk_0168,dufu_31004,allusions_context,"Poem: 送翰林張司馬南海勒碑

Literary Allusions and References:
  上漢槎",58,Du Fu (杜甫),758年,送翰林張司馬南海勒碑,律詩,Classical Chinese,,,1.0,
dufu_chunk_0169,dufu_31004,annotations_context,"Poem: 送翰林張司馬南海勒碑

Scholarly Annotations:
  一作學士
  原注：相國製文。
  一作天上
  一作穠
  一作使",77,Du Fu (杜甫),758年,送翰林張司馬南海勒碑,律詩,Classical Chinese,,,,5.0
dufu_chunk_0170,dufu_31128,poem_content,"Poem Title: 晚出左掖

Poem Text:
晝刻傳呼淺，
春旗簇仗齊。
退朝花底散，
歸院柳邊迷。
樓雪融城濕，
宮雲去殿低。
避人焚諫草，
騎馬欲雞棲。

Creation Date: 758年
Location: CN6101
Poem Type: 律詩",136,Du Fu (杜甫),758年,晚出左掖,律詩,Classical Chinese,True,False,,
dufu_chunk_0171,dufu_31128,allusions_context,"Poem: 晚出左掖

Literary Allusions and References:
  雞棲",51,Du Fu (杜甫),758年,晚出左掖,律詩,Classical Chinese,,,1.0,
dufu_chunk_0172,dufu_30997,poem_content,"Poem Title: 送賈閣老出汝州

Poem Text:
西掖梧桐樹，
空留一院陰。
艱難歸故里，
去住損春心。
宮殿青門隔，
雲山紫邏深。
人生五馬貴，
莫受二毛侵。

Creation Date: 758年
Location: CN6101
Poem Type: 律詩",139,Du Fu (杜甫),758年,送賈閣老出汝州,律詩,Classical Chinese,True,False,,
dufu_chunk_0173,dufu_30997,allusions_context,"Poem: 送賈閣老出汝州

Literary Allusions and References:
  五馬",54,Du Fu (杜甫),758年,送賈閣老出汝州,律詩,Classical Chinese,,,1.0,
dufu_chunk_0174,dufu_31234,poem_content,"Poem Title: 端午日賜衣

Poem Text:
宮衣亦有名，
端午被恩榮。
細葛含風輭，
香羅疊雪輕。
自天題處濕，
當暑著來清。
意內稱長短，
終身荷聖情。

Creation Date: 758年
Location: CN6101
Poem Type: 律詩",137,Du Fu (杜甫),758年,端午日賜衣,律詩,Classical Chinese,False,True,,
dufu_chunk_0175,dufu_31234,annotations_context,"Poem: 端午日賜衣

Scholarly Annotations:
  一作恰稱身",43,Du Fu (杜甫),758年,端午日賜衣,律詩,Classical Chinese,,,,1.0
dufu_chunk_0176,dufu_31258,poem_content,"Poem Title: 贈畢四

Poem Text:
才大今詩伯，
家貧苦宦卑。
飢寒奴僕賤，
顏狀老翁爲。
同調嗟誰惜，
論文笑自知。
流傳江鮑體，
相顧免無兒。

Creation Date: 758年
Location: CN6101
Poem Type: 律詩",135,Du Fu (杜甫),758年,贈畢四,律詩,Classical Chinese,True,True,,
dufu_chunk_0177,dufu_31258,allusions_context,"Poem: 贈畢四

Literary Allusions and References:
  伯道孤單
  江鮑",57,Du Fu (杜甫),758年,贈畢四,律詩,Classical Chinese,,,2.0,
dufu_chunk_0178,dufu_31258,annotations_context,"Poem: 贈畢四

Scholarly Annotations:
  曜",37,Du Fu (杜甫),758年,贈畢四,律詩,Classical Chinese,,,,1.0
dufu_chunk_0179,dufu_31217,poem_content,"Poem Title: 酬孟雲卿

Poem Text:
樂極傷頭白，
更長愛燭紅。
相逢難衮衮，
告別莫怱怱。
但恐天河落，
寧辭酒醆空。
明朝牽世務，
揮淚各西東。

Creation Date: 758年
Location: CN6101
Poem Type: 律詩",136,Du Fu (杜甫),758年,酬孟雲卿,律詩,Classical Chinese,False,True,,
dufu_chunk_0180,dufu_31217,annotations_context,"Poem: 酬孟雲卿

Scholarly Annotations:
  一作深
  一作雖",46,Du Fu (杜甫),758年,酬孟雲卿,律詩,Classical Chinese,,,,2.0
dufu_chunk_0181,dufu_30843,poem_content,"Poem Title: 奉贈王中允

Poem Text:
中允聲名久，
如今契闊深。
共傳收庾信，
不比得陳琳。
一病緣明主，
三年獨此心。
窮愁應有作，
試誦白頭吟。

Creation Date: 758年
Location: CN6101
Poem Type: 律詩",137,Du Fu (杜甫),758年,奉贈王中允,律詩,Classical Chinese,True,True,,
dufu_chunk_0182,dufu_30843,allusions_context,"Poem: 奉贈王中允

Literary Allusions and References:
  陳琳
  收庾信",58,Du Fu (杜甫),758年,奉贈王中允,律詩,Classical Chinese,,,2.0,
dufu_chunk_0183,dufu_30843,annotations_context,"Poem: 奉贈王中允

Scholarly Annotations:
  維
  侯景亂，庾信奔江陵，元帝承制，除爲御史中丞
  明皇云：“從賊之臣，毀謗朝廷，如陳琳之檄曹操多矣。”王維獨憤痛賦。《秋槐落葉》詩，故曰不當比之陳琳也
  維陷賊時，詐稱瘖疾",128,Du Fu (杜甫),758年,奉贈王中允,律詩,Classical Chinese,,,,4.0
dufu_chunk_0184,dufu_30832,poem_content,"Poem Title: 奉陪鄭駙馬韋曲二首

Poem Text:
韋曲花無賴，
家家惱殺人。
綠尊雖盡日，
白髮好禁春。
石角鉤衣破，
藤枝刺眼新。
何時占叢竹，
頭戴小烏巾。

Creation Date: 758年
Location: CN6101
Poem Type: 律詩",141,Du Fu (杜甫),758年,奉陪鄭駙馬韋曲二首,律詩,Classical Chinese,False,True,,
dufu_chunk_0185,dufu_30832,annotations_context,"Poem: 奉陪鄭駙馬韋曲二首

Scholarly Annotations:
  一作須
  一作傷
  （一作蘿）。（一作梢）",65,Du Fu (杜甫),758年,奉陪鄭駙馬韋曲二首,律詩,Classical Chinese,,,,3.0
dufu_chunk_0186,dufu_30833,poem_content,"Poem Title: 奉陪鄭駙馬韋曲二首

Poem Text:
野寺垂楊裏，
春畦亂水間。
美花多映竹，
好鳥不歸山。
城郭終何事，
風塵豈駐顏。
誰能共公子，
薄暮欲俱還。

Creation Date: 758年
Location: CN6101
Poem Type: 律詩",141,Du Fu (杜甫),758年,奉陪鄭駙馬韋曲二首,律詩,Classical Chinese,False,False,,
dufu_chunk_0187,dufu_30827,poem_content,"Poem Title: 奉荅岑參補闕見贈

Poem Text:
窈窕清禁闥，
罷朝歸不同。
君隨丞相後，
我往日華東。
冉冉柳枝碧，
娟娟花蘂紅。
故人得佳句，
獨贈白頭翁。

Creation Date: 758年
Location: CN6101
Poem Type: 律詩",140,Du Fu (杜甫),758年,奉荅岑參補闕見贈,律詩,Classical Chinese,False,True,,
dufu_chunk_0188,dufu_30827,annotations_context,"Poem: 奉荅岑參補闕見贈

Scholarly Annotations:
  一作闕
  一作住
  一作猶",56,Du Fu (杜甫),758年,奉荅岑參補闕見贈,律詩,Classical Chinese,,,,3.0
dufu_chunk_0189,dufu_30738,poem_content,"Poem Title: 至德二載甫自京金光門出問道歸鳳翔乾元初從左拾遺移華州掾與親故別因出此門有悲往事

Poem Text:
此道昔歸順，
西郊胡正繁。
至今殘破膽，
應有未招魂。
近得歸京邑，
移官豈至尊。
無才日衰老，
駐馬望千門。

Creation Date: 758年
Location: CN6101
Poem Type: 律詩",171,Du Fu (杜甫),758年,至德二載甫自京金光門出問道歸鳳翔乾元初從左拾遺移華州掾與親故別因出此門有悲往事,律詩,Classical Chinese,True,True,,
dufu_chunk_0190,dufu_30738,allusions_context,"Poem: 至德二載甫自京金光門出問道歸鳳翔乾元初從左拾遺移華州掾與親故別因出此門有悲往事

Literary Allusions and References:
  招魂",86,Du Fu (杜甫),758年,至德二載甫自京金光門出問道歸鳳翔乾元初從左拾遺移華州掾與親故別因出此門有悲往事,律詩,Classical Chinese,,,1.0,
dufu_chunk_0191,dufu_30738,annotations_context,"Poem: 至德二載甫自京金光門出問道歸鳳翔乾元初從左拾遺移華州掾與親故別因出此門有悲往事

Scholarly Annotations:
  一作間
  一作騎
  一作猶
  一作侍
  一作遠",99,Du Fu (杜甫),758年,至德二載甫自京金光門出問道歸鳳翔乾元初從左拾遺移華州掾與親故別因出此門有悲往事,律詩,Classical Chinese,,,,5.0
dufu_chunk_0192,dufu_31116,poem_content,"Poem Title: 寄高三十五詹事

Poem Text:
安穩高詹事，
兵戈久索居。
時來如宦達，
歲晚莫情疎。
天上多鴻雁，
池中足鯉魚。
相看過半百，
不寄一行書。

Creation Date: 758年
Location: CN610521
Poem Type: 律詩",141,Du Fu (杜甫),758年,寄高三十五詹事,律詩,Classical Chinese,True,True,,
dufu_chunk_0193,dufu_31116,allusions_context,"Poem: 寄高三十五詹事

Literary Allusions and References:
  鴻雁",54,Du Fu (杜甫),758年,寄高三十五詹事,律詩,Classical Chinese,,,1.0,
dufu_chunk_0194,dufu_31116,annotations_context,"Poem: 寄高三十五詹事

Scholarly Annotations:
  適。以淮南節度爲李輔國所短，除太子詹事。
  一作知
  一作河",72,Du Fu (杜甫),758年,寄高三十五詹事,律詩,Classical Chinese,,,,3.0
dufu_chunk_0195,dufu_31206,poem_content,"Poem Title: 路逢襄陽楊少府入城戲呈楊員外綰

Poem Text:
寄語楊員外，
山寒少茯苓。
歸來稍喧暖，
當爲斸青冥。
飜動神仙窟，
封題鳥獸形。
兼將老藤杖，
扶汝醉初醒。

Creation Date: 758年
Location: CN610521
Poem Type: 律詩",149,Du Fu (杜甫),758年,路逢襄陽楊少府入城戲呈楊員外綰,律詩,Classical Chinese,False,True,,
dufu_chunk_0196,dufu_31206,annotations_context,"Poem: 路逢襄陽楊少府入城戲呈楊員外綰

Scholarly Annotations:
  原注：甫赴華州日，許寄員外茯苓一本，戲題四韻附呈，許員外爲求茯苓。
  一作候和
  一作倒
  一作龍蛇",101,Du Fu (杜甫),758年,路逢襄陽楊少府入城戲呈楊員外綰,律詩,Classical Chinese,,,,4.0
dufu_chunk_0197,dufu_31123,poem_content,"Poem Title: 得弟消息二首

Poem Text:
近有平陰信，
遙憐舍弟存。
側身千里道，
寄食一家村。
烽舉新酣戰，
啼垂舊血痕。
不知臨老日，
招得幾人魂。
Poem Type: 律詩",100,Du Fu (杜甫),Unknown,得弟消息二首,律詩,Classical Chinese,True,True,,
dufu_chunk_0198,dufu_31123,allusions_context,"Poem: 得弟消息二首

Literary Allusions and References:
  招魂",53,Du Fu (杜甫),Unknown,得弟消息二首,律詩,Classical Chinese,,,1.0,
dufu_chunk_0199,dufu_31123,annotations_context,"Poem: 得弟消息二首

Scholarly Annotations:
  一作時",42,Du Fu (杜甫),Unknown,得弟消息二首,律詩,Classical Chinese,,,,1.0
dufu_chunk_0200,dufu_31124,poem_content,"Poem Title: 得弟消息二首

Poem Text:
汝懦歸無計，
吾衰往未期。
浪傳烏鵲喜，
深負鶺鴒詩。
生理何顏面，
憂端且歲時。
兩京三十口，
雖在命如絲。
Poem Type: 律詩",100,Du Fu (杜甫),Unknown,得弟消息二首,律詩,Classical Chinese,True,False,,
dufu_chunk_0201,dufu_31124,allusions_context,"Poem: 得弟消息二首

Literary Allusions and References:
  鵲喜
  鶺鴒
  烏鵲喜",64,Du Fu (杜甫),Unknown,得弟消息二首,律詩,Classical Chinese,,,3.0,
dufu_chunk_0202,dufu_30608,poem_content,"Poem Title: 憶弟二首

Poem Text:
喪亂聞吾弟，
飢寒傍濟州。
人稀吾不到，
兵在見何由。
憶昨狂催走，
無時病去憂。
即今千種恨，
惟共水東流。

Creation Date: 759年
Location: CN410325
Poem Type: 律詩",138,Du Fu (杜甫),759年,憶弟二首,律詩,Classical Chinese,False,True,,
dufu_chunk_0203,dufu_30608,annotations_context,"Poem: 憶弟二首

Scholarly Annotations:
  原注：時歸在南陸渾莊。
  一作書",54,Du Fu (杜甫),759年,憶弟二首,律詩,Classical Chinese,,,,2.0
dufu_chunk_0204,dufu_30609,poem_content,"Poem Title: 憶弟二首

Poem Text:
且喜河南定，
不問鄴城圍。
百戰今誰在，
三年望汝歸。
故園花自發，
春日鳥還飛。
斷絕人煙久，
東西消息稀。

Creation Date: 759年
Location: CN410325
Poem Type: 律詩",138,Du Fu (杜甫),759年,憶弟二首,律詩,Classical Chinese,False,True,,
dufu_chunk_0205,dufu_30609,annotations_context,"Poem: 憶弟二首

Scholarly Annotations:
  原注：時歸在南陸渾莊。",48,Du Fu (杜甫),759年,憶弟二首,律詩,Classical Chinese,,,,1.0
dufu_chunk_0206,dufu_31047,poem_content,"Poem Title: 秦州雜詩二十首

Poem Text:
滿目悲生事，
因人作遠遊。
遲迴度隴怯，
浩蕩及關愁。
水落魚龍夜，
山空鳥鼠秋。
西征問烽火，
心折此淹留。

Creation Date: 759年
Location: CN6205
Poem Type: 律詩",139,Du Fu (杜甫),759年,秦州雜詩二十首,律詩,Classical Chinese,False,True,,
dufu_chunk_0207,dufu_31047,annotations_context,"Poem: 秦州雜詩二十首

Scholarly Annotations:
  一作入
  汧水出小隴山，東北流成淵，名魚龍水
  一作通
  鳥鼠同穴，故名，在渭源縣西",85,Du Fu (杜甫),759年,秦州雜詩二十首,律詩,Classical Chinese,,,,4.0
dufu_chunk_0208,dufu_31048,poem_content,"Poem Title: 秦州雜詩二十首

Poem Text:
秦州山北寺，
勝跡隗囂宮。
苔蘚山門古，
丹青野殿空。
月明垂葉露，
雲逐渡溪風。
清渭無情極，
愁時獨向東。

Creation Date: 759年
Location: CN6205
Poem Type: 律詩",139,Du Fu (杜甫),759年,秦州雜詩二十首,律詩,Classical Chinese,False,True,,
dufu_chunk_0209,dufu_31048,annotations_context,"Poem: 秦州雜詩二十首

Scholarly Annotations:
  一作城
  一作傳是
  一作故",56,Du Fu (杜甫),759年,秦州雜詩二十首,律詩,Classical Chinese,,,,3.0
dufu_chunk_0210,dufu_31049,poem_content,"Poem Title: 秦州雜詩二十首

Poem Text:
州圖領同谷，
驛道出流沙。
降虜兼千帳，
居人有萬家。
馬驕珠汗落，
胡舞白蹄斜。
年少臨洮子，
西來亦自誇。

Creation Date: 759年
Location: CN6205
Poem Type: 律詩",139,Du Fu (杜甫),759年,秦州雜詩二十首,律詩,Classical Chinese,False,True,,
dufu_chunk_0211,dufu_31049,annotations_context,"Poem: 秦州雜詩二十首

Scholarly Annotations:
  一作朱
  一作題
  白題國，以白堊其首，舞則頭偏，故云
  一作至",75,Du Fu (杜甫),759年,秦州雜詩二十首,律詩,Classical Chinese,,,,4.0
dufu_chunk_0212,dufu_31050,poem_content,"Poem Title: 秦州雜詩二十首

Poem Text:
鼓角緣邊郡，
川原欲夜時。
秋聽殷地發，
風散入雲悲。
抱葉寒蟬靜，
歸來獨鳥遲。
萬方聲一概，
吾道竟何之。

Creation Date: 759年
Location: CN6205
Poem Type: 律詩",139,Du Fu (杜甫),759年,秦州雜詩二十首,律詩,Classical Chinese,False,True,,
dufu_chunk_0213,dufu_31050,annotations_context,"Poem: 秦州雜詩二十首

Scholarly Annotations:
  一作山
  一作年",49,Du Fu (杜甫),759年,秦州雜詩二十首,律詩,Classical Chinese,,,,2.0
dufu_chunk_0214,dufu_31051,poem_content,"Poem Title: 秦州雜詩二十首

Poem Text:
南使宜天馬，
由來萬匹強。
浮雲連陣沒，
秋草徧山長。
聞說真龍種，
仍殘老驌驦。
哀鳴思戰鬬，
逈立向蒼蒼。

Creation Date: 759年
Location: CN6205
Poem Type: 律詩",139,Du Fu (杜甫),759年,秦州雜詩二十首,律詩,Classical Chinese,False,True,,
dufu_chunk_0215,dufu_31051,annotations_context,"Poem: 秦州雜詩二十首

Scholarly Annotations:
  一作滿
  一作空餘",50,Du Fu (杜甫),759年,秦州雜詩二十首,律詩,Classical Chinese,,,,2.0
dufu_chunk_0216,dufu_31052,poem_content,"Poem Title: 秦州雜詩二十首

Poem Text:
城上胡笳奏，
山邊漢節歸。
防河赴滄海，
奉詔發金微。
士苦形骸黑，
旌疎鳥獸稀。
那聞往來戍，
恨解鄴城圍。

Creation Date: 759年
Location: CN6205
Poem Type: 律詩",139,Du Fu (杜甫),759年,秦州雜詩二十首,律詩,Classical Chinese,False,True,,
dufu_chunk_0217,dufu_31052,annotations_context,"Poem: 秦州雜詩二十首

Scholarly Annotations:
  一作徽
  一作林
  一作堪",55,Du Fu (杜甫),759年,秦州雜詩二十首,律詩,Classical Chinese,,,,3.0
dufu_chunk_0218,dufu_31053,poem_content,"Poem Title: 秦州雜詩二十首

Poem Text:
莽莽萬重山，
孤城山谷間。
無風雲出塞，
不夜月臨關。
屬國歸何晚，
樓蘭斬未還。
煙塵獨長望，
衰颯正摧顏。

Creation Date: 759年
Location: CN6205
Poem Type: 律詩",139,Du Fu (杜甫),759年,秦州雜詩二十首,律詩,Classical Chinese,True,True,,
dufu_chunk_0219,dufu_31053,allusions_context,"Poem: 秦州雜詩二十首

Literary Allusions and References:
  刺樓蘭
  屬國歸",61,Du Fu (杜甫),759年,秦州雜詩二十首,律詩,Classical Chinese,,,2.0,
dufu_chunk_0220,dufu_31053,annotations_context,"Poem: 秦州雜詩二十首

Scholarly Annotations:
  一作石
  一作一
  一作催",55,Du Fu (杜甫),759年,秦州雜詩二十首,律詩,Classical Chinese,,,,3.0
dufu_chunk_0221,dufu_31054,poem_content,"Poem Title: 秦州雜詩二十首

Poem Text:
聞道尋源使，
從天此路迴。
牽牛去幾許，
宛馬至今來。
一望幽燕隔，
何時郡國開。
東征健兒盡，
羌笛暮吹哀。

Creation Date: 759年
Location: CN6205
Poem Type: 律詩",139,Du Fu (杜甫),759年,秦州雜詩二十首,律詩,Classical Chinese,True,False,,
dufu_chunk_0222,dufu_31054,allusions_context,"Poem: 秦州雜詩二十首

Literary Allusions and References:
  尋源",54,Du Fu (杜甫),759年,秦州雜詩二十首,律詩,Classical Chinese,,,1.0,
dufu_chunk_0223,dufu_31055,poem_content,"Poem Title: 秦州雜詩二十首

Poem Text:
今日明人眼，
臨池好驛亭。
叢篁低地碧，
高柳半天青。
稠疊多幽事，
喧呼閱使星。
老夫如有此，
不異在郊坰。

Creation Date: 759年
Location: CN6205
Poem Type: 律詩",139,Du Fu (杜甫),759年,秦州雜詩二十首,律詩,Classical Chinese,False,False,,
dufu_chunk_0224,dufu_31056,poem_content,"Poem Title: 秦州雜詩二十首

Poem Text:
雲氣接崑崙，
涔涔塞雨繁。
羌童看渭水，
使客向河源。
煙火軍中幕，
牛羊嶺上村。
所居秋草淨，
正閉小蓬門。

Creation Date: 759年
Location: CN6205
Poem Type: 律詩",139,Du Fu (杜甫),759年,秦州雜詩二十首,律詩,Classical Chinese,False,True,,
dufu_chunk_0225,dufu_31056,annotations_context,"Poem: 秦州雜詩二十首

Scholarly Annotations:
  一作估
  一作尚",49,Du Fu (杜甫),759年,秦州雜詩二十首,律詩,Classical Chinese,,,,2.0
dufu_chunk_0226,dufu_31057,poem_content,"Poem Title: 秦州雜詩二十首

Poem Text:
蕭蕭古塞冷，
漠漠秋雲低。
黃鵠翅垂雨，
蒼鷹飢啄泥。
薊門誰自北，
漢將獨征西。
不意書生耳，
臨衰厭鼓鞞。

Creation Date: 759年
Location: CN6205
Poem Type: 律詩",139,Du Fu (杜甫),759年,秦州雜詩二十首,律詩,Classical Chinese,False,True,,
dufu_chunk_0227,dufu_31057,annotations_context,"Poem: 秦州雜詩二十首

Scholarly Annotations:
  一作風
  一作眼
  一作見",55,Du Fu (杜甫),759年,秦州雜詩二十首,律詩,Classical Chinese,,,,3.0
dufu_chunk_0228,dufu_31058,poem_content,"Poem Title: 秦州雜詩二十首

Poem Text:
山頭南郭寺，
水號北流泉。
老樹空庭得，
清渠一邑傳。
秋花危石底，
晚景臥鐘邊。
俯仰悲身世，
溪風爲颯然。

Creation Date: 759年
Location: CN6205
Poem Type: 律詩",139,Du Fu (杜甫),759年,秦州雜詩二十首,律詩,Classical Chinese,False,True,,
dufu_chunk_0229,dufu_31058,annotations_context,"Poem: 秦州雜詩二十首

Scholarly Annotations:
  一作東
  一作前
  一作肅",55,Du Fu (杜甫),759年,秦州雜詩二十首,律詩,Classical Chinese,,,,3.0
dufu_chunk_0230,dufu_31059,poem_content,"Poem Title: 秦州雜詩二十首

Poem Text:
傳道東柯谷，
深藏數十家。
對門藤蓋瓦，
映竹水穿沙。
瘦地飜宜粟，
陽坡可種瓜。
船人近相報，
但恐失桃花。

Creation Date: 759年
Location: CN6205
Poem Type: 律詩",139,Du Fu (杜甫),759年,秦州雜詩二十首,律詩,Classical Chinese,False,True,,
dufu_chunk_0231,dufu_31059,annotations_context,"Poem: 秦州雜詩二十首

Scholarly Annotations:
  在秦州東南五十里，有杜甫祠，即甫寓居姪佐草堂也",63,Du Fu (杜甫),759年,秦州雜詩二十首,律詩,Classical Chinese,,,,1.0
dufu_chunk_0232,dufu_31060,poem_content,"Poem Title: 秦州雜詩二十首

Poem Text:
萬古仇池穴，
潛通小有天。
神魚人不見，
福地語真傳。
近接西南境，
長懷十九泉。
何時一茅屋，
送老白雲邊。

Creation Date: 759年
Location: CN6205
Poem Type: 律詩",139,Du Fu (杜甫),759年,秦州雜詩二十首,律詩,Classical Chinese,True,True,,
dufu_chunk_0233,dufu_31060,allusions_context,"Poem: 秦州雜詩二十首

Literary Allusions and References:
  小有天",55,Du Fu (杜甫),759年,秦州雜詩二十首,律詩,Classical Chinese,,,1.0,
dufu_chunk_0234,dufu_31060,annotations_context,"Poem: 秦州雜詩二十首

Scholarly Annotations:
  一作今
  一作當",49,Du Fu (杜甫),759年,秦州雜詩二十首,律詩,Classical Chinese,,,,2.0
dufu_chunk_0235,dufu_31061,poem_content,"Poem Title: 秦州雜詩二十首

Poem Text:
未暇泛滄海，
悠悠兵馬間。
塞門風落木，
客舍雨連山。
阮籍行多興，
龐公隱不還。
東柯遂疎嬾，
休鑷鬢毛斑。

Creation Date: 759年
Location: CN6205
Poem Type: 律詩",139,Du Fu (杜甫),759年,秦州雜詩二十首,律詩,Classical Chinese,True,True,,
dufu_chunk_0236,dufu_31061,allusions_context,"Poem: 秦州雜詩二十首

Literary Allusions and References:
  龐公
  鑷鬢
  阮籍",64,Du Fu (杜甫),759年,秦州雜詩二十首,律詩,Classical Chinese,,,3.0,
dufu_chunk_0237,dufu_31061,annotations_context,"Poem: 秦州雜詩二十首

Scholarly Annotations:
  一作風寒
  一作放",50,Du Fu (杜甫),759年,秦州雜詩二十首,律詩,Classical Chinese,,,,2.0
dufu_chunk_0238,dufu_31062,poem_content,"Poem Title: 秦州雜詩二十首

Poem Text:
東柯好崖谷，
不與衆峰羣。
落日邀雙鳥，
晴天養片雲。
野人矜險絕，
水竹會平分。
采藥吾將老，
兒童未遣聞。

Creation Date: 759年
Location: CN6205
Poem Type: 律詩",139,Du Fu (杜甫),759年,秦州雜詩二十首,律詩,Classical Chinese,False,True,,
dufu_chunk_0239,dufu_31062,annotations_context,"Poem: 秦州雜詩二十首

Scholarly Annotations:
  一作卷
  一作吟",49,Du Fu (杜甫),759年,秦州雜詩二十首,律詩,Classical Chinese,,,,2.0
dufu_chunk_0240,dufu_31063,poem_content,"Poem Title: 秦州雜詩二十首

Poem Text:
邊秋陰易久，
不復辨晨光。
檐雨亂淋幔，
山雲低度牆。
鸕鶿窺淺井，
蚯蚓上深堂。
車馬何蕭索，
門前百草長。

Creation Date: 759年
Location: CN6205
Poem Type: 律詩",139,Du Fu (杜甫),759年,秦州雜詩二十首,律詩,Classical Chinese,False,True,,
dufu_chunk_0241,dufu_31063,annotations_context,"Poem: 秦州雜詩二十首

Scholarly Annotations:
  一作夕
  一作高",49,Du Fu (杜甫),759年,秦州雜詩二十首,律詩,Classical Chinese,,,,2.0
dufu_chunk_0242,dufu_31064,poem_content,"Poem Title: 秦州雜詩二十首

Poem Text:
地僻秋將盡，
山高客未歸。
塞雲多斷續，
邊日少光輝。
警急烽常報，
傳聞檄屢飛。
西戎外甥國，
何得迕天威。

Creation Date: 759年
Location: CN6205
Poem Type: 律詩",139,Du Fu (杜甫),759年,秦州雜詩二十首,律詩,Classical Chinese,False,True,,
dufu_chunk_0243,dufu_31064,annotations_context,"Poem: 秦州雜詩二十首

Scholarly Annotations:
  一作夜
  一作聲
  一作近",55,Du Fu (杜甫),759年,秦州雜詩二十首,律詩,Classical Chinese,,,,3.0
dufu_chunk_0244,dufu_31065,poem_content,"Poem Title: 秦州雜詩二十首

Poem Text:
鳳林戈未息，
魚海路常難。
候火雲烽峻，
懸軍幕井乾。
風連西極動，
月過北庭寒。
故老思飛將，
何時議築壇。

Creation Date: 759年
Location: CN6205
Poem Type: 律詩",139,Du Fu (杜甫),759年,秦州雜詩二十首,律詩,Classical Chinese,True,True,,
dufu_chunk_0245,dufu_31065,allusions_context,"Poem: 秦州雜詩二十首

Literary Allusions and References:
  飛將
  築壇",59,Du Fu (杜甫),759年,秦州雜詩二十首,律詩,Classical Chinese,,,2.0,
dufu_chunk_0246,dufu_31065,annotations_context,"Poem: 秦州雜詩二十首

Scholarly Annotations:
  屬河州
  在河州西
  一作峰
  一作暮
  一作人",68,Du Fu (杜甫),759年,秦州雜詩二十首,律詩,Classical Chinese,,,,5.0
dufu_chunk_0247,dufu_31066,poem_content,"Poem Title: 秦州雜詩二十首

Poem Text:
唐堯真自聖，
野老復何知。
曬藥能無婦，
應門幸有兒。
藏書聞禹穴，
讀記憶仇池。
爲報鴛行舊，
鷦鷯在一枝。

Creation Date: 759年
Location: CN6205
Poem Type: 律詩",139,Du Fu (杜甫),759年,秦州雜詩二十首,律詩,Classical Chinese,True,True,,
dufu_chunk_0248,dufu_31066,allusions_context,"Poem: 秦州雜詩二十首

Literary Allusions and References:
  一枝
  應門有兒
  鴛行",66,Du Fu (杜甫),759年,秦州雜詩二十首,律詩,Classical Chinese,,,3.0,
dufu_chunk_0249,dufu_31066,annotations_context,"Poem: 秦州雜詩二十首

Scholarly Annotations:
  一作亦
  一作悟",49,Du Fu (杜甫),759年,秦州雜詩二十首,律詩,Classical Chinese,,,,2.0
dufu_chunk_0250,dufu_30619,poem_content,"Poem Title: 月夜憶舍弟

Poem Text:
戍鼓斷人行，
秋邊一雁聲。
露從今夜白，
月是故鄉明。
有弟皆分散，
無家問死生。
寄書長不避，
況乃未休兵。

Creation Date: 759年
Location: CN6205
Poem Type: 律詩",137,Du Fu (杜甫),759年,月夜憶舍弟,律詩,Classical Chinese,False,True,,
dufu_chunk_0251,dufu_30619,annotations_context,"Poem: 月夜憶舍弟

Scholarly Annotations:
  一作邊秋
  一作羈旅
  一作達",55,Du Fu (杜甫),759年,月夜憶舍弟,律詩,Classical Chinese,,,,3.0
dufu_chunk_0252,dufu_31110,poem_content,"Poem Title: 宿贊公房

Poem Text:
杖錫何來此，
秋風已颯然。
雨荒深院菊，
霜倒半池蓮。
放逐寧違性，
虛空不離禪。
相逢成夜宿，
隴月向人圓。

Creation Date: 759年
Location: CN6205
Poem Type: 律詩",136,Du Fu (杜甫),759年,宿贊公房,律詩,Classical Chinese,False,True,,
dufu_chunk_0253,dufu_31110,annotations_context,"Poem: 宿贊公房

Scholarly Annotations:
  原注：京中大雲寺主，謫此安置。
  一作久
  一作虧",64,Du Fu (杜甫),759年,宿贊公房,律詩,Classical Chinese,,,,3.0
dufu_chunk_0254,dufu_30637,poem_content,"Poem Title: 東樓

Poem Text:
萬里流沙道，
西征過北門。
但添新戰骨，
不返舊征魂。
樓角臨風迥，
城陰帶水昏。
傳聲看驛使，
送節向河源。

Creation Date: 759年
Location: CN6205
Poem Type: 律詩",134,Du Fu (杜甫),759年,東樓,律詩,Classical Chinese,True,True,,
dufu_chunk_0255,dufu_30637,allusions_context,"Poem: 東樓

Literary Allusions and References:
  河源",49,Du Fu (杜甫),759年,東樓,律詩,Classical Chinese,,,1.0,
dufu_chunk_0256,dufu_30637,annotations_context,"Poem: 東樓

Scholarly Annotations:
  一作行，一作征西
  一作此
  一作俱
  一作征
  一作死生
  一作雨",74,Du Fu (杜甫),759年,東樓,律詩,Classical Chinese,,,,6.0
dufu_chunk_0257,dufu_31635,poem_content,"Poem Title: 雨晴

Poem Text:
天水秋雲薄，
從西萬里風。
今朝好晴景，
久雨不妨農。
塞柳行疎翠，
山棃結小紅。
胡笳樓上發，
一雁入高空。

Creation Date: 759年
Location: CN6205
Poem Type: 律詩",134,Du Fu (杜甫),759年,雨晴,律詩,Classical Chinese,False,True,,
dufu_chunk_0258,dufu_31635,annotations_context,"Poem: 雨晴

Scholarly Annotations:
  一作霽
  一作外，一作際，一作永
  一作岸",58,Du Fu (杜甫),759年,雨晴,律詩,Classical Chinese,,,,3.0
dufu_chunk_0259,dufu_31166,poem_content,"Poem Title: 寓目

Poem Text:
一縣蒲萄熟，
秋山苜蓿多。
關雲常帶雨，
塞水不成河。
羌女輕烽燧，
胡兒制駱駝。
自傷遲暮眼，
喪亂飽經過。

Creation Date: 759年
Location: CN6205
Poem Type: 律詩",134,Du Fu (杜甫),759年,寓目,律詩,Classical Chinese,False,True,,
dufu_chunk_0260,dufu_31166,annotations_context,"Poem: 寓目

Scholarly Annotations:
  一作搖
  一作掣",44,Du Fu (杜甫),759年,寓目,律詩,Classical Chinese,,,,2.0
dufu_chunk_0261,dufu_30574,poem_content,"Poem Title: 山寺

Poem Text:
野寺殘僧少，
山園細路高。
麝香眠石竹，
鸚鵡啄金桃。
亂石通人過，
懸崖置屋牢。
上方重閣晚，
百里見秋毫。

Creation Date: 759年
Location: CN6205
Poem Type: 律詩",134,Du Fu (杜甫),759年,山寺,律詩,Classical Chinese,True,True,,
dufu_chunk_0262,dufu_30574,allusions_context,"Poem: 山寺

Literary Allusions and References:
  金桃",49,Du Fu (杜甫),759年,山寺,律詩,Classical Chinese,,,1.0,
dufu_chunk_0263,dufu_30574,annotations_context,"Poem: 山寺

Scholarly Annotations:
  一作水
  一作纖",44,Du Fu (杜甫),759年,山寺,律詩,Classical Chinese,,,,2.0
dufu_chunk_0264,dufu_30778,poem_content,"Poem Title: 即事

Poem Text:
聞道花門破，
和親事却非。
人憐漢公主，
生得渡河歸。
秋思拋雲髻，
腰支勝寶衣。
羣兇猶索戰，
回首意多違。

Creation Date: 乾元二年
Poem Type: 律詩",117,Du Fu (杜甫),乾元二年,即事,律詩,Classical Chinese,False,True,,
dufu_chunk_0265,dufu_30778,annotations_context,"Poem: 即事

Scholarly Annotations:
  乾元二年，回紇從郭子儀戰相州，不利，奔還西京。四月，回紇死，欲以寧國公主殉葬，因無子得歸。
  一作鬢
  一作賸",92,Du Fu (杜甫),乾元二年,即事,律詩,Classical Chinese,,,,3.0
dufu_chunk_0266,dufu_31210,poem_content,"Poem Title: 遣懷

Poem Text:
愁眼看霜露，
寒城菊自花。
天風隨斷柳，
客淚墮清笳。
水淨樓陰直，
山昏塞日斜。
夜來歸鳥盡，
啼殺後棲鴉。

Creation Date: 759年
Location: CN6205
Poem Type: 律詩",134,Du Fu (杜甫),759年,遣懷,律詩,Classical Chinese,False,True,,
dufu_chunk_0267,dufu_31210,annotations_context,"Poem: 遣懷

Scholarly Annotations:
  一作晴
  一作城",44,Du Fu (杜甫),759年,遣懷,律詩,Classical Chinese,,,,2.0
dufu_chunk_0268,dufu_30602,poem_content,"Poem Title: 天河

Poem Text:
常時任顯晦，
秋至輒分明。
縱被微雲掩，
終能永夜清。
含星動雙闕，
伴月照邊城。
牛女年年渡，
何曾風浪生。

Creation Date: 759年
Location: CN6205
Poem Type: 律詩",134,Du Fu (杜甫),759年,天河,律詩,Classical Chinese,False,True,,
dufu_chunk_0269,dufu_30602,annotations_context,"Poem: 天河

Scholarly Annotations:
  一作最，一作轉
  一作當，一作輸",52,Du Fu (杜甫),759年,天河,律詩,Classical Chinese,,,,2.0
dufu_chunk_0270,dufu_30772,poem_content,"Poem Title: 初月

Poem Text:
光細弦豈上，
影斜輪未安。
微升古塞外，
已隱暮雲端。
河漢不改色，
關山空自寒。
庭前有白露，
暗滿菊花團。

Creation Date: 759年
Location: CN6205
Poem Type: 律詩",134,Du Fu (杜甫),759年,初月,律詩,Classical Chinese,False,True,,
dufu_chunk_0271,dufu_30772,annotations_context,"Poem: 初月

Scholarly Annotations:
  一作常時
  一作初，一作欲
  一作紫
  一作堞
  一作闌",67,Du Fu (杜甫),759年,初月,律詩,Classical Chinese,,,,5.0
dufu_chunk_0272,dufu_30657,poem_content,"Poem Title: 歸燕

Poem Text:
不獨避霜雪，
其如儔侶稀。
四時無失序，
八月自知歸。
春色豈相訪，
衆雛還識機。
故巢儻未毀，
會傍主人飛。

Creation Date: 759年
Location: CN6205
Poem Type: 律詩",134,Du Fu (杜甫),759年,歸燕,律詩,Classical Chinese,False,True,,
dufu_chunk_0273,dufu_30657,annotations_context,"Poem: 歸燕

Scholarly Annotations:
  一作誤",38,Du Fu (杜甫),759年,歸燕,律詩,Classical Chinese,,,,1.0
dufu_chunk_0274,dufu_31037,poem_content,"Poem Title: 擣衣

Poem Text:
亦知戍不返，
秋至拭清砧。
已近苦寒月，
況經長別心。
寧辭擣熨倦，
一寄塞垣深。
用盡閨中力，
君聽空外音。

Creation Date: 759年
Location: CN6205
Poem Type: 律詩",134,Du Fu (杜甫),759年,擣衣,律詩,Classical Chinese,False,True,,
dufu_chunk_0275,dufu_31037,annotations_context,"Poem: 擣衣

Scholarly Annotations:
  一作暮
  一作驚
  一作衣",50,Du Fu (杜甫),759年,擣衣,律詩,Classical Chinese,,,,3.0
dufu_chunk_0276,dufu_30890,poem_content,"Poem Title: 促織

Poem Text:
促織甚微細，
哀音何動人。
草根吟不穩，
牀下夜相親。
久客得無淚，
放妻難及晨。
悲絲與急管，
感激異天真。

Creation Date: 759年
Location: CN6205
Poem Type: 律詩",134,Du Fu (杜甫),759年,促織,律詩,Classical Chinese,True,True,,
dufu_chunk_0277,dufu_30890,allusions_context,"Poem: 促織

Literary Allusions and References:
  牀下",49,Du Fu (杜甫),759年,促織,律詩,Classical Chinese,,,1.0,
dufu_chunk_0278,dufu_30890,annotations_context,"Poem: 促織

Scholarly Annotations:
  一作聲
  一作冷
  一作意
  一作故
  一作弦",62,Du Fu (杜甫),759年,促織,律詩,Classical Chinese,,,,5.0
dufu_chunk_0279,dufu_31147,poem_content,"Poem Title: 螢火

Poem Text:
幸因腐草出，
敢近太陽飛。
未足臨書卷，
時能點客衣。
隨風隔幔小，
帶雨傍林微。
十月清霜重，
飄零何處歸。

Creation Date: 759年
Location: CN6205
Poem Type: 律詩",134,Du Fu (杜甫),759年,螢火,律詩,Classical Chinese,True,False,,
dufu_chunk_0280,dufu_31147,allusions_context,"Poem: 螢火

Literary Allusions and References:
  臨書卷
  腐草",55,Du Fu (杜甫),759年,螢火,律詩,Classical Chinese,,,2.0,
dufu_chunk_0281,dufu_31204,poem_content,"Poem Title: 蒹葭

Poem Text:
摧折不自守，
秋風吹若何。
暫時花戴雪，
幾處葉沈波。
體弱春風早，
叢長夜露多。
江湖後搖落，
亦恐歲蹉跎。

Creation Date: 759年
Location: CN6205
Poem Type: 律詩",134,Du Fu (杜甫),759年,蒹葭,律詩,Classical Chinese,False,True,,
dufu_chunk_0282,dufu_31204,annotations_context,"Poem: 蒹葭

Scholarly Annotations:
  一作與
  一作載
  一作墮水
  一作甲，一作苗
  一作只",67,Du Fu (杜甫),759年,蒹葭,律詩,Classical Chinese,,,,5.0
dufu_chunk_0283,dufu_30877,poem_content,"Poem Title: 苦竹

Poem Text:
青冥亦自守，
輭弱強扶持。
味苦夏蟲避，
叢卑春鳥疑。
軒墀曾不重，
剪伐欲無辭。
幸近幽人屋，
霜根結在茲。

Creation Date: 759年
Location: CN6205
Poem Type: 律詩",134,Du Fu (杜甫),759年,苦竹,律詩,Classical Chinese,False,True,,
dufu_chunk_0284,dufu_30877,annotations_context,"Poem: 苦竹

Scholarly Annotations:
  一作亦",38,Du Fu (杜甫),759年,苦竹,律詩,Classical Chinese,,,,1.0
dufu_chunk_0285,dufu_31019,poem_content,"Poem Title: 除架

Poem Text:
束薪已零落，
瓠葉轉蕭疎。
幸結白花了，
寧辭青蔓除。
秋蟲聲不去，
暮雀意何如。
寒事今牢落，
人生亦有初。

Creation Date: 759年
Location: CN6205
Poem Type: 律詩",134,Du Fu (杜甫),759年,除架,律詩,Classical Chinese,False,True,,
dufu_chunk_0286,dufu_31019,annotations_context,"Poem: 除架

Scholarly Annotations:
  一作卷
  一作相",44,Du Fu (杜甫),759年,除架,律詩,Classical Chinese,,,,2.0
dufu_chunk_0287,dufu_30856,poem_content,"Poem Title: 廢畦

Poem Text:
秋蔬擁霜露，
豈敢惜凋殘。
暮景數枝葉，
天風吹汝寒。
綠霑泥滓盡，
香與歲時闌。
生意春如昨，
悲君白玉盤。

Creation Date: 759年
Location: CN6205
Poem Type: 律詩",134,Du Fu (杜甫),759年,廢畦,律詩,Classical Chinese,False,False,,
dufu_chunk_0288,dufu_30568,poem_content,"Poem Title: 夕烽

Poem Text:
夕烽來不近，
每日報平安。
塞上傳光小，
雲邊落點殘。
照秦通警急，
過隴自艱難。
聞道蓬萊殿，
千門立馬看。

Creation Date: 759年
Location: CN6205
Poem Type: 律詩",134,Du Fu (杜甫),759年,夕烽,律詩,Classical Chinese,False,True,,
dufu_chunk_0289,dufu_30568,annotations_context,"Poem: 夕烽

Scholarly Annotations:
  一作止，一作明照灼
  一作了了
  一作聲
  一作數
  一作燄銷仍再滅，煙迥不勝寒
  一作恐照
  一作城中幾道看",96,Du Fu (杜甫),759年,夕烽,律詩,Classical Chinese,,,,7.0
dufu_chunk_0290,dufu_30961,poem_content,"Poem Title: 秋笛

Poem Text:
清商欲盡奏，
奏苦血霑衣。
他日傷心極，
征人白骨歸。
相逢恐恨過，
故作發聲微。
不見秋雲動，
悲風稍稍飛。

Creation Date: 759年
Location: CN6205
Poem Type: 律詩",134,Du Fu (杜甫),759年,秋笛,律詩,Classical Chinese,True,False,,
dufu_chunk_0291,dufu_30961,allusions_context,"Poem: 秋笛

Literary Allusions and References:
  雲動風飛",51,Du Fu (杜甫),759年,秋笛,律詩,Classical Chinese,,,1.0,
dufu_chunk_0292,dufu_30989,poem_content,"Poem Title: 送遠

Poem Text:
帶甲滿天地，
胡爲君遠行。
親朋盡一哭，
鞍馬去孤城。
草木歲月晚，
關河霜雪清。
別離已昨日，
因見古人情。

Creation Date: 759年
Location: CN6205
Poem Type: 律詩",134,Du Fu (杜甫),759年,送遠,律詩,Classical Chinese,False,False,,
dufu_chunk_0293,dufu_30755,poem_content,"Poem Title: 觀兵

Poem Text:
北庭送壯士，
貔虎數尤多。
精銳舊無敵，
邊隅今若何。
妖氛擁白馬，
元帥待彫戈。
莫守鄴城下，
斬鯨遼海波。

Creation Date: 759年
Location: CN4103
Poem Type: 律詩",134,Du Fu (杜甫),759年,觀兵,律詩,Classical Chinese,True,True,,
dufu_chunk_0294,dufu_30755,allusions_context,"Poem: 觀兵

Literary Allusions and References:
  白馬小兒",51,Du Fu (杜甫),759年,觀兵,律詩,Classical Chinese,,,1.0,
dufu_chunk_0295,dufu_30755,annotations_context,"Poem: 觀兵

Scholarly Annotations:
  乾元元年十月，郭子儀等九節度圍相州，明年三月，史思明來援，戰於城下，官軍潰而圍解。初李光弼欲與朔方軍同逼魏城，圍史思明，得曠日持久，則鄴城必拔。魚朝恩不可而止，詩謂不當困守鄴城，老師乏饋，以致援師之至也",136,Du Fu (杜甫),759年,觀兵,律詩,Classical Chinese,,,,1.0
dufu_chunk_0296,dufu_30579,poem_content,"Poem Title: 不歸

Poem Text:
河間尚征伐，
汝骨在空城。
從弟人皆有，
終身恨不平。
數金憐俊邁，
總角愛聰明。
面上三年土，
春風草又生。

Creation Date: 759年
Location: CN4103
Poem Type: 律詩",134,Du Fu (杜甫),759年,不歸,律詩,Classical Chinese,True,True,,
dufu_chunk_0297,dufu_30579,allusions_context,"Poem: 不歸

Literary Allusions and References:
  數金",49,Du Fu (杜甫),759年,不歸,律詩,Classical Chinese,,,1.0,
dufu_chunk_0298,dufu_30579,annotations_context,"Poem: 不歸

Scholarly Annotations:
  一作戰
  一作秋
  一作吹",50,Du Fu (杜甫),759年,不歸,律詩,Classical Chinese,,,,3.0
dufu_chunk_0299,dufu_30600,poem_content,"Poem Title: 天末憶李白

Poem Text:
涼風起天末，
君子意如何。
鴻雁幾時到，
江湖秋水多。
文章憎命達，
魑魅喜人過。
應共冤魂語，
投詩贈汨羅。

Creation Date: 759年
Location: CN6205
Poem Type: 律詩",137,Du Fu (杜甫),759年,天末憶李白,律詩,Classical Chinese,True,False,,
dufu_chunk_0300,dufu_30600,allusions_context,"Poem: 天末憶李白

Literary Allusions and References:
  鴻雁
  汨羅",57,Du Fu (杜甫),759年,天末憶李白,律詩,Classical Chinese,,,2.0,
dufu_chunk_0301,dufu_30937,poem_content,"Poem Title: 獨立

Poem Text:
空外一鷙鳥，
河間雙白鷗。
飄颻搏擊便，
容易往來遊。
草露亦多濕，
蛛絲仍未收。
天機近人事，
獨立萬端憂。

Creation Date: 759年
Location: CN4103
Poem Type: 律詩",134,Du Fu (杜甫),759年,獨立,律詩,Classical Chinese,False,False,,
dufu_chunk_0302,dufu_30612,poem_content,"Poem Title: 日暮

Poem Text:
日落風亦起，
城頭鳥尾訛。
黃雲高未動，
白水已揚波。
羌婦語還哭，
胡兒行且歌。
將軍別換馬，
夜出擁彫戈。

Creation Date: 759年
Location: CN6205
Poem Type: 律詩",134,Du Fu (杜甫),759年,日暮,律詩,Classical Chinese,True,True,,
dufu_chunk_0303,dufu_30612,allusions_context,"Poem: 日暮

Literary Allusions and References:
  大樹",49,Du Fu (杜甫),759年,日暮,律詩,Classical Chinese,,,1.0,
dufu_chunk_0304,dufu_30612,annotations_context,"Poem: 日暮

Scholarly Annotations:
  一作烏
  一作笑
  一作上，一作換駿",55,Du Fu (杜甫),759年,日暮,律詩,Classical Chinese,,,,3.0
dufu_chunk_0305,dufu_30870,poem_content,"Poem Title: 空囊

Poem Text:
翠柏苦猶食，
晨霞高可餐。
世人共鹵莽，
吾道屬艱難。
不爨井晨凍，
無衣牀夜寒。
囊空恐羞澀，
留得一錢看。

Creation Date: 759年
Location: CN6205
Poem Type: 律詩",134,Du Fu (杜甫),759年,空囊,律詩,Classical Chinese,True,True,,
dufu_chunk_0306,dufu_30870,allusions_context,"Poem: 空囊

Literary Allusions and References:
  留得一錢看",52,Du Fu (杜甫),759年,空囊,律詩,Classical Chinese,,,1.0,
dufu_chunk_0307,dufu_30870,annotations_context,"Poem: 空囊

Scholarly Annotations:
  一作明
  一作朝",44,Du Fu (杜甫),759年,空囊,律詩,Classical Chinese,,,,2.0
dufu_chunk_0308,dufu_31046,poem_content,"Poem Title: 病馬

Poem Text:
乘爾亦已久，
天寒關塞深。
塵中老盡力，
歲晚病傷心。
毛骨豈殊衆，
馴良猶至今。
物微意不淺，
感動一沈吟。

Creation Date: 759年
Location: CN6205
Poem Type: 律詩",134,Du Fu (杜甫),759年,病馬,律詩,Classical Chinese,True,False,,
dufu_chunk_0309,dufu_31046,allusions_context,"Poem: 病馬

Literary Allusions and References:
  老盡力",50,Du Fu (杜甫),759年,病馬,律詩,Classical Chinese,,,1.0,
dufu_chunk_0310,dufu_31239,poem_content,"Poem Title: 蕃劒

Poem Text:
致此自僻遠，
又非珠玉裝。
如何有奇怪，
每夜吐光芒。
虎氣必騰趠，
龍身寧久藏。
風塵苦未息，
持汝奉明王。

Creation Date: 759年
Location: CN6205
Poem Type: 律詩",134,Du Fu (杜甫),759年,蕃劒,律詩,Classical Chinese,True,True,,
dufu_chunk_0311,dufu_31239,allusions_context,"Poem: 蕃劒

Literary Allusions and References:
  虎氣騰
  珠玉裝",56,Du Fu (杜甫),759年,蕃劒,律詩,Classical Chinese,,,2.0,
dufu_chunk_0312,dufu_31239,annotations_context,"Poem: 蕃劒

Scholarly Annotations:
  一作至
  一作上",44,Du Fu (杜甫),759年,蕃劒,律詩,Classical Chinese,,,,2.0
dufu_chunk_0313,dufu_31769,poem_content,"Poem Title: 銅缾

Poem Text:
亂後碧井廢，
時清瑤殿深。
銅缾未失水，
百丈有哀音。
側想美人意，
應非寒甃沈。
蛟龍半缺落，
猶得折黃金。

Creation Date: 759年
Location: CN6205
Poem Type: 律詩",134,Du Fu (杜甫),759年,銅缾,律詩,Classical Chinese,False,True,,
dufu_chunk_0314,dufu_31769,annotations_context,"Poem: 銅缾

Scholarly Annotations:
  一作悲",38,Du Fu (杜甫),759年,銅缾,律詩,Classical Chinese,,,,1.0
dufu_chunk_0315,dufu_30753,poem_content,"Poem Title: 觀安西兵過赴關中待命二首

Poem Text:
四鎮富精銳，
摧鋒皆絕倫。
還聞獻士卒，
足以靜風塵。
老馬夜知道，
蒼鷹飢著人。
臨危經久戰，
用急始如神。

Creation Date: 758年
Location: CN610521
Poem Type: 律詩",146,Du Fu (杜甫),758年,觀安西兵過赴關中待命二首,律詩,Classical Chinese,True,True,,
dufu_chunk_0316,dufu_30753,allusions_context,"Poem: 觀安西兵過赴關中待命二首

Literary Allusions and References:
  老馬",59,Du Fu (杜甫),758年,觀安西兵過赴關中待命二首,律詩,Classical Chinese,,,1.0,
dufu_chunk_0317,dufu_30753,annotations_context,"Poem: 觀安西兵過赴關中待命二首

Scholarly Annotations:
  李嗣業以鎮西北庭兵同郭子儀討安慶緒，安西即鎮西舊名也。
  一作西
  一作就
  一作秋
  一作意
  一作使",102,Du Fu (杜甫),758年,觀安西兵過赴關中待命二首,律詩,Classical Chinese,,,,6.0
dufu_chunk_0318,dufu_30754,poem_content,"Poem Title: 觀安西兵過赴關中待命二首

Poem Text:
奇兵不在衆，
萬馬救中原。
談笑無河北，
心肝奉至尊。
孤雲隨殺氣，
飛鳥避轅門。
竟日留歡樂，
城池未覺喧。

Creation Date: 758年
Location: CN610521
Poem Type: 律詩",146,Du Fu (杜甫),758年,觀安西兵過赴關中待命二首,律詩,Classical Chinese,False,True,,
dufu_chunk_0319,dufu_30754,annotations_context,"Poem: 觀安西兵過赴關中待命二首

Scholarly Annotations:
  李嗣業以鎮西北庭兵同郭子儀討安慶緒，安西即鎮西舊名也。
  一作觀",78,Du Fu (杜甫),758年,觀安西兵過赴關中待命二首,律詩,Classical Chinese,,,,2.0
dufu_chunk_0320,dufu_30973,poem_content,"Poem Title: 送人從軍

Poem Text:
弱水應無地，
陽關已近天。
今君渡沙磧，
累月斷人煙。
好武寧論命，
封侯不計年。
馬寒防失道，
雪沒錦鞍韉。

Creation Date: 759年
Location: CN6205
Poem Type: 律詩",136,Du Fu (杜甫),759年,送人從軍,律詩,Classical Chinese,False,False,,
dufu_chunk_0321,dufu_31154,poem_content,"Poem Title: 野望

Poem Text:
清秋望不極，
迢遰起曾陰。
遠水兼天淨，
孤城隱霧深。
葉稀風更落，
山迥日初沈。
獨鶴歸何晚，
昏鴉已滿林。

Creation Date: 759年
Location: CN6205
Poem Type: 律詩",134,Du Fu (杜甫),759年,野望,律詩,Classical Chinese,False,False,,
dufu_chunk_0322,dufu_30672,poem_content,"Poem Title: 示姪佐

Poem Text:
多病秋風落，
君來慰眼前。
自聞茅屋趣，
只想竹林眠。
滿谷山雲起，
侵籬澗水懸。
嗣宗諸子姪，
早覺仲容賢。

Creation Date: 759年
Location: CN6205
Poem Type: 律詩",135,Du Fu (杜甫),759年,示姪佐,律詩,Classical Chinese,True,True,,
dufu_chunk_0323,dufu_30672,allusions_context,"Poem: 示姪佐

Literary Allusions and References:
  仲容
  七人班",56,Du Fu (杜甫),759年,示姪佐,律詩,Classical Chinese,,,2.0,
dufu_chunk_0324,dufu_30672,annotations_context,"Poem: 示姪佐

Scholarly Annotations:
  原注：佐草堂在東柯谷。佐出襄陽房，侍御史暐之子，官大理正。
  一作阮",71,Du Fu (杜甫),759年,示姪佐,律詩,Classical Chinese,,,,2.0
dufu_chunk_0325,dufu_30769,poem_content,"Poem Title: 佐還山後寄三首

Poem Text:
山晚浮雲合，
歸時恐路迷。
澗寒人欲到，
村黑鳥應棲。
野客茅茨小，
田家樹木低。
舊諳疎嬾叔，
須汝故相攜。

Creation Date: 759年
Location: CN6205
Poem Type: 律詩",139,Du Fu (杜甫),759年,佐還山後寄三首,律詩,Classical Chinese,False,True,,
dufu_chunk_0326,dufu_30769,annotations_context,"Poem: 佐還山後寄三首

Scholarly Annotations:
  一作黃
  一作林",49,Du Fu (杜甫),759年,佐還山後寄三首,律詩,Classical Chinese,,,,2.0
dufu_chunk_0327,dufu_30770,poem_content,"Poem Title: 佐還山後寄三首

Poem Text:
白露黃粱熟，
分張素有期。
已應舂得細，
頗覺寄來遲。
味豈同金菊，
香宜配綠葵。
老人佗日愛，
正想滑流匙。

Creation Date: 759年
Location: CN6205
Poem Type: 律詩",139,Du Fu (杜甫),759年,佐還山後寄三首,律詩,Classical Chinese,False,True,,
dufu_chunk_0328,dufu_30770,annotations_context,"Poem: 佐還山後寄三首

Scholarly Annotations:
  一作甘
  一作紫",49,Du Fu (杜甫),759年,佐還山後寄三首,律詩,Classical Chinese,,,,2.0
dufu_chunk_0329,dufu_30771,poem_content,"Poem Title: 佐還山後寄三首

Poem Text:
幾道泉澆圃，
交橫落慢坡。
葳蕤秋葉少，
隱映野雲多。
隔沼連香芰，
通林帶女蘿。
甚聞霜薤白，
重惠意如何。

Creation Date: 759年
Location: CN6205
Poem Type: 律詩",139,Du Fu (杜甫),759年,佐還山後寄三首,律詩,Classical Chinese,False,True,,
dufu_chunk_0330,dufu_30771,annotations_context,"Poem: 佐還山後寄三首

Scholarly Annotations:
  一作幔
  一作小，一作菜色
  一作薦",60,Du Fu (杜甫),759年,佐還山後寄三首,律詩,Classical Chinese,,,,3.0
dufu_chunk_0331,dufu_30589,poem_content,"Poem Title: 從人覓小胡孫許寄

Poem Text:
人說南州路，
山猨樹樹懸。
舉家聞若駭，
爲寄小如拳。
預哂愁胡面，
初調見馬鞭。
許求聰慧者，
童稚捧應癲。

Creation Date: 759年
Location: CN6205
Poem Type: 律詩",140,Du Fu (杜甫),759年,從人覓小胡孫許寄,律詩,Classical Chinese,False,True,,
dufu_chunk_0332,dufu_30589,annotations_context,"Poem: 從人覓小胡孫許寄

Scholarly Annotations:
  一作共愛
  一作何
  一作惠",57,Du Fu (杜甫),759年,從人覓小胡孫許寄,律詩,Classical Chinese,,,,3.0
dufu_chunk_0333,dufu_30946,poem_content,"Poem Title: 秋日阮隱居致薤三十束

Poem Text:
隱者柴門內，
畦蔬繞舍秋。
盈筐承露薤，
不待致書求。
束比青芻色，
圓齊玉箸頭。
衰年關鬲冷，
味煖幷無憂。

Creation Date: 759年
Location: CN6205
Poem Type: 律詩",142,Du Fu (杜甫),759年,秋日阮隱居致薤三十束,律詩,Classical Chinese,False,True,,
dufu_chunk_0334,dufu_30946,annotations_context,"Poem: 秋日阮隱居致薤三十束

Scholarly Annotations:
  一作陳
  一作荆
  一作腹",58,Du Fu (杜甫),759年,秋日阮隱居致薤三十束,律詩,Classical Chinese,,,,3.0
dufu_chunk_0335,dufu_30527,poem_content,"Poem Title: 一室

Poem Text:
一室他鄉遠，
空林暮景懸。
正愁聞塞笛，
獨立見江船。
巴蜀來多病，
荆蠻去幾年。
應同王粲宅，
留井峴山前。

Creation Date: 761年
Location: CN5101
Poem Type: 律詩",134,Du Fu (杜甫),761年,一室,律詩,Classical Chinese,False,True,,
dufu_chunk_0336,dufu_30527,annotations_context,"Poem: 一室

Scholarly Annotations:
  一作老
  一作千
  襄陽峴山下，王粲故宅前有一井，人呼爲仲宣井",68,Du Fu (杜甫),761年,一室,律詩,Classical Chinese,,,,3.0
dufu_chunk_0337,dufu_31138,poem_content,"Poem Title: 梅雨

Poem Text:
南京西浦道，
四月熟黃梅。
湛湛長江去，
冥冥細雨來。
茅茨疎易濕，
雲霧密難開。
竟日蛟龍喜，
盤渦與岸迴。

Creation Date: 760年
Location: CN5101
Poem Type: 律詩",134,Du Fu (杜甫),760年,梅雨,律詩,Classical Chinese,False,True,,
dufu_chunk_0338,dufu_31138,annotations_context,"Poem: 梅雨

Scholarly Annotations:
  明皇幸蜀還，改成都爲南京
  一作犀
  一作黤黤",60,Du Fu (杜甫),760年,梅雨,律詩,Classical Chinese,,,,3.0
dufu_chunk_0339,dufu_30585,poem_content,"Poem Title: 爲農

Poem Text:
錦里煙塵外，
江村八九家。
圓荷浮小葉，
細麥落輕花。
卜宅從茲老，
爲農去國賒。
遠慚句漏令，
不得問丹砂。

Creation Date: 760年
Location: CN5101
Poem Type: 律詩",134,Du Fu (杜甫),760年,爲農,律詩,Classical Chinese,True,True,,
dufu_chunk_0340,dufu_30585,allusions_context,"Poem: 爲農

Literary Allusions and References:
  勾漏令",50,Du Fu (杜甫),760年,爲農,律詩,Classical Chinese,,,1.0,
dufu_chunk_0341,dufu_30585,annotations_context,"Poem: 爲農

Scholarly Annotations:
  一作墮",38,Du Fu (杜甫),760年,爲農,律詩,Classical Chinese,,,,1.0
dufu_chunk_0342,dufu_31033,poem_content,"Poem Title: 賓至

Poem Text:
患氣經時久，
臨江卜宅新。
喧卑方避俗，
疎快頗宜人。
有客過茅宇，
呼兒正葛巾。
自鋤稀菜甲，
小摘爲情親。

Creation Date: 760年
Location: CN5101
Poem Type: 律詩",134,Du Fu (杜甫),760年,賓至,律詩,Classical Chinese,False,True,,
dufu_chunk_0343,dufu_31033,annotations_context,"Poem: 賓至

Scholarly Annotations:
  一作有客",39,Du Fu (杜甫),760年,賓至,律詩,Classical Chinese,,,,1.0
dufu_chunk_0344,dufu_30624,poem_content,"Poem Title: 王十五司馬弟出郭相訪兼遺營茅屋貲

Poem Text:
客裏何遷次，
江邊正寂寥。
肯來尋一老，
愁破是今朝。
憂我營茅棟，
攜錢過野橋。
他鄉唯表弟，
還往莫辭遙。

Creation Date: 760年
Location: CN5101
Poem Type: 律詩",148,Du Fu (杜甫),760年,王十五司馬弟出郭相訪兼遺營茅屋貲,律詩,Classical Chinese,False,False,,
dufu_chunk_0345,dufu_30664,poem_content,"Poem Title: 田舍

Poem Text:
田舍清江曲，
柴門古道旁。
草深迷市井，
地僻嬾衣裳。
櫸柳枝枝弱，
枇杷樹樹香。
鸕鶿西日照，
曬翅滿魚梁。

Creation Date: 760年
Location: CN5101
Poem Type: 律詩",134,Du Fu (杜甫),760年,田舍,律詩,Classical Chinese,False,True,,
dufu_chunk_0346,dufu_30664,annotations_context,"Poem: 田舍

Scholarly Annotations:
  一作上
  一作楊，一作柜
  一作對對",55,Du Fu (杜甫),760年,田舍,律詩,Classical Chinese,,,,3.0
dufu_chunk_0347,dufu_30748,poem_content,"Poem Title: 西郊

Poem Text:
時出碧雞坊，
西郊向草堂。
市橋官柳細，
江路野梅香。
傍架齊書帙，
看題減藥囊。
無人覺來往，
疎嬾意何長。

Creation Date: 760年
Location: CN5101
Poem Type: 律詩",134,Du Fu (杜甫),760年,西郊,律詩,Classical Chinese,False,True,,
dufu_chunk_0348,dufu_30748,annotations_context,"Poem: 西郊

Scholarly Annotations:
  一作岸
  一作檢
  一作競，一作與",54,Du Fu (杜甫),760年,西郊,律詩,Classical Chinese,,,,3.0
dufu_chunk_0349,dufu_30723,poem_content,"Poem Title: 江漲

Poem Text:
江漲柴門外，
兒童報急流。
下牀高數尺，
倚杖沒中洲。
細動迎風燕，
輕搖逐浪鷗。
漁人縈小楫，
容易拔船頭。

Creation Date: 760年
Location: CN5101
Poem Type: 律詩",134,Du Fu (杜甫),760年,江漲,律詩,Classical Chinese,False,True,,
dufu_chunk_0350,dufu_30723,annotations_context,"Poem: 江漲

Scholarly Annotations:
  一作捩",38,Du Fu (杜甫),760年,江漲,律詩,Classical Chinese,,,,1.0
dufu_chunk_0351,dufu_30587,poem_content,"Poem Title: 雲山

Poem Text:
京洛雲山外，
音書靜不來。
神交作賦客，
力盡望鄉臺。
衰疾江邊臥，
親朋日暮迴。
白鷗元水宿，
何事有餘哀。

Creation Date: 760年
Location: CN5101
Poem Type: 律詩",134,Du Fu (杜甫),760年,雲山,律詩,Classical Chinese,True,False,,
dufu_chunk_0352,dufu_30587,allusions_context,"Poem: 雲山

Literary Allusions and References:
  作賦客",50,Du Fu (杜甫),760年,雲山,律詩,Classical Chinese,,,1.0,
dufu_chunk_0353,dufu_31207,poem_content,"Poem Title: 遣興

Poem Text:
干戈猶未定，
弟妹各何之。
拭淚霑襟血，
梳頭滿面絲。
地卑荒野大，
天遠暮江遲。
衰疾那能久，
應無見汝時。
Poem Type: 律詩",96,Du Fu (杜甫),Unknown,遣興,律詩,Classical Chinese,False,True,,
dufu_chunk_0354,dufu_31207,annotations_context,"Poem: 遣興

Scholarly Annotations:
  一作巾
  一作期",44,Du Fu (杜甫),Unknown,遣興,律詩,Classical Chinese,,,,2.0
dufu_chunk_0355,dufu_30642,poem_content,"Poem Title: 北鄰

Poem Text:
明府豈辭滿，
藏身方告勞。
青錢買野竹，
白幘岸江臯。
愛酒晉山簡，
能詩何水曹。
時來訪老疾，
步屧到蓬蒿。

Creation Date: 760年
Location: CN5101
Poem Type: 律詩",134,Du Fu (杜甫),760年,北鄰,律詩,Classical Chinese,True,False,,
dufu_chunk_0356,dufu_30642,allusions_context,"Poem: 北鄰

Literary Allusions and References:
  山簡
  蓬蒿
  何水曹",60,Du Fu (杜甫),760年,北鄰,律詩,Classical Chinese,,,3.0,
dufu_chunk_0357,dufu_30641,poem_content,"Poem Title: 出郭

Poem Text:
霜露晚淒淒，
高天逐望低。
遠煙鹽井上，
斜景雪峰西。
故國猶兵馬，
他鄉亦鼓鼙。
江城今夜客，
還與舊烏啼。

Creation Date: 760年
Location: CN5101
Poem Type: 律詩",134,Du Fu (杜甫),760年,出郭,律詩,Classical Chinese,False,True,,
dufu_chunk_0358,dufu_30641,annotations_context,"Poem: 出郭

Scholarly Annotations:
  一作正",38,Du Fu (杜甫),760年,出郭,律詩,Classical Chinese,,,,1.0
dufu_chunk_0359,dufu_30760,poem_content,"Poem Title: 過南鄰朱山人水亭

Poem Text:
相近竹參差，
相過人不知。
幽花欹滿樹，
小水細通池。
歸客村非遠，
殘樽席更移。
看君多道氣，
從此數追隨。

Creation Date: 764年
Location: CN5101
Poem Type: 律詩",140,Du Fu (杜甫),764年,過南鄰朱山人水亭,律詩,Classical Chinese,False,False,,
dufu_chunk_0360,dufu_31114,poem_content,"Poem Title: 寄賀蘭銛

Poem Text:
朝野歡娛後，
乾坤震蕩中。
相隨萬里日，
總作白頭翁。
歲晚仍分袂，
江邊更轉蓬。
勿云俱異域，
飲啄幾回同。

Creation Date: 764年
Location: CN5101
Poem Type: 律詩",136,Du Fu (杜甫),764年,寄賀蘭銛,律詩,Classical Chinese,False,False,,
dufu_chunk_0361,dufu_31113,poem_content,"Poem Title: 寄楊五桂州譚

Poem Text:
五嶺皆炎熱，
宜人獨桂林。
梅花萬里外，
雪片一冬深。
聞此寬相憶，
爲邦復好音。
江邊送孫楚，
遠附白頭吟。

Creation Date: 760年
Location: CN5101
Poem Type: 律詩",138,Du Fu (杜甫),760年,寄楊五桂州譚,律詩,Classical Chinese,True,True,,
dufu_chunk_0362,dufu_31113,allusions_context,"Poem: 寄楊五桂州譚

Literary Allusions and References:
  孫楚",53,Du Fu (杜甫),760年,寄楊五桂州譚,律詩,Classical Chinese,,,1.0,
dufu_chunk_0363,dufu_31113,annotations_context,"Poem: 寄楊五桂州譚

Scholarly Annotations:
  原注：因州參軍段子之任。
  黃鶴云：嶺南無雪，惟桂林有之",68,Du Fu (杜甫),760年,寄楊五桂州譚,律詩,Classical Chinese,,,,2.0
dufu_chunk_0364,dufu_31076,poem_content,"Poem Title: 逢唐興劉主簿弟

Poem Text:
分手開元末，
連年絕尺書。
江山且相見，
戎馬未安居。
劒外官人冷，
關中驛騎疎。
輕舟下吳會，
主簿意何如。

Creation Date: 761年
Location: CN5101
Poem Type: 律詩",139,Du Fu (杜甫),761年,逢唐興劉主簿弟,律詩,Classical Chinese,False,False,,
dufu_chunk_0365,dufu_30808,poem_content,"Poem Title: 和裴迪登新津寺寄王侍郎

Poem Text:
何限倚山木，
吟詩秋葉黃。
蟬聲集古寺，
鳥影度寒塘。
風物悲遊子，
登臨憶侍郎。
老夫貪佛日，
隨意宿僧房。

Creation Date: 760年
Location: CN5101
Poem Type: 律詩",143,Du Fu (杜甫),760年,和裴迪登新津寺寄王侍郎,律詩,Classical Chinese,False,True,,
dufu_chunk_0366,dufu_30808,annotations_context,"Poem: 和裴迪登新津寺寄王侍郎

Scholarly Annotations:
  原注：王時牧蜀，英華作奉和裴十四迪新津山寺。
  一作恨
  一作賞，一作費",82,Du Fu (杜甫),760年,和裴迪登新津寺寄王侍郎,律詩,Classical Chinese,,,,3.0
dufu_chunk_0367,dufu_31172,poem_content,"Poem Title: 敬簡王明府

Poem Text:
葉縣郎官宰，
周南太史公。
神仙才有數，
流落意無窮。
驥病思偏秣，
鷹愁怕苦籠。
看君用高義，
恥與萬人同。

Creation Date: 761年
Location: CN5101
Poem Type: 律詩",137,Du Fu (杜甫),761年,敬簡王明府,律詩,Classical Chinese,True,True,,
dufu_chunk_0368,dufu_31172,allusions_context,"Poem: 敬簡王明府

Literary Allusions and References:
  下履鳧
  周南太史公",61,Du Fu (杜甫),761年,敬簡王明府,律詩,Classical Chinese,,,2.0,
dufu_chunk_0369,dufu_31172,annotations_context,"Poem: 敬簡王明府

Scholarly Annotations:
  甫嘗爲唐興縣宰王潛作客館記，疑即王明府。
  一作秋",64,Du Fu (杜甫),761年,敬簡王明府,律詩,Classical Chinese,,,,2.0
dufu_chunk_0370,dufu_31010,poem_content,"Poem Title: 重簡王明府

Poem Text:
甲子西南異，
冬來只薄寒。
江雲何夜盡，
蜀雨幾時乾。
行李須相問，
窮愁豈有寬。
君聽鴻鴈響，
恐致稻粱難。

Creation Date: 761年
Location: CN5101
Poem Type: 律詩",137,Du Fu (杜甫),761年,重簡王明府,律詩,Classical Chinese,False,True,,
dufu_chunk_0371,dufu_31010,annotations_context,"Poem: 重簡王明府

Scholarly Annotations:
  一作靜
  一作自",47,Du Fu (杜甫),761年,重簡王明府,律詩,Classical Chinese,,,,2.0
dufu_chunk_0372,dufu_30684,poem_content,"Poem Title: 歲暮

Poem Text:
歲暮遠爲客，
邊隅還用兵。
煙塵犯雪嶺，
鼓角動江城。
天地日流血，
朝廷誰請纓。
濟時敢愛死，
寂寞壯心驚。

Creation Date: 763年
Location: CN511381
Poem Type: 律詩",136,Du Fu (杜甫),763年,歲暮,律詩,Classical Chinese,True,False,,
dufu_chunk_0373,dufu_30684,allusions_context,"Poem: 歲暮

Literary Allusions and References:
  請纓",49,Du Fu (杜甫),763年,歲暮,律詩,Classical Chinese,,,1.0,
dufu_chunk_0374,dufu_31119,poem_content,"Poem Title: 寄贈王十將軍承俊

Poem Text:
將軍膽氣雄，
臂懸兩角弓。
纏結青驄馬，
出入錦城中。
時危未授鉞，
勢屈難爲功。
賓客滿堂上，
何人高義同。

Creation Date: 765年
Location: CN5101
Poem Type: 律詩",140,Du Fu (杜甫),765年,寄贈王十將軍承俊,律詩,Classical Chinese,True,False,,
dufu_chunk_0375,dufu_31119,allusions_context,"Poem: 寄贈王十將軍承俊

Literary Allusions and References:
  授鉞",55,Du Fu (杜甫),765年,寄贈王十將軍承俊,律詩,Classical Chinese,,,1.0,
dufu_chunk_0376,dufu_31170,poem_content,"Poem Title: 散愁二首

Poem Text:
久客宜旋斾，
興王未息戈。
蜀星陰見少，
江雨夜聞多。
百萬傳深入，
寰區望匪它。
司徒下燕趙，
收取舊山河。

Creation Date: 760年
Location: CN5101
Poem Type: 律詩",136,Du Fu (杜甫),760年,散愁二首,律詩,Classical Chinese,False,True,,
dufu_chunk_0377,dufu_31170,annotations_context,"Poem: 散愁二首

Scholarly Annotations:
  一作轉
  李光弼",46,Du Fu (杜甫),760年,散愁二首,律詩,Classical Chinese,,,,2.0
dufu_chunk_0378,dufu_31171,poem_content,"Poem Title: 散愁二首

Poem Text:
聞道幷州鎮，
尚書訓士齊。
幾時通薊北，
當日報關西。
戀闕丹心破，
霑衣皓首啼。
老魂招不得，
歸路恐長迷。

Creation Date: 760年
Location: CN5101
Poem Type: 律詩",136,Du Fu (杜甫),760年,散愁二首,律詩,Classical Chinese,True,True,,
dufu_chunk_0379,dufu_31171,allusions_context,"Poem: 散愁二首

Literary Allusions and References:
  魂招",51,Du Fu (杜甫),760年,散愁二首,律詩,Classical Chinese,,,1.0,
dufu_chunk_0380,dufu_31171,annotations_context,"Poem: 散愁二首

Scholarly Annotations:
  王思禮",40,Du Fu (杜甫),760年,散愁二首,律詩,Classical Chinese,,,,1.0
dufu_chunk_0381,dufu_30841,poem_content,"Poem Title: 奉酬李都督表丈早春作

Poem Text:
力疾坐清曉，
來時悲早春。
轉添愁伴客，
更覺老隨人。
紅入桃花嫩，
青歸柳葉新。
望鄉應未已，
四海尚風塵。

Creation Date: 761年
Location: CN5101
Poem Type: 律詩",142,Du Fu (杜甫),761年,奉酬李都督表丈早春作,律詩,Classical Chinese,False,True,,
dufu_chunk_0382,dufu_30841,annotations_context,"Poem: 奉酬李都督表丈早春作

Scholarly Annotations:
  一作詩，一作采詩
  一作身",57,Du Fu (杜甫),761年,奉酬李都督表丈早春作,律詩,Classical Chinese,,,,2.0
dufu_chunk_0383,dufu_31214,poem_content,"Poem Title: 遣意二首

Poem Text:
囀枝黃鳥近，
泛渚白鷗輕。
一徑野花落，
孤村春水生。
衰年催釀黍，
細雨更移橙。
漸喜交遊絕，
幽居不用名。

Creation Date: 761年
Location: CN5101
Poem Type: 律詩",136,Du Fu (杜甫),761年,遣意二首,律詩,Classical Chinese,False,True,,
dufu_chunk_0384,dufu_31214,annotations_context,"Poem: 遣意二首

Scholarly Annotations:
  一作夜",40,Du Fu (杜甫),761年,遣意二首,律詩,Classical Chinese,,,,1.0
dufu_chunk_0385,dufu_31215,poem_content,"Poem Title: 遣意二首

Poem Text:
簷影微微落，
津流脉脉斜。
野船明細火，
宿鴈聚圓沙。
雲掩初弦月，
香傳小樹花。
鄰人有美酒，
稚子夜能賒。

Creation Date: 761年
Location: CN5101
Poem Type: 律詩",136,Du Fu (杜甫),761年,遣意二首,律詩,Classical Chinese,False,True,,
dufu_chunk_0386,dufu_31215,annotations_context,"Poem: 遣意二首

Scholarly Annotations:
  一作松
  一作寒
  一作也",52,Du Fu (杜甫),761年,遣意二首,律詩,Classical Chinese,,,,3.0
dufu_chunk_0387,dufu_31232,poem_content,"Poem Title: 漫成二首

Poem Text:
野日荒荒白，
春流泯泯清。
渚蒲隨地有，
村徑逐門成。
只作披衣慣，
常從漉酒生。
眼前無俗物，
多病也身輕。

Creation Date: 761年
Location: CN5101
Poem Type: 律詩",136,Du Fu (杜甫),761年,漫成二首,律詩,Classical Chinese,True,True,,
dufu_chunk_0388,dufu_31232,allusions_context,"Poem: 漫成二首

Literary Allusions and References:
  漉酒
  俗物",56,Du Fu (杜甫),761年,漫成二首,律詩,Classical Chinese,,,2.0,
dufu_chunk_0389,dufu_31232,annotations_context,"Poem: 漫成二首

Scholarly Annotations:
  一作野月茫茫
  一作江",49,Du Fu (杜甫),761年,漫成二首,律詩,Classical Chinese,,,,2.0
dufu_chunk_0390,dufu_31233,poem_content,"Poem Title: 漫成二首

Poem Text:
江臯已仲春，
花下復清晨。
仰面貪看鳥，
回頭錯應人。
讀書難字過，
對酒滿壺頻。
近識峨眉老，
知予嬾是真。

Creation Date: 761年
Location: CN5101
Poem Type: 律詩",136,Du Fu (杜甫),761年,漫成二首,律詩,Classical Chinese,True,True,,
dufu_chunk_0391,dufu_31233,allusions_context,"Poem: 漫成二首

Literary Allusions and References:
  峨眉老",52,Du Fu (杜甫),761年,漫成二首,律詩,Classical Chinese,,,1.0,
dufu_chunk_0392,dufu_31233,annotations_context,"Poem: 漫成二首

Scholarly Annotations:
  東山隱者",41,Du Fu (杜甫),761年,漫成二首,律詩,Classical Chinese,,,,1.0
dufu_chunk_0393,dufu_30930,poem_content,"Poem Title: 春夜喜雨

Poem Text:
好雨知時節，
當春乃發生。
隨風潛入夜，
潤物細無聲。
野徑雲俱黑，
江船火獨明。
曉看紅濕處，
花重錦官城。

Creation Date: 761年
Location: CN5101
Poem Type: 律詩",136,Du Fu (杜甫),761年,春夜喜雨,律詩,Classical Chinese,False,True,,
dufu_chunk_0394,dufu_30930,annotations_context,"Poem: 春夜喜雨

Scholarly Annotations:
  一作及",40,Du Fu (杜甫),761年,春夜喜雨,律詩,Classical Chinese,,,,1.0
dufu_chunk_0395,dufu_30927,poem_content,"Poem Title: 春水

Poem Text:
三月桃花浪，
江流復舊痕。
朝來沒沙尾，
碧色動柴門。
接縷垂芳餌，
連筒灌小園。
已添無數鳥，
爭浴故相喧。

Creation Date: 761年
Location: CN5101
Poem Type: 律詩",134,Du Fu (杜甫),761年,春水,律詩,Classical Chinese,True,True,,
dufu_chunk_0396,dufu_30927,allusions_context,"Poem: 春水

Literary Allusions and References:
  春水漾桃花",52,Du Fu (杜甫),761年,春水,律詩,Classical Chinese,,,1.0,
dufu_chunk_0397,dufu_30927,annotations_context,"Poem: 春水

Scholarly Annotations:
  一作水
  一作岸
  一作不知無數鳥，何意更相喧",60,Du Fu (杜甫),761年,春水,律詩,Classical Chinese,,,,3.0
dufu_chunk_0398,dufu_30718,poem_content,"Poem Title: 江亭

Poem Text:
坦腹江亭暖，
長吟野望時。
水流心不競，
雲在意俱遲。
寂寂春將晚，
欣欣物自私。
故林歸未得，
排悶強裁詩。

Creation Date: 761年
Location: CN5101
Poem Type: 律詩",134,Du Fu (杜甫),761年,江亭,律詩,Classical Chinese,False,True,,
dufu_chunk_0399,dufu_30718,annotations_context,"Poem: 江亭

Scholarly Annotations:
  一作臥
  一作江東猶苦戰，回首一顰眉",54,Du Fu (杜甫),761年,江亭,律詩,Classical Chinese,,,,2.0
dufu_chunk_0400,dufu_30791,poem_content,"Poem Title: 村夜

Poem Text:
蕭蕭風色暮，
江頭人不行。
村舂雨外急，
鄰火夜深明。
胡羯何多難，
漁樵寄此生。
中原有兄弟，
萬里正含情。

Creation Date: 760年
Location: CN5101
Poem Type: 律詩",134,Du Fu (杜甫),760年,村夜,律詩,Classical Chinese,False,True,,
dufu_chunk_0401,dufu_30791,annotations_context,"Poem: 村夜

Scholarly Annotations:
  一作風色蕭蕭",41,Du Fu (杜甫),760年,村夜,律詩,Classical Chinese,,,,1.0
dufu_chunk_0402,dufu_30696,poem_content,"Poem Title: 早起

Poem Text:
春來常早起，
幽事頗相關。
帖石防隤岸，
開林出遠山。
一丘藏曲折，
緩步有躋攀。
童僕來城市，
瓶中得酒還。

Creation Date: 761年
Location: CN5101
Poem Type: 律詩",134,Du Fu (杜甫),761年,早起,律詩,Classical Chinese,False,False,,
dufu_chunk_0403,dufu_30645,poem_content,"Poem Title: 可惜

Poem Text:
花飛有底急，
老去願春遲。
可惜歡娛地，
都非少壯時。
寬心應是酒，
遣興莫過詩。
此意陶潛解，
吾生後汝期。

Creation Date: 761年
Location: CN5101
Poem Type: 律詩",134,Du Fu (杜甫),761年,可惜,律詩,Classical Chinese,False,False,,
dufu_chunk_0404,dufu_31195,poem_content,"Poem Title: 落日

Poem Text:
落日在簾鉤，
溪邊春事幽。
芳菲緣岸圃，
樵爨倚灘舟。
啅雀爭枝墜，
飛蟲滿院遊。
濁醪誰造汝，
一酌散千憂。

Creation Date: 761年
Location: CN5101
Poem Type: 律詩",134,Du Fu (杜甫),761年,落日,律詩,Classical Chinese,False,True,,
dufu_chunk_0405,dufu_31195,annotations_context,"Poem: 落日

Scholarly Annotations:
  一作酌罷
  罷人憂",45,Du Fu (杜甫),761年,落日,律詩,Classical Chinese,,,,2.0
dufu_chunk_0406,dufu_30941,poem_content,"Poem Title: 獨酌

Poem Text:
步屨深林晚，
開樽獨酌遲。
仰蜂黏落絮，
行蟻上枯梨。
薄劣慚真隱，
幽偏得自怡。
本無軒冕意，
不是傲當時。

Creation Date: 761年
Location: CN5101
Poem Type: 律詩",134,Du Fu (杜甫),761年,獨酌,律詩,Classical Chinese,False,True,,
dufu_chunk_0407,dufu_30941,annotations_context,"Poem: 獨酌

Scholarly Annotations:
  一作履，一作倚杖
  一作蘂
  戶郎切，一作倒",59,Du Fu (杜甫),761年,獨酌,律詩,Classical Chinese,,,,3.0
dufu_chunk_0408,dufu_31035,poem_content,"Poem Title: 徐步

Poem Text:
整履步青蕪，
荒庭日欲晡。
芹泥隨燕觜，
花蘂上蜂鬚。
把酒從衣濕，
吟詩信杖扶。
敢論才見忌，
實有醉如愚。

Creation Date: 761年
Location: CN5101
Poem Type: 律詩",134,Du Fu (杜甫),761年,徐步,律詩,Classical Chinese,False,True,,
dufu_chunk_0409,dufu_31035,annotations_context,"Poem: 徐步

Scholarly Annotations:
  一作屐，一作屣
  一作蘂粉",49,Du Fu (杜甫),761年,徐步,律詩,Classical Chinese,,,,2.0
dufu_chunk_0410,dufu_31164,poem_content,"Poem Title: 寒食

Poem Text:
寒食江村路，
風花高下飛。
汀煙輕冉冉，
竹日靜暉暉。
田父要皆去，
鄰家鬧不違。
地偏相識盡，
雞犬亦忘歸。

Creation Date: 761年
Location: CN5101
Poem Type: 律詩",134,Du Fu (杜甫),761年,寒食,律詩,Classical Chinese,False,True,,
dufu_chunk_0411,dufu_31164,annotations_context,"Poem: 寒食

Scholarly Annotations:
  一作樹，一作落
  一作舍
  一作問
  一作機",60,Du Fu (杜甫),761年,寒食,律詩,Classical Chinese,,,,4.0
dufu_chunk_0412,dufu_31103,poem_content,"Poem Title: 高柟

Poem Text:
柟樹色冥冥，
江邊一蓋青。
近根開藥圃，
接葉製茅亭。
落景陰猶合，
微風韻可聽。
尋常絕醉困，
臥此片時醒。

Creation Date: 761年
Location: CN5101
Poem Type: 律詩",134,Du Fu (杜甫),761年,高柟,律詩,Classical Chinese,False,False,,
dufu_chunk_0413,dufu_31036,poem_content,"Poem Title: 惡樹

Poem Text:
獨遶虛齋徑，
常持小斧柯。
幽陰成頗雜，
惡木剪還多。
枸杞因吾有，
雞棲奈汝何。
方知不材者，
生長漫婆娑。

Creation Date: 761年
Location: CN5101
Poem Type: 律詩",134,Du Fu (杜甫),761年,惡樹,律詩,Classical Chinese,True,True,,
dufu_chunk_0414,dufu_31036,allusions_context,"Poem: 惡樹

Literary Allusions and References:
  不材木
  雞棲",55,Du Fu (杜甫),761年,惡樹,律詩,Classical Chinese,,,2.0,
dufu_chunk_0415,dufu_31036,annotations_context,"Poem: 惡樹

Scholarly Annotations:
  一作固
  皂莢樹一名雞棲
  一作爾
  一作木",60,Du Fu (杜甫),761年,惡樹,律詩,Classical Chinese,,,,4.0
dufu_chunk_0416,dufu_30671,poem_content,"Poem Title: 石鏡

Poem Text:
蜀王將此鏡，
送死置空山。
冥寞憐香骨，
提攜近玉顏。
衆妃無復歎，
千騎亦虛還。
獨有傷心石，
埋輪月宇間。

Creation Date: 761年
Location: CN5101
Poem Type: 律詩",134,Du Fu (杜甫),761年,石鏡,律詩,Classical Chinese,True,True,,
dufu_chunk_0417,dufu_30671,allusions_context,"Poem: 石鏡

Literary Allusions and References:
  埋輪
  蜀王鏡",55,Du Fu (杜甫),761年,石鏡,律詩,Classical Chinese,,,2.0,
dufu_chunk_0418,dufu_30671,annotations_context,"Poem: 石鏡

Scholarly Annotations:
  成都一丈夫，化爲女子，美而豔，蜀王納爲妃。未幾物故，王哀念之，遣五丁擔武都之土爲冢，高七丈，上有石，圓五寸，徑五尺，瑩徹如鏡。",98,Du Fu (杜甫),761年,石鏡,律詩,Classical Chinese,,,,1.0
dufu_chunk_0419,dufu_31185,poem_content,"Poem Title: 琴臺

Poem Text:
茂陵多病後，
尚愛卓文君。
酒肆人間世，
琴臺日暮雲。
野花留寶靨，
蔓草見羅帬。
歸鳳求皇意，
寥寥不復聞。

Creation Date: 761年
Location: CN5101
Poem Type: 律詩",134,Du Fu (杜甫),761年,琴臺,律詩,Classical Chinese,True,True,,
dufu_chunk_0420,dufu_31185,allusions_context,"Poem: 琴臺

Literary Allusions and References:
  求凰",49,Du Fu (杜甫),761年,琴臺,律詩,Classical Chinese,,,1.0,
dufu_chunk_0421,dufu_31185,annotations_context,"Poem: 琴臺

Scholarly Annotations:
  司馬相如宅在州西笮橋，北有琴臺。",51,Du Fu (杜甫),761年,琴臺,律詩,Classical Chinese,,,,1.0
dufu_chunk_0422,dufu_31015,poem_content,"Poem Title: 聞斛斯六官未歸

Poem Text:
故人南郡去，
去索作碑錢。
本賣文爲活，
飜令室倒懸。
荆扉深蔓草，
土銼冷疎煙。
老罷休無賴，
歸來省醉眠。

Creation Date: 761年
Location: CN5101
Poem Type: 律詩",139,Du Fu (杜甫),761年,聞斛斯六官未歸,律詩,Classical Chinese,False,False,,
dufu_chunk_0423,dufu_31183,poem_content,"Poem Title: 遊修覺寺

Poem Text:
野寺江天豁，
山扉花竹幽。
詩應有神助，
吾得及春遊。
徑石相縈帶，
川雲自去留。
禪枝宿衆鳥，
漂轉暮歸愁。

Creation Date: 761年
Location: CN5101
Poem Type: 律詩",136,Du Fu (杜甫),761年,遊修覺寺,律詩,Classical Chinese,True,True,,
dufu_chunk_0424,dufu_31183,allusions_context,"Poem: 遊修覺寺

Literary Allusions and References:
  夢中芳草",53,Du Fu (杜甫),761年,遊修覺寺,律詩,Classical Chinese,,,1.0,
dufu_chunk_0425,dufu_31183,annotations_context,"Poem: 遊修覺寺

Scholarly Annotations:
  一作深
  一作晚",46,Du Fu (杜甫),761年,遊修覺寺,律詩,Classical Chinese,,,,2.0
dufu_chunk_0426,dufu_30678,poem_content,"Poem Title: 後遊

Poem Text:
寺憶新遊處，
橋憐再渡時。
江山如有待，
花柳更無私。
野潤煙光薄，
沙暄日色遲。
客愁全爲減，
捨此復何之。

Creation Date: 761年
Location: CN5101
Poem Type: 律詩",134,Du Fu (杜甫),761年,後遊,律詩,Classical Chinese,False,True,,
dufu_chunk_0427,dufu_30678,annotations_context,"Poem: 後遊

Scholarly Annotations:
  一作曾，一作重",42,Du Fu (杜甫),761年,後遊,律詩,Classical Chinese,,,,1.0
dufu_chunk_0428,dufu_31250,poem_content,"Poem Title: 題新津北橋樓

Poem Text:
望極春城上，
開筵近鳥巢。
白花簷外朵，
青柳檻前梢。
池水觀爲政，
廚煙覺遠庖。
西川供客眼，
唯有此江郊。

Creation Date: 761年
Location: CN5101
Poem Type: 律詩",138,Du Fu (杜甫),761年,題新津北橋樓,律詩,Classical Chinese,False,True,,
dufu_chunk_0429,dufu_31250,annotations_context,"Poem: 題新津北橋樓

Scholarly Annotations:
  得郊字
  一作遠
  一作醉客
  一作偏愛",62,Du Fu (杜甫),761年,題新津北橋樓,律詩,Classical Chinese,,,,4.0
dufu_chunk_0430,dufu_30722,poem_content,"Poem Title: 江漲

Poem Text:
江發蠻夷漲，
山添雨雪流。
大聲吹地轉，
高浪蹴天浮。
魚鱉爲人得，
蛟龍不自謀。
輕帆好去便，
吾道付滄洲。

Creation Date: 761年
Location: CN5101
Poem Type: 律詩",134,Du Fu (杜甫),761年,江漲,律詩,Classical Chinese,False,True,,
dufu_chunk_0431,dufu_30722,annotations_context,"Poem: 江漲

Scholarly Annotations:
  一作在",38,Du Fu (杜甫),761年,江漲,律詩,Classical Chinese,,,,1.0
dufu_chunk_0432,dufu_31132,poem_content,"Poem Title: 晚晴

Poem Text:
村晚驚風度，
庭幽過雨霑。
夕陽薰細草，
江色映疎簾。
書亂誰能帙，
桮乾可自添。
時聞有餘論，
未怪老夫潛。

Creation Date: 761年
Location: CN5101
Poem Type: 律詩",134,Du Fu (杜甫),761年,晚晴,律詩,Classical Chinese,False,True,,
dufu_chunk_0433,dufu_31132,annotations_context,"Poem: 晚晴

Scholarly Annotations:
  王符有《潛夫論》",43,Du Fu (杜甫),761年,晚晴,律詩,Classical Chinese,,,,1.0
dufu_chunk_0434,dufu_31179,poem_content,"Poem Title: 朝雨

Poem Text:
涼氣晚蕭蕭，
江雲亂眼飄。
風鴛藏近渚，
雨燕集深條。
黃綺終辭漢，
巢由不見堯。
草堂樽酒在，
幸得過清朝。

Creation Date: 761年
Location: CN5101
Poem Type: 律詩",134,Du Fu (杜甫),761年,朝雨,律詩,Classical Chinese,True,True,,
dufu_chunk_0435,dufu_31179,allusions_context,"Poem: 朝雨

Literary Allusions and References:
  黃綺",49,Du Fu (杜甫),761年,朝雨,律詩,Classical Chinese,,,1.0,
dufu_chunk_0436,dufu_31179,annotations_context,"Poem: 朝雨

Scholarly Annotations:
  一作曉
  一作投
  一作宵",50,Du Fu (杜甫),761年,朝雨,律詩,Classical Chinese,,,,3.0
dufu_chunk_0437,dufu_31002,poem_content,"Poem Title: 送裴五赴東川

Poem Text:
故人亦流落，
高義動乾坤。
何日通燕塞，
相看老蜀門。
東行應暫別，
北望苦銷魂。
凜凜悲秋意，
非君誰與論。

Creation Date: 761年
Location: CN5101
Poem Type: 律詩",138,Du Fu (杜甫),761年,送裴五赴東川,律詩,Classical Chinese,True,False,,
dufu_chunk_0438,dufu_31002,allusions_context,"Poem: 送裴五赴東川

Literary Allusions and References:
  悲秋",53,Du Fu (杜甫),761年,送裴五赴東川,律詩,Classical Chinese,,,1.0,
dufu_chunk_0439,dufu_30972,poem_content,"Poem Title: 赴青城縣出成都寄陶王二少尹

Poem Text:
老恥妻孥笑，
貧嗟出入勞。
客情投異縣，
詩態憶吾曹。
東郭滄江合，
西山白雪高。
文章差底病，
回首興滔滔。

Creation Date: 761年
Location: CN5101
Poem Type: 律詩",145,Du Fu (杜甫),761年,赴青城縣出成都寄陶王二少尹,律詩,Classical Chinese,False,True,,
dufu_chunk_0440,dufu_30972,annotations_context,"Poem: 赴青城縣出成都寄陶王二少尹

Scholarly Annotations:
  一作老被樊籠役
  一作君
  一作浪",65,Du Fu (杜甫),761年,赴青城縣出成都寄陶王二少尹,律詩,Classical Chinese,,,,3.0
dufu_chunk_0441,dufu_31768,poem_content,"Poem Title: 野望因過常少仙

Poem Text:
野橋齊度馬，
秋望轉悠哉。
竹覆青城合，
江從灌口來。
入村樵徑引，
嘗果栗皺開。
落盡高天日，
幽人未遣迴。

Creation Date: 761年
Location: CN5101
Poem Type: 律詩",139,Du Fu (杜甫),761年,野望因過常少仙,律詩,Classical Chinese,False,True,,
dufu_chunk_0442,dufu_31768,annotations_context,"Poem: 野望因過常少仙

Scholarly Annotations:
  一作園",43,Du Fu (杜甫),761年,野望因過常少仙,律詩,Classical Chinese,,,,1.0
dufu_chunk_0443,dufu_30839,poem_content,"Poem Title: 奉簡高三十五使君

Poem Text:
當代論才子，
如公復幾人。
驊騮開道路，
鷹隼出風塵。
行色秋將晚，
交情老更親。
天涯喜相見，
披豁對吾真。

Creation Date: 760年
Location: CN5101
Poem Type: 律詩",140,Du Fu (杜甫),760年,奉簡高三十五使君,律詩,Classical Chinese,True,True,,
dufu_chunk_0444,dufu_30839,allusions_context,"Poem: 奉簡高三十五使君

Literary Allusions and References:
  驊騮",55,Du Fu (杜甫),760年,奉簡高三十五使君,律詩,Classical Chinese,,,1.0,
dufu_chunk_0445,dufu_30839,annotations_context,"Poem: 奉簡高三十五使君

Scholarly Annotations:
  一作道",44,Du Fu (杜甫),760年,奉簡高三十五使君,律詩,Classical Chinese,,,,1.0
dufu_chunk_0446,dufu_31219,poem_content,"Poem Title: 酬高使君相贈

Poem Text:
古寺僧牢落，
空房客寓居。
故人供祿米，
鄰舍與園蔬。
雙樹容聽法，
三車肯載書。
草玄吾豈敢，
賦或似相如。

Creation Date: 760年
Location: CN5101
Poem Type: 律詩",138,Du Fu (杜甫),760年,酬高使君相贈,律詩,Classical Chinese,True,True,,
dufu_chunk_0447,dufu_31219,allusions_context,"Poem: 酬高使君相贈

Literary Allusions and References:
  草玄",53,Du Fu (杜甫),760年,酬高使君相贈,律詩,Classical Chinese,,,1.0,
dufu_chunk_0448,dufu_31219,annotations_context,"Poem: 酬高使君相贈

Scholarly Annotations:
  一作得
  窺基師以三車自隨，前乘經論箱袟，中乘自御，後乘妓女食饌，詩言我如三車自隨，但當用以載書耳
  一作比",95,Du Fu (杜甫),760年,酬高使君相贈,律詩,Classical Chinese,,,,3.0
dufu_chunk_0449,dufu_30969,poem_content,"Poem Title: 草堂即事

Poem Text:
荒村建子月，
獨樹老夫家。
霧裏江船渡，
風前徑竹斜。
寒魚依密藻，
宿鷺起圓沙。
蜀酒禁愁得，
無錢何處賒。

Creation Date: 761年
Location: CN5101
Poem Type: 律詩",136,Du Fu (杜甫),761年,草堂即事,律詩,Classical Chinese,False,True,,
dufu_chunk_0450,dufu_30969,annotations_context,"Poem: 草堂即事

Scholarly Annotations:
  上元二年建子月壬午朔，上受朝賀如正旦儀，以其月爲歲首
  一作雪",69,Du Fu (杜甫),761年,草堂即事,律詩,Classical Chinese,,,,2.0
dufu_chunk_0451,dufu_31266,poem_content,"Poem Title: 魏十四侍御就弊廬相別

Poem Text:
有客騎驄馬，
江邊問草堂。
遠尋留藥價，
惜別到文場。
入幕旌旗動，
歸軒錦繡香。
時應念衰疾，
書疏及滄浪。

Creation Date: 762年
Location: CN5101
Poem Type: 律詩",142,Du Fu (杜甫),762年,魏十四侍御就弊廬相別,律詩,Classical Chinese,True,True,,
dufu_chunk_0452,dufu_31266,allusions_context,"Poem: 魏十四侍御就弊廬相別

Literary Allusions and References:
  驄馬
  滄浪",62,Du Fu (杜甫),762年,魏十四侍御就弊廬相別,律詩,Classical Chinese,,,2.0,
dufu_chunk_0453,dufu_31266,annotations_context,"Poem: 魏十四侍御就弊廬相別

Scholarly Annotations:
  一作倒
  一作迹",52,Du Fu (杜甫),762年,魏十四侍御就弊廬相別,律詩,Classical Chinese,,,,2.0
dufu_chunk_0454,dufu_31034,poem_content,"Poem Title: 徐九少尹見過

Poem Text:
晚景孤村僻，
行軍數騎來。
交新徒有喜，
禮厚媿無才。
賞靜憐雲竹，
忘歸步月臺。
何當看花蘂，
欲發照江梅。

Creation Date: 761年
Location: CN5101
Poem Type: 律詩",138,Du Fu (杜甫),761年,徐九少尹見過,律詩,Classical Chinese,False,True,,
dufu_chunk_0455,dufu_31034,annotations_context,"Poem: 徐九少尹見過

Scholarly Annotations:
  唐以少尹爲行軍長史",48,Du Fu (杜甫),761年,徐九少尹見過,律詩,Classical Chinese,,,,1.0
dufu_chunk_0456,dufu_30878,poem_content,"Poem Title: 范二員外邈吳十侍御郁特枉駕闕展待聊寄此

Poem Text:
暫往比鄰去，
空聞二妙歸。
幽棲誠簡略，
衰白已光輝。
野外貧家遠，
村中好客稀。
論文或不媿，
肯重欵柴扉。

Creation Date: 761年
Location: CN5101
Poem Type: 律詩",151,Du Fu (杜甫),761年,范二員外邈吳十侍御郁特枉駕闕展待聊寄此,律詩,Classical Chinese,False,True,,
dufu_chunk_0457,dufu_30878,annotations_context,"Poem: 范二員外邈吳十侍御郁特枉駕闕展待聊寄此

Scholarly Annotations:
  一本下有作字
  一作至",64,Du Fu (杜甫),761年,范二員外邈吳十侍御郁特枉駕闕展待聊寄此,律詩,Classical Chinese,,,,2.0
dufu_chunk_0458,dufu_30627,poem_content,"Poem Title: 王竟攜酒高亦同過共用寒字

Poem Text:
臥病荒郊遠，
通行小徑難。
故人能領客，
攜酒重相看。
自媿無鮭菜，
空煩卸馬鞍。
移樽勸山簡，
頭白恐風寒。

Creation Date: 761年
Location: CN5101
Poem Type: 律詩",144,Du Fu (杜甫),761年,王竟攜酒高亦同過共用寒字,律詩,Classical Chinese,True,True,,
dufu_chunk_0459,dufu_30627,allusions_context,"Poem: 王竟攜酒高亦同過共用寒字

Literary Allusions and References:
  山簡
  無鮭菜",65,Du Fu (杜甫),761年,王竟攜酒高亦同過共用寒字,律詩,Classical Chinese,,,2.0,
dufu_chunk_0460,dufu_30627,annotations_context,"Poem: 王竟攜酒高亦同過共用寒字

Scholarly Annotations:
  一作蝦
  原注：高每云：“汝年幾且不必小于我。”故此句戲之",75,Du Fu (杜甫),761年,王竟攜酒高亦同過共用寒字,律詩,Classical Chinese,,,,2.0
dufu_chunk_0461,dufu_31084,poem_content,"Poem Title: 陪李七司馬皂江上觀造竹橋即日成往來之人免冬寒入水聊題短作簡李公二首

Poem Text:
把燭成橋夜，
迴舟坐客時。
天高雲去盡，
江迥月來遲。
衰謝多扶病，
招邀屢有期。
異方乘此興，
樂罷不無悲。

Creation Date: 761年
Location: CN510184
Poem Type: 律詩",167,Du Fu (杜甫),761年,陪李七司馬皂江上觀造竹橋即日成往來之人免冬寒入水聊題短作簡李公二首,律詩,Classical Chinese,False,True,,
dufu_chunk_0462,dufu_31084,annotations_context,"Poem: 陪李七司馬皂江上觀造竹橋即日成往來之人免冬寒入水聊題短作簡李公二首

Scholarly Annotations:
  第二首，草堂本題云《觀作橋成月夜舟中有述還呈李司馬》。
  一作橋成
  一作客坐",107,Du Fu (杜甫),761年,陪李七司馬皂江上觀造竹橋即日成往來之人免冬寒入水聊題短作簡李公二首,律詩,Classical Chinese,,,,3.0
dufu_chunk_0463,dufu_30756,poem_content,"Poem Title: 觀李固請司馬弟山水圖三首

Poem Text:
簡易高人意，
匡牀竹火爐。
寒天留遠客，
碧海挂新圖。
雖對連山好，
貪看絕島孤。
羣仙不愁思，
冉冉下蓬壺。

Creation Date: 764年
Location: CN5101
Poem Type: 律詩",144,Du Fu (杜甫),764年,觀李固請司馬弟山水圖三首,律詩,Classical Chinese,False,True,,
dufu_chunk_0464,dufu_30756,annotations_context,"Poem: 觀李固請司馬弟山水圖三首

Scholarly Annotations:
  一作體",48,Du Fu (杜甫),764年,觀李固請司馬弟山水圖三首,律詩,Classical Chinese,,,,1.0
dufu_chunk_0465,dufu_30757,poem_content,"Poem Title: 觀李固請司馬弟山水圖三首

Poem Text:
方丈渾連水，
天臺總映雲。
人間長見畫，
老去恨空聞。
范蠡舟偏小，
王喬鶴不羣。
此生隨萬物，
何路出塵氛。

Creation Date: 764年
Location: CN5101
Poem Type: 律詩",144,Du Fu (杜甫),764年,觀李固請司馬弟山水圖三首,律詩,Classical Chinese,True,True,,
dufu_chunk_0466,dufu_30757,allusions_context,"Poem: 觀李固請司馬弟山水圖三首

Literary Allusions and References:
  范蠡舟
  王喬",65,Du Fu (杜甫),764年,觀李固請司馬弟山水圖三首,律詩,Classical Chinese,,,2.0,
dufu_chunk_0467,dufu_30757,annotations_context,"Poem: 觀李固請司馬弟山水圖三首

Scholarly Annotations:
  一作身老",49,Du Fu (杜甫),764年,觀李固請司馬弟山水圖三首,律詩,Classical Chinese,,,,1.0
dufu_chunk_0468,dufu_30758,poem_content,"Poem Title: 觀李固請司馬弟山水圖三首

Poem Text:
高浪垂翻屋，
崩崖欲壓牀。
野橋分子細，
沙岸繞微茫。
紅浸珊瑚短，
青懸薜荔長。
浮查並坐得，
仙老暫相將。

Creation Date: 764年
Location: CN5101
Poem Type: 律詩",144,Du Fu (杜甫),764年,觀李固請司馬弟山水圖三首,律詩,Classical Chinese,False,True,,
dufu_chunk_0469,dufu_30758,annotations_context,"Poem: 觀李固請司馬弟山水圖三首

Scholarly Annotations:
  一作樓
  一作相並坐",56,Du Fu (杜甫),764年,觀李固請司馬弟山水圖三首,律詩,Classical Chinese,,,,2.0
dufu_chunk_0470,dufu_31259,poem_content,"Poem Title: 贈別何邕

Poem Text:
生死論交地，
何由見一人。
悲君隨燕雀，
薄宦走風塵。
綿谷元通漢，
沱江不向秦。
五陵花滿眼，
傳語故鄉春。

Creation Date: 762年
Location: CN5101
Poem Type: 律詩",136,Du Fu (杜甫),762年,贈別何邕,律詩,Classical Chinese,False,False,,
dufu_chunk_0471,dufu_31260,poem_content,"Poem Title: 贈別鄭鍊赴襄陽

Poem Text:
戎馬交馳際，
柴門老病身。
把君詩過日，
念此別驚神。
地闊峨眉晚，
天高峴首春。
爲於耆舊內，
試覓姓龐人。

Creation Date: 762年
Location: CN5101
Poem Type: 律詩",139,Du Fu (杜甫),762年,贈別鄭鍊赴襄陽,律詩,Classical Chinese,True,True,,
dufu_chunk_0472,dufu_31260,allusions_context,"Poem: 贈別鄭鍊赴襄陽

Literary Allusions and References:
  姓龐",54,Du Fu (杜甫),762年,贈別鄭鍊赴襄陽,律詩,Classical Chinese,,,1.0,
dufu_chunk_0473,dufu_31260,annotations_context,"Poem: 贈別鄭鍊赴襄陽

Scholarly Annotations:
  一作目
  一作念別意驚神
  一作曉，一作遠",63,Du Fu (杜甫),762年,贈別鄭鍊赴襄陽,律詩,Classical Chinese,,,,3.0
dufu_chunk_0474,dufu_30577,poem_content,"Poem Title: 廣州段功曹到得楊五長史譚書功曹却歸聊寄此詩

Poem Text:
衛青開幕府，
楊僕將樓船。
漢節梅花外，
春城海水邊。
銅梁書遠及，
珠浦使將旋。
貧病他鄉老，
煩君萬里傳。

Creation Date: 762年
Location: CN5101
Poem Type: 律詩",153,Du Fu (杜甫),762年,廣州段功曹到得楊五長史譚書功曹却歸聊寄此詩,律詩,Classical Chinese,True,False,,
dufu_chunk_0475,dufu_30577,allusions_context,"Poem: 廣州段功曹到得楊五長史譚書功曹却歸聊寄此詩

Literary Allusions and References:
  珠浦
  楊仆船橦
  衛青開幕",82,Du Fu (杜甫),762年,廣州段功曹到得楊五長史譚書功曹却歸聊寄此詩,律詩,Classical Chinese,,,3.0,
dufu_chunk_0476,dufu_31122,poem_content,"Poem Title: 得廣州張判官叔卿書使還以詩代意

Poem Text:
鄉關胡騎遠，
宇宙蜀城偏。
忽得炎州信，
遙從月峽傳。
雲深驃騎幕，
夜隔孝廉船。
却寄雙愁眼，
相思淚點懸。

Creation Date: 762年
Location: CN5101
Poem Type: 律詩",147,Du Fu (杜甫),762年,得廣州張判官叔卿書使還以詩代意,律詩,Classical Chinese,True,True,,
dufu_chunk_0477,dufu_31122,allusions_context,"Poem: 得廣州張判官叔卿書使還以詩代意

Literary Allusions and References:
  孝廉船",63,Du Fu (杜甫),762年,得廣州張判官叔卿書使還以詩代意,律詩,Classical Chinese,,,1.0,
dufu_chunk_0478,dufu_31122,annotations_context,"Poem: 得廣州張判官叔卿書使還以詩代意

Scholarly Annotations:
  叔卿，魯人，見甫雜述。
  一作滿
  一作望",71,Du Fu (杜甫),762年,得廣州張判官叔卿書使還以詩代意,律詩,Classical Chinese,,,,3.0
dufu_chunk_0479,dufu_30995,poem_content,"Poem Title: 送段功曹歸廣州

Poem Text:
南海春天外，
功曹幾月程。
峽雲籠樹小，
湖日落船明。
交趾丹砂重，
韶州白葛輕。
幸君因旅客，
時寄錦官城。

Creation Date: 762年
Location: CN5101
Poem Type: 律詩",139,Du Fu (杜甫),762年,送段功曹歸廣州,律詩,Classical Chinese,False,True,,
dufu_chunk_0480,dufu_30995,annotations_context,"Poem: 送段功曹歸廣州

Scholarly Annotations:
  一作行
  一作蕩
  一作估",55,Du Fu (杜甫),762年,送段功曹歸廣州,律詩,Classical Chinese,,,,3.0
dufu_chunk_0481,dufu_30713,poem_content,"Poem Title: 江頭五詠

Poem Text:
梔子比衆木，
人間誠未多。
於身色有用，
與道氣傷和。
紅取風霜實，
青看雨露柯。
無情移得汝，
貴在映江波。

Creation Date: 762年
Location: CN5101
Poem Type: 律詩",136,Du Fu (杜甫),762年,江頭五詠,律詩,Classical Chinese,False,True,,
dufu_chunk_0482,dufu_30713,annotations_context,"Poem: 江頭五詠

Scholarly Annotations:
  一作相",40,Du Fu (杜甫),762年,江頭五詠,律詩,Classical Chinese,,,,1.0
dufu_chunk_0483,dufu_30714,poem_content,"Poem Title: 江頭五詠

Poem Text:
故使籠寬織，
須知動損毛。
看雲莫悵望，
失水任呼號。
六翮曾經剪，
孤飛卒未高。
且無鷹隼慮，
留滯莫辭勞。

Creation Date: 762年
Location: CN5101
Poem Type: 律詩",136,Du Fu (杜甫),762年,江頭五詠,律詩,Classical Chinese,False,True,,
dufu_chunk_0484,dufu_30714,annotations_context,"Poem: 江頭五詠

Scholarly Annotations:
  一作只",40,Du Fu (杜甫),762年,江頭五詠,律詩,Classical Chinese,,,,1.0
dufu_chunk_0485,dufu_30712,poem_content,"Poem Title: 江頭五詠

Poem Text:
花鴨無泥滓，
堦前每緩行。
羽毛知獨立，
黑白太分明。
不覺羣心妒，
休牽衆眼驚。
稻粱霑汝在，
作意莫先鳴。

Creation Date: 762年
Location: CN5101
Poem Type: 律詩",136,Du Fu (杜甫),762年,江頭五詠,律詩,Classical Chinese,False,True,,
dufu_chunk_0486,dufu_30712,annotations_context,"Poem: 江頭五詠

Scholarly Annotations:
  一作中庭
  一作知",47,Du Fu (杜甫),762年,江頭五詠,律詩,Classical Chinese,,,,2.0
dufu_chunk_0487,dufu_30943,poem_content,"Poem Title: 畏人

Poem Text:
早花隨處發，
春鳥異方啼。
萬里清江上，
三年落日低。
畏人成小築，
褊性合幽棲。
門徑從榛草，
無心走馬蹄。

Creation Date: 762年
Location: CN5101
Poem Type: 律詩",134,Du Fu (杜甫),762年,畏人,律詩,Classical Chinese,False,True,,
dufu_chunk_0488,dufu_30943,annotations_context,"Poem: 畏人

Scholarly Annotations:
  一作峰
  一作徑沒
  一作待",51,Du Fu (杜甫),762年,畏人,律詩,Classical Chinese,,,,3.0
dufu_chunk_0489,dufu_30803,poem_content,"Poem Title: 遠遊

Poem Text:
賤子何人記，
迷芳著處家。
竹風連野色，
江沫擁春沙。
種藥扶衰病，
吟詩解歎嗟。
似聞胡騎走，
失喜問京華。

Creation Date: 763年
Location: CN510722
Poem Type: 律詩",136,Du Fu (杜甫),763年,遠遊,律詩,Classical Chinese,False,True,,
dufu_chunk_0490,dufu_30803,annotations_context,"Poem: 遠遊

Scholarly Annotations:
  一作方",38,Du Fu (杜甫),763年,遠遊,律詩,Classical Chinese,,,,1.0
dufu_chunk_0491,dufu_30621,poem_content,"Poem Title: 水檻遣心二首

Poem Text:
去郭軒楹敞，
無村眺望賒。
澄江平少岸，
幽樹晚多花。
細雨魚兒出，
微風燕子斜。
城中十萬戶，
此地兩三家。

Creation Date: 759年
Location: CN6205
Poem Type: 律詩",138,Du Fu (杜甫),759年,水檻遣心二首,律詩,Classical Chinese,False,True,,
dufu_chunk_0492,dufu_30621,annotations_context,"Poem: 水檻遣心二首

Scholarly Annotations:
  一作興
  一作材",48,Du Fu (杜甫),759年,水檻遣心二首,律詩,Classical Chinese,,,,2.0
dufu_chunk_0493,dufu_30622,poem_content,"Poem Title: 水檻遣心二首

Poem Text:
蜀天常夜雨，
江檻已朝晴。
葉潤林塘密，
衣乾枕席清。
不堪秪老病，
何得尚浮名。
淺把涓涓酒，
深憑送此生。

Creation Date: 759年
Location: CN6205
Poem Type: 律詩",138,Du Fu (杜甫),759年,水檻遣心二首,律詩,Classical Chinese,False,True,,
dufu_chunk_0494,dufu_30622,annotations_context,"Poem: 水檻遣心二首

Scholarly Annotations:
  一作興
  一作支
  一作向",54,Du Fu (杜甫),759年,水檻遣心二首,律詩,Classical Chinese,,,,3.0
dufu_chunk_0495,dufu_30908,poem_content,"Poem Title: 屏跡三首

Poem Text:
用拙存吾道，
幽居近物情。
桑麻深雨露，
燕雀半生成。
村鼓時時急，
漁舟箇箇輕。
杖藜從白首，
心跡喜雙清。

Creation Date: 762年
Location: CN5101
Poem Type: 律詩",136,Du Fu (杜甫),762年,屏跡三首,律詩,Classical Chinese,False,True,,
dufu_chunk_0496,dufu_30908,annotations_context,"Poem: 屏跡三首

Scholarly Annotations:
  一作誠",40,Du Fu (杜甫),762年,屏跡三首,律詩,Classical Chinese,,,,1.0
dufu_chunk_0497,dufu_30909,poem_content,"Poem Title: 屏跡三首

Poem Text:
晚起家何事，
無營地轉幽。
竹光團野色，
舍影漾江流。
失學從兒嬾，
長貧任婦愁。
百年渾得醉，
一月不梳頭。

Creation Date: 762年
Location: CN5101
Poem Type: 律詩",136,Du Fu (杜甫),762年,屏跡三首,律詩,Classical Chinese,False,True,,
dufu_chunk_0498,dufu_30909,annotations_context,"Poem: 屏跡三首

Scholarly Annotations:
  一作圍
  一作山",46,Du Fu (杜甫),762年,屏跡三首,律詩,Classical Chinese,,,,2.0
dufu_chunk_0499,dufu_30765,poem_content,"Poem Title: 嚴公廳宴同詠蜀道畫圖

Poem Text:
日臨公館靜，
畫滿地圖雄。
劒閣星橋北，
松州雪嶺東。
華夷山不斷，
吳蜀水相通。
興與煙霞會，
清樽幸不空。

Creation Date: 762年
Location: CN5101
Poem Type: 律詩",142,Du Fu (杜甫),762年,嚴公廳宴同詠蜀道畫圖,律詩,Classical Chinese,False,True,,
dufu_chunk_0500,dufu_30765,annotations_context,"Poem: 嚴公廳宴同詠蜀道畫圖

Scholarly Annotations:
  得空字
  一作列",52,Du Fu (杜甫),762年,嚴公廳宴同詠蜀道畫圖,律詩,Classical Chinese,,,,2.0
dufu_chunk_0501,dufu_30826,poem_content,"Poem Title: 奉濟驛重送嚴公四韻

Poem Text:
遠送從此別，
青山空復情。
幾時桮重把，
昨夜月同行。
列郡謳歌惜，
三朝出入榮。
江村獨歸處，
寂寞養殘生。

Creation Date: 762年
Location: CN5107
Poem Type: 律詩",141,Du Fu (杜甫),762年,奉濟驛重送嚴公四韻,律詩,Classical Chinese,False,True,,
dufu_chunk_0502,dufu_30826,annotations_context,"Poem: 奉濟驛重送嚴公四韻

Scholarly Annotations:
  一作去",45,Du Fu (杜甫),762年,奉濟驛重送嚴公四韻,律詩,Classical Chinese,,,,1.0
dufu_chunk_0503,dufu_30603,poem_content,"Poem Title: 巴西驛亭觀江漲又呈竇使君

Poem Text:
宿雨南江漲，
波濤亂遠峰。
孤亭凌噴薄，
萬井逼舂容。
霄漢愁高鳥，
泥沙困老龍。
天邊同客舍，
攜我豁心胸。

Creation Date: 763年
Location: CN5107
Poem Type: 律詩",144,Du Fu (杜甫),763年,巴西驛亭觀江漲又呈竇使君,律詩,Classical Chinese,False,True,,
dufu_chunk_0504,dufu_30603,annotations_context,"Poem: 巴西驛亭觀江漲又呈竇使君

Scholarly Annotations:
  一作竇十五使君。",53,Du Fu (杜甫),763年,巴西驛亭觀江漲又呈竇使君,律詩,Classical Chinese,,,,1.0
dufu_chunk_0505,dufu_30537,poem_content,"Poem Title: 九日登梓州城

Poem Text:
伊昔黃花酒，
如今白髮翁。
追歡筋力異，
望遠歲時同。
弟妹悲歌裏，
朝廷醉眼中。
兵戈與關塞，
此日意無窮。

Creation Date: 762年
Location: CN510722
Poem Type: 律詩",140,Du Fu (杜甫),762年,九日登梓州城,律詩,Classical Chinese,False,True,,
dufu_chunk_0506,dufu_30537,annotations_context,"Poem: 九日登梓州城

Scholarly Annotations:
  一作乾坤",43,Du Fu (杜甫),762年,九日登梓州城,律詩,Classical Chinese,,,,1.0
dufu_chunk_0507,dufu_30535,poem_content,"Poem Title: 九日奉寄嚴大夫

Poem Text:
九日應愁思，
經時冒險艱。
不眠持漢節，
何路出巴山。
小驛香醪嫩，
重巖細菊斑。
遙知簇鞍馬，
迴首白雲間。

Creation Date: 762年
Location: CN510722
Poem Type: 律詩",141,Du Fu (杜甫),762年,九日奉寄嚴大夫,律詩,Classical Chinese,False,True,,
dufu_chunk_0508,dufu_30535,annotations_context,"Poem: 九日奉寄嚴大夫

Scholarly Annotations:
  一作雨
  寶應元年四月，召嚴武入朝，徐知道反，武阻兵，九月尚未出巴",74,Du Fu (杜甫),762年,九日奉寄嚴大夫,律詩,Classical Chinese,,,,2.0
dufu_chunk_0509,dufu_30784,poem_content,"Poem Title: 懷舊

Poem Text:
地下蘇司業，
情親獨有君。
那因喪亂後，
便有死生分。
老罷知明鏡，
悲來望白雲。
自從失詞伯，
不復更論文。

Creation Date: 764年
Location: CN5101
Poem Type: 律詩",134,Du Fu (杜甫),764年,懷舊,律詩,Classical Chinese,True,True,,
dufu_chunk_0510,dufu_30784,allusions_context,"Poem: 懷舊

Literary Allusions and References:
  望白雲",50,Du Fu (杜甫),764年,懷舊,律詩,Classical Chinese,,,1.0,
dufu_chunk_0511,dufu_30784,annotations_context,"Poem: 懷舊

Scholarly Annotations:
  一作衰
  一作更作
  原注：公前名預，緣避御諱，改爲源明",65,Du Fu (杜甫),764年,懷舊,律詩,Classical Chinese,,,,3.0
dufu_chunk_0512,dufu_30859,poem_content,"Poem Title: 所思

Poem Text:
鄭老身仍竄，
台州信所傳。
爲農山澗曲，
臥病海雲邊。
世已疎儒素，
人猶乞酒錢。
徒勞望牛斗，
無計劚龍泉。

Creation Date: 759年
Location: CN6205
Poem Type: 律詩",134,Du Fu (杜甫),759年,所思,律詩,Classical Chinese,False,True,,
dufu_chunk_0513,dufu_30859,annotations_context,"Poem: 所思

Scholarly Annotations:
  原注：得台鄭司房虔消息。
  一作始",53,Du Fu (杜甫),759年,所思,律詩,Classical Chinese,,,,2.0
dufu_chunk_0514,dufu_30578,poem_content,"Poem Title: 不見

Poem Text:
不見李生久，
佯狂真可哀。
世人皆欲殺，
吾意獨憐才。
敏捷詩千首，
飄零酒一桮。
匡山讀書處，
頭白好歸來。

Creation Date: 761年
Location: CN5101
Poem Type: 律詩",134,Du Fu (杜甫),761年,不見,律詩,Classical Chinese,False,True,,
dufu_chunk_0515,dufu_30578,annotations_context,"Poem: 不見

Scholarly Annotations:
  原注：近無李白消息。
  一作始",51,Du Fu (杜甫),761年,不見,律詩,Classical Chinese,,,,2.0
dufu_chunk_0516,dufu_31240,poem_content,"Poem Title: 題玄武禪師屋壁

Poem Text:
何年顧虎頭，
滿壁畫瀛州。
赤日石林氣，
青天江海流。
錫飛常近鶴，
桮度不驚鷗。
似得廬山路，
真隨惠遠遊。

Creation Date: 762年
Location: CN510623
Poem Type: 律詩",141,Du Fu (杜甫),762年,題玄武禪師屋壁,律詩,Classical Chinese,True,True,,
dufu_chunk_0517,dufu_31240,allusions_context,"Poem: 題玄武禪師屋壁

Literary Allusions and References:
  乘杯
  惠遠",59,Du Fu (杜甫),762年,題玄武禪師屋壁,律詩,Classical Chinese,,,2.0,
dufu_chunk_0518,dufu_31240,annotations_context,"Poem: 題玄武禪師屋壁

Scholarly Annotations:
  屋在中江大雄山。
  一作座
  一作滄
  一作水",66,Du Fu (杜甫),762年,題玄武禪師屋壁,律詩,Classical Chinese,,,,4.0
dufu_chunk_0519,dufu_30897,poem_content,"Poem Title: 客夜

Poem Text:
客睡何曾著，
秋天不肯明。
卷簾殘月影，
高枕遠江聲。
計拙無衣食，
途窮仗友生。
老妻書數紙，
應悉未歸情。

Creation Date: 762年
Location: CN510722
Poem Type: 律詩",136,Du Fu (杜甫),762年,客夜,律詩,Classical Chinese,False,True,,
dufu_chunk_0520,dufu_30897,annotations_context,"Poem: 客夜

Scholarly Annotations:
  一作入",38,Du Fu (杜甫),762年,客夜,律詩,Classical Chinese,,,,1.0
dufu_chunk_0521,dufu_30898,poem_content,"Poem Title: 客亭

Poem Text:
秋窗猶曙色，
落木更天風。
日出寒山外，
江流宿霧中。
聖朝無棄物，
老病已成翁。
多少殘生事，
飄零似轉蓬。

Creation Date: 762年
Location: CN510722
Poem Type: 律詩",136,Du Fu (杜甫),762年,客亭,律詩,Classical Chinese,False,True,,
dufu_chunk_0522,dufu_30898,annotations_context,"Poem: 客亭

Scholarly Annotations:
  一作木落
  一作高
  一作衰",51,Du Fu (杜甫),762年,客亭,律詩,Classical Chinese,,,,3.0
dufu_chunk_0523,dufu_31082,poem_content,"Poem Title: 陪王侍御宴通泉東山野亭

Poem Text:
江水東流去，
清樽日復斜。
異方同宴賞，
何處是京華。
亭景臨山水，
村煙對浦沙。
狂歌過于勝，
得醉即爲家。

Creation Date: 762年
Location: CN510922
Poem Type: 律詩",145,Du Fu (杜甫),762年,陪王侍御宴通泉東山野亭,律詩,Classical Chinese,False,True,,
dufu_chunk_0524,dufu_31082,annotations_context,"Poem: 陪王侍御宴通泉東山野亭

Scholarly Annotations:
  一作形",47,Du Fu (杜甫),762年,陪王侍御宴通泉東山野亭,律詩,Classical Chinese,,,,1.0
dufu_chunk_0525,dufu_31139,poem_content,"Poem Title: 涪江泛舟送韋班歸京

Poem Text:
追餞同舟日，
傷春一水間。
飄零爲客久，
衰老羨君還。
花遠重重樹，
雲輕處處山。
天涯故人少，
更益鬢毛斑。

Creation Date: 763年
Location: CN510722
Poem Type: 律詩",143,Du Fu (杜甫),763年,涪江泛舟送韋班歸京,律詩,Classical Chinese,False,True,,
dufu_chunk_0526,dufu_31139,annotations_context,"Poem: 涪江泛舟送韋班歸京

Scholarly Annotations:
  得山字。
  一作心
  一作雜
  一作憶",64,Du Fu (杜甫),763年,涪江泛舟送韋班歸京,律詩,Classical Chinese,,,,4.0
dufu_chunk_0527,dufu_30925,poem_content,"Poem Title: 春日梓州登樓二首

Poem Text:
行路難如此，
登樓望欲迷。
身無却少壯，
跡有但羇栖。
江水流城郭，
春風入鼓鞞。
雙雙新燕子，
依舊已銜泥。

Creation Date: 763年
Location: CN510722
Poem Type: 律詩",142,Du Fu (杜甫),763年,春日梓州登樓二首,律詩,Classical Chinese,False,True,,
dufu_chunk_0528,dufu_30925,annotations_context,"Poem: 春日梓州登樓二首

Scholarly Annotations:
  一作但有",45,Du Fu (杜甫),763年,春日梓州登樓二首,律詩,Classical Chinese,,,,1.0
dufu_chunk_0529,dufu_30926,poem_content,"Poem Title: 春日梓州登樓二首

Poem Text:
天畔登樓眼，
隨春入故園。
戰場今始定，
移柳更能存。
厭蜀交遊冷，
思吳勝事繁。
應須理舟楫，
長嘯下荆門。

Creation Date: 763年
Location: CN510722
Poem Type: 律詩",142,Du Fu (杜甫),763年,春日梓州登樓二首,律詩,Classical Chinese,True,True,,
dufu_chunk_0530,dufu_30926,allusions_context,"Poem: 春日梓州登樓二首

Literary Allusions and References:
  移柳",55,Du Fu (杜甫),763年,春日梓州登樓二首,律詩,Classical Chinese,,,1.0,
dufu_chunk_0531,dufu_30926,annotations_context,"Poem: 春日梓州登樓二首

Scholarly Annotations:
  一作風
  一作栘",50,Du Fu (杜甫),763年,春日梓州登樓二首,律詩,Classical Chinese,,,,2.0
dufu_chunk_0532,dufu_31077,poem_content,"Poem Title: 郪城西原送李判官兄武判官弟赴成都府

Poem Text:
憑高送所親，
久坐惜芳辰。
遠水非無浪，
他山自有春。
野花隨處發，
官柳著行新。
天際傷愁別，
離筵何太頻。

Creation Date: 763年
Location: CN510722
Poem Type: 律詩",151,Du Fu (杜甫),763年,郪城西原送李判官兄武判官弟赴成都府,律詩,Classical Chinese,False,True,,
dufu_chunk_0533,dufu_31077,annotations_context,"Poem: 郪城西原送李判官兄武判官弟赴成都府

Scholarly Annotations:
  一作妖",53,Du Fu (杜甫),763年,郪城西原送李判官兄武判官弟赴成都府,律詩,Classical Chinese,,,,1.0
dufu_chunk_0534,dufu_30796,poem_content,"Poem Title: 泛江送魏十八倉曹還京因寄岑中允參范郎中季明

Poem Text:
遲日深春水，
輕舟送別筵。
帝鄉愁緒外，
春色淚痕邊。
見酒須相憶，
將詩莫浪傳。
若逢岑與范，
爲報各衰年。

Creation Date: 763年
Location: CN510722
Poem Type: 律詩",155,Du Fu (杜甫),763年,泛江送魏十八倉曹還京因寄岑中允參范郎中季明,律詩,Classical Chinese,False,True,,
dufu_chunk_0535,dufu_30796,annotations_context,"Poem: 泛江送魏十八倉曹還京因寄岑中允參范郎中季明

Scholarly Annotations:
  一作江",57,Du Fu (杜甫),763年,泛江送魏十八倉曹還京因寄岑中允參范郎中季明,律詩,Classical Chinese,,,,1.0
dufu_chunk_0536,dufu_30795,poem_content,"Poem Title: 泛江送客

Poem Text:
二月頻送客，
東津江欲平。
煙花山際重，
舟楫浪前輕。
淚逐勸桮下，
愁連吹笛生。
離筵不隔日，
那得易爲情。

Creation Date: 763年
Location: CN510722
Poem Type: 律詩",138,Du Fu (杜甫),763年,泛江送客,律詩,Classical Chinese,False,True,,
dufu_chunk_0537,dufu_30795,annotations_context,"Poem: 泛江送客

Scholarly Annotations:
  一作落",40,Du Fu (杜甫),763年,泛江送客,律詩,Classical Chinese,,,,1.0
dufu_chunk_0538,dufu_30562,poem_content,"Poem Title: 上牛頭寺

Poem Text:
青山意不盡，
衮衮上牛頭。
無復能拘礙，
真成浪出遊。
花濃春寺靜，
竹細野池幽。
何處鶯啼切，
移時獨未休。

Creation Date: 763年
Location: CN510722
Poem Type: 律詩",138,Du Fu (杜甫),763年,上牛頭寺,律詩,Classical Chinese,False,True,,
dufu_chunk_0539,dufu_30562,annotations_context,"Poem: 上牛頭寺

Scholarly Annotations:
  牛頭寺在郪縣西南，下有長樂寺。",52,Du Fu (杜甫),763年,上牛頭寺,律詩,Classical Chinese,,,,1.0
dufu_chunk_0540,dufu_31136,poem_content,"Poem Title: 望牛頭寺

Poem Text:
牛頭見鶴林，
梯徑繞幽深。
春色浮山外，
天河宿殿陰。
傳燈無白日，
布地有黃金。
休作狂歌老，
迴看不住心。

Creation Date: 763年
Location: CN510722
Poem Type: 律詩",138,Du Fu (杜甫),763年,望牛頭寺,律詩,Classical Chinese,False,True,,
dufu_chunk_0541,dufu_31136,annotations_context,"Poem: 望牛頭寺

Scholarly Annotations:
  一作秀麗一何深
  一作流
  一作沒",56,Du Fu (杜甫),763年,望牛頭寺,律詩,Classical Chinese,,,,3.0
dufu_chunk_0542,dufu_30564,poem_content,"Poem Title: 上兜率寺

Poem Text:
兜率知名寺，
真如會法堂。
江山有巴蜀，
棟宇自齊梁。
庾信哀雖久，
何顒好不忘。
白牛車遠近，
且欲上慈航。

Creation Date: 763年
Location: CN510722
Poem Type: 律詩",138,Du Fu (杜甫),763年,上兜率寺,律詩,Classical Chinese,True,True,,
dufu_chunk_0543,dufu_30564,allusions_context,"Poem: 上兜率寺

Literary Allusions and References:
  庾信哀
  牛車
  周顒",62,Du Fu (杜甫),763年,上兜率寺,律詩,Classical Chinese,,,3.0,
dufu_chunk_0544,dufu_30564,annotations_context,"Poem: 上兜率寺

Scholarly Annotations:
  當作周顒，周好佛
  《法華經》：“以大白牛駕寶車。”",64,Du Fu (杜甫),763年,上兜率寺,律詩,Classical Chinese,,,,2.0
dufu_chunk_0545,dufu_31137,poem_content,"Poem Title: 望兜率寺

Poem Text:
樹密當山徑，
江深隔寺門。
霏霏雲氣重，
閃閃浪花飜。
不復知天大，
空餘見佛尊。
時應清盥罷，
隨喜給孤園。

Creation Date: 763年
Location: CN510722
Poem Type: 律詩",138,Du Fu (杜甫),763年,望兜率寺,律詩,Classical Chinese,False,True,,
dufu_chunk_0546,dufu_31137,annotations_context,"Poem: 望兜率寺

Scholarly Annotations:
  一作動
  一作興",46,Du Fu (杜甫),763年,望兜率寺,律詩,Classical Chinese,,,,2.0
dufu_chunk_0547,dufu_30663,poem_content,"Poem Title: 甘園

Poem Text:
春日清江岸，
千甘二頃園。
青雲羞葉密，
白雪避花繁。
結子隨邊使，
開筒近至尊。
後於桃李熟，
終得獻金門。

Creation Date: 763年
Location: CN510722
Poem Type: 律詩",136,Du Fu (杜甫),763年,甘園,律詩,Classical Chinese,False,True,,
dufu_chunk_0548,dufu_30663,annotations_context,"Poem: 甘園

Scholarly Annotations:
  古通作柑
  一作著",45,Du Fu (杜甫),763年,甘園,律詩,Classical Chinese,,,,2.0
dufu_chunk_0549,dufu_31198,poem_content,"Poem Title: 數陪李梓州泛江有女樂在諸舫戲爲豔曲二首贈李

Poem Text:
上客迴空騎，
佳人滿近船。
江清歌扇底，
野曠舞衣前。
玉袖凌風並，
金壺隱浪偏。
競將明媚色，
偷眼豔陽天。

Creation Date: 763年
Location: CN510722
Poem Type: 律詩",155,Du Fu (杜甫),763年,數陪李梓州泛江有女樂在諸舫戲爲豔曲二首贈李,律詩,Classical Chinese,False,True,,
dufu_chunk_0550,dufu_31198,annotations_context,"Poem: 數陪李梓州泛江有女樂在諸舫戲爲豔曲二首贈李

Scholarly Annotations:
  一作章
  一作渚
  一作章
  一作年",75,Du Fu (杜甫),763年,數陪李梓州泛江有女樂在諸舫戲爲豔曲二首贈李,律詩,Classical Chinese,,,,4.0
dufu_chunk_0551,dufu_31199,poem_content,"Poem Title: 數陪李梓州泛江有女樂在諸舫戲爲豔曲二首贈李

Poem Text:
白日移歌袖，
清霄近笛牀。
翠眉縈度曲，
雲鬢儼分行。
立馬千山暮，
迴舟一水香。
使君自有婦，
莫學野鴛鴦。

Creation Date: 763年
Location: CN510722
Poem Type: 律詩",155,Du Fu (杜甫),763年,數陪李梓州泛江有女樂在諸舫戲爲豔曲二首贈李,律詩,Classical Chinese,True,True,,
dufu_chunk_0552,dufu_31199,allusions_context,"Poem: 數陪李梓州泛江有女樂在諸舫戲爲豔曲二首贈李

Literary Allusions and References:
  使君有婦",70,Du Fu (杜甫),763年,數陪李梓州泛江有女樂在諸舫戲爲豔曲二首贈李,律詩,Classical Chinese,,,1.0,
dufu_chunk_0553,dufu_31199,annotations_context,"Poem: 數陪李梓州泛江有女樂在諸舫戲爲豔曲二首贈李

Scholarly Annotations:
  一作章
  一作渚
  一作章",69,Du Fu (杜甫),763年,數陪李梓州泛江有女樂在諸舫戲爲豔曲二首贈李,律詩,Classical Chinese,,,,3.0
dufu_chunk_0554,dufu_31186,poem_content,"Poem Title: 登牛頭山亭子

Poem Text:
路出雙林外，
亭窺萬井中。
江城孤照日，
山谷遠含風。
兵革身將老，
關河信不通。
猶殘數行淚，
忍對百花叢。

Creation Date: 763年
Location: CN510722
Poem Type: 律詩",140,Du Fu (杜甫),763年,登牛頭山亭子,律詩,Classical Chinese,False,True,,
dufu_chunk_0555,dufu_31186,annotations_context,"Poem: 登牛頭山亭子

Scholarly Annotations:
  一作春",42,Du Fu (杜甫),763年,登牛頭山亭子,律詩,Classical Chinese,,,,1.0
dufu_chunk_0556,dufu_31086,poem_content,"Poem Title: 陪李梓州王閬州蘇遂州李果州四使君登惠義寺

Poem Text:
春日無人境，
虛空不住天。
鶯花隨世界，
樓閣寄山巔。
遲暮身何得，
登臨意惘然。
誰能解金印，
瀟灑共安禪。

Creation Date: 763年
Location: CN510722
Poem Type: 律詩",154,Du Fu (杜甫),763年,陪李梓州王閬州蘇遂州李果州四使君登惠義寺,律詩,Classical Chinese,False,True,,
dufu_chunk_0557,dufu_31086,annotations_context,"Poem: 陪李梓州王閬州蘇遂州李果州四使君登惠義寺

Scholarly Annotations:
  一作章
  一作倚
  一作寂
  一作三車將五馬，若箇合安禪",84,Du Fu (杜甫),763年,陪李梓州王閬州蘇遂州李果州四使君登惠義寺,律詩,Classical Chinese,,,,4.0
dufu_chunk_0558,dufu_30983,poem_content,"Poem Title: 送何侍御歸朝

Poem Text:
舟楫諸侯餞，
車輿使者歸。
山花相映發，
水鳥自孤飛。
春日垂霜鬢，
天隅把繡衣。
故人從此去，
寥落寸心違。

Creation Date: 763年
Location: CN510722
Poem Type: 律詩",140,Du Fu (杜甫),763年,送何侍御歸朝,律詩,Classical Chinese,True,True,,
dufu_chunk_0559,dufu_30983,allusions_context,"Poem: 送何侍御歸朝

Literary Allusions and References:
  繡衣",53,Du Fu (杜甫),763年,送何侍御歸朝,律詩,Classical Chinese,,,1.0,
dufu_chunk_0560,dufu_30983,annotations_context,"Poem: 送何侍御歸朝

Scholarly Annotations:
  李梓州泛舟筵上作。李一作章。
  一作遠",59,Du Fu (杜甫),763年,送何侍御歸朝,律詩,Classical Chinese,,,,2.0
dufu_chunk_0561,dufu_30720,poem_content,"Poem Title: 江亭送眉州辛別駕昇之

Poem Text:
柳影含雲幕，
江波近酒壺。
異方驚會面，
終宴惜征途。
沙晚低風蝶，
天晴喜浴鳧。
別離傷老大，
意緒日荒蕪。

Creation Date: 764年
Location: CN511381
Poem Type: 律詩",144,Du Fu (杜甫),764年,江亭送眉州辛別駕昇之,律詩,Classical Chinese,False,True,,
dufu_chunk_0562,dufu_30720,annotations_context,"Poem: 江亭送眉州辛別駕昇之

Scholarly Annotations:
  得蕪字。
  一作重",53,Du Fu (杜甫),764年,江亭送眉州辛別駕昇之,律詩,Classical Chinese,,,,2.0
dufu_chunk_0563,dufu_30688,poem_content,"Poem Title: 戲題寄上漢中王三首

Poem Text:
西漢親王子，
成都老客星。
百年雙白鬢，
一別五秋螢。
忍斷桮中物，
秪看座右銘。
不能隨皂蓋，
自醉逐浮萍。

Creation Date: 762年
Location: CN510722
Poem Type: 律詩",143,Du Fu (杜甫),762年,戲題寄上漢中王三首,律詩,Classical Chinese,True,True,,
dufu_chunk_0564,dufu_30688,allusions_context,"Poem: 戲題寄上漢中王三首

Literary Allusions and References:
  桮中物
  座右銘
  客星",68,Du Fu (杜甫),762年,戲題寄上漢中王三首,律詩,Classical Chinese,,,3.0,
dufu_chunk_0565,dufu_30688,annotations_context,"Poem: 戲題寄上漢中王三首

Scholarly Annotations:
  原注：時王在梓州，初至，斷酒不飲，篇有戲述，漢中王瑀，寧王憲之子。
  一作飛
  一作眠",87,Du Fu (杜甫),762年,戲題寄上漢中王三首,律詩,Classical Chinese,,,,3.0
dufu_chunk_0566,dufu_30689,poem_content,"Poem Title: 戲題寄上漢中王三首

Poem Text:
策杖時能出，
王門異昔遊。
已知嗟不起，
未許醉相留。
蜀酒濃無敵，
江魚美可求。
終思一酩酊，
淨掃鴈池頭。

Creation Date: 762年
Location: CN510722
Poem Type: 律詩",143,Du Fu (杜甫),762年,戲題寄上漢中王三首,律詩,Classical Chinese,True,True,,
dufu_chunk_0567,dufu_30689,allusions_context,"Poem: 戲題寄上漢中王三首

Literary Allusions and References:
  酩酊
  鴈池",61,Du Fu (杜甫),762年,戲題寄上漢中王三首,律詩,Classical Chinese,,,2.0,
dufu_chunk_0568,dufu_30689,annotations_context,"Poem: 戲題寄上漢中王三首

Scholarly Annotations:
  原注：時王在梓州，初至，斷酒不飲，篇有戲述，漢中王瑀，寧王憲之子。
  梁王兔園有鴈池",85,Du Fu (杜甫),762年,戲題寄上漢中王三首,律詩,Classical Chinese,,,,2.0
dufu_chunk_0569,dufu_30690,poem_content,"Poem Title: 戲題寄上漢中王三首

Poem Text:
羣盜無歸路，
衰顏會遠方。
尚憐詩警策，
猶記酒顛狂。
魯衛彌尊重，
徐陳略喪亡。
空餘枚叟在，
應念早升堂。

Creation Date: 762年
Location: CN510722
Poem Type: 律詩",143,Du Fu (杜甫),762年,戲題寄上漢中王三首,律詩,Classical Chinese,True,True,,
dufu_chunk_0570,dufu_30690,allusions_context,"Poem: 戲題寄上漢中王三首

Literary Allusions and References:
  魯衛
  枚叟
  徐陳
  升堂",71,Du Fu (杜甫),762年,戲題寄上漢中王三首,律詩,Classical Chinese,,,4.0,
dufu_chunk_0571,dufu_30690,annotations_context,"Poem: 戲題寄上漢中王三首

Scholarly Annotations:
  原注：時王在梓州，初至，斷酒不飲，篇有戲述，漢中王瑀，寧王憲之子。
  一作憶
  用曹丕與吳質書
  一作故",97,Du Fu (杜甫),762年,戲題寄上漢中王三首,律詩,Classical Chinese,,,,4.0
dufu_chunk_0572,dufu_30646,poem_content,"Poem Title: 臺上

Poem Text:
改席臺能迥，
留門月復光。
雲行遺暑濕，
山谷進風涼。
老去一桮足，
誰憐屢舞長。
何須把官燭，
似惱鬢毛蒼。

Creation Date: 763年
Location: CN510722
Poem Type: 律詩",136,Du Fu (杜甫),763年,臺上,律詩,Classical Chinese,False,True,,
dufu_chunk_0573,dufu_30646,annotations_context,"Poem: 臺上

Scholarly Annotations:
  得涼字
  一作爲
  一作霄
  一作霄",56,Du Fu (杜甫),763年,臺上,律詩,Classical Chinese,,,,4.0
dufu_chunk_0574,dufu_31023,poem_content,"Poem Title: 倦夜

Poem Text:
竹涼侵臥內，
野月滿庭隅。
重露成涓滴，
稀星乍有無。
暗飛螢自照，
水宿鳥相呼。
萬事干戈裏，
空悲清夜徂。

Creation Date: 763年
Location: CN511381
Poem Type: 律詩",136,Du Fu (杜甫),763年,倦夜,律詩,Classical Chinese,False,True,,
dufu_chunk_0575,dufu_31023,annotations_context,"Poem: 倦夜

Scholarly Annotations:
  吳曾漫錄云：“顧陶類編題作《倦秋夜》。”
  一作徧
  一作飛螢自照水，宿鳥競相呼",77,Du Fu (杜甫),763年,倦夜,律詩,Classical Chinese,,,,3.0
dufu_chunk_0576,dufu_31167,poem_content,"Poem Title: 悲秋

Poem Text:
涼風動萬里，
羣盜尚縱橫。
家遠傳書日，
秋來爲客情。
愁窺高鳥過，
老逐衆人行。
始欲投三峽，
何由見兩京。

Creation Date: 762年
Location: CN510722
Poem Type: 律詩",136,Du Fu (杜甫),762年,悲秋,律詩,Classical Chinese,False,True,,
dufu_chunk_0577,dufu_31167,annotations_context,"Poem: 悲秋

Scholarly Annotations:
  一作待",38,Du Fu (杜甫),762年,悲秋,律詩,Classical Chinese,,,,1.0
dufu_chunk_0578,dufu_30647,poem_content,"Poem Title: 對雨

Poem Text:
莽莽天涯雨，
江邊獨立時。
不愁巴道路，
恐濕漢旌旗。
雪嶺防秋急，
繩橋戰勝遲。
西戎甥舅禮，
未敢背恩私。

Creation Date: 763年
Location: CN511381
Poem Type: 律詩",136,Du Fu (杜甫),763年,對雨,律詩,Classical Chinese,False,False,,
dufu_chunk_0579,dufu_31271,poem_content,"Poem Title: 警急

Poem Text:
才名舊楚將，
妙略擁兵機。
玉壘雖傳檄，
松州會解圍。
和親知拙計，
公主漫無歸。
青海今誰得，
西戎實飽飛。

Creation Date: 763年
Location: CN511381
Poem Type: 律詩",136,Du Fu (杜甫),763年,警急,律詩,Classical Chinese,False,True,,
dufu_chunk_0580,dufu_31271,annotations_context,"Poem: 警急

Scholarly Annotations:
  原注：時高公適領西川節度。",48,Du Fu (杜甫),763年,警急,律詩,Classical Chinese,,,,1.0
dufu_chunk_0581,dufu_30626,poem_content,"Poem Title: 王命

Poem Text:
漢北豺狼滿，
巴西道路難。
血埋諸將甲，
骨斷使臣鞍。
牢落新燒棧，
蒼茫舊築壇。
深懷喻蜀意，
慟哭望王官。

Creation Date: 763年
Location: CN511381
Poem Type: 律詩",136,Du Fu (杜甫),763年,王命,律詩,Classical Chinese,True,True,,
dufu_chunk_0582,dufu_30626,allusions_context,"Poem: 王命

Literary Allusions and References:
  築壇
  燒棧
  喻蜀",59,Du Fu (杜甫),763年,王命,律詩,Classical Chinese,,,3.0,
dufu_chunk_0583,dufu_30626,annotations_context,"Poem: 王命

Scholarly Annotations:
  一作漠
  一作君
  廣德元年，李之芳等使吐蕃，被留
  嚴武入朝，吐蕃陷河西、隴右，又圍松州，高適不能制，故思武也
  一作京巒",101,Du Fu (杜甫),763年,王命,律詩,Classical Chinese,,,,5.0
dufu_chunk_0584,dufu_30857,poem_content,"Poem Title: 征夫

Poem Text:
十室幾人在，
千山空自多。
路衢唯見哭，
城市不聞歌。
漂梗無安地，
銜枚有荷戈。
官軍未通蜀，
吾道竟如何。

Creation Date: 763年
Location: CN511381
Poem Type: 律詩",136,Du Fu (杜甫),763年,征夫,律詩,Classical Chinese,False,False,,
dufu_chunk_0585,dufu_30704,poem_content,"Poem Title: 有感五首

Poem Text:
將帥蒙恩澤，
兵戈有歲年。
至今勞聖主，
何以報皇天。
白骨新交戰，
雲臺舊拓邊。
乘槎斷消息，
無處覓張騫。

Creation Date: 764年
Location: CN511381
Poem Type: 律詩",138,Du Fu (杜甫),764年,有感五首,律詩,Classical Chinese,True,True,,
dufu_chunk_0586,dufu_30704,allusions_context,"Poem: 有感五首

Literary Allusions and References:
  乘槎
  雲臺
  張騫泛槎",63,Du Fu (杜甫),764年,有感五首,律詩,Classical Chinese,,,3.0,
dufu_chunk_0587,dufu_30704,annotations_context,"Poem: 有感五首

Scholarly Annotations:
  武德以來，開拓邊境，地連西域，皆置都督府州縣。開元中，置朔方等。處節度使以統之，祿山反後數年間，西北數十州相繼淪沒，盡陷河西、隴右之地",104,Du Fu (杜甫),764年,有感五首,律詩,Classical Chinese,,,,1.0
dufu_chunk_0588,dufu_30705,poem_content,"Poem Title: 有感五首

Poem Text:
幽薊餘虵豕，
乾坤尚虎狼。
諸侯春不貢，
使者日相望。
慎勿吞青海，
無勞問越裳。
大君先息戰，
歸馬華山陽。

Creation Date: 764年
Location: CN511381
Poem Type: 律詩",138,Du Fu (杜甫),764年,有感五首,律詩,Classical Chinese,True,True,,
dufu_chunk_0589,dufu_30705,allusions_context,"Poem: 有感五首

Literary Allusions and References:
  歸馬華山陽",54,Du Fu (杜甫),764年,有感五首,律詩,Classical Chinese,,,1.0,
dufu_chunk_0590,dufu_30705,annotations_context,"Poem: 有感五首

Scholarly Annotations:
  一作封
  史朝義下諸降將仍據幽魏之地",56,Du Fu (杜甫),764年,有感五首,律詩,Classical Chinese,,,,2.0
dufu_chunk_0591,dufu_30706,poem_content,"Poem Title: 有感五首

Poem Text:
洛下舟車入，
天中貢賦均。
日聞紅粟腐，
寒待翠華春。
莫取金湯固，
長令宇宙新。
不過行儉德，
盜賊本王臣。

Creation Date: 764年
Location: CN511381
Poem Type: 律詩",138,Du Fu (杜甫),764年,有感五首,律詩,Classical Chinese,True,True,,
dufu_chunk_0592,dufu_30706,allusions_context,"Poem: 有感五首

Literary Allusions and References:
  金湯",51,Du Fu (杜甫),764年,有感五首,律詩,Classical Chinese,,,1.0,
dufu_chunk_0593,dufu_30706,annotations_context,"Poem: 有感五首

Scholarly Annotations:
  錢謙益曰：“自吐蕃入寇，車駕東幸，程元振勸帝都洛陽。郭子儀奏請亟還京師，以爲東周土地狹阨，險不足恃，適爲戰場，明明天子，躬儉節用，黜素餐，去宂食，抑豎刁、易牙之權，任蘧瑗、史鰌之直，則黎元自理，盜賊自平，甫詩正隱括大意。”",148,Du Fu (杜甫),764年,有感五首,律詩,Classical Chinese,,,,1.0
dufu_chunk_0594,dufu_30707,poem_content,"Poem Title: 有感五首

Poem Text:
丹桂風霜急，
青梧日夜凋。
由來強幹地，
未有不臣朝。
受鉞親賢往，
卑宮制詔遙。
終依古封建，
豈獨聽簫韶。

Creation Date: 764年
Location: CN511381
Poem Type: 律詩",138,Du Fu (杜甫),764年,有感五首,律詩,Classical Chinese,True,True,,
dufu_chunk_0595,dufu_30707,allusions_context,"Poem: 有感五首

Literary Allusions and References:
  強幹
  授鉞",56,Du Fu (杜甫),764年,有感五首,律詩,Classical Chinese,,,2.0,
dufu_chunk_0596,dufu_30707,annotations_context,"Poem: 有感五首

Scholarly Annotations:
  喻王室
  喻宗枝
  甫與房琯每建分封討賊之議",61,Du Fu (杜甫),764年,有感五首,律詩,Classical Chinese,,,,3.0
dufu_chunk_0597,dufu_30708,poem_content,"Poem Title: 有感五首

Poem Text:
盜滅人還亂，
兵殘將自疑。
登壇名絕假，
報主爾何遲。
領郡輙無色，
之官皆有詞。
願聞哀痛詔，
端拱問瘡痍。

Creation Date: 764年
Location: CN511381
Poem Type: 律詩",138,Du Fu (杜甫),764年,有感五首,律詩,Classical Chinese,True,True,,
dufu_chunk_0598,dufu_30708,allusions_context,"Poem: 有感五首

Literary Allusions and References:
  登壇",51,Du Fu (杜甫),764年,有感五首,律詩,Classical Chinese,,,1.0,
dufu_chunk_0599,dufu_30708,annotations_context,"Poem: 有感五首

Scholarly Annotations:
  一作執玉
  錢謙益曰：“開元以前，有事於外則命使，否則止，自置八節度、十採訪，始有坐而爲使者，其後名號益廣。大抵生於置兵，盛於專利，普於銜命，於是爲使則重，爲官則輕。天寶末，佩印有至四十，大曆中，請俸有至千貫者，宦官內外悉屬之使。此詩云登壇名絕假，謂諸將兼官太多，所謂坐而爲使也。領郡輒無色，州郡皆權臣所管，不能自達，故曰無色也。之官皆有詞，所謂爲使則重，爲官則輕也。”",223,Du Fu (杜甫),764年,有感五首,律詩,Classical Chinese,,,,2.0
dufu_chunk_0600,dufu_30975,poem_content,"Poem Title: 送元二適江左

Poem Text:
亂後今相見，
秋深復遠行。
風塵爲客日，
江海送君情。
晉室丹陽尹，
公孫白帝城。
經過自愛惜，
取次莫論兵。

Creation Date: 763年
Location: CN510722
Poem Type: 律詩",140,Du Fu (杜甫),763年,送元二適江左,律詩,Classical Chinese,False,True,,
dufu_chunk_0601,dufu_30975,annotations_context,"Poem: 送元二適江左

Scholarly Annotations:
  一本原注：元結也。考《次山集》，未嘗入蜀，亦未嘗至江左，且與後注應孫吳科舉不合，殆非是。
  原注：元嘗應孫吳科舉",96,Du Fu (杜甫),763年,送元二適江左,律詩,Classical Chinese,,,,2.0
dufu_chunk_0602,dufu_31142,poem_content,"Poem Title: 章梓州水亭

Poem Text:
城晚通雲霧，
亭深到芰荷。
吏人橋外少，
秋水席邊多。
近屬淮王至，
高門薊子過。
荆州愛山簡，
吾醉亦長歌。

Creation Date: 763年
Location: CN510722
Poem Type: 律詩",139,Du Fu (杜甫),763年,章梓州水亭,律詩,Classical Chinese,True,True,,
dufu_chunk_0603,dufu_31142,allusions_context,"Poem: 章梓州水亭

Literary Allusions and References:
  山簡
  薊子",57,Du Fu (杜甫),763年,章梓州水亭,律詩,Classical Chinese,,,2.0,
dufu_chunk_0604,dufu_31142,annotations_context,"Poem: 章梓州水亭

Scholarly Annotations:
  原注：時漢中王兼道士席謙在會，同用荷字韻。",59,Du Fu (杜甫),763年,章梓州水亭,律詩,Classical Chinese,,,,1.0
dufu_chunk_0605,dufu_30868,poem_content,"Poem Title: 翫月呈漢中王

Poem Text:
夜深露氣清，
江月滿江城。
浮客轉危坐，
歸舟應獨行。
關山同一照，
烏鵲自多驚。
欲得淮王術，
風吹暈已生。

Creation Date: 762年
Location: CN510722
Poem Type: 律詩",140,Du Fu (杜甫),762年,翫月呈漢中王,律詩,Classical Chinese,True,True,,
dufu_chunk_0606,dufu_30868,allusions_context,"Poem: 翫月呈漢中王

Literary Allusions and References:
  淮王術",54,Du Fu (杜甫),762年,翫月呈漢中王,律詩,Classical Chinese,,,1.0,
dufu_chunk_0607,dufu_30868,annotations_context,"Poem: 翫月呈漢中王

Scholarly Annotations:
  一作游
  一作點",48,Du Fu (杜甫),762年,翫月呈漢中王,律詩,Classical Chinese,,,,2.0
dufu_chunk_0608,dufu_31212,poem_content,"Poem Title: 遣憤

Poem Text:
聞道花門將，
論功未盡歸。
自從收帝里，
誰復總戎機。
蜂蠆終懷毒，
雷霆可震威。
莫令鞭血地，
再濕漢臣衣。

Creation Date: 765年
Location: CN500235
Poem Type: 律詩",136,Du Fu (杜甫),765年,遣憤,律詩,Classical Chinese,True,True,,
dufu_chunk_0609,dufu_31212,allusions_context,"Poem: 遣憤

Literary Allusions and References:
  雷霆威",50,Du Fu (杜甫),765年,遣憤,律詩,Classical Chinese,,,1.0,
dufu_chunk_0610,dufu_31212,annotations_context,"Poem: 遣憤

Scholarly Annotations:
  一作兵
  一作軍麾
  錢謙益曰：“回紇既助順收河北，賊平，恣行暴掠，前後賜賚，府藏爲竭。初，雍王見回紇可汗，不于帳前舞蹈，引韋少華、魏琚等榜箠至死，漢臣鞭血，正記此事。”",122,Du Fu (杜甫),765年,遣憤,律詩,Classical Chinese,,,,3.0
dufu_chunk_0611,dufu_31253,poem_content,"Poem Title: 薄暮

Poem Text:
江水長流地，
山雲薄暮時。
寒花隱亂草，
宿鳥擇深枝。
舊國見何日，
高秋心苦悲。
人生不再好，
鬢髮白成絲。

Creation Date: 763年
Location: CN511381
Poem Type: 律詩",136,Du Fu (杜甫),763年,薄暮,律詩,Classical Chinese,False,True,,
dufu_chunk_0612,dufu_31253,annotations_context,"Poem: 薄暮

Scholarly Annotations:
  一作最深
  一作探
  一作自",51,Du Fu (杜甫),763年,薄暮,律詩,Classical Chinese,,,,3.0
dufu_chunk_0613,dufu_30745,poem_content,"Poem Title: 西山三首

Poem Text:
彝界荒山頂，
蕃州積雪邊。
築城依白帝，
轉粟上青天。
蜀將分旗鼓，
羌兵助井泉。
西戎背和好，
殺氣日相纏。

Creation Date: 763年
Location: CN511381
Poem Type: 律詩",138,Du Fu (杜甫),763年,西山三首,律詩,Classical Chinese,False,True,,
dufu_chunk_0614,dufu_30745,annotations_context,"Poem: 西山三首

Scholarly Annotations:
  即岷山，捍阻羌夷，全蜀巨障。
  一作連
  西方之帝，非白帝城也
  一作動
  一作鎧鋋",83,Du Fu (杜甫),763年,西山三首,律詩,Classical Chinese,,,,5.0
dufu_chunk_0615,dufu_30746,poem_content,"Poem Title: 西山三首

Poem Text:
辛苦三城戍，
長防萬里秋。
煙塵侵火井，
雨雪閉松州。
風動將軍幕，
天寒使者裘。
漫山賊營壘，
迴首得無憂。

Creation Date: 763年
Location: CN511381
Poem Type: 律詩",138,Du Fu (杜甫),763年,西山三首,律詩,Classical Chinese,False,True,,
dufu_chunk_0616,dufu_30746,annotations_context,"Poem: 西山三首

Scholarly Annotations:
  即岷山，捍阻羌夷，全蜀巨障。
  一作蓋
  一作成壁
  廣德元年，吐蕃陷松、維、保三城，及雲山新築二城，高適不能救，於。是劒南、西山諸州亦入於吐蕃",112,Du Fu (杜甫),763年,西山三首,律詩,Classical Chinese,,,,4.0
dufu_chunk_0617,dufu_30747,poem_content,"Poem Title: 西山三首

Poem Text:
子弟猶深入，
關城未解圍。
蠶崖鐵馬瘦，
灌口米船稀。
辯士安邊策，
元戎決勝威。
今朝烏鵲喜，
欲報凱歌歸。

Creation Date: 763年
Location: CN511381
Poem Type: 律詩",138,Du Fu (杜甫),763年,西山三首,律詩,Classical Chinese,True,True,,
dufu_chunk_0618,dufu_30747,allusions_context,"Poem: 西山三首

Literary Allusions and References:
  鵲喜",51,Du Fu (杜甫),763年,西山三首,律詩,Classical Chinese,,,1.0,
dufu_chunk_0619,dufu_30747,annotations_context,"Poem: 西山三首

Scholarly Annotations:
  即岷山，捍阻羌夷，全蜀巨障。
  蠶崖關在導江西北五十里",65,Du Fu (杜甫),763年,西山三首,律詩,Classical Chinese,,,,2.0
dufu_chunk_0620,dufu_31252,poem_content,"Poem Title: 薄遊

Poem Text:
淅淅風生砌，
團團日隱牆。
遙空秋鴈滅，
半嶺暮雲長。
病葉多先墜，
寒花只暫香。
巴城添淚眼，
今夜復清光。

Creation Date: 763年
Location: CN511381
Poem Type: 律詩",136,Du Fu (杜甫),763年,薄遊,律詩,Classical Chinese,False,True,,
dufu_chunk_0621,dufu_31252,annotations_context,"Poem: 薄遊

Scholarly Annotations:
  一作漸漸
  一作月
  一作滿
  一作過
  一作張
  一作墮
  一作秋",75,Du Fu (杜甫),763年,薄遊,律詩,Classical Chinese,,,,7.0
dufu_chunk_0622,dufu_31256,poem_content,"Poem Title: 贈韋贊善別

Poem Text:
扶病送君發，
自憐猶不歸。
秪應盡客淚，
復作掩荆扉。
江漢故人少，
音書從此稀。
往還二十載，
歲晚寸心違。

Creation Date: 763年
Location: CN510722
Poem Type: 律詩",139,Du Fu (杜甫),763年,贈韋贊善別,律詩,Classical Chinese,False,False,,
dufu_chunk_0623,dufu_30987,poem_content,"Poem Title: 送李卿曄

Poem Text:
王子思歸日，
長安已亂兵。
霑衣問行在，
走馬向承明。
暮景巴蜀僻，
春風江漢清。
晉山雖自棄，
魏闕尚含情。

Creation Date: 764年
Location: CN511381
Poem Type: 律詩",138,Du Fu (杜甫),764年,送李卿曄,律詩,Classical Chinese,True,True,,
dufu_chunk_0624,dufu_30987,allusions_context,"Poem: 送李卿曄

Literary Allusions and References:
  介子
  魏闕
  王子思歸",63,Du Fu (杜甫),764年,送李卿曄,律詩,Classical Chinese,,,3.0,
dufu_chunk_0625,dufu_30987,annotations_context,"Poem: 送李卿曄

Scholarly Annotations:
  曄，淮安忠公琇之子，時以罪貶嶺南。
  介山在綿上，以子推自比",68,Du Fu (杜甫),764年,送李卿曄,律詩,Classical Chinese,,,,2.0
dufu_chunk_0626,dufu_30894,poem_content,"Poem Title: 城上

Poem Text:
草滿巴西綠，
空城白日長。
風吹花片片，
春動水茫茫。
八駿隨天子，
羣臣從武皇。
遙聞出巡守，
早晚徧遐荒。

Creation Date: 764年
Location: CN511381
Poem Type: 律詩",136,Du Fu (杜甫),764年,城上,律詩,Classical Chinese,True,True,,
dufu_chunk_0627,dufu_30894,allusions_context,"Poem: 城上

Literary Allusions and References:
  八駿",49,Du Fu (杜甫),764年,城上,律詩,Classical Chinese,,,1.0,
dufu_chunk_0628,dufu_30894,annotations_context,"Poem: 城上

Scholarly Annotations:
  一作空城
  一作城空
  一作蕩
  一作送雨",59,Du Fu (杜甫),764年,城上,律詩,Classical Chinese,,,,4.0
dufu_chunk_0629,dufu_30871,poem_content,"Poem Title: 舍弟占歸草堂檢校聊示此詩

Poem Text:
久客應吾道，
相隨獨爾來。
孰知江路近，
頻爲草堂迴。
鵝鴨宜長數，
柴荆莫浪開。
東林竹影薄，
臘月更須栽。

Creation Date: 763年
Location: CN510722
Poem Type: 律詩",146,Du Fu (杜甫),763年,舍弟占歸草堂檢校聊示此詩,律詩,Classical Chinese,True,False,,
dufu_chunk_0630,dufu_30871,allusions_context,"Poem: 舍弟占歸草堂檢校聊示此詩

Literary Allusions and References:
  鵝鴨長數",61,Du Fu (杜甫),763年,舍弟占歸草堂檢校聊示此詩,律詩,Classical Chinese,,,1.0,
dufu_chunk_0631,dufu_30864,poem_content,"Poem Title: 放船

Poem Text:
送客蒼溪縣，
山寒雨不開。
直愁騎馬滑，
故作泛舟迴。
青惜峰巒過，
黃知橘柚來。
江流大自在，
坐穩興悠哉。

Creation Date: 763年
Location: CN511381
Poem Type: 律詩",136,Du Fu (杜甫),763年,放船,律詩,Classical Chinese,False,True,,
dufu_chunk_0632,dufu_30864,annotations_context,"Poem: 放船

Scholarly Annotations:
  一作天",38,Du Fu (杜甫),763年,放船,律詩,Classical Chinese,,,,1.0
dufu_chunk_0633,dufu_30794,poem_content,"Poem Title: 泛江

Poem Text:
方舟不用楫，
極目總無波。
長日容盃酒，
深江淨綺羅。
亂離還奏樂，
飄泊且聽歌。
故國流清渭，
如今花正多。

Creation Date: 764年
Location: CN511381
Poem Type: 律詩",136,Du Fu (杜甫),764年,泛江,律詩,Classical Chinese,False,False,,
dufu_chunk_0634,dufu_31080,poem_content,"Poem Title: 陪王使君晦日泛江就黃家亭子二首

Poem Text:
山豁何時斷，
江平不肯流。
稍知花改岸，
始驗鳥隨舟。
結束多紅粉，
歡娛恨白頭。
非君愛人客，
晦日更添愁。

Creation Date: 764年
Location: CN511381
Poem Type: 律詩",149,Du Fu (杜甫),764年,陪王使君晦日泛江就黃家亭子二首,律詩,Classical Chinese,False,True,,
dufu_chunk_0635,dufu_31080,annotations_context,"Poem: 陪王使君晦日泛江就黃家亭子二首

Scholarly Annotations:
  一作禁",51,Du Fu (杜甫),764年,陪王使君晦日泛江就黃家亭子二首,律詩,Classical Chinese,,,,1.0
dufu_chunk_0636,dufu_31081,poem_content,"Poem Title: 陪王使君晦日泛江就黃家亭子二首

Poem Text:
有徑金沙軟，
無人碧草芳。
野畦連蛺蝶，
江檻俯鴛鴦。
日晚煙花亂，
風生錦繡香。
不須吹急管，
衰老易悲傷。

Creation Date: 764年
Location: CN511381
Poem Type: 律詩",149,Du Fu (杜甫),764年,陪王使君晦日泛江就黃家亭子二首,律詩,Classical Chinese,False,False,,
dufu_chunk_0637,dufu_30892,poem_content,"Poem Title: 南征

Poem Text:
春岸桃花水，
雲帆楓樹林。
偷生長避地，
適遠更霑襟。
老病南征日，
君恩北望心。
百年歌自苦，
未見有知音。

Creation Date: 769年
Location: CN4306
Poem Type: 律詩",134,Du Fu (杜甫),769年,南征,律詩,Classical Chinese,False,False,,
dufu_chunk_0638,dufu_30567,poem_content,"Poem Title: 久客

Poem Text:
羈旅知交態，
淹留見俗情。
衰顏聊自哂，
小吏最相輕。
去國哀王粲，
傷時哭賈生。
狐狸何足道，
豺虎正縱橫。

Creation Date: 768年
Location: CN421024
Poem Type: 律詩",136,Du Fu (杜甫),768年,久客,律詩,Classical Chinese,True,True,,
dufu_chunk_0639,dufu_30567,allusions_context,"Poem: 久客

Literary Allusions and References:
  狐狸何足道
  傷時哭
  王粲不歸秦",66,Du Fu (杜甫),768年,久客,律詩,Classical Chinese,,,3.0,
dufu_chunk_0640,dufu_30567,annotations_context,"Poem: 久客

Scholarly Annotations:
  一作亂",38,Du Fu (杜甫),768年,久客,律詩,Classical Chinese,,,,1.0
dufu_chunk_0641,dufu_30928,poem_content,"Poem Title: 春遠

Poem Text:
肅肅花絮晚，
菲菲紅素輕。
日長唯鳥雀，
春遠獨柴荆。
數有關中亂，
何曾劒外清。
故鄉歸不得，
地入亞夫營。

Creation Date: 765年
Location: CN5101
Poem Type: 律詩",134,Du Fu (杜甫),765年,春遠,律詩,Classical Chinese,True,True,,
dufu_chunk_0642,dufu_30928,allusions_context,"Poem: 春遠

Literary Allusions and References:
  亞夫營",50,Du Fu (杜甫),765年,春遠,律詩,Classical Chinese,,,1.0,
dufu_chunk_0643,dufu_30928,annotations_context,"Poem: 春遠

Scholarly Annotations:
  一作園",38,Du Fu (杜甫),765年,春遠,律詩,Classical Chinese,,,,1.0
dufu_chunk_0644,dufu_31230,poem_content,"Poem Title: 暮寒

Poem Text:
霧隱平郊樹，
風含廣岸波。
沈沈春色靜，
慘慘暮寒多。
戍鼓猶長擊，
林鸎遂不歌。
忽思高宴會，
朱袖拂雲和。

Creation Date: 764年
Location: CN511381
Poem Type: 律詩",136,Du Fu (杜甫),764年,暮寒,律詩,Classical Chinese,False,False,,
dufu_chunk_0645,dufu_30599,poem_content,"Poem Title: 雙鷰

Poem Text:
旅食驚雙鷰，
銜泥入此堂。
應同避燥濕，
且復過炎涼。
養子風塵際，
來時道路長。
今秋天地在，
吾亦離殊方。

Creation Date: 764年
Location: CN511381
Poem Type: 律詩",136,Du Fu (杜甫),764年,雙鷰,律詩,Classical Chinese,False,True,,
dufu_chunk_0646,dufu_30599,annotations_context,"Poem: 雙鷰

Scholarly Annotations:
  一作雙飛
  一作遇",45,Du Fu (杜甫),764年,雙鷰,律詩,Classical Chinese,,,,2.0
dufu_chunk_0647,dufu_30726,poem_content,"Poem Title: 百舌

Poem Text:
百舌來何處，
重重祗報春。
知音兼衆語，
整翮豈多身。
花密藏難見，
枝高聽轉新。
過時如發口，
君側有讒人。

Creation Date: 764年
Location: CN511381
Poem Type: 律詩",136,Du Fu (杜甫),764年,百舌,律詩,Classical Chinese,False,True,,
dufu_chunk_0648,dufu_30726,annotations_context,"Poem: 百舌

Scholarly Annotations:
  一作難相",39,Du Fu (杜甫),764年,百舌,律詩,Classical Chinese,,,,1.0
dufu_chunk_0649,dufu_30681,poem_content,"Poem Title: 地隅

Poem Text:
江漢山重阻，
風雲地一隅。
年年非故物，
處處是窮途。
喪亂秦公子，
悲涼楚大夫。
平生心已折，
行路日荒蕪。

Creation Date: 768年
Location: CN421024
Poem Type: 律詩",136,Du Fu (杜甫),768年,地隅,律詩,Classical Chinese,True,True,,
dufu_chunk_0650,dufu_30681,allusions_context,"Poem: 地隅

Literary Allusions and References:
  楚大夫
  秦公子",56,Du Fu (杜甫),768年,地隅,律詩,Classical Chinese,,,2.0,
dufu_chunk_0651,dufu_30681,annotations_context,"Poem: 地隅

Scholarly Annotations:
  王粲本秦川貴公子
  一作秋",49,Du Fu (杜甫),768年,地隅,律詩,Classical Chinese,,,,2.0
dufu_chunk_0652,dufu_31182,poem_content,"Poem Title: 游子

Poem Text:
巴蜀愁誰語，
吳門興杳然。
九江春草外，
三峽暮帆前。
厭就成都卜，
休爲吏部眠。
蓬萊如可到，
衰白問羣仙。

Creation Date: 764年
Location: CN511381
Poem Type: 律詩",136,Du Fu (杜甫),764年,游子,律詩,Classical Chinese,True,True,,
dufu_chunk_0653,dufu_31182,allusions_context,"Poem: 游子

Literary Allusions and References:
  蓬萊
  吏部眠
  成都卜",61,Du Fu (杜甫),764年,游子,律詩,Classical Chinese,,,3.0,
dufu_chunk_0654,dufu_31182,annotations_context,"Poem: 游子

Scholarly Annotations:
  一作神",38,Du Fu (杜甫),764年,游子,律詩,Classical Chinese,,,,1.0
dufu_chunk_0655,dufu_30653,poem_content,"Poem Title: 歸夢

Poem Text:
道路時通塞，
江山日寂寥。
偷生唯一老，
伐叛已三朝。
雨急青楓暮，
雲深黑水遙。
夢歸歸未得，
不用楚辭招。

Creation Date: 769年
Location: CN4306
Poem Type: 律詩",134,Du Fu (杜甫),769年,歸夢,律詩,Classical Chinese,True,True,,
dufu_chunk_0656,dufu_30653,allusions_context,"Poem: 歸夢

Literary Allusions and References:
  楚辭招",50,Du Fu (杜甫),769年,歸夢,律詩,Classical Chinese,,,1.0,
dufu_chunk_0657,dufu_30653,annotations_context,"Poem: 歸夢

Scholarly Annotations:
  一作魂
  一作亦",44,Du Fu (杜甫),769年,歸夢,律詩,Classical Chinese,,,,2.0
dufu_chunk_0658,dufu_30719,poem_content,"Poem Title: 江亭王閬州筵餞蕭遂州

Poem Text:
離亭非舊國，
春色是他鄉。
老畏歌聲斷，
愁隨舞曲長。
二天開寵餞，
五馬爛生光。
川路風煙接，
俱宜下鳳皇。

Creation Date: 764年
Location: CN511381
Poem Type: 律詩",144,Du Fu (杜甫),764年,江亭王閬州筵餞蕭遂州,律詩,Classical Chinese,True,True,,
dufu_chunk_0659,dufu_30719,allusions_context,"Poem: 江亭王閬州筵餞蕭遂州

Literary Allusions and References:
  二天
  五馬
  下鳳皇",68,Du Fu (杜甫),764年,江亭王閬州筵餞蕭遂州,律詩,Classical Chinese,,,3.0,
dufu_chunk_0660,dufu_30719,annotations_context,"Poem: 江亭王閬州筵餞蕭遂州

Scholarly Annotations:
  一作短，一作繼
  一作從
  一作輝
  一作看",68,Du Fu (杜甫),764年,江亭王閬州筵餞蕭遂州,律詩,Classical Chinese,,,,4.0
dufu_chunk_0661,dufu_31235,poem_content,"Poem Title: 滕王亭子

Poem Text:
寂寞春山路，
君王不復行。
古牆猶竹色，
虛閣自松聲。
鳥雀荒村暮，
雲霞過客情。
尚思歌吹入，
千騎把霓旌。

Creation Date: 764年
Location: CN511381
Poem Type: 律詩",138,Du Fu (杜甫),764年,滕王亭子,律詩,Classical Chinese,False,True,,
dufu_chunk_0662,dufu_31235,annotations_context,"Poem: 滕王亭子

Scholarly Annotations:
  一作擁",40,Du Fu (杜甫),764年,滕王亭子,律詩,Classical Chinese,,,,1.0
dufu_chunk_0663,dufu_30661,poem_content,"Poem Title: 玉臺觀

Poem Text:
浩劫因王造，
平臺訪古遊。
綵雲蕭史駐，
文字魯恭留。
宮闕通羣帝，
乾坤到十洲。
人傳有笙鶴，
時過此山頭。

Creation Date: 764年
Location: CN511381
Poem Type: 律詩",137,Du Fu (杜甫),764年,玉臺觀,律詩,Classical Chinese,True,True,,
dufu_chunk_0664,dufu_30661,allusions_context,"Poem: 玉臺觀

Literary Allusions and References:
  笙鶴
  蕭史
  魯恭文字",62,Du Fu (杜甫),764年,玉臺觀,律詩,Classical Chinese,,,3.0,
dufu_chunk_0665,dufu_30661,annotations_context,"Poem: 玉臺觀

Scholarly Annotations:
  一作起
  一作北",45,Du Fu (杜甫),764年,玉臺觀,律詩,Classical Chinese,,,,2.0
dufu_chunk_0666,dufu_31181,poem_content,"Poem Title: 渡江

Poem Text:
春江不可渡，
二月已風濤。
舟楫欹斜疾，
魚龍偃臥高。
渚花兼素錦，
汀草亂青袍。
戲問垂綸客，
悠悠見汝曹。

Creation Date: 764年
Location: CN511381
Poem Type: 律詩",136,Du Fu (杜甫),764年,渡江,律詩,Classical Chinese,False,True,,
dufu_chunk_0667,dufu_31181,annotations_context,"Poem: 渡江

Scholarly Annotations:
  一作用
  一作甚
  一作張
  一作是",56,Du Fu (杜甫),764年,渡江,律詩,Classical Chinese,,,,4.0
dufu_chunk_0668,dufu_31163,poem_content,"Poem Title: 喜雨

Poem Text:
南國旱無雨，
今朝江出雲。
入空纔漠漠，
灑迥已紛紛。
巢燕高飛盡，
林花潤色分。
晚來聲不絕，
應得夜深聞。

Creation Date: 765年
Location: CN5101
Poem Type: 律詩",134,Du Fu (杜甫),765年,喜雨,律詩,Classical Chinese,False,True,,
dufu_chunk_0669,dufu_31163,annotations_context,"Poem: 喜雨

Scholarly Annotations:
  一作早",38,Du Fu (杜甫),765年,喜雨,律詩,Classical Chinese,,,,1.0
dufu_chunk_0670,dufu_30980,poem_content,"Poem Title: 送韋郎司直歸成都

Poem Text:
竄身來蜀地，
同病得韋郎。
天下干戈滿，
江邊歲月長。
別筵花欲暮，
春日鬢俱蒼。
爲問南溪竹，
抽梢合過墻。

Creation Date: 763年
Location: CN510722
Poem Type: 律詩",142,Du Fu (杜甫),763年,送韋郎司直歸成都,律詩,Classical Chinese,False,True,,
dufu_chunk_0671,dufu_30980,annotations_context,"Poem: 送韋郎司直歸成都

Scholarly Annotations:
  一作兵
  一作鬢色
  一作筍
  原注：余草堂在成都西郭",71,Du Fu (杜甫),763年,送韋郎司直歸成都,律詩,Classical Chinese,,,,4.0
dufu_chunk_0672,dufu_30774,poem_content,"Poem Title: 別房太尉墓

Poem Text:
他鄉復行役，
駐馬別孤墳。
近淚無乾土，
低空有斷雲。
對碁陪謝傅，
把劒覓徐君。
唯見林花落，
鸎啼送客聞。

Creation Date: 764年
Location: CN511381
Poem Type: 律詩",139,Du Fu (杜甫),764年,別房太尉墓,律詩,Classical Chinese,True,True,,
dufu_chunk_0673,dufu_30774,allusions_context,"Poem: 別房太尉墓

Literary Allusions and References:
  把劒覓徐君
  對碁陪謝傅",63,Du Fu (杜甫),764年,別房太尉墓,律詩,Classical Chinese,,,2.0,
dufu_chunk_0674,dufu_30774,annotations_context,"Poem: 別房太尉墓

Scholarly Annotations:
  在閬州
  一作空山",48,Du Fu (杜甫),764年,別房太尉墓,律詩,Classical Chinese,,,,2.0
dufu_chunk_0675,dufu_30729,poem_content,"Poem Title: 自閬州領妻子却赴蜀州山行三首

Poem Text:
汨汨避羣盜，
悠悠經十年。
不成向南國，
復作遊西川。
物役水虛照，
魂傷山寂然。
我生無倚著，
盡室畏途邊。

Creation Date: 764年
Location: CN511381
Poem Type: 律詩",148,Du Fu (杜甫),764年,自閬州領妻子却赴蜀州山行三首,律詩,Classical Chinese,False,True,,
dufu_chunk_0676,dufu_30729,annotations_context,"Poem: 自閬州領妻子却赴蜀州山行三首

Scholarly Annotations:
  一作揖揖，一作浥浥",56,Du Fu (杜甫),764年,自閬州領妻子却赴蜀州山行三首,律詩,Classical Chinese,,,,1.0
dufu_chunk_0677,dufu_30730,poem_content,"Poem Title: 自閬州領妻子却赴蜀州山行三首

Poem Text:
長林偃風色，
迴復意猶迷。
衫裛翠微潤，
馬銜青草嘶。
棧懸斜避石，
橋斷却尋溪。
何日干戈盡，
飄飄媿老妻。

Creation Date: 764年
Location: CN511381
Poem Type: 律詩",148,Du Fu (杜甫),764年,自閬州領妻子却赴蜀州山行三首,律詩,Classical Chinese,False,True,,
dufu_chunk_0678,dufu_30730,annotations_context,"Poem: 自閬州領妻子却赴蜀州山行三首

Scholarly Annotations:
  一作首
  一作徑
  一作兵",62,Du Fu (杜甫),764年,自閬州領妻子却赴蜀州山行三首,律詩,Classical Chinese,,,,3.0
dufu_chunk_0679,dufu_30731,poem_content,"Poem Title: 自閬州領妻子却赴蜀州山行三首

Poem Text:
行色遞隱見，
人煙時有無。
僕夫穿竹語，
稚子入雲呼。
轉石驚魑魅，
抨弓落狖鼯。
真供一笑樂，
似欲慰窮途。

Creation Date: 764年
Location: CN511381
Poem Type: 律詩",148,Du Fu (杜甫),764年,自閬州領妻子却赴蜀州山行三首,律詩,Classical Chinese,False,True,,
dufu_chunk_0680,dufu_30731,annotations_context,"Poem: 自閬州領妻子却赴蜀州山行三首

Scholarly Annotations:
  聘平聲，彈也",53,Du Fu (杜甫),764年,自閬州領妻子却赴蜀州山行三首,律詩,Classical Chinese,,,,1.0
dufu_chunk_0681,dufu_30575,poem_content,"Poem Title: 山館

Poem Text:
南國晝多霧，
北風天正寒。
路危行木杪，
身遠宿雲端。
山鬼吹燈滅，
廚人語夜闌。
雞鳴問前館，
世亂敢求安。

Creation Date: 768年
Location: CN421024
Poem Type: 律詩",136,Du Fu (杜甫),768年,山館,律詩,Classical Chinese,False,True,,
dufu_chunk_0682,dufu_30575,annotations_context,"Poem: 山館

Scholarly Annotations:
  一作移居公安山館，編入江陵詩後。
  一作迥",57,Du Fu (杜甫),768年,山館,律詩,Classical Chinese,,,,2.0
dufu_chunk_0683,dufu_30744,poem_content,"Poem Title: 行次鹽亭縣卿題四韻奉簡嚴遂州蓬州兩使君諮議諸昆季

Poem Text:
馬首見鹽亭，
高山擁縣青。
雲溪花淡淡，
春郭水泠泠。
全蜀多名士，
嚴家聚德星。
長歌意無極，
好爲老夫聽。

Creation Date: 763年
Location: CN510723
Poem Type: 律詩",158,Du Fu (杜甫),763年,行次鹽亭縣卿題四韻奉簡嚴遂州蓬州兩使君諮議諸昆季,律詩,Classical Chinese,True,True,,
dufu_chunk_0684,dufu_30744,allusions_context,"Poem: 行次鹽亭縣卿題四韻奉簡嚴遂州蓬州兩使君諮議諸昆季

Literary Allusions and References:
  聚德星",72,Du Fu (杜甫),763年,行次鹽亭縣卿題四韻奉簡嚴遂州蓬州兩使君諮議諸昆季,律詩,Classical Chinese,,,1.0,
dufu_chunk_0685,dufu_30744,annotations_context,"Poem: 行次鹽亭縣卿題四韻奉簡嚴遂州蓬州兩使君諮議諸昆季

Scholarly Annotations:
  嚴震及弟礪皆梓州鹽亭人。
  一作漠漠",76,Du Fu (杜甫),763年,行次鹽亭縣卿題四韻奉簡嚴遂州蓬州兩使君諮議諸昆季,律詩,Classical Chinese,,,,2.0
dufu_chunk_0686,dufu_31022,poem_content,"Poem Title: 倚杖

Poem Text:
看花雖郭內，
倚杖即溪邊。
山縣早休市，
江橋春聚船。
狎鷗輕白浪，
歸鴈喜青天。
物色兼生意，
淒涼憶去年。

Creation Date: 763年
Location: CN510723
Poem Type: 律詩",136,Du Fu (杜甫),763年,倚杖,律詩,Classical Chinese,False,True,,
dufu_chunk_0687,dufu_31022,annotations_context,"Poem: 倚杖

Scholarly Annotations:
  原注：鹽亭縣作。
  一作外
  一作野
  一作日
  一作清",67,Du Fu (杜甫),763年,倚杖,律詩,Classical Chinese,,,,5.0
dufu_chunk_0688,dufu_31079,poem_content,"Poem Title: 陪王漢州留杜綿州泛房公西湖

Poem Text:
舊相恩追後，
春池賞不稀。
闕庭分未到，
舟楫有光輝。
豉化蓴絲熟，
刀鳴鱠縷飛。
使君雙皁蓋，
灘淺正相依。

Creation Date: 763年
Location: CN510681
Poem Type: 律詩",147,Du Fu (杜甫),763年,陪王漢州留杜綿州泛房公西湖,律詩,Classical Chinese,False,True,,
dufu_chunk_0689,dufu_31079,annotations_context,"Poem: 陪王漢州留杜綿州泛房公西湖

Scholarly Annotations:
  房琯刺漢州時所鑿。",55,Du Fu (杜甫),763年,陪王漢州留杜綿州泛房公西湖,律詩,Classical Chinese,,,,1.0
dufu_chunk_0690,dufu_30743,poem_content,"Poem Title: 舟前小鵝兒

Poem Text:
鵝兒黃似酒，
對酒愛新鵝。
引頸嗔船逼，
無行亂眼多。
翅開遭宿雨，
力小困滄波。
客散層城暮，
狐狸奈若何。

Creation Date: 763年
Location: CN510681
Poem Type: 律詩",139,Du Fu (杜甫),763年,舟前小鵝兒,律詩,Classical Chinese,False,True,,
dufu_chunk_0691,dufu_30743,annotations_context,"Poem: 舟前小鵝兒

Scholarly Annotations:
  原注：漢州城西北角官池作，官池即房公湖。
  一作過",64,Du Fu (杜甫),763年,舟前小鵝兒,律詩,Classical Chinese,,,,2.0
dufu_chunk_0692,dufu_30652,poem_content,"Poem Title: 歸來

Poem Text:
客裏有所過，
歸來知路難。
開門野鼠走，
散帙壁魚乾。
洗杓開新醞，
低頭拭小盤。
憑誰給麴蘖，
細酌老江干。

Creation Date: 764年
Location: CN5101
Poem Type: 律詩",134,Du Fu (杜甫),764年,歸來,律詩,Classical Chinese,False,True,,
dufu_chunk_0693,dufu_30652,annotations_context,"Poem: 歸來

Scholarly Annotations:
  一作適
  一作著小冠",46,Du Fu (杜甫),764年,歸來,律詩,Classical Chinese,,,,2.0
dufu_chunk_0694,dufu_31111,poem_content,"Poem Title: 寄邛州崔錄事

Poem Text:
邛州崔錄事，
聞在果園坊。
久待無消息，
終朝有底忙。
應愁江樹遠，
怯見野亭荒。
浩蕩風塵外，
誰知酒熟香。

Creation Date: 764年
Location: CN5101
Poem Type: 律詩",138,Du Fu (杜甫),764年,寄邛州崔錄事,律詩,Classical Chinese,False,True,,
dufu_chunk_0695,dufu_31111,annotations_context,"Poem: 寄邛州崔錄事

Scholarly Annotations:
  坊在成都
  一作煙",49,Du Fu (杜甫),764年,寄邛州崔錄事,律詩,Classical Chinese,,,,2.0
dufu_chunk_0696,dufu_30762,poem_content,"Poem Title: 過故斛斯校書莊二首

Poem Text:
此老已云歿，
鄰人嗟亦休。
竟無宣室召，
徒有茂陵求。
妻子寄他食，
園林非昔遊。
空餘繐帷在，
淅淅野風秋。

Creation Date: 764年
Location: CN5101
Poem Type: 律詩",141,Du Fu (杜甫),764年,過故斛斯校書莊二首,律詩,Classical Chinese,True,True,,
dufu_chunk_0697,dufu_30762,allusions_context,"Poem: 過故斛斯校書莊二首

Literary Allusions and References:
  茂陵求
  宣室",62,Du Fu (杜甫),764年,過故斛斯校書莊二首,律詩,Classical Chinese,,,2.0,
dufu_chunk_0698,dufu_30762,annotations_context,"Poem: 過故斛斯校書莊二首

Scholarly Annotations:
  原注：老儒艱難時，病於庸蜀，歎其沒後方授一官，《英華》注，即斛斯融。
  一作歎未",83,Du Fu (杜甫),764年,過故斛斯校書莊二首,律詩,Classical Chinese,,,,2.0
dufu_chunk_0699,dufu_30763,poem_content,"Poem Title: 過故斛斯校書莊二首

Poem Text:
燕入非旁舍，
鷗歸祗故池。
斷橋無復板，
臥柳自生枝。
遂有山陽作，
多慚鮑叔知。
素交零落盡，
白首淚雙垂。

Creation Date: 764年
Location: CN5101
Poem Type: 律詩",141,Du Fu (杜甫),764年,過故斛斯校書莊二首,律詩,Classical Chinese,True,True,,
dufu_chunk_0700,dufu_30763,allusions_context,"Poem: 過故斛斯校書莊二首

Literary Allusions and References:
  鮑叔知
  山陽作",63,Du Fu (杜甫),764年,過故斛斯校書莊二首,律詩,Classical Chinese,,,2.0,
dufu_chunk_0701,dufu_30763,annotations_context,"Poem: 過故斛斯校書莊二首

Scholarly Annotations:
  原注：老儒艱難時，病於庸蜀，歎其沒後方授一官，《英華》注，即斛斯融。",76,Du Fu (杜甫),764年,過故斛斯校書莊二首,律詩,Classical Chinese,,,,1.0
dufu_chunk_0702,dufu_30991,poem_content,"Poem Title: 送舍弟頻赴齊州三首

Poem Text:
岷嶺南蠻北，
徐關東海西。
此行何日到，
送汝萬行啼。
絕域惟高枕，
清風獨杖藜。
危時暫相見，
衰白意都迷。

Creation Date: 764年
Location: CN5101
Poem Type: 律詩",141,Du Fu (杜甫),764年,送舍弟頻赴齊州三首,律詩,Classical Chinese,False,True,,
dufu_chunk_0703,dufu_30991,annotations_context,"Poem: 送舍弟頻赴齊州三首

Scholarly Annotations:
  一作潁，一作頴",49,Du Fu (杜甫),764年,送舍弟頻赴齊州三首,律詩,Classical Chinese,,,,1.0
dufu_chunk_0704,dufu_30992,poem_content,"Poem Title: 送舍弟頻赴齊州三首

Poem Text:
風塵暗不開，
汝去幾時來。
兄弟分離苦，
形容老病催。
江通一柱觀，
日落望鄉臺。
客意長東北，
齊州安在哉。

Creation Date: 764年
Location: CN5101
Poem Type: 律詩",141,Du Fu (杜甫),764年,送舍弟頻赴齊州三首,律詩,Classical Chinese,False,True,,
dufu_chunk_0705,dufu_30992,annotations_context,"Poem: 送舍弟頻赴齊州三首

Scholarly Annotations:
  一作潁，一作頴",49,Du Fu (杜甫),764年,送舍弟頻赴齊州三首,律詩,Classical Chinese,,,,1.0
dufu_chunk_0706,dufu_30993,poem_content,"Poem Title: 送舍弟頻赴齊州三首

Poem Text:
諸姑今海畔，
兩弟亦山東。
去傍干戈覓，
來看道路通。
短衣防戰地，
匹馬逐秋風。
莫作俱流落，
長瞻碣石鴻。

Creation Date: 764年
Location: CN5101
Poem Type: 律詩",141,Du Fu (杜甫),764年,送舍弟頻赴齊州三首,律詩,Classical Chinese,False,True,,
dufu_chunk_0707,dufu_30993,annotations_context,"Poem: 送舍弟頻赴齊州三首

Scholarly Annotations:
  一作潁，一作頴",49,Du Fu (杜甫),764年,送舍弟頻赴齊州三首,律詩,Classical Chinese,,,,1.0
dufu_chunk_0708,dufu_30768,poem_content,"Poem Title: 嚴鄭公階下新松

Poem Text:
弱質豈自負，
移根方爾瞻。
細聲聞玉帳，
疎翠近珠簾。
未見紫烟集，
虛蒙清露霑。
何當一百丈，
欹蓋擁高簷。

Creation Date: 764年
Location: CN5101
Poem Type: 律詩",139,Du Fu (杜甫),764年,嚴鄭公階下新松,律詩,Classical Chinese,False,True,,
dufu_chunk_0709,dufu_30768,annotations_context,"Poem: 嚴鄭公階下新松

Scholarly Annotations:
  得霑字
  一作侵",49,Du Fu (杜甫),764年,嚴鄭公階下新松,律詩,Classical Chinese,,,,2.0
dufu_chunk_0710,dufu_30767,poem_content,"Poem Title: 嚴鄭公宅同詠竹

Poem Text:
綠竹半含籜，
新梢纔出牆。
色侵書帙晚，
陰過酒樽涼。
雨洗娟娟淨，
風吹細細香。
但令無剪伐，
會見拂雲長。

Creation Date: 764年
Location: CN5101
Poem Type: 律詩",139,Du Fu (杜甫),764年,嚴鄭公宅同詠竹,律詩,Classical Chinese,False,True,,
dufu_chunk_0711,dufu_30767,annotations_context,"Poem: 嚴鄭公宅同詠竹

Scholarly Annotations:
  得香字。",44,Du Fu (杜甫),764年,嚴鄭公宅同詠竹,律詩,Classical Chinese,,,,1.0
dufu_chunk_0712,dufu_31131,poem_content,"Poem Title: 晚秋陪嚴鄭公摩訶池泛舟

Poem Text:
湍駛風醒酒，
船迴霧起隄。
高城秋自落，
雜樹晚相迷。
坐觸鴛鴦起，
巢傾翡翠低。
莫須驚白鷺，
爲伴宿清溪。

Creation Date: 764年
Location: CN5101
Poem Type: 律詩",143,Du Fu (杜甫),764年,晚秋陪嚴鄭公摩訶池泛舟,律詩,Classical Chinese,False,True,,
dufu_chunk_0713,dufu_31131,annotations_context,"Poem: 晚秋陪嚴鄭公摩訶池泛舟

Scholarly Annotations:
  得溪字，池在張儀子城內。
  一作行",62,Du Fu (杜甫),764年,晚秋陪嚴鄭公摩訶池泛舟,律詩,Classical Chinese,,,,2.0
dufu_chunk_0714,dufu_30773,poem_content,"Poem Title: 初冬

Poem Text:
垂老戎衣窄，
歸休寒色深。
漁舟上急水，
獵火著高林。
日有習池醉，
愁來梁甫吟。
干戈未偃息，
出處遂何心。

Creation Date: 764年
Location: CN5101
Poem Type: 律詩",134,Du Fu (杜甫),764年,初冬,律詩,Classical Chinese,True,True,,
dufu_chunk_0715,dufu_30773,allusions_context,"Poem: 初冬

Literary Allusions and References:
  習池
  梁甫吟",55,Du Fu (杜甫),764年,初冬,律詩,Classical Chinese,,,2.0,
dufu_chunk_0716,dufu_30773,annotations_context,"Poem: 初冬

Scholarly Annotations:
  一作氣",38,Du Fu (杜甫),764年,初冬,律詩,Classical Chinese,,,,1.0
dufu_chunk_0717,dufu_30658,poem_content,"Poem Title: 正月三日歸溪上有作簡院內諸公

Poem Text:
野外堂依竹，
籬邊水向城。
蟻浮仍臘味，
鷗泛已春聲。
藥許隣人劚，
書從稚子擎。
白頭趨幕府，
深覺負平生。

Creation Date: 765年
Location: CN5101
Poem Type: 律詩",146,Du Fu (杜甫),765年,正月三日歸溪上有作簡院內諸公,律詩,Classical Chinese,False,False,,
dufu_chunk_0718,dufu_30920,poem_content,"Poem Title: 春日江村五首

Poem Text:
農務村村急，
春流岸岸深。
乾坤萬里眼，
時序百年心。
茅屋還堪賦，
桃源自可尋。
艱難賤生理，
飄泊到如今。

Creation Date: 765年
Location: CN5101
Poem Type: 律詩",138,Du Fu (杜甫),765年,春日江村五首,律詩,Classical Chinese,True,True,,
dufu_chunk_0719,dufu_30920,allusions_context,"Poem: 春日江村五首

Literary Allusions and References:
  桃源",53,Du Fu (杜甫),765年,春日江村五首,律詩,Classical Chinese,,,1.0,
dufu_chunk_0720,dufu_30920,annotations_context,"Poem: 春日江村五首

Scholarly Annotations:
  一作淺，一作昧",46,Du Fu (杜甫),765年,春日江村五首,律詩,Classical Chinese,,,,1.0
dufu_chunk_0721,dufu_30921,poem_content,"Poem Title: 春日江村五首

Poem Text:
迢遞來三蜀，
蹉跎有六年。
客身逢故舊，
發興自林泉。
過懶從衣結，
頻遊任履穿。
藩籬無限景，
恣意買江天。

Creation Date: 765年
Location: CN5101
Poem Type: 律詩",138,Du Fu (杜甫),765年,春日江村五首,律詩,Classical Chinese,True,True,,
dufu_chunk_0722,dufu_30921,allusions_context,"Poem: 春日江村五首

Literary Allusions and References:
  履穿",53,Du Fu (杜甫),765年,春日江村五首,律詩,Classical Chinese,,,1.0,
dufu_chunk_0723,dufu_30921,annotations_context,"Poem: 春日江村五首

Scholarly Annotations:
  一作又
  一作頗無限
  一作向",56,Du Fu (杜甫),765年,春日江村五首,律詩,Classical Chinese,,,,3.0
dufu_chunk_0724,dufu_30922,poem_content,"Poem Title: 春日江村五首

Poem Text:
種竹交加翠，
栽桃爛熳紅。
經心石鏡月，
到面雪山風。
赤管隨王命，
銀章付老翁。
豈知牙齒落，
名玷薦賢中。

Creation Date: 765年
Location: CN5101
Poem Type: 律詩",138,Du Fu (杜甫),765年,春日江村五首,律詩,Classical Chinese,True,False,,
dufu_chunk_0725,dufu_30922,allusions_context,"Poem: 春日江村五首

Literary Allusions and References:
  赤管
  銀章",58,Du Fu (杜甫),765年,春日江村五首,律詩,Classical Chinese,,,2.0,
dufu_chunk_0726,dufu_30923,poem_content,"Poem Title: 春日江村五首

Poem Text:
扶病垂朱紱，
歸休步紫苔。
郊扉存晚計，
幕府媿羣材。
燕外晴絲卷，
鷗邊水葉開。
隣家送魚鼈，
問我數能來。

Creation Date: 765年
Location: CN5101
Poem Type: 律詩",138,Du Fu (杜甫),765年,春日江村五首,律詩,Classical Chinese,False,True,,
dufu_chunk_0727,dufu_30923,annotations_context,"Poem: 春日江村五首

Scholarly Annotations:
  一作在",42,Du Fu (杜甫),765年,春日江村五首,律詩,Classical Chinese,,,,1.0
dufu_chunk_0728,dufu_30924,poem_content,"Poem Title: 春日江村五首

Poem Text:
羣盜哀王粲，
中年召賈生。
登樓初有作，
前席竟爲榮。
宅入先賢傳，
才高處士名。
異時懷二子，
春日復含情。

Creation Date: 765年
Location: CN5101
Poem Type: 律詩",138,Du Fu (杜甫),765年,春日江村五首,律詩,Classical Chinese,True,False,,
dufu_chunk_0729,dufu_30924,allusions_context,"Poem: 春日江村五首

Literary Allusions and References:
  前席
  召賈生
  事劉",64,Du Fu (杜甫),765年,春日江村五首,律詩,Classical Chinese,,,3.0,
dufu_chunk_0730,dufu_31024,poem_content,"Poem Title: 哭嚴僕射歸櫬

Poem Text:
素幔隨流水，
歸舟返舊京。
老親如宿昔，
部曲異平生。
風送蛟龍雨，
天長驃騎營。
一哀三峽暮，
遺後見君情。

Creation Date: 765年
Location: CN500233
Poem Type: 律詩",140,Du Fu (杜甫),765年,哭嚴僕射歸櫬,律詩,Classical Chinese,True,True,,
dufu_chunk_0731,dufu_31024,allusions_context,"Poem: 哭嚴僕射歸櫬

Literary Allusions and References:
  蛟龍匣",54,Du Fu (杜甫),765年,哭嚴僕射歸櫬,律詩,Classical Chinese,,,1.0,
dufu_chunk_0732,dufu_31024,annotations_context,"Poem: 哭嚴僕射歸櫬

Scholarly Annotations:
  一作知
  一作逆
  一作匣",54,Du Fu (杜甫),765年,哭嚴僕射歸櫬,律詩,Classical Chinese,,,,3.0
dufu_chunk_0733,dufu_31030,poem_content,"Poem Title: 宴戎州楊使君東樓

Poem Text:
勝絕驚身老，
情忘發興奇。
座從歌妓密，
樂任主人爲。
重碧拈春酒，
輕紅擘荔枝。
樓高欲愁思，
橫笛未休吹。

Creation Date: 765年
Location: CN5115
Poem Type: 律詩",140,Du Fu (杜甫),765年,宴戎州楊使君東樓,律詩,Classical Chinese,False,True,,
dufu_chunk_0734,dufu_31030,annotations_context,"Poem: 宴戎州楊使君東樓

Scholarly Annotations:
  一作酤，一作擎，一作拓
  一作筒",58,Du Fu (杜甫),765年,宴戎州楊使君東樓,律詩,Classical Chinese,,,,2.0
dufu_chunk_0735,dufu_31180,poem_content,"Poem Title: 渝州候嚴六侍御不到先下峽

Poem Text:
聞道乘驄發，
沙邊待至今。
不知雲雨散，
虛費短長吟。
山帶烏蠻闊，
江連白帝深。
船經一柱觀，
留眼共登臨。

Creation Date: 765年
Location: CN50
Poem Type: 律詩",142,Du Fu (杜甫),765年,渝州候嚴六侍御不到先下峽,律詩,Classical Chinese,True,True,,
dufu_chunk_0736,dufu_31180,allusions_context,"Poem: 渝州候嚴六侍御不到先下峽

Literary Allusions and References:
  乘驄",59,Du Fu (杜甫),765年,渝州候嚴六侍御不到先下峽,律詩,Classical Chinese,,,1.0,
dufu_chunk_0737,dufu_31180,annotations_context,"Poem: 渝州候嚴六侍御不到先下峽

Scholarly Annotations:
  一作滯",48,Du Fu (杜甫),765年,渝州候嚴六侍御不到先下峽,律詩,Classical Chinese,,,,1.0
dufu_chunk_0738,dufu_31014,poem_content,"Poem Title: 聞高常侍亡

Poem Text:
歸朝不相見，
蜀使忽傳亡。
虛歷金華省，
何殊地下郎。
致君丹檻折，
哭友白雲長。
獨步詩名在，
秪令故舊傷。

Creation Date: 765年
Location: CN500233
Poem Type: 律詩",139,Du Fu (杜甫),765年,聞高常侍亡,律詩,Classical Chinese,True,True,,
dufu_chunk_0739,dufu_31014,allusions_context,"Poem: 聞高常侍亡

Literary Allusions and References:
  白雲思友
  地下郎",60,Du Fu (杜甫),765年,聞高常侍亡,律詩,Classical Chinese,,,2.0,
dufu_chunk_0740,dufu_31014,annotations_context,"Poem: 聞高常侍亡

Scholarly Annotations:
  原注：忠州作。",45,Du Fu (杜甫),765年,聞高常侍亡,律詩,Classical Chinese,,,,1.0
dufu_chunk_0741,dufu_31031,poem_content,"Poem Title: 宴忠州使君姪宅

Poem Text:
出守吾家姪，
殊方此日歡。
自須遊阮巷，
不是怕湖灘。
樂助長歌逸，
杯饒旅思寬。
昔曾如意舞，
牽率強爲看。

Creation Date: 765年
Location: CN500233
Poem Type: 律詩",141,Du Fu (杜甫),765年,宴忠州使君姪宅,律詩,Classical Chinese,True,True,,
dufu_chunk_0742,dufu_31031,allusions_context,"Poem: 宴忠州使君姪宅

Literary Allusions and References:
  如意舞
  阮巷",60,Du Fu (杜甫),765年,宴忠州使君姪宅,律詩,Classical Chinese,,,2.0,
dufu_chunk_0743,dufu_31031,annotations_context,"Poem: 宴忠州使君姪宅

Scholarly Annotations:
  一作舍
  一作溪
  一作送
  一作林",61,Du Fu (杜甫),765年,宴忠州使君姪宅,律詩,Classical Chinese,,,,4.0
dufu_chunk_0744,dufu_30945,poem_content,"Poem Title: 禹廟

Poem Text:
禹廟空山裏，
秋風落日斜。
荒庭垂橘柚，
古屋畫龍蛇。
雲氣生虛壁，
江聲走白沙。
早知乘四載，
疏鑿控三巴。

Creation Date: 765年
Location: CN500233
Poem Type: 律詩",136,Du Fu (杜甫),765年,禹廟,律詩,Classical Chinese,False,True,,
dufu_chunk_0745,dufu_30945,annotations_context,"Poem: 禹廟

Scholarly Annotations:
  此忠州臨江縣禹祠也。
  一作噓清
  去聲，即乘輴等乘字義
  一作流落",72,Du Fu (杜甫),765年,禹廟,律詩,Classical Chinese,,,,4.0
dufu_chunk_0746,dufu_31243,poem_content,"Poem Title: 題忠州龍興寺所居院壁

Poem Text:
忠州三峽內，
井邑聚雲根。
小市常爭米，
孤城早閉門。
空看過客淚，
莫覓主人恩。
淹泊仍愁虎，
深居賴獨園。

Creation Date: 765年
Location: CN500233
Poem Type: 律詩",144,Du Fu (杜甫),765年,題忠州龍興寺所居院壁,律詩,Classical Chinese,False,True,,
dufu_chunk_0747,dufu_31243,annotations_context,"Poem: 題忠州龍興寺所居院壁

Scholarly Annotations:
  一作豈
  一作薄",52,Du Fu (杜甫),765年,題忠州龍興寺所居院壁,律詩,Classical Chinese,,,,2.0
dufu_chunk_0748,dufu_31038,poem_content,"Poem Title: 旅夜書懷

Poem Text:
細草微風岸，
危檣獨夜舟。
星垂平野闊，
月湧大江流。
名豈文章著，
官因老病休。
飄飄何所似，
天地一沙鷗。

Creation Date: 765年
Location: CN500233
Poem Type: 律詩",138,Du Fu (杜甫),765年,旅夜書懷,律詩,Classical Chinese,False,True,,
dufu_chunk_0749,dufu_31038,annotations_context,"Poem: 旅夜書懷

Scholarly Annotations:
  一作隨
  一作應
  一作零
  一作外",58,Du Fu (杜甫),765年,旅夜書懷,律詩,Classical Chinese,,,,4.0
dufu_chunk_0750,dufu_30776,poem_content,"Poem Title: 別常徵君

Poem Text:
兒扶猶杖策，
臥病一秋強。
白髮少新洗，
寒衣寬總長。
故人憂見及，
此別淚相忘。
各逐萍流轉，
來書細作行。

Creation Date: 765年
Location: CN500235
Poem Type: 律詩",138,Du Fu (杜甫),765年,別常徵君,律詩,Classical Chinese,False,False,,
dufu_chunk_0751,dufu_30560,poem_content,"Poem Title: 又雪

Poem Text:
南雪不到地，
青崖霑未消。
微微向日薄，
脈脈去人遙。
冬熱鴛鴦病，
峽深豺虎驕。
愁邊有江水，
焉得北之朝。

Creation Date: 765年
Location: CN500235
Poem Type: 律詩",136,Du Fu (杜甫),765年,又雪,律詩,Classical Chinese,False,False,,
dufu_chunk_0752,dufu_30631,poem_content,"Poem Title: 長江二首

Poem Text:
衆水會涪萬，
瞿塘爭一門。
朝宗人共挹，
盜賊爾誰尊。
孤石隱如馬，
高蘿垂飲猨。
歸心異波浪，
何事即飛飜。

Creation Date: 765年
Location: CN500235
Poem Type: 律詩",138,Du Fu (杜甫),765年,長江二首,律詩,Classical Chinese,False,False,,
dufu_chunk_0753,dufu_30632,poem_content,"Poem Title: 長江二首

Poem Text:
浩浩終不息，
乃知東極臨。
衆流歸海意，
萬國奉君心。
色借瀟湘闊，
聲驅灧澦深。
未辭添霧雨，
接上遇衣襟。

Creation Date: 765年
Location: CN500235
Poem Type: 律詩",138,Du Fu (杜甫),765年,長江二首,律詩,Classical Chinese,False,True,,
dufu_chunk_0754,dufu_30632,annotations_context,"Poem: 長江二首

Scholarly Annotations:
  一作深
  一作沈
  一作過",52,Du Fu (杜甫),765年,長江二首,律詩,Classical Chinese,,,,3.0
dufu_chunk_0755,dufu_30861,poem_content,"Poem Title: 承聞故房相公靈櫬自閬州啓殯歸葬東都有作二首

Poem Text:
遠聞房太守，
歸葬陸渾山。
一德興王後，
孤魂久客間。
孔明多故事，
安石竟崇班。
他日嘉陵涕，
仍沾楚水還。

Creation Date: 765年
Location: CN500235
Poem Type: 律詩",155,Du Fu (杜甫),765年,承聞故房相公靈櫬自閬州啓殯歸葬東都有作二首,律詩,Classical Chinese,True,True,,
dufu_chunk_0756,dufu_30861,allusions_context,"Poem: 承聞故房相公靈櫬自閬州啓殯歸葬東都有作二首

Literary Allusions and References:
  安石
  孔明故事",75,Du Fu (杜甫),765年,承聞故房相公靈櫬自閬州啓殯歸葬東都有作二首,律詩,Classical Chinese,,,2.0,
dufu_chunk_0757,dufu_30861,annotations_context,"Poem: 承聞故房相公靈櫬自閬州啓殯歸葬東都有作二首

Scholarly Annotations:
  一作尉
  陳壽等定諸葛亮故事二十四篇以進",75,Du Fu (杜甫),765年,承聞故房相公靈櫬自閬州啓殯歸葬東都有作二首,律詩,Classical Chinese,,,,2.0
dufu_chunk_0758,dufu_30862,poem_content,"Poem Title: 承聞故房相公靈櫬自閬州啓殯歸葬東都有作二首

Poem Text:
丹旐飛飛日，
初傳發閬州。
風塵終不解，
江漢忽同流。
劒動新身匣，
書歸故國樓。
盡哀知有處，
爲客恐長休。

Creation Date: 765年
Location: CN500235
Poem Type: 律詩",155,Du Fu (杜甫),765年,承聞故房相公靈櫬自閬州啓殯歸葬東都有作二首,律詩,Classical Chinese,False,True,,
dufu_chunk_0759,dufu_30862,annotations_context,"Poem: 承聞故房相公靈櫬自閬州啓殯歸葬東都有作二首

Scholarly Annotations:
  一作親",57,Du Fu (杜甫),765年,承聞故房相公靈櫬自閬州啓殯歸葬東都有作二首,律詩,Classical Chinese,,,,1.0
dufu_chunk_0760,dufu_30588,poem_content,"Poem Title: 雲安九日鄭十八攜酒陪諸公宴

Poem Text:
寒花開已盡，
菊蘂獨盈枝。
舊摘人頻異，
輕香酒蹔隨。
地偏初衣裌，
山擁更登危。
萬國皆戎馬，
酣歌淚欲垂。

Creation Date: 765年
Location: CN500235
Poem Type: 律詩",147,Du Fu (杜甫),765年,雲安九日鄭十八攜酒陪諸公宴,律詩,Classical Chinese,False,False,,
dufu_chunk_0761,dufu_30906,poem_content,"Poem Title: 將曉二首

Poem Text:
石城除擊柝，
鐵鎖欲開關。
鼓角悲荒塞，
星河落曙山。
巴人常小梗，
蜀使動無還。
垂老孤帆色，
飄飄犯百蠻。

Creation Date: 765年
Location: CN500235
Poem Type: 律詩",138,Du Fu (杜甫),765年,將曉二首,律詩,Classical Chinese,False,True,,
dufu_chunk_0762,dufu_30906,annotations_context,"Poem: 將曉二首

Scholarly Annotations:
  一作曉
  一作白",46,Du Fu (杜甫),765年,將曉二首,律詩,Classical Chinese,,,,2.0
dufu_chunk_0763,dufu_30907,poem_content,"Poem Title: 將曉二首

Poem Text:
軍吏回官燭，
舟人自楚歌。
寒沙蒙薄霧，
落月去清波。
壯惜身名晚，
衰慙應接多。
歸朝日簪笏，
筋力定如何。

Creation Date: 765年
Location: CN500235
Poem Type: 律詩",138,Du Fu (杜甫),765年,將曉二首,律詩,Classical Chinese,False,False,,
dufu_chunk_0764,dufu_30785,poem_content,"Poem Title: 懷錦水居止二首

Poem Text:
軍旅西征僻，
風塵戰伐多。
猶聞蜀父老，
不忘舜謳歌。
天險終難立，
柴門豈重過。
朝朝巫峽水，
遠逗錦江波。

Creation Date: 765年
Location: CN500235
Poem Type: 律詩",141,Du Fu (杜甫),765年,懷錦水居止二首,律詩,Classical Chinese,False,True,,
dufu_chunk_0765,dufu_30785,annotations_context,"Poem: 懷錦水居止二首

Scholarly Annotations:
  一作獨
  一作遠",49,Du Fu (杜甫),765年,懷錦水居止二首,律詩,Classical Chinese,,,,2.0
dufu_chunk_0766,dufu_30786,poem_content,"Poem Title: 懷錦水居止二首

Poem Text:
萬里橋南宅，
百花潭北莊。
層軒皆面水，
老樹飽經霜。
雪嶺界天白，
錦城曛日黃。
惜哉形勝地，
回首一茫茫。

Creation Date: 765年
Location: CN500235
Poem Type: 律詩",141,Du Fu (杜甫),765年,懷錦水居止二首,律詩,Classical Chinese,False,True,,
dufu_chunk_0767,dufu_30786,annotations_context,"Poem: 懷錦水居止二首

Scholarly Annotations:
  一作西",43,Du Fu (杜甫),765年,懷錦水居止二首,律詩,Classical Chinese,,,,1.0
dufu_chunk_0768,dufu_30570,poem_content,"Poem Title: 子規

Poem Text:
峽裏雲安縣，
江樓翼瓦齊。
兩邊山木合，
終日子規啼。
眇眇春風見，
蕭蕭夜色淒。
客愁那聽此，
故作傍人低。

Creation Date: 766年
Location: CN500235
Poem Type: 律詩",136,Du Fu (杜甫),766年,子規,律詩,Classical Chinese,False,True,,
dufu_chunk_0769,dufu_30570,annotations_context,"Poem: 子規

Scholarly Annotations:
  一渺渺
  一作棲
  一作傍旅",51,Du Fu (杜甫),766年,子規,律詩,Classical Chinese,,,,3.0
dufu_chunk_0770,dufu_30727,poem_content,"Poem Title: 老病

Poem Text:
老病巫山裏，
稽留楚客中。
藥殘他日裹，
花發去年叢。
夜足霑沙雨，
春多逆水風。
合分雙賜筆，
猶作一飄蓬。

Creation Date: 767年
Location: CN500236
Poem Type: 律詩",136,Du Fu (杜甫),767年,老病,律詩,Classical Chinese,True,False,,
dufu_chunk_0771,dufu_30727,allusions_context,"Poem: 老病

Literary Allusions and References:
  賜筆",49,Du Fu (杜甫),767年,老病,律詩,Classical Chinese,,,1.0,
dufu_chunk_0772,dufu_30893,poem_content,"Poem Title: 南楚

Poem Text:
南楚青春異，
暄寒早早分。
無名江上草，
隨意嶺頭雲。
正月蜂相見，
非時鳥共聞。
杖藜妨躍馬，
不是故離羣。

Creation Date: 766年
Location: CN500235
Poem Type: 律詩",136,Du Fu (杜甫),766年,南楚,律詩,Classical Chinese,False,False,,
dufu_chunk_0773,dufu_31141,poem_content,"Poem Title: 移居夔州郭

Poem Text:
伏枕雲安縣，
遷居白帝城。
春知催柳別，
江與放船清。
農事聞人說，
山光見鳥情。
禹功饒斷石，
且就土微平。

Creation Date: 766年
Location: CN500235
Poem Type: 律詩",139,Du Fu (杜甫),766年,移居夔州郭,律詩,Classical Chinese,False,True,,
dufu_chunk_0774,dufu_31141,annotations_context,"Poem: 移居夔州郭

Scholarly Annotations:
  一作已",41,Du Fu (杜甫),766年,移居夔州郭,律詩,Classical Chinese,,,,1.0
dufu_chunk_0775,dufu_31146,poem_content,"Poem Title: 船下夔州郭宿雨濕不得上岸別王十二判官

Poem Text:
依沙宿舸船，
石瀨月娟娟。
風起春燈亂，
江鳴夜雨懸。
晨鐘雲外濕，
勝地石堂煙。
柔櫓輕鷗外，
含悽覺汝賢。

Creation Date: 766年
Location: CN500235
Poem Type: 律詩",152,Du Fu (杜甫),766年,船下夔州郭宿雨濕不得上岸別王十二判官,律詩,Classical Chinese,False,True,,
dufu_chunk_0776,dufu_31146,annotations_context,"Poem: 船下夔州郭宿雨濕不得上岸別王十二判官

Scholarly Annotations:
  一作二十
  一作岸
  一作偏
  一作情",73,Du Fu (杜甫),766年,船下夔州郭宿雨濕不得上岸別王十二判官,律詩,Classical Chinese,,,,4.0
dufu_chunk_0777,dufu_31106,poem_content,"Poem Title: 宿江邊閣

Poem Text:
暝色延山徑，
高齋次水門。
薄雲巖際宿，
孤月浪中飜。
鸛鶴追飛靜，
豺狼得食喧。
不眠憂戰伐，
無力正乾坤。

Creation Date: 766年
Location: CN500236,西阁
Poem Type: 律詩",141,Du Fu (杜甫),766年,宿江邊閣,律詩,Classical Chinese,False,True,,
dufu_chunk_0778,dufu_31106,annotations_context,"Poem: 宿江邊閣

Scholarly Annotations:
  即後西閣
  一作盡",47,Du Fu (杜甫),766年,宿江邊閣,律詩,Classical Chinese,,,,2.0
dufu_chunk_0779,dufu_30822,poem_content,"Poem Title: 夜宿西閣曉呈元二十一曹長

Poem Text:
城暗更籌急，
樓高雨雪微。
稍通綃幕霽，
遠帶玉繩稀。
門鵲晨光起，
牆烏宿處飛。
寒江流甚細，
有意待人歸。

Creation Date: 766年
Location: CN500236,西阁
Poem Type: 律詩",149,Du Fu (杜甫),766年,夜宿西閣曉呈元二十一曹長,律詩,Classical Chinese,False,True,,
dufu_chunk_0780,dufu_30822,annotations_context,"Poem: 夜宿西閣曉呈元二十一曹長

Scholarly Annotations:
  一作喜
  一作檣",54,Du Fu (杜甫),766年,夜宿西閣曉呈元二十一曹長,律詩,Classical Chinese,,,,2.0
dufu_chunk_0781,dufu_30750,poem_content,"Poem Title: 西閣口號

Poem Text:
山木抱雲稠，
寒江繞上頭。
雪崖纔變石，
風幔不依樓。
社稷堪流涕，
安危在運籌。
看君話王室，
感動幾銷憂。

Creation Date: 766年
Location: CN500236,西阁
Poem Type: 律詩",141,Du Fu (杜甫),766年,西閣口號,律詩,Classical Chinese,False,True,,
dufu_chunk_0782,dufu_30750,annotations_context,"Poem: 西閣口號

Scholarly Annotations:
  呈元二十一",42,Du Fu (杜甫),766年,西閣口號,律詩,Classical Chinese,,,,1.0
dufu_chunk_0783,dufu_30752,poem_content,"Poem Title: 西閣雨望

Poem Text:
樓雨霑雲幔，
山寒著水城。
徑添沙面出，
湍減石稜生。
菊蘂淒疎放，
松林駐遠情。
滂沱朱檻濕，
萬慮傍簷楹。

Creation Date: 766年
Location: CN500236,西阁
Poem Type: 律詩",141,Du Fu (杜甫),766年,西閣雨望,律詩,Classical Chinese,False,True,,
dufu_chunk_0784,dufu_30752,annotations_context,"Poem: 西閣雨望

Scholarly Annotations:
  一作高
  一作倚",46,Du Fu (杜甫),766年,西閣雨望,律詩,Classical Chinese,,,,2.0
dufu_chunk_0785,dufu_30580,poem_content,"Poem Title: 不離西閣二首

Poem Text:
江柳非時發，
江花冷色頻。
地偏應有瘴，
臘近已含春。
失學從愚子，
無家住老身。
不知西閣意，
肯別定留人。

Creation Date: 766年
Location: CN500236,西阁
Poem Type: 律詩",143,Du Fu (杜甫),766年,不離西閣二首,律詩,Classical Chinese,False,True,,
dufu_chunk_0786,dufu_30580,annotations_context,"Poem: 不離西閣二首

Scholarly Annotations:
  一作任
  一作何",48,Du Fu (杜甫),766年,不離西閣二首,律詩,Classical Chinese,,,,2.0
dufu_chunk_0787,dufu_30581,poem_content,"Poem Title: 不離西閣二首

Poem Text:
西閣從人別，
人今亦故亭。
江雲飄素練，
石壁斷空青。
滄海先迎日，
銀河倒列星。
平生耽勝事，
吁駭始初經。

Creation Date: 766年
Location: CN500236,西阁
Poem Type: 律詩",143,Du Fu (杜甫),766年,不離西閣二首,律詩,Classical Chinese,False,True,,
dufu_chunk_0788,dufu_30581,annotations_context,"Poem: 不離西閣二首

Scholarly Annotations:
  一作葉
  一作斬
  一作怪",54,Du Fu (杜甫),766年,不離西閣二首,律詩,Classical Chinese,,,,3.0
dufu_chunk_0789,dufu_30749,poem_content,"Poem Title: 西閣三度期大昌嚴明府同宿不到

Poem Text:
問子能來宿，
今疑索故要。
匣琴虛夜夜，
手板自朝朝。
金吼霜鐘徹，
花催臘炬銷。
早鳧江檻底，
雙影漫飄颻。

Creation Date: 766年
Location: CN500236,西阁
Poem Type: 律詩",151,Du Fu (杜甫),766年,西閣三度期大昌嚴明府同宿不到,律詩,Classical Chinese,True,True,,
dufu_chunk_0790,dufu_30749,allusions_context,"Poem: 西閣三度期大昌嚴明府同宿不到

Literary Allusions and References:
  下履鳧
  故要",67,Du Fu (杜甫),766年,西閣三度期大昌嚴明府同宿不到,律詩,Classical Chinese,,,2.0,
dufu_chunk_0791,dufu_30749,annotations_context,"Poem: 西閣三度期大昌嚴明府同宿不到

Scholarly Annotations:
  一作蠟",50,Du Fu (杜甫),766年,西閣三度期大昌嚴明府同宿不到,律詩,Classical Chinese,,,,1.0
dufu_chunk_0792,dufu_30751,poem_content,"Poem Title: 西閣夜

Poem Text:
恍惚寒山暮，
逶迤白霧昏。
山虛風落石，
樓靜月侵門。
擊柝可憐子，
無衣何處村。
時危關百慮，
盜賊爾猶存。

Creation Date: 766年
Location: CN500236,西阁
Poem Type: 律詩",140,Du Fu (杜甫),766年,西閣夜,律詩,Classical Chinese,False,False,,
dufu_chunk_0793,dufu_31272,poem_content,"Poem Title: 瀼西寒望

Poem Text:
水色含羣動，
朝光切太虛。
年侵頻悵望，
興遠一蕭疎。
猨挂時相學，
鷗行炯自如。
瞿唐春欲至，
定卜瀼西居。

Creation Date: 766年
Location: CN500236
Poem Type: 律詩",138,Du Fu (杜甫),766年,瀼西寒望,律詩,Classical Chinese,False,True,,
dufu_chunk_0794,dufu_31272,annotations_context,"Poem: 瀼西寒望

Scholarly Annotations:
  夔人以澗水通江者爲瀼，大昌縣有千頃池，水分三道，其一南流奉節縣，爲西瀼水。
  一作終",80,Du Fu (杜甫),766年,瀼西寒望,律詩,Classical Chinese,,,,2.0
dufu_chunk_0795,dufu_30544,poem_content,"Poem Title: 入宅三首

Poem Text:
奔峭背赤甲，
斷崖當白鹽。
客居愧遷次，
春酒漸多添。
花亞欲移竹，
鳥窺新捲簾。
衰年不敢恨，
勝概欲相兼。

Creation Date: 767年
Location: CN500236,赤甲
Poem Type: 律詩",141,Du Fu (杜甫),767年,入宅三首,律詩,Classical Chinese,False,True,,
dufu_chunk_0796,dufu_30544,annotations_context,"Poem: 入宅三首

Scholarly Annotations:
  大曆二年春，甫自西閣遷赤甲。
  一作色",57,Du Fu (杜甫),767年,入宅三首,律詩,Classical Chinese,,,,2.0
dufu_chunk_0797,dufu_30545,poem_content,"Poem Title: 入宅三首

Poem Text:
亂後居難定，
春歸客未還。
水生魚復浦，
雲暖麝香山。
半頂梳頭白，
過眉拄杖斑。
相看多使者，
一一問函關。

Creation Date: 767年
Location: CN500236,赤甲
Poem Type: 律詩",141,Du Fu (杜甫),767年,入宅三首,律詩,Classical Chinese,False,True,,
dufu_chunk_0798,dufu_30545,annotations_context,"Poem: 入宅三首

Scholarly Annotations:
  大曆二年春，甫自西閣遷赤甲。
  一作判",57,Du Fu (杜甫),767年,入宅三首,律詩,Classical Chinese,,,,2.0
dufu_chunk_0799,dufu_30546,poem_content,"Poem Title: 入宅三首

Poem Text:
宋玉歸州宅，
雲通白帝城。
吾人淹老病，
旅食豈才名。
峽口風常急，
江流氣不平。
只應與兒子，
飄轉任浮生。

Creation Date: 767年
Location: CN500236,赤甲
Poem Type: 律詩",141,Du Fu (杜甫),767年,入宅三首,律詩,Classical Chinese,False,True,,
dufu_chunk_0800,dufu_30546,annotations_context,"Poem: 入宅三首

Scholarly Annotations:
  大曆二年春，甫自西閣遷赤甲。",51,Du Fu (杜甫),767年,入宅三首,律詩,Classical Chinese,,,,1.0
dufu_chunk_0801,dufu_31413,poem_content,"Poem Title: 卜居

Poem Text:
歸羨遼東鶴，
吟同楚執珪。
未成遊碧海，
著處覓丹梯。
雲障寬江左，
春耕破瀼西。
桃紅客若至，
定似昔人迷。

Creation Date: 767年
Location: CN500236,瀼西
Poem Type: 律詩",139,Du Fu (杜甫),767年,卜居,律詩,Classical Chinese,True,True,,
dufu_chunk_0802,dufu_31413,allusions_context,"Poem: 卜居

Literary Allusions and References:
  遼東鶴
  吟同楚執珪",58,Du Fu (杜甫),767年,卜居,律詩,Classical Chinese,,,2.0,
dufu_chunk_0803,dufu_31413,annotations_context,"Poem: 卜居

Scholarly Annotations:
  一作嶂
  一作北
  一作晉",50,Du Fu (杜甫),767年,卜居,律詩,Classical Chinese,,,,3.0
dufu_chunk_0804,dufu_31224,poem_content,"Poem Title: 暮春題瀼西新賃草屋五首

Poem Text:
久嗟三峽客，
再與暮春期。
百舌欲無語，
繁花能幾時。
谷虛雲氣薄，
波亂日華遲。
戰伐何由定，
哀傷不在茲。

Creation Date: 767年
Location: CN500236,瀼西
Poem Type: 律詩",148,Du Fu (杜甫),767年,暮春題瀼西新賃草屋五首,律詩,Classical Chinese,False,False,,
dufu_chunk_0805,dufu_31225,poem_content,"Poem Title: 暮春題瀼西新賃草屋五首

Poem Text:
此邦千樹橘，
不見比封君。
養拙干戈際，
全生麋鹿羣。
畏人江北草，
旅食瀼西雲。
萬里巴渝曲，
三年實飽聞。

Creation Date: 767年
Location: CN500236,瀼西
Poem Type: 律詩",148,Du Fu (杜甫),767年,暮春題瀼西新賃草屋五首,律詩,Classical Chinese,True,False,,
dufu_chunk_0806,dufu_31225,allusions_context,"Poem: 暮春題瀼西新賃草屋五首

Literary Allusions and References:
  麋鹿羣
  千樹橘",65,Du Fu (杜甫),767年,暮春題瀼西新賃草屋五首,律詩,Classical Chinese,,,2.0,
dufu_chunk_0807,dufu_31226,poem_content,"Poem Title: 暮春題瀼西新賃草屋五首

Poem Text:
綵雲陰復白，
錦樹曉來青。
身世雙蓬鬢，
乾坤一草亭。
哀歌時自短，
醉舞爲誰醒。
細雨荷鋤立，
江猨吟翠屏。

Creation Date: 767年
Location: CN500236,瀼西
Poem Type: 律詩",148,Du Fu (杜甫),767年,暮春題瀼西新賃草屋五首,律詩,Classical Chinese,False,True,,
dufu_chunk_0808,dufu_31226,annotations_context,"Poem: 暮春題瀼西新賃草屋五首

Scholarly Annotations:
  一作晚
  一作惜",53,Du Fu (杜甫),767年,暮春題瀼西新賃草屋五首,律詩,Classical Chinese,,,,2.0
dufu_chunk_0809,dufu_31227,poem_content,"Poem Title: 暮春題瀼西新賃草屋五首

Poem Text:
壯年學書劒，
他日委泥沙。
事主非無祿，
浮生即有涯。
高齋依藥餌，
絕域改春華。
喪亂丹心破，
王臣未一家。

Creation Date: 767年
Location: CN500236,瀼西
Poem Type: 律詩",148,Du Fu (杜甫),767年,暮春題瀼西新賃草屋五首,律詩,Classical Chinese,False,True,,
dufu_chunk_0810,dufu_31227,annotations_context,"Poem: 暮春題瀼西新賃草屋五首

Scholarly Annotations:
  一作志",47,Du Fu (杜甫),767年,暮春題瀼西新賃草屋五首,律詩,Classical Chinese,,,,1.0
dufu_chunk_0811,dufu_31228,poem_content,"Poem Title: 暮春題瀼西新賃草屋五首

Poem Text:
欲陳濟世策，
已老尚書郎。
未息豺虎鬬，
空慙鴛鷺行。
時危人事急，
風逆羽毛傷。
落日悲江漢，
中宵淚滿床。

Creation Date: 767年
Location: CN500236,瀼西
Poem Type: 律詩",148,Du Fu (杜甫),767年,暮春題瀼西新賃草屋五首,律詩,Classical Chinese,True,True,,
dufu_chunk_0812,dufu_31228,allusions_context,"Poem: 暮春題瀼西新賃草屋五首

Literary Allusions and References:
  為郎久
  鴛鷺行",65,Du Fu (杜甫),767年,暮春題瀼西新賃草屋五首,律詩,Classical Chinese,,,2.0,
dufu_chunk_0813,dufu_31228,annotations_context,"Poem: 暮春題瀼西新賃草屋五首

Scholarly Annotations:
  一作惡
  一作急",53,Du Fu (杜甫),767年,暮春題瀼西新賃草屋五首,律詩,Classical Chinese,,,,2.0
dufu_chunk_0814,dufu_31564,poem_content,"Poem Title: 園

Poem Text:
仲夏流多水，
清晨向小園。
碧溪搖艇闊，
朱果爛枝繁。
始爲江山靜，
終防市井喧。
畦蔬繞茅屋，
自足媚盤餐。

Creation Date: 767年
Location: CN500236,瀼西
Poem Type: 律詩",138,Du Fu (杜甫),767年,園,律詩,Classical Chinese,False,False,,
dufu_chunk_0815,dufu_30967,poem_content,"Poem Title: 豎子至

Poem Text:
樝梨且綴碧，
梅杏半傳黃。
小子幽園至，
輕籠熟柰香。
山風猶滿把，
野露及新嘗。
欲寄江湖客，
提攜日月長。

Creation Date: 767年
Location: CN500236,瀼西
Poem Type: 律詩",140,Du Fu (杜甫),767年,豎子至,律詩,Classical Chinese,False,True,,
dufu_chunk_0816,dufu_30967,annotations_context,"Poem: 豎子至

Scholarly Annotations:
  一作纔
  一作欹枕",46,Du Fu (杜甫),767年,豎子至,律詩,Classical Chinese,,,,2.0
dufu_chunk_0817,dufu_30962,poem_content,"Poem Title: 秋野五首

Poem Text:
秋野日疏蕪，
寒江動碧虛。
繫舟蠻井絡，
卜宅楚村墟。
棗熟從人打，
葵荒欲自鋤。
盤餐老夫食，
分減及溪魚。

Creation Date: 767年
Location: CN500236,瀼西
Poem Type: 律詩",141,Du Fu (杜甫),767年,秋野五首,律詩,Classical Chinese,False,True,,
dufu_chunk_0818,dufu_30962,annotations_context,"Poem: 秋野五首

Scholarly Annotations:
  一作荒，一作蔬
  一作路
  一作行
  一作且
  一作樵",68,Du Fu (杜甫),767年,秋野五首,律詩,Classical Chinese,,,,5.0
dufu_chunk_0819,dufu_30963,poem_content,"Poem Title: 秋野五首

Poem Text:
易識浮生理，
難教一物違。
水深魚極樂，
林茂鳥知歸。
吾老甘貧病，
榮華有是非。
秋風吹几杖，
不厭此山薇。

Creation Date: 767年
Location: CN500236,瀼西
Poem Type: 律詩",141,Du Fu (杜甫),767年,秋野五首,律詩,Classical Chinese,False,True,,
dufu_chunk_0820,dufu_30963,annotations_context,"Poem: 秋野五首

Scholarly Annotations:
  一作衰
  一作北",46,Du Fu (杜甫),767年,秋野五首,律詩,Classical Chinese,,,,2.0
dufu_chunk_0821,dufu_30964,poem_content,"Poem Title: 秋野五首

Poem Text:
禮樂攻吾短，
山林引興長。
掉頭紗帽仄，
曝背竹書光。
風落收松子，
天寒割蜜房。
稀疎小紅翠，
駐屐近微香。

Creation Date: 767年
Location: CN500236,瀼西
Poem Type: 律詩",141,Du Fu (杜甫),767年,秋野五首,律詩,Classical Chinese,False,False,,
dufu_chunk_0822,dufu_30965,poem_content,"Poem Title: 秋野五首

Poem Text:
遠岸秋沙白，
連山晚照紅。
潛鱗輸駭浪，
歸翼會高風。
砧響家家發，
樵聲箇箇同。
飛霜任青女，
賜被隔南宮。

Creation Date: 767年
Location: CN500236,瀼西
Poem Type: 律詩",141,Du Fu (杜甫),767年,秋野五首,律詩,Classical Chinese,True,False,,
dufu_chunk_0823,dufu_30965,allusions_context,"Poem: 秋野五首

Literary Allusions and References:
  賜被
  青女",56,Du Fu (杜甫),767年,秋野五首,律詩,Classical Chinese,,,2.0,
dufu_chunk_0824,dufu_30966,poem_content,"Poem Title: 秋野五首

Poem Text:
身許麒麟畫，
年衰鴛鷺羣。
大江秋易盛，
空峽夜多聞。
徑隱千重石，
帆留一片雲。
兒童解蠻語，
不必作參軍。

Creation Date: 767年
Location: CN500236,瀼西
Poem Type: 律詩",141,Du Fu (杜甫),767年,秋野五首,律詩,Classical Chinese,True,True,,
dufu_chunk_0825,dufu_30966,allusions_context,"Poem: 秋野五首

Literary Allusions and References:
  麒麟畫
  蠻府參軍
  鴛鷺羣",65,Du Fu (杜甫),767年,秋野五首,律詩,Classical Chinese,,,3.0,
dufu_chunk_0826,dufu_30966,annotations_context,"Poem: 秋野五首

Scholarly Annotations:
  郝隆詩“娵隅躍清池”，桓溫問是何物。荅曰：“蠻以魚爲娵隅。”溫曰：“何爲作蠻語？”荅曰：“千里從公，僅得蠻府參軍，安得不作蠻語？”",102,Du Fu (杜甫),767年,秋野五首,律詩,Classical Chinese,,,,1.0
dufu_chunk_0827,dufu_31200,poem_content,"Poem Title: 溪上

Poem Text:
峽內淹留客，
溪邊四五家。
古苔生迮地，
秋竹隱疎花。
塞俗人無井，
山田飯有沙。
西江使船至，
時復問京華。

Creation Date: 767年
Location: CN500236,瀼西
Poem Type: 律詩",139,Du Fu (杜甫),767年,溪上,律詩,Classical Chinese,False,True,,
dufu_chunk_0828,dufu_31200,annotations_context,"Poem: 溪上

Scholarly Annotations:
  音謫，一作濕，一作窄",45,Du Fu (杜甫),767年,溪上,律詩,Classical Chinese,,,,1.0
dufu_chunk_0829,dufu_30934,poem_content,"Poem Title: 樹間

Poem Text:
岑寂雙甘樹，
婆娑一院香。
交柯低几杖，
垂實礙衣裳。
滿歲如松碧，
同時待菊黃。
幾迴霑葉露，
乘月坐胡牀。

Creation Date: 767年8月
Location: CN500236,瀼西
Poem Type: 律詩",141,Du Fu (杜甫),767年8月,樹間,律詩,Classical Chinese,True,True,,
dufu_chunk_0830,dufu_30934,allusions_context,"Poem: 樹間

Literary Allusions and References:
  坐胡牀",50,Du Fu (杜甫),767年8月,樹間,律詩,Classical Chinese,,,1.0,
dufu_chunk_0831,dufu_30934,annotations_context,"Poem: 樹間

Scholarly Annotations:
  一作落",38,Du Fu (杜甫),767年8月,樹間,律詩,Classical Chinese,,,,1.0
dufu_chunk_0832,dufu_31073,poem_content,"Poem Title: 課小豎鉏斫舍北果林枝蔓荒穢淨訖移牀三首

Poem Text:
病枕依茅棟，
荒鉏淨果林。
背堂資僻遠，
在野興清深。
山雉防求敵，
江猨應獨吟。
洩雲高不去，
隱几亦無心。

Creation Date: 767年
Location: CN500236,瀼西
Poem Type: 律詩",156,Du Fu (杜甫),767年,課小豎鉏斫舍北果林枝蔓荒穢淨訖移牀三首,律詩,Classical Chinese,False,True,,
dufu_chunk_0833,dufu_31073,annotations_context,"Poem: 課小豎鉏斫舍北果林枝蔓荒穢淨訖移牀三首

Scholarly Annotations:
  一作秋日閑居三首。",61,Du Fu (杜甫),767年,課小豎鉏斫舍北果林枝蔓荒穢淨訖移牀三首,律詩,Classical Chinese,,,,1.0
dufu_chunk_0834,dufu_31074,poem_content,"Poem Title: 課小豎鉏斫舍北果林枝蔓荒穢淨訖移牀三首

Poem Text:
衆壑生寒早，
長林卷霧齊。
青蟲懸就日，
朱果落封泥。
薄俗防人面，
全身學馬蹄。
吟詩坐迴首，
隨意葛巾低。

Creation Date: 767年
Location: CN500236,瀼西
Poem Type: 律詩",156,Du Fu (杜甫),767年,課小豎鉏斫舍北果林枝蔓荒穢淨訖移牀三首,律詩,Classical Chinese,True,True,,
dufu_chunk_0835,dufu_31074,allusions_context,"Poem: 課小豎鉏斫舍北果林枝蔓荒穢淨訖移牀三首

Literary Allusions and References:
  馬蹄",66,Du Fu (杜甫),767年,課小豎鉏斫舍北果林枝蔓荒穢淨訖移牀三首,律詩,Classical Chinese,,,1.0,
dufu_chunk_0836,dufu_31074,annotations_context,"Poem: 課小豎鉏斫舍北果林枝蔓荒穢淨訖移牀三首

Scholarly Annotations:
  一作秋日閑居三首。
  一作成
  一作狸
  一作重",79,Du Fu (杜甫),767年,課小豎鉏斫舍北果林枝蔓荒穢淨訖移牀三首,律詩,Classical Chinese,,,,4.0
dufu_chunk_0837,dufu_31075,poem_content,"Poem Title: 課小豎鉏斫舍北果林枝蔓荒穢淨訖移牀三首

Poem Text:
籬弱門何向，
沙虛岸只摧。
日斜魚更食，
客散鳥還來。
寒水光難定，
秋山響易哀。
天涯稍曛黑，
倚杖更裴回。

Creation Date: 767年
Location: CN500236,瀼西
Poem Type: 律詩",156,Du Fu (杜甫),767年,課小豎鉏斫舍北果林枝蔓荒穢淨訖移牀三首,律詩,Classical Chinese,False,True,,
dufu_chunk_0838,dufu_31075,annotations_context,"Poem: 課小豎鉏斫舍北果林枝蔓荒穢淨訖移牀三首

Scholarly Annotations:
  一作秋日閑居三首。
  一作自
  一作獨",73,Du Fu (杜甫),767年,課小豎鉏斫舍北果林枝蔓荒穢淨訖移牀三首,律詩,Classical Chinese,,,,3.0
dufu_chunk_0839,dufu_30848,poem_content,"Poem Title: 季秋江村

Poem Text:
喬木村墟古，
疎籬野蔓懸。
清琴將暇日，
白首望霜天。
登俎黃甘重，
支床錦石圓。
遠遊雖寂寞，
難見此山川。

Creation Date: 767年9月
Location: CN500236,东屯
Poem Type: 律詩",143,Du Fu (杜甫),767年9月,季秋江村,律詩,Classical Chinese,False,True,,
dufu_chunk_0840,dufu_30848,annotations_context,"Poem: 季秋江村

Scholarly Annotations:
  一作素",40,Du Fu (杜甫),767年9月,季秋江村,律詩,Classical Chinese,,,,1.0
dufu_chunk_0841,dufu_30572,poem_content,"Poem Title: 小園

Poem Text:
由來巫峽水，
本自楚人家。
客病留因藥，
春深買爲花。
秋庭風落果，
瀼岸雨頹沙。
問俗營寒事，
將詩待物華。

Creation Date: 767年
Location: CN500236,瀼西
Poem Type: 律詩",139,Du Fu (杜甫),767年,小園,律詩,Classical Chinese,False,False,,
dufu_chunk_0842,dufu_30732,poem_content,"Poem Title: 自瀼西荆扉且移居東屯茅屋四首

Poem Text:
白鹽危嶠北，
赤甲古城東。
平地一川穩，
高山四面同。
煙霜淒野日，
秔稻熟天風。
人事傷蓬轉，
吾將守桂叢。

Creation Date: 767年
Location: CN500236,东屯
Poem Type: 律詩",151,Du Fu (杜甫),767年,自瀼西荆扉且移居東屯茅屋四首,律詩,Classical Chinese,True,False,,
dufu_chunk_0843,dufu_30732,allusions_context,"Poem: 自瀼西荆扉且移居東屯茅屋四首

Literary Allusions and References:
  守桂叢",62,Du Fu (杜甫),767年,自瀼西荆扉且移居東屯茅屋四首,律詩,Classical Chinese,,,1.0,
dufu_chunk_0844,dufu_30733,poem_content,"Poem Title: 自瀼西荆扉且移居東屯茅屋四首

Poem Text:
東屯復瀼西，
一種住青溪。
來往皆茅屋，
淹留爲稻畦。
市喧宜近利，
林僻此無蹊。
若訪衰翁語，
須令賸客迷。

Creation Date: 767年
Location: CN500236,东屯
Poem Type: 律詩",151,Du Fu (杜甫),767年,自瀼西荆扉且移居東屯茅屋四首,律詩,Classical Chinese,False,True,,
dufu_chunk_0845,dufu_30733,annotations_context,"Poem: 自瀼西荆扉且移居東屯茅屋四首

Scholarly Annotations:
  一作兼
  原注：西居近市",60,Du Fu (杜甫),767年,自瀼西荆扉且移居東屯茅屋四首,律詩,Classical Chinese,,,,2.0
dufu_chunk_0846,dufu_30734,poem_content,"Poem Title: 自瀼西荆扉且移居東屯茅屋四首

Poem Text:
道北馮都使，
高齋見一川。
子能渠細石，
吾亦沼清泉。
枕帶還相似，
柴荆即有焉。
斫畬應費日，
解纜不知年。

Creation Date: 767年
Location: CN500236,东屯
Poem Type: 律詩",151,Du Fu (杜甫),767年,自瀼西荆扉且移居東屯茅屋四首,律詩,Classical Chinese,False,True,,
dufu_chunk_0847,dufu_30734,annotations_context,"Poem: 自瀼西荆扉且移居東屯茅屋四首

Scholarly Annotations:
  一作席",50,Du Fu (杜甫),767年,自瀼西荆扉且移居東屯茅屋四首,律詩,Classical Chinese,,,,1.0
dufu_chunk_0848,dufu_30735,poem_content,"Poem Title: 自瀼西荆扉且移居東屯茅屋四首

Poem Text:
牢落西江外，
參差北戶間。
久遊巴子國，
臥病楚人山。
幽獨移佳境，
清深隔遠關。
寒空見鴛鷺，
迴首憶朝班。

Creation Date: 767年
Location: CN500236,东屯
Poem Type: 律詩",151,Du Fu (杜甫),767年,自瀼西荆扉且移居東屯茅屋四首,律詩,Classical Chinese,True,True,,
dufu_chunk_0849,dufu_30735,allusions_context,"Poem: 自瀼西荆扉且移居東屯茅屋四首

Literary Allusions and References:
  巴子國
  鴛鷺",67,Du Fu (杜甫),767年,自瀼西荆扉且移居東屯茅屋四首,律詩,Classical Chinese,,,2.0,
dufu_chunk_0850,dufu_30735,annotations_context,"Poem: 自瀼西荆扉且移居東屯茅屋四首

Scholarly Annotations:
  一作宅
  一作想",56,Du Fu (杜甫),767年,自瀼西荆扉且移居東屯茅屋四首,律詩,Classical Chinese,,,,2.0
dufu_chunk_0851,dufu_30879,poem_content,"Poem Title: 茅堂檢校收稻二首

Poem Text:
香稻三秋末，
平田百頃間。
喜無多屋宇，
幸不礙雲山。
御裌侵寒氣，
嘗新破旅顏。
紅鮮終日有，
玉粒未吾慳。

Creation Date: 767年
Location: CN500236,东屯
Poem Type: 律詩",145,Du Fu (杜甫),767年,茅堂檢校收稻二首,律詩,Classical Chinese,False,False,,
dufu_chunk_0852,dufu_30880,poem_content,"Poem Title: 茅堂檢校收稻二首

Poem Text:
稻米炊能白，
秋葵煮復新。
誰云滑易飽，
老藉軟俱勻。
種幸房州熟，
苗同伊闕春。
無勞映渠盌，
自有色如銀。

Creation Date: 767年
Location: CN500236,东屯
Poem Type: 律詩",145,Du Fu (杜甫),767年,茅堂檢校收稻二首,律詩,Classical Chinese,False,True,,
dufu_chunk_0853,dufu_30880,annotations_context,"Poem: 茅堂檢校收稻二首

Scholarly Annotations:
  甫有莊墅在河南
  車渠也，《彝盌銘》：“珍逾渠盌。”",68,Du Fu (杜甫),767年,茅堂檢校收稻二首,律詩,Classical Chinese,,,,2.0
dufu_chunk_0854,dufu_30635,poem_content,"Poem Title: 東屯北崦

Poem Text:
盜賊浮生困，
誅求異俗貧。
空村惟見鳥，
落日未逢人。
步壑風吹面，
看松露滴身。
遠山迴白首，
戰地有黃塵。

Creation Date: 767年
Location: CN500236,东屯
Poem Type: 律詩",141,Du Fu (杜甫),767年,東屯北崦,律詩,Classical Chinese,False,True,,
dufu_chunk_0855,dufu_30635,annotations_context,"Poem: 東屯北崦

Scholarly Annotations:
  一作不",40,Du Fu (杜甫),767年,東屯北崦,律詩,Classical Chinese,,,,1.0
dufu_chunk_0856,dufu_30590,poem_content,"Poem Title: 從驛次草堂復至東屯二首

Poem Text:
峽內歸田客，
江邊借馬騎。
非尋戴安道，
似向習家池。
峽險風煙僻，
天寒橘柚垂。
築場看斂積，
一學楚人爲。

Creation Date: 767年
Location: CN500236,东屯
Poem Type: 律詩",148,Du Fu (杜甫),767年,從驛次草堂復至東屯二首,律詩,Classical Chinese,True,True,,
dufu_chunk_0857,dufu_30590,allusions_context,"Poem: 從驛次草堂復至東屯二首

Literary Allusions and References:
  尋戴
  習家池",64,Du Fu (杜甫),767年,從驛次草堂復至東屯二首,律詩,Classical Chinese,,,2.0,
dufu_chunk_0858,dufu_30590,annotations_context,"Poem: 從驛次草堂復至東屯二首

Scholarly Annotations:
  一本有茅屋二字
  一作山
  一作裏
  一作舍
  一作地
  一作合",81,Du Fu (杜甫),767年,從驛次草堂復至東屯二首,律詩,Classical Chinese,,,,6.0
dufu_chunk_0859,dufu_30591,poem_content,"Poem Title: 從驛次草堂復至東屯二首

Poem Text:
短景難高臥，
衰年強此身。
山家蒸栗暖，
野飯射麋新。
世路知交薄，
門庭畏客頻。
牧童斯在眼，
田父實爲鄰。

Creation Date: 767年
Location: CN500236,东屯
Poem Type: 律詩",148,Du Fu (杜甫),767年,從驛次草堂復至東屯二首,律詩,Classical Chinese,False,True,,
dufu_chunk_0860,dufu_30591,annotations_context,"Poem: 從驛次草堂復至東屯二首

Scholarly Annotations:
  一本有茅屋二字
  一作須",57,Du Fu (杜甫),767年,從驛次草堂復至東屯二首,律詩,Classical Chinese,,,,2.0
dufu_chunk_0861,dufu_31176,poem_content,"Poem Title: 暫往白帝復還東屯

Poem Text:
復作歸田去，
猶殘穫稻功。
築場憐穴蟻，
拾穗許村童。
落杵光輝白，
除芒子粒紅。
加餐可扶老，
倉庾慰飄蓬。

Creation Date: 767年
Location: CN500236,东屯
Poem Type: 律詩",145,Du Fu (杜甫),767年,暫往白帝復還東屯,律詩,Classical Chinese,False,True,,
dufu_chunk_0862,dufu_31176,annotations_context,"Poem: 暫往白帝復還東屯

Scholarly Annotations:
  一作住
  一作殊
  一作廩",56,Du Fu (杜甫),767年,暫往白帝復還東屯,律詩,Classical Chinese,,,,3.0
dufu_chunk_0863,dufu_30596,poem_content,"Poem Title: 刈稻了詠懷

Poem Text:
稻穫空雲水，
川平對石門。
寒風疎落木，
旭日散雞豚。
野哭初聞戰，
樵歌稍出村。
無家問消息，
作客信乾坤。

Creation Date: 767年
Location: CN500236,东屯
Poem Type: 律詩",142,Du Fu (杜甫),767年,刈稻了詠懷,律詩,Classical Chinese,False,True,,
dufu_chunk_0864,dufu_30596,annotations_context,"Poem: 刈稻了詠懷

Scholarly Annotations:
  一作草
  一作曉",47,Du Fu (杜甫),767年,刈稻了詠懷,律詩,Classical Chinese,,,,2.0
dufu_chunk_0865,dufu_30563,poem_content,"Poem Title: 上白帝城

Poem Text:
城峻隨天壁，
樓高更女牆。
江流思夏后，
風至憶襄王。
老去聞悲角，
人扶報夕陽。
公孫初恃險，
躍馬意何長。

Creation Date: 766年
Location: CN500236
Poem Type: 律詩",138,Du Fu (杜甫),766年,上白帝城,律詩,Classical Chinese,True,True,,
dufu_chunk_0866,dufu_30563,allusions_context,"Poem: 上白帝城

Literary Allusions and References:
  一快披襟
  公孫躍馬
  夏后",65,Du Fu (杜甫),766年,上白帝城,律詩,Classical Chinese,,,3.0,
dufu_chunk_0867,dufu_30563,annotations_context,"Poem: 上白帝城

Scholarly Annotations:
  公孫述僭位於此，自稱白帝。
  城臨大江
  一作望",63,Du Fu (杜甫),766年,上白帝城,律詩,Classical Chinese,,,,3.0
dufu_chunk_0868,dufu_30669,poem_content,"Poem Title: 白鹽山

Poem Text:
卓立羣峰外，
蟠根積水邊。
他皆任厚地，
爾獨近高天。
白牓千家邑，
清秋萬估船。
詞人取佳句，
刻畫竟誰傳。

Creation Date: 766年
Location: CN500236
Poem Type: 律詩",137,Du Fu (杜甫),766年,白鹽山,律詩,Classical Chinese,False,True,,
dufu_chunk_0869,dufu_30669,annotations_context,"Poem: 白鹽山

Scholarly Annotations:
  白鹽崖高千餘丈，在州城東七十里。
  下臨神淵
  一作我
  一作里，一作古
  一作刷練始堪傳",85,Du Fu (杜甫),766年,白鹽山,律詩,Classical Chinese,,,,5.0
dufu_chunk_0870,dufu_31201,poem_content,"Poem Title: 灩澦堆

Poem Text:
巨積水中央，
江寒出水長。
沈牛荅雲雨，
如馬戒舟航。
天意存傾覆，
神功接混茫。
干戈連解纜，
行止憶垂堂。

Creation Date: 766年
Location: CN500236
Poem Type: 律詩",137,Du Fu (杜甫),766年,灩澦堆,律詩,Classical Chinese,False,True,,
dufu_chunk_0871,dufu_31201,annotations_context,"Poem: 灩澦堆

Scholarly Annotations:
  一作石",39,Du Fu (杜甫),766年,灩澦堆,律詩,Classical Chinese,,,,1.0
dufu_chunk_0872,dufu_30667,poem_content,"Poem Title: 白帝城樓

Poem Text:
江度寒山閣，
城高絕塞樓。
翠屏宜晚對，
白谷會深遊。
急急能鳴鴈，
輕輕不下鷗。
彝陵春色起，
漸擬放扁舟。

Creation Date: 766年
Location: CN500236,西阁
Poem Type: 律詩",141,Du Fu (杜甫),766年,白帝城樓,律詩,Classical Chinese,True,False,,
dufu_chunk_0873,dufu_30667,allusions_context,"Poem: 白帝城樓

Literary Allusions and References:
  能鳴鴈",52,Du Fu (杜甫),766年,白帝城樓,律詩,Classical Chinese,,,1.0,
dufu_chunk_0874,dufu_31040,poem_content,"Poem Title: 曉望白帝城鹽山

Poem Text:
徐步移班杖，
看山仰白頭。
翠深開斷壁，
紅遠結飛樓。
日出清江望，
暄和散旅愁。
春城見松雪，
始擬進歸舟。

Creation Date: 767年
Location: CN500236
Poem Type: 律詩",141,Du Fu (杜甫),767年,曉望白帝城鹽山,律詩,Classical Chinese,False,True,,
dufu_chunk_0875,dufu_31040,annotations_context,"Poem: 曉望白帝城鹽山

Scholarly Annotations:
  一作江
  一作寒",49,Du Fu (杜甫),767年,曉望白帝城鹽山,律詩,Classical Chinese,,,,2.0
dufu_chunk_0876,dufu_30668,poem_content,"Poem Title: 白帝樓

Poem Text:
漠漠虛無裏，
連連睥睨侵。
樓光去日遠，
峽影入江深。
臘破思端綺，
春歸待一金。
去年梅柳意，
還欲攪邊心。

Creation Date: 766年
Location: CN500236,西阁
Poem Type: 律詩",140,Du Fu (杜甫),766年,白帝樓,律詩,Classical Chinese,False,False,,
dufu_chunk_0877,dufu_30913,poem_content,"Poem Title: 峽隘

Poem Text:
聞說江陵府，
雲沙靜眇然。
白魚如切玉，
朱橘不論錢。
水有遠湖樹，
人今何處船。
青山各在眼，
却望峽中天。

Creation Date: 767年
Location: CN500236,东屯
Poem Type: 律詩",139,Du Fu (杜甫),767年,峽隘,律詩,Classical Chinese,False,True,,
dufu_chunk_0878,dufu_30913,annotations_context,"Poem: 峽隘

Scholarly Annotations:
  一作淨
  一作若",44,Du Fu (杜甫),767年,峽隘,律詩,Classical Chinese,,,,2.0
dufu_chunk_0879,dufu_30911,poem_content,"Poem Title: 峽口二首

Poem Text:
峽口大江間，
西南控百蠻。
城欹連粉堞，
岸斷更青山。
開闢多天險，
防隅一水關。
亂離聞鼓角，
秋氣動衰顏。

Creation Date: 766年
Location: CN500236
Poem Type: 律詩",138,Du Fu (杜甫),766年,峽口二首,律詩,Classical Chinese,False,True,,
dufu_chunk_0880,dufu_30911,annotations_context,"Poem: 峽口二首

Scholarly Annotations:
  一作白
  一作當",46,Du Fu (杜甫),766年,峽口二首,律詩,Classical Chinese,,,,2.0
dufu_chunk_0881,dufu_30912,poem_content,"Poem Title: 峽口二首

Poem Text:
時清關失險，
世亂戟如林。
去矣英雄事，
荒哉割據心。
蘆花留客晚，
楓樹坐猨深。
疲薾煩親故，
諸侯數賜金。

Creation Date: 766年
Location: CN500236
Poem Type: 律詩",138,Du Fu (杜甫),766年,峽口二首,律詩,Classical Chinese,False,True,,
dufu_chunk_0882,dufu_30912,annotations_context,"Poem: 峽口二首

Scholarly Annotations:
  原注：主人柏中丞，頻分月俸",50,Du Fu (杜甫),766年,峽口二首,律詩,Classical Chinese,,,,1.0
dufu_chunk_0883,dufu_31268,poem_content,"Poem Title: 瞿塘兩崖

Poem Text:
三峽傳何處，
雙崖壯此門。
入天猶石色，
穿水忽雲根。
猱攫鬚髯古，
蛟龍窟宅尊。
羲和冬馭近，
愁畏日車翻。

Creation Date: 766年
Location: CN500236
Poem Type: 律詩",138,Du Fu (杜甫),766年,瞿塘兩崖,律詩,Classical Chinese,True,True,,
dufu_chunk_0884,dufu_31268,allusions_context,"Poem: 瞿塘兩崖

Literary Allusions and References:
  羲和
  猱玃鬚古",58,Du Fu (杜甫),766年,瞿塘兩崖,律詩,Classical Chinese,,,2.0,
dufu_chunk_0885,dufu_31268,annotations_context,"Poem: 瞿塘兩崖

Scholarly Annotations:
  一作驂",40,Du Fu (杜甫),766年,瞿塘兩崖,律詩,Classical Chinese,,,,1.0
dufu_chunk_0886,dufu_30936,poem_content,"Poem Title: 洞房

Poem Text:
洞房環佩冷，
玉殿起秋風。
秦地應新月，
龍池滿舊宮。
繫舟今夜遠，
清漏往時同。
萬里黃山北，
園陵白露中。

Creation Date: 767年
Location: CN500236,东屯
Poem Type: 律詩",139,Du Fu (杜甫),767年,洞房,律詩,Classical Chinese,False,True,,
dufu_chunk_0887,dufu_30936,annotations_context,"Poem: 洞房

Scholarly Annotations:
  漢黃山宮在武帝茂陵北，借以喻明皇泰陵也",54,Du Fu (杜甫),767年,洞房,律詩,Classical Chinese,,,,1.0
dufu_chunk_0888,dufu_31108,poem_content,"Poem Title: 宿昔

Poem Text:
宿昔青門裏，
蓬萊仗數移。
花嬌迎雜樹，
龍喜出平池。
落日留王母，
微風倚少兒。
宮中行樂祕，
少有外人知。

Creation Date: 767年
Location: CN500236,东屯
Poem Type: 律詩",139,Du Fu (杜甫),767年,宿昔,律詩,Classical Chinese,True,True,,
dufu_chunk_0889,dufu_31108,allusions_context,"Poem: 宿昔

Literary Allusions and References:
  王母
  少兒",54,Du Fu (杜甫),767年,宿昔,律詩,Classical Chinese,,,2.0,
dufu_chunk_0890,dufu_31108,annotations_context,"Poem: 宿昔

Scholarly Annotations:
  一作月
  以衛少兒比貴妃諸姊妹",51,Du Fu (杜甫),767年,宿昔,律詩,Classical Chinese,,,,2.0
dufu_chunk_0891,dufu_31067,poem_content,"Poem Title: 能畫

Poem Text:
能畫毛延壽，
投壺郭舍人。
每蒙天一笑，
復似物皆春。
政化平如水，
皇恩斷若神。
時時用抵戲，
亦未雜風塵。

Creation Date: 767年
Location: CN500236,东屯
Poem Type: 律詩",139,Du Fu (杜甫),767年,能畫,律詩,Classical Chinese,True,True,,
dufu_chunk_0892,dufu_31067,allusions_context,"Poem: 能畫

Literary Allusions and References:
  毛延壽
  郭舍人
  人間飛電",63,Du Fu (杜甫),767年,能畫,律詩,Classical Chinese,,,3.0,
dufu_chunk_0893,dufu_31067,annotations_context,"Poem: 能畫

Scholarly Annotations:
  一作以
  一作初
  一作明",50,Du Fu (杜甫),767年,能畫,律詩,Classical Chinese,,,,3.0
dufu_chunk_0894,dufu_31273,poem_content,"Poem Title: 鬬雞

Poem Text:
鬬雞初賜錦，
舞馬既登牀。
簾下宮人出，
樓前御柳長。
仙遊終一閟，
女樂久無香。
寂寞驪山道，
清秋草木黃。

Creation Date: 767年
Location: CN500236,东屯
Poem Type: 律詩",139,Du Fu (杜甫),767年,鬬雞,律詩,Classical Chinese,False,True,,
dufu_chunk_0895,dufu_31273,annotations_context,"Poem: 鬬雞

Scholarly Annotations:
  一作解
  一作曲",44,Du Fu (杜甫),767年,鬬雞,律詩,Classical Chinese,,,,2.0
dufu_chunk_0896,dufu_31265,poem_content,"Poem Title: 鸚鵡

Poem Text:
鸚鵡含愁思，
聰明憶別離。
翠衿渾短盡，
紅觜漫多知。
未有開籠日，
空殘舊宿枝。
世人憐復損，
何用羽毛奇。

Creation Date: 767年
Location: CN500236,东屯
Poem Type: 律詩",139,Du Fu (杜甫),767年,鸚鵡,律詩,Classical Chinese,False,True,,
dufu_chunk_0897,dufu_31265,annotations_context,"Poem: 鸚鵡

Scholarly Annotations:
  一作翦羽",39,Du Fu (杜甫),767年,鸚鵡,律詩,Classical Chinese,,,,1.0
dufu_chunk_0898,dufu_30597,poem_content,"Poem Title: 歷歷

Poem Text:
歷歷開元事，
分明在眼前。
無端盜賊起，
忽已歲時遷。
巫峽西江外，
秦城北斗邊。
爲郎從白首，
臥病數秋天。

Creation Date: 767年
Location: CN500236,东屯
Poem Type: 律詩",139,Du Fu (杜甫),767年,歷歷,律詩,Classical Chinese,True,False,,
dufu_chunk_0899,dufu_30597,allusions_context,"Poem: 歷歷

Literary Allusions and References:
  白首為郎",51,Du Fu (杜甫),767年,歷歷,律詩,Classical Chinese,,,1.0,
dufu_chunk_0900,dufu_30935,poem_content,"Poem Title: 洛陽

Poem Text:
洛陽昔陷沒，
胡馬犯潼關。
天子初愁思，
都人慘別顏。
清笳去宮闕，
翠蓋出關山。
故老仍流涕，
龍髯幸再攀。

Creation Date: 767年
Location: CN500236,东屯
Poem Type: 律詩",139,Du Fu (杜甫),767年,洛陽,律詩,Classical Chinese,True,False,,
dufu_chunk_0901,dufu_30935,allusions_context,"Poem: 洛陽

Literary Allusions and References:
  龍髯",49,Du Fu (杜甫),767年,洛陽,律詩,Classical Chinese,,,1.0,
dufu_chunk_0902,dufu_31102,poem_content,"Poem Title: 驪山

Poem Text:
驪山絕望幸，
花萼罷登臨。
地下無朝燭，
人間有賜金。
鼎湖龍去遠，
銀海雁飛深。
萬歲蓬萊日，
長懸舊羽林。

Creation Date: 767年
Location: CN500236,东屯
Poem Type: 律詩",139,Du Fu (杜甫),767年,驪山,律詩,Classical Chinese,True,False,,
dufu_chunk_0903,dufu_31102,allusions_context,"Poem: 驪山

Literary Allusions and References:
  鼎湖龍去
  銀海雁飛",58,Du Fu (杜甫),767年,驪山,律詩,Classical Chinese,,,2.0,
dufu_chunk_0904,dufu_31169,poem_content,"Poem Title: 提封

Poem Text:
提封漢天下，
萬國尚同心。
借問懸車守，
何如儉德臨。
時徵俊乂入，
草竊犬羊侵。
願戒兵猶火，
恩加四海深。

Creation Date: 767年
Location: CN500236,东屯
Poem Type: 律詩",139,Du Fu (杜甫),767年,提封,律詩,Classical Chinese,False,True,,
dufu_chunk_0905,dufu_31169,annotations_context,"Poem: 提封

Scholarly Annotations:
  一作軍
  一作莫慮",45,Du Fu (杜甫),767年,提封,律詩,Classical Chinese,,,,2.0
dufu_chunk_0906,dufu_31269,poem_content,"Poem Title: 覆舟二首

Poem Text:
巫峽盤渦曉，
黔陽貢物秋。
丹砂同隕石，
翠羽共沈舟。
羈使空斜影，
龍居閟積流。
篙工幸不溺，
俄頃逐輕鷗。

Creation Date: 766年
Location: CN500236,西阁
Poem Type: 律詩",141,Du Fu (杜甫),766年,覆舟二首,律詩,Classical Chinese,False,True,,
dufu_chunk_0907,dufu_31269,annotations_context,"Poem: 覆舟二首

Scholarly Annotations:
  《張儀傳》：“積羽沈舟。”
  一作宮",56,Du Fu (杜甫),766年,覆舟二首,律詩,Classical Chinese,,,,2.0
dufu_chunk_0908,dufu_31270,poem_content,"Poem Title: 覆舟二首

Poem Text:
竹宮時望拜，
桂館或求仙。
姹女臨波日，
神光照夜年。
徒聞斬蛟劒，
無復爨犀船。
使者隨秋色，
迢迢獨上天。

Creation Date: 766年
Location: CN500236,西阁
Poem Type: 律詩",141,Du Fu (杜甫),766年,覆舟二首,律詩,Classical Chinese,True,False,,
dufu_chunk_0909,dufu_31270,allusions_context,"Poem: 覆舟二首

Literary Allusions and References:
  姹女
  斬蛟劒
  爨犀
  桂館求仙
  神光
  竹宮望拜",81,Du Fu (杜甫),766年,覆舟二首,律詩,Classical Chinese,,,6.0,
dufu_chunk_0910,dufu_30815,poem_content,"Poem Title: 垂白

Poem Text:
垂白馮唐老，
清秋宋玉悲。
江喧長少睡，
樓迥獨移時。
多難身何補，
無家病不辭。
甘從千日醉，
未許七哀詩。

Creation Date: 766年
Location: CN500236,西阁
Poem Type: 律詩",139,Du Fu (杜甫),766年,垂白,律詩,Classical Chinese,True,True,,
dufu_chunk_0911,dufu_30815,allusions_context,"Poem: 垂白

Literary Allusions and References:
  宋玉悲
  千日醉
  馮唐",61,Du Fu (杜甫),766年,垂白,律詩,Classical Chinese,,,3.0,
dufu_chunk_0912,dufu_30815,annotations_context,"Poem: 垂白

Scholarly Annotations:
  一作白首
  一作白首
  曹植、王粲、張載俱有《七哀詩》",64,Du Fu (杜甫),766年,垂白,律詩,Classical Chinese,,,,3.0
dufu_chunk_0913,dufu_30968,poem_content,"Poem Title: 草閣

Poem Text:
草閣臨無地，
柴扉永不關。
魚龍迴夜水，
星月動秋山。
久露清初濕，
高雲薄未還。
汎舟慚小婦，
飄泊損紅顏。

Creation Date: 766年
Location: CN500236,西阁
Poem Type: 律詩",139,Du Fu (杜甫),766年,草閣,律詩,Classical Chinese,False,True,,
dufu_chunk_0914,dufu_30968,annotations_context,"Poem: 草閣

Scholarly Annotations:
  一作蕪
  一作夕
  一作晴",50,Du Fu (杜甫),766年,草閣,律詩,Classical Chinese,,,,3.0
dufu_chunk_0915,dufu_30711,poem_content,"Poem Title: 江月

Poem Text:
江月光於水，
高樓思殺人。
天邊長作客，
老去一霑巾。
玉露團清影，
銀河沒半輪。
誰家挑錦字，
滅燭翠眉嚬。

Creation Date: 766年
Location: CN500236,西阁
Poem Type: 律詩",139,Du Fu (杜甫),766年,江月,律詩,Classical Chinese,True,True,,
dufu_chunk_0916,dufu_30711,allusions_context,"Poem: 江月

Literary Allusions and References:
  挑錦字",50,Du Fu (杜甫),766年,江月,律詩,Classical Chinese,,,1.0,
dufu_chunk_0917,dufu_30711,annotations_context,"Poem: 江月

Scholarly Annotations:
  一作如
  一作燭滅",45,Du Fu (杜甫),766年,江月,律詩,Classical Chinese,,,,2.0
dufu_chunk_0918,dufu_30709,poem_content,"Poem Title: 江上

Poem Text:
江上日多雨，
蕭蕭荆楚秋。
高風下木葉，
永夜攬貂裘。
勳業頻看鏡，
行藏獨倚樓。
時危思報主，
衰謝不能休。

Creation Date: 766年
Location: CN500236,西阁
Poem Type: 律詩",139,Du Fu (杜甫),766年,江上,律詩,Classical Chinese,False,False,,
dufu_chunk_0919,dufu_30583,poem_content,"Poem Title: 中夜

Poem Text:
中夜江山靜，
危樓望北辰。
長爲萬里客，
有媿百年身。
故國風雲氣，
高堂戰伐塵。
胡雛負恩澤，
嗟爾太平人。

Creation Date: 766年
Location: CN500236,西阁
Poem Type: 律詩",139,Du Fu (杜甫),766年,中夜,律詩,Classical Chinese,False,False,,
dufu_chunk_0920,dufu_31530,poem_content,"Poem Title: 江漢

Poem Text:
江漢思歸客，
乾坤一腐儒。
片雲天共遠，
永夜月同孤。
落日心猶壯，
秋風病欲疎。
古來存老馬，
不必取長途。

Creation Date: 768年
Location: CN421024
Poem Type: 律詩",136,Du Fu (杜甫),768年,江漢,律詩,Classical Chinese,True,True,,
dufu_chunk_0921,dufu_31530,allusions_context,"Poem: 江漢

Literary Allusions and References:
  存老馬",50,Du Fu (杜甫),768年,江漢,律詩,Classical Chinese,,,1.0,
dufu_chunk_0922,dufu_31530,annotations_context,"Poem: 江漢

Scholarly Annotations:
  一作蘇",38,Du Fu (杜甫),768年,江漢,律詩,Classical Chinese,,,,1.0
dufu_chunk_0923,dufu_30670,poem_content,"Poem Title: 白露

Poem Text:
白露團甘子，
清晨散馬蹄。
圃開連石樹，
船渡入江溪。
憑几看魚樂，
迴鞭急鳥棲。
漸知秋實美，
幽徑恐多蹊。

Creation Date: 767年
Location: CN500236,瀼西
Poem Type: 律詩",139,Du Fu (杜甫),767年,白露,律詩,Classical Chinese,True,True,,
dufu_chunk_0924,dufu_30670,allusions_context,"Poem: 白露

Literary Allusions and References:
  魚樂
  將軍桃李",56,Du Fu (杜甫),767年,白露,律詩,Classical Chinese,,,2.0,
dufu_chunk_0925,dufu_30670,annotations_context,"Poem: 白露

Scholarly Annotations:
  一作至",38,Du Fu (杜甫),767年,白露,律詩,Classical Chinese,,,,1.0
dufu_chunk_0926,dufu_30846,poem_content,"Poem Title: 孟氏

Poem Text:
孟氏好兄弟，
養親唯小園。
承顏胝手足，
坐客強盤飧。
負米力葵外，
讀書秋樹根。
卜鄰慚近舍，
訓子學誰門。

Creation Date: 767年
Location: CN500236,瀼西
Poem Type: 律詩",139,Du Fu (杜甫),767年,孟氏,律詩,Classical Chinese,True,True,,
dufu_chunk_0927,dufu_30846,allusions_context,"Poem: 孟氏

Literary Allusions and References:
  三徙
  負米",54,Du Fu (杜甫),767年,孟氏,律詩,Classical Chinese,,,2.0,
dufu_chunk_0928,dufu_30846,annotations_context,"Poem: 孟氏

Scholarly Annotations:
  集有過孟十二倉曹十四主簿兄弟詩
  一作寒，一作夕
  一作覺
  一作先",72,Du Fu (杜甫),767年,孟氏,律詩,Classical Chinese,,,,4.0
dufu_chunk_0929,dufu_30781,poem_content,"Poem Title: 吾宗

Poem Text:
吾宗老孫子，
質樸古人風。
耕鑿安時論，
衣冠與世同。
在家常早起，
憂國願年豐。
語及君臣際，
經書滿腹中。

Creation Date: 767年
Location: CN500236,瀼西
Poem Type: 律詩",139,Du Fu (杜甫),767年,吾宗,律詩,Classical Chinese,False,True,,
dufu_chunk_0930,dufu_30781,annotations_context,"Poem: 吾宗

Scholarly Annotations:
  原注：衛倉曹崇簡。",44,Du Fu (杜甫),767年,吾宗,律詩,Classical Chinese,,,,1.0
dufu_chunk_0931,dufu_30702,poem_content,"Poem Title: 有歎

Poem Text:
壯心久零落，
白首寄人間。
天下兵常鬬，
江東客未還。
窮猨號雨雪，
老馬怯關山。
武德開元際，
蒼生豈重攀。

Creation Date: 767年
Location: CN500236,东屯
Poem Type: 律詩",139,Du Fu (杜甫),767年,有歎,律詩,Classical Chinese,False,True,,
dufu_chunk_0932,dufu_30702,annotations_context,"Poem: 有歎

Scholarly Annotations:
  原注：聞蜀官軍自圍普還。還一作遂
  一作望，一作泣",61,Du Fu (杜甫),767年,有歎,律詩,Classical Chinese,,,,2.0
dufu_chunk_0933,dufu_30640,poem_content,"Poem Title: 冬深

Poem Text:
花葉隨天意，
江溪共石根。
早霞隨類影，
寒水各依痕。
易下楊朱淚，
難招楚客魂。
風濤暮不穩，
舍棹宿誰門。

Creation Date: 768年
Location: CN421022
Poem Type: 律詩",136,Du Fu (杜甫),768年,冬深,律詩,Classical Chinese,True,True,,
dufu_chunk_0934,dufu_30640,allusions_context,"Poem: 冬深

Literary Allusions and References:
  招魂
  楊朱淚",55,Du Fu (杜甫),768年,冬深,律詩,Classical Chinese,,,2.0,
dufu_chunk_0935,dufu_30640,annotations_context,"Poem: 冬深

Scholarly Annotations:
  一作即日
  一作淚
  一作流",51,Du Fu (杜甫),768年,冬深,律詩,Classical Chinese,,,,3.0
dufu_chunk_0936,dufu_30582,poem_content,"Poem Title: 不寐

Poem Text:
瞿塘夜水黑，
城內改更籌。
翳翳月沈霧，
輝輝星近樓。
氣衰甘少寐，
心弱恨和愁。
多壘滿山谷，
桃源無處求。

Creation Date: 766年
Location: CN500236,西阁
Poem Type: 律詩",139,Du Fu (杜甫),766年,不寐,律詩,Classical Chinese,True,True,,
dufu_chunk_0937,dufu_30582,allusions_context,"Poem: 不寐

Literary Allusions and References:
  桃源",49,Du Fu (杜甫),766年,不寐,律詩,Classical Chinese,,,1.0,
dufu_chunk_0938,dufu_30582,annotations_context,"Poem: 不寐

Scholarly Annotations:
  一作知，一作多，一作容
  一作疊恨",53,Du Fu (杜甫),766年,不寐,律詩,Classical Chinese,,,,2.0
dufu_chunk_0939,dufu_30620,poem_content,"Poem Title: 月圓

Poem Text:
孤月當樓滿，
寒江動夜扉。
委波金不定，
照席綺逾依。
未缺空山靜，
高懸列宿稀。
故園松桂發，
萬里共清輝。

Creation Date: 766年
Location: CN500236,西阁
Poem Type: 律詩",139,Du Fu (杜甫),766年,月圓,律詩,Classical Chinese,False,True,,
dufu_chunk_0940,dufu_30620,annotations_context,"Poem: 月圓

Scholarly Annotations:
  一作菊",38,Du Fu (杜甫),766年,月圓,律詩,Classical Chinese,,,,1.0
dufu_chunk_0941,dufu_30584,poem_content,"Poem Title: 中宵

Poem Text:
西閣百尋餘，
中宵步綺疏。
飛星過水白，
落月動沙虛。
擇木知幽鳥，
潛波想巨魚。
親朋滿天地，
兵甲少來書。

Creation Date: 766年
Location: CN500236,西阁
Poem Type: 律詩",139,Du Fu (杜甫),766年,中宵,律詩,Classical Chinese,False,False,,
dufu_chunk_0942,dufu_31213,poem_content,"Poem Title: 遣愁

Poem Text:
養拙蓬爲戶，
茫茫何所開。
江通神女館，
地隔望鄉臺。
漸惜容顏老，
無由弟妹來。
兵戈與人事，
回首一悲哀。

Creation Date: 766年
Location: CN500236,西阁
Poem Type: 律詩",139,Du Fu (杜甫),766年,遣愁,律詩,Classical Chinese,False,False,,
dufu_chunk_0943,dufu_30960,poem_content,"Poem Title: 秋清

Poem Text:
高秋蘇病氣，
白髮自能梳。
藥餌憎加減，
門庭悶掃除。
杖藜還客拜，
愛竹遣兒書。
十月江平穩，
輕舟進所如。

Creation Date: 767年
Location: CN500236,东屯
Poem Type: 律詩",139,Du Fu (杜甫),767年,秋清,律詩,Classical Chinese,False,True,,
dufu_chunk_0944,dufu_30960,annotations_context,"Poem: 秋清

Scholarly Annotations:
  一作肺，或作胏，非",44,Du Fu (杜甫),767年,秋清,律詩,Classical Chinese,,,,1.0
dufu_chunk_0945,dufu_30959,poem_content,"Poem Title: 秋峽

Poem Text:
江濤萬古峽，
肺氣久衰翁。
不寐防巴虎，
全生狎楚童。
衣裳垂素髮，
門巷落丹楓。
常怪商山老，
兼存翊贊功。

Creation Date: 767年
Location: CN500236,东屯
Poem Type: 律詩",139,Du Fu (杜甫),767年,秋峽,律詩,Classical Chinese,True,False,,
dufu_chunk_0946,dufu_30959,allusions_context,"Poem: 秋峽

Literary Allusions and References:
  商山老",50,Du Fu (杜甫),767年,秋峽,律詩,Classical Chinese,,,1.0,
dufu_chunk_0947,dufu_31197,poem_content,"Poem Title: 搖落

Poem Text:
搖落巫山暮，
寒江東北流。
煙塵多戰鼓，
風浪少行舟。
鵝費羲之墨，
貂餘季子裘。
長懷報明主，
臥病復高秋。

Creation Date: 766年
Location: CN500236,西阁
Poem Type: 律詩",139,Du Fu (杜甫),766年,搖落,律詩,Classical Chinese,True,False,,
dufu_chunk_0948,dufu_31197,allusions_context,"Poem: 搖落

Literary Allusions and References:
  鵝費羲之墨
  季子裘",58,Du Fu (杜甫),766年,搖落,律詩,Classical Chinese,,,2.0,
dufu_chunk_0949,dufu_30728,poem_content,"Poem Title: 耳聾

Poem Text:
生年鶡冠子，
歎世鹿皮翁。
眼復幾時暗，
耳從前月聾。
猨鳴秋淚缺，
雀噪晚愁空。
黃落驚山樹，
呼兒問朔風。

Creation Date: 767年
Location: CN500236,东屯
Poem Type: 律詩",139,Du Fu (杜甫),767年,耳聾,律詩,Classical Chinese,True,False,,
dufu_chunk_0950,dufu_30728,allusions_context,"Poem: 耳聾

Literary Allusions and References:
  鶡冠子
  鹿皮翁",56,Du Fu (杜甫),767年,耳聾,律詩,Classical Chinese,,,2.0,
dufu_chunk_0951,dufu_30939,poem_content,"Poem Title: 獨坐二首

Poem Text:
竟日雨冥冥，
雙崖洗更青。
水花寒落岸，
山鳥暮過庭。
煖老須燕玉，
充飢憶楚萍。
胡笳在樓上，
哀怨不堪聽。

Creation Date: 767年9月
Location: CN500236,东屯
Poem Type: 律詩",143,Du Fu (杜甫),767年9月,獨坐二首,律詩,Classical Chinese,True,False,,
dufu_chunk_0952,dufu_30939,allusions_context,"Poem: 獨坐二首

Literary Allusions and References:
  楚昭萍
  燕玉",57,Du Fu (杜甫),767年9月,獨坐二首,律詩,Classical Chinese,,,2.0,
dufu_chunk_0953,dufu_30940,poem_content,"Poem Title: 獨坐二首

Poem Text:
白狗斜臨北，
黃牛更在東。
峽雲常照夜，
江月會兼風。
曬藥安垂老，
應門試小童。
亦知行不逮，
苦恨耳多聾。

Creation Date: 767年9月
Location: CN500236,东屯
Poem Type: 律詩",143,Du Fu (杜甫),767年9月,獨坐二首,律詩,Classical Chinese,False,True,,
dufu_chunk_0954,dufu_30940,annotations_context,"Poem: 獨坐二首

Scholarly Annotations:
  一作日",40,Du Fu (杜甫),767年9月,獨坐二首,律詩,Classical Chinese,,,,1.0
dufu_chunk_0955,dufu_31589,poem_content,"Poem Title: 遠遊

Poem Text:
江闊浮高棟，
雲長出斷山。
塵沙連越巂，
風雨暗荆蠻。
雁矯銜蘆內，
猨啼失木間。
弊裘蘇季子，
歷國未知還。

Creation Date: 766年
Location: CN500236,西阁
Poem Type: 律詩",139,Du Fu (杜甫),766年,遠遊,律詩,Classical Chinese,True,True,,
dufu_chunk_0956,dufu_31589,allusions_context,"Poem: 遠遊

Literary Allusions and References:
  下機人
  銜蘆",55,Du Fu (杜甫),766年,遠遊,律詩,Classical Chinese,,,2.0,
dufu_chunk_0957,dufu_31589,annotations_context,"Poem: 遠遊

Scholarly Annotations:
  一作凍",38,Du Fu (杜甫),766年,遠遊,律詩,Classical Chinese,,,,1.0
dufu_chunk_0958,dufu_31173,poem_content,"Poem Title: 晴二首

Poem Text:
久雨巫山暗，
新晴錦繡文。
碧知湖外草，
紅見海東雲。
竟日鶯相和，
摩霄鶴數羣。
野花乾更落，
風處急紛紛。

Creation Date: 767年
Location: CN500236,西阁
Poem Type: 律詩",140,Du Fu (杜甫),767年,晴二首,律詩,Classical Chinese,False,True,,
dufu_chunk_0959,dufu_31173,annotations_context,"Poem: 晴二首

Scholarly Annotations:
  一作紋
  一作上",45,Du Fu (杜甫),767年,晴二首,律詩,Classical Chinese,,,,2.0
dufu_chunk_0960,dufu_31174,poem_content,"Poem Title: 晴二首

Poem Text:
啼烏爭引子，
鳴鶴不歸林。
下食遭泥去，
高飛恨久陰。
雨聲衝塞盡，
日氣射江深。
迴首周南客，
驅馳魏闕心。

Creation Date: 767年
Location: CN500236,西阁
Poem Type: 律詩",140,Du Fu (杜甫),767年,晴二首,律詩,Classical Chinese,True,False,,
dufu_chunk_0961,dufu_31174,allusions_context,"Poem: 晴二首

Literary Allusions and References:
  魏闕心
  周南客",57,Du Fu (杜甫),767年,晴二首,律詩,Classical Chinese,,,2.0,
dufu_chunk_0962,dufu_30881,poem_content,"Poem Title: 雨

Poem Text:
始賀天休雨，
還嗟地出雷。
驟看浮峽過，
密作渡江來。
牛馬行無色，
蛟龍鬬不開。
干戈盛陰氣，
未必自陽臺。

Creation Date: 767年
Location: CN500236
Poem Type: 律詩",135,Du Fu (杜甫),767年,雨,律詩,Classical Chinese,True,True,,
dufu_chunk_0963,dufu_30881,allusions_context,"Poem: 雨

Literary Allusions and References:
  不分牛
  陽臺",54,Du Fu (杜甫),767年,雨,律詩,Classical Chinese,,,2.0,
dufu_chunk_0964,dufu_30881,annotations_context,"Poem: 雨

Scholarly Annotations:
  一作巫
  一作塞密",44,Du Fu (杜甫),767年,雨,律詩,Classical Chinese,,,,2.0
dufu_chunk_0965,dufu_30615,poem_content,"Poem Title: 月三首

Poem Text:
斷續巫山雨，
天河此夜新。
若無青嶂月，
愁殺白頭人。
魍魎移深樹，
蝦蟆動半輪。
故園當北斗，
直指照西秦。

Creation Date: 767年
Location: CN500236,西阁
Poem Type: 律詩",140,Du Fu (杜甫),767年,月三首,律詩,Classical Chinese,True,True,,
dufu_chunk_0966,dufu_30615,allusions_context,"Poem: 月三首

Literary Allusions and References:
  蝦蟆",50,Du Fu (杜甫),767年,月三首,律詩,Classical Chinese,,,1.0,
dufu_chunk_0967,dufu_30615,annotations_context,"Poem: 月三首

Scholarly Annotations:
  一作想",39,Du Fu (杜甫),767年,月三首,律詩,Classical Chinese,,,,1.0
dufu_chunk_0968,dufu_30616,poem_content,"Poem Title: 月三首

Poem Text:
併照巫山出，
新窺楚水清。
羈棲愁裏見，
二十四迴明。
必驗升沈體，
如知進退情。
不違銀漢落，
亦伴玉繩橫。

Creation Date: 767年
Location: CN500236,西阁
Poem Type: 律詩",140,Du Fu (杜甫),767年,月三首,律詩,Classical Chinese,False,True,,
dufu_chunk_0969,dufu_30616,annotations_context,"Poem: 月三首

Scholarly Annotations:
  一作點
  一作秋",45,Du Fu (杜甫),767年,月三首,律詩,Classical Chinese,,,,2.0
dufu_chunk_0970,dufu_30617,poem_content,"Poem Title: 月三首

Poem Text:
萬里瞿塘峽，
春來六上弦。
時時開暗室，
故故滿青天。
爽合風襟靜，
高當淚臉懸。
南飛有烏鵲，
夜久落江邊。

Creation Date: 767年
Location: CN500236,西阁
Poem Type: 律詩",140,Du Fu (杜甫),767年,月三首,律詩,Classical Chinese,False,True,,
dufu_chunk_0971,dufu_30617,annotations_context,"Poem: 月三首

Scholarly Annotations:
  一作月",39,Du Fu (杜甫),767年,月三首,律詩,Classical Chinese,,,,1.0
dufu_chunk_0972,dufu_30883,poem_content,"Poem Title: 雨

Poem Text:
萬木雲深隱，
連山雨未開。
風扉掩不定，
水鳥過仍迴。
鮫館如鳴杼，
樵舟豈伐枚。
清涼破炎毒，
衰意欲登臺。

Creation Date: 766年
Location: CN500236
Poem Type: 律詩",135,Du Fu (杜甫),766年,雨,律詩,Classical Chinese,True,True,,
dufu_chunk_0973,dufu_30883,allusions_context,"Poem: 雨

Literary Allusions and References:
  鮫館",48,Du Fu (杜甫),766年,雨,律詩,Classical Chinese,,,1.0,
dufu_chunk_0974,dufu_30883,annotations_context,"Poem: 雨

Scholarly Annotations:
  一作去",37,Du Fu (杜甫),766年,雨,律詩,Classical Chinese,,,,1.0
dufu_chunk_0975,dufu_31133,poem_content,"Poem Title: 晚晴

Poem Text:
返照斜初徹，
浮雲薄未歸。
江虹明遠飲，
峽雨落餘飛。
鳧雁終高去，
熊羆覺自肥。
秋分客尚在，
竹露夕微微。

Creation Date: 766年
Location: CN500236
Poem Type: 律詩",136,Du Fu (杜甫),766年,晚晴,律詩,Classical Chinese,False,True,,
dufu_chunk_0976,dufu_31133,annotations_context,"Poem: 晚晴

Scholarly Annotations:
  一作晚
  一作散
  一作近
  一作鶴
  一作久",62,Du Fu (杜甫),766年,晚晴,律詩,Classical Chinese,,,,5.0
dufu_chunk_0977,dufu_30820,poem_content,"Poem Title: 夜雨

Poem Text:
小雨夜復密，
迴風吹早秋。
野涼侵閉戶，
江滿帶維舟。
通籍恨多病，
爲郎忝薄遊。
天寒出巫峽，
醉別仲宣樓。

Creation Date: 767年
Location: CN500236,瀼西
Poem Type: 律詩",139,Du Fu (杜甫),767年,夜雨,律詩,Classical Chinese,True,True,,
dufu_chunk_0978,dufu_30820,allusions_context,"Poem: 夜雨

Literary Allusions and References:
  仲宣樓",50,Du Fu (杜甫),767年,夜雨,律詩,Classical Chinese,,,1.0,
dufu_chunk_0979,dufu_30820,annotations_context,"Poem: 夜雨

Scholarly Annotations:
  一作夜
  一作限",44,Du Fu (杜甫),767年,夜雨,律詩,Classical Chinese,,,,2.0
dufu_chunk_0980,dufu_30788,poem_content,"Poem Title: 更題

Poem Text:
只應踏初雪，
騎馬發荆州。
直怕巫山雨，
真傷白帝秋。
羣公蒼玉珮，
天子翠雲裘。
同舍晨趨侍，
胡爲淹此留。

Creation Date: 767年
Location: CN500236,瀼西
Poem Type: 律詩",139,Du Fu (杜甫),767年,更題,律詩,Classical Chinese,True,True,,
dufu_chunk_0981,dufu_30788,allusions_context,"Poem: 更題

Literary Allusions and References:
  翠雲裘",50,Du Fu (杜甫),767年,更題,律詩,Classical Chinese,,,1.0,
dufu_chunk_0982,dufu_30788,annotations_context,"Poem: 更題

Scholarly Annotations:
  一作此滯",39,Du Fu (杜甫),767年,更題,律詩,Classical Chinese,,,,1.0
dufu_chunk_0983,dufu_30651,poem_content,"Poem Title: 歸

Poem Text:
束帶還騎馬，
東西却渡船。
林中才有地，
峽外絕無天。
虛白高人靜，
喧卑俗累牽。
他鄉悅遲暮，
不敢廢詩篇。

Creation Date: 767年
Location: CN500236,瀼西
Poem Type: 律詩",138,Du Fu (杜甫),767年,歸,律詩,Classical Chinese,False,False,,
dufu_chunk_0984,dufu_31041,poem_content,"Poem Title: 熱三首

Poem Text:
雷霆空霹靂，
雲雨竟虛無。
炎赫衣流汗，
低垂氣不蘇。
乞爲寒水玉，
願作冷秋菰。
何似兒童歲，
風涼出舞雩。

Creation Date: 766年
Location: CN500236
Poem Type: 律詩",137,Du Fu (杜甫),766年,熱三首,律詩,Classical Chinese,False,True,,
dufu_chunk_0985,dufu_31041,annotations_context,"Poem: 熱三首

Scholarly Annotations:
  一作那",39,Du Fu (杜甫),766年,熱三首,律詩,Classical Chinese,,,,1.0
dufu_chunk_0986,dufu_31042,poem_content,"Poem Title: 熱三首

Poem Text:
瘴雲終不滅，
瀘水復西來。
閉戶人高臥，
歸林鳥却迴。
峽中都似火，
江上只空雷。
想見陰宮雪，
風門颯踏開。

Creation Date: 766年
Location: CN500236
Poem Type: 律詩",137,Du Fu (杜甫),766年,熱三首,律詩,Classical Chinese,False,True,,
dufu_chunk_0987,dufu_31042,annotations_context,"Poem: 熱三首

Scholarly Annotations:
  一作聞
  一作沓",45,Du Fu (杜甫),766年,熱三首,律詩,Classical Chinese,,,,2.0
dufu_chunk_0988,dufu_31043,poem_content,"Poem Title: 熱三首

Poem Text:
朱李沈不冷，
彫胡炊屢新。
將衰骨盡痛，
被褐味空頻。
歘翕炎蒸景，
飄颻征戍人。
十年可解甲，
爲爾一霑巾。

Creation Date: 766年
Location: CN500236
Poem Type: 律詩",137,Du Fu (杜甫),766年,熱三首,律詩,Classical Chinese,False,True,,
dufu_chunk_0989,dufu_31043,annotations_context,"Poem: 熱三首

Scholarly Annotations:
  一作菰
  一作暍",45,Du Fu (杜甫),766年,熱三首,律詩,Classical Chinese,,,,2.0
dufu_chunk_0990,dufu_30611,poem_content,"Poem Title: 日暮

Poem Text:
牛羊下來久，
各已閉柴門。
風月自清夜，
江山非故園。
石泉流暗壁，
草露滴秋根。
頭白燈明裏，
何須花燼繁。

Creation Date: 767年
Location: CN500236,瀼西
Poem Type: 律詩",139,Du Fu (杜甫),767年,日暮,律詩,Classical Chinese,False,True,,
dufu_chunk_0991,dufu_30611,annotations_context,"Poem: 日暮

Scholarly Annotations:
  一作滿秋原，滿一作滴",45,Du Fu (杜甫),767年,日暮,律詩,Classical Chinese,,,,1.0
dufu_chunk_0992,dufu_30547,poem_content,"Poem Title: 八月十五夜月二首

Poem Text:
滿目飛明鏡，
歸心折大刀。
轉蓬行地遠，
攀桂仰天高。
水路疑霜雪，
林棲見羽毛。
此時瞻白兔，
直欲數秋毫。

Creation Date: 767年8月15日
Location: CN500236,瀼西
Poem Type: 律詩",150,Du Fu (杜甫),767年8月15日,八月十五夜月二首,律詩,Classical Chinese,True,False,,
dufu_chunk_0993,dufu_30547,allusions_context,"Poem: 八月十五夜月二首

Literary Allusions and References:
  折大刀",56,Du Fu (杜甫),767年8月15日,八月十五夜月二首,律詩,Classical Chinese,,,1.0,
dufu_chunk_0994,dufu_30548,poem_content,"Poem Title: 八月十五夜月二首

Poem Text:
稍下巫山峽，
猶銜白帝城。
氣沈全浦暗，
輪仄半樓明。
刁斗皆催曉，
蟾蜍且自傾。
張弓倚殘魄，
不獨漢家營。

Creation Date: 767年8月15日
Location: CN500236,瀼西
Poem Type: 律詩",150,Du Fu (杜甫),767年8月15日,八月十五夜月二首,律詩,Classical Chinese,True,True,,
dufu_chunk_0995,dufu_30548,allusions_context,"Poem: 八月十五夜月二首

Literary Allusions and References:
  蟾蜍",55,Du Fu (杜甫),767年8月15日,八月十五夜月二首,律詩,Classical Chinese,,,1.0,
dufu_chunk_0996,dufu_30548,annotations_context,"Poem: 八月十五夜月二首

Scholarly Annotations:
  一作清",44,Du Fu (杜甫),767年8月15日,八月十五夜月二首,律詩,Classical Chinese,,,,1.0
dufu_chunk_0997,dufu_30553,poem_content,"Poem Title: 十六夜翫月

Poem Text:
舊挹金波爽，
皆傳玉露秋。
關山隨地闊，
河漢近人流。
谷口樵歸唱，
孤城笛起愁。
巴童渾不寢，
半夜有行舟。

Creation Date: 767年8月16日
Location: CN500236,瀼西
Poem Type: 律詩",147,Du Fu (杜甫),767年8月16日,十六夜翫月,律詩,Classical Chinese,False,True,,
dufu_chunk_0998,dufu_30553,annotations_context,"Poem: 十六夜翫月

Scholarly Annotations:
  一作寐",41,Du Fu (杜甫),767年8月16日,十六夜翫月,律詩,Classical Chinese,,,,1.0
dufu_chunk_0999,dufu_30549,poem_content,"Poem Title: 十七夜對月

Poem Text:
秋月仍圓夜，
江村獨老身。
捲簾還照客，
倚杖更隨人。
光射潛虬動，
明翻宿鳥頻。
茅齋依橘柚，
清切露華新。

Creation Date: 767年8月17日
Location: CN500236,瀼西
Poem Type: 律詩",147,Du Fu (杜甫),767年8月17日,十七夜對月,律詩,Classical Chinese,False,False,,
dufu_chunk_1000,dufu_30792,poem_content,"Poem Title: 村雨

Poem Text:
雨聲傳兩夜，
寒事颯高秋。
挈帶看朱紱，
開箱覩黑裘。
世情只益睡，
盜賊敢忘憂。
松菊新霑洗，
茅齊慰遠遊。

Creation Date: 764年
Location: CN5101
Poem Type: 律詩",134,Du Fu (杜甫),764年,村雨,律詩,Classical Chinese,True,True,,
dufu_chunk_1001,dufu_30792,allusions_context,"Poem: 村雨

Literary Allusions and References:
  黑裘",49,Du Fu (杜甫),764年,村雨,律詩,Classical Chinese,,,1.0,
dufu_chunk_1002,dufu_30792,annotations_context,"Poem: 村雨

Scholarly Annotations:
  一作攬",38,Du Fu (杜甫),764年,村雨,律詩,Classical Chinese,,,,1.0
dufu_chunk_1003,dufu_30889,poem_content,"Poem Title: 雨晴

Poem Text:
雨時山不改，
晴罷峽如新。
天路看殊俗，
秋江思殺人。
有猨揮淚盡，
無犬附書頻。
故國愁眉外，
長歌欲損神。

Creation Date: 766年
Location: CN500236,西阁
Poem Type: 律詩",139,Du Fu (杜甫),766年,雨晴,律詩,Classical Chinese,True,True,,
dufu_chunk_1004,dufu_30889,allusions_context,"Poem: 雨晴

Literary Allusions and References:
  犬書",49,Du Fu (杜甫),766年,雨晴,律詩,Classical Chinese,,,1.0,
dufu_chunk_1005,dufu_30889,annotations_context,"Poem: 雨晴

Scholarly Annotations:
  一作晴
  一作送",44,Du Fu (杜甫),766年,雨晴,律詩,Classical Chinese,,,,2.0
dufu_chunk_1006,dufu_31134,poem_content,"Poem Title: 晚晴吳郎見過北舍

Poem Text:
圃畦新雨潤，
媿子廢鉏來。
竹杖交頭拄，
柴扉隔徑開。
欲棲羣鳥亂，
未去小童催。
明日重陽酒，
相迎自醱醅。

Creation Date: 767年
Location: CN500236,东屯
Poem Type: 律詩",145,Du Fu (杜甫),767年,晚晴吳郎見過北舍,律詩,Classical Chinese,False,True,,
dufu_chunk_1007,dufu_31134,annotations_context,"Poem: 晚晴吳郎見過北舍

Scholarly Annotations:
  一作佳
  一作埽",50,Du Fu (杜甫),767年,晚晴吳郎見過北舍,律詩,Classical Chinese,,,,2.0
dufu_chunk_1008,dufu_31222,poem_content,"Poem Title: 暝

Poem Text:
日下四山陰，
山庭嵐氣侵。
牛羊歸徑險，
鳥雀聚枝深。
正枕當星劒，
收書動玉琴。
半扉開燭影，
欲掩見清砧。

Creation Date: 767年
Location: CN500236,东屯
Poem Type: 律詩",138,Du Fu (杜甫),767年,暝,律詩,Classical Chinese,False,False,,
dufu_chunk_1009,dufu_30586,poem_content,"Poem Title: 雲

Poem Text:
龍似瞿唐會，
江依白帝深。
終年常起峽，
每夜必通林。
收穫辭霜渚，
分明在夕岑。
高齋非一處，
秀氣豁煩襟。

Creation Date: 767年
Location: CN500236,东屯
Poem Type: 律詩",138,Du Fu (杜甫),767年,雲,律詩,Classical Chinese,False,True,,
dufu_chunk_1010,dufu_30586,annotations_context,"Poem: 雲

Scholarly Annotations:
  一作自，一作以",41,Du Fu (杜甫),767年,雲,律詩,Classical Chinese,,,,1.0
dufu_chunk_1011,dufu_30613,poem_content,"Poem Title: 月

Poem Text:
四更山吐月，
殘夜水明樓。
塵匣元開鏡，
風簾自上鉤。
兔應疑鶴髮，
蟾亦戀貂裘。
斟酌姮娥寡，
天寒耐九秋。

Creation Date: 767年
Location: CN500236,东屯
Poem Type: 律詩",138,Du Fu (杜甫),767年,月,律詩,Classical Chinese,True,True,,
dufu_chunk_1012,dufu_30613,allusions_context,"Poem: 月

Literary Allusions and References:
  姮娥寡
  蟾
  兔蟾",58,Du Fu (杜甫),767年,月,律詩,Classical Chinese,,,3.0,
dufu_chunk_1013,dufu_30613,annotations_context,"Poem: 月

Scholarly Annotations:
  音恒",36,Du Fu (杜甫),767年,月,律詩,Classical Chinese,,,,1.0
dufu_chunk_1014,dufu_30885,poem_content,"Poem Title: 雨四首

Poem Text:
微雨不滑道，
斷雲疎復行。
紫崖奔處黑，
白鳥去邊明。
秋日新霑影，
寒江舊落聲。
柴扉臨野碓，
半得搗香秔。

Creation Date: 767年9月
Location: CN500236,瀼西
Poem Type: 律詩",142,Du Fu (杜甫),767年9月,雨四首,律詩,Classical Chinese,False,True,,
dufu_chunk_1015,dufu_30885,annotations_context,"Poem: 雨四首

Scholarly Annotations:
  一作濕",39,Du Fu (杜甫),767年9月,雨四首,律詩,Classical Chinese,,,,1.0
dufu_chunk_1016,dufu_30886,poem_content,"Poem Title: 雨四首

Poem Text:
江雨舊無時，
天晴忽散絲。
暮秋霑物冷，
今日過雲遲。
上馬迥休出，
看鷗坐不辭。
高軒當灧澦，
潤色靜書帷。

Creation Date: 767年9月
Location: CN500236,瀼西
Poem Type: 律詩",142,Du Fu (杜甫),767年9月,雨四首,律詩,Classical Chinese,False,True,,
dufu_chunk_1017,dufu_30886,annotations_context,"Poem: 雨四首

Scholarly Annotations:
  一作迴
  一作層",45,Du Fu (杜甫),767年9月,雨四首,律詩,Classical Chinese,,,,2.0
dufu_chunk_1018,dufu_30887,poem_content,"Poem Title: 雨四首

Poem Text:
物色歲將晏，
天隅人未歸。
朔風鳴淅淅，
寒雨下霏霏。
多病久加飯，
衰容新授衣。
時危覺凋喪，
故舊短書稀。

Creation Date: 767年9月
Location: CN500236,瀼西
Poem Type: 律詩",142,Du Fu (杜甫),767年9月,雨四首,律詩,Classical Chinese,False,True,,
dufu_chunk_1019,dufu_30887,annotations_context,"Poem: 雨四首

Scholarly Annotations:
  一作喪亂",40,Du Fu (杜甫),767年9月,雨四首,律詩,Classical Chinese,,,,1.0
dufu_chunk_1020,dufu_30888,poem_content,"Poem Title: 雨四首

Poem Text:
楚雨石苔滋，
京華消息遲。
山寒青兕呌，
江晚白鷗飢。
神女花鈿落，
鮫人織杼悲。
繁憂不自整，
終日灑如絲。

Creation Date: 767年9月
Location: CN500236,瀼西
Poem Type: 律詩",142,Du Fu (杜甫),767年9月,雨四首,律詩,Classical Chinese,True,False,,
dufu_chunk_1021,dufu_30888,allusions_context,"Poem: 雨四首

Literary Allusions and References:
  鮫人
  神女",55,Du Fu (杜甫),767年9月,雨四首,律詩,Classical Chinese,,,2.0,
dufu_chunk_1022,dufu_30816,poem_content,"Poem Title: 夜

Poem Text:
絕岸風威動，
寒房燭影微。
嶺猨霜外宿，
江鳥夜深飛。
獨坐親雄劒，
哀歌嘆短衣。
煙塵繞閶闔，
白首壯心違。

Creation Date: 767年
Location: CN500236
Poem Type: 律詩",135,Du Fu (杜甫),767年,夜,律詩,Classical Chinese,True,False,,
dufu_chunk_1023,dufu_30816,allusions_context,"Poem: 夜

Literary Allusions and References:
  嘆短衣",49,Du Fu (杜甫),767年,夜,律詩,Classical Chinese,,,1.0,
dufu_chunk_1024,dufu_31135,poem_content,"Poem Title: 晨雨

Poem Text:
小雨晨光內，
初來葉上聞。
霧交纔灑地，
風逆旋隨雲。
暫起柴荆色，
輕霑鳥獸羣。
麝香山一半，
亭午未全分。

Creation Date: 767年
Location: CN500236
Poem Type: 律詩",136,Du Fu (杜甫),767年,晨雨,律詩,Classical Chinese,False,True,,
dufu_chunk_1025,dufu_31135,annotations_context,"Poem: 晨雨

Scholarly Annotations:
  一作折",38,Du Fu (杜甫),767年,晨雨,律詩,Classical Chinese,,,,1.0
dufu_chunk_1026,dufu_30801,poem_content,"Poem Title: 返照

Poem Text:
返照開巫峽，
寒空半有無。
已低魚復暗，
不盡白鹽孤。
荻岸如秋水，
松門似畫圖。
牛羊識童僕，
既夕應傳呼。

Creation Date: 767年
Location: CN500236,瀼西
Poem Type: 律詩",139,Du Fu (杜甫),767年,返照,律詩,Classical Chinese,False,False,,
dufu_chunk_1027,dufu_30679,poem_content,"Poem Title: 向夕

Poem Text:
畎畝孤城外，
江村亂水中。
深山催短景，
喬木易高風。
鶴下雲汀近，
雞棲草屋同。
琴書散明燭，
長夜始堪終。

Creation Date: 767年
Location: CN500236,瀼西
Poem Type: 律詩",139,Du Fu (杜甫),767年,向夕,律詩,Classical Chinese,False,True,,
dufu_chunk_1028,dufu_30679,annotations_context,"Poem: 向夕

Scholarly Annotations:
  一作河",38,Du Fu (杜甫),767年,向夕,律詩,Classical Chinese,,,,1.0
dufu_chunk_1029,dufu_31039,poem_content,"Poem Title: 曉望

Poem Text:
白帝更聲盡，
陽臺曙色分。
高峯寒上日，
疊嶺宿霾雲。
地坼江帆隱，
天清木葉聞。
荆扉對麋鹿，
應共爾爲羣。

Creation Date: 767年
Location: CN500236,东屯
Poem Type: 律詩",139,Du Fu (杜甫),767年,曉望,律詩,Classical Chinese,True,True,,
dufu_chunk_1030,dufu_31039,allusions_context,"Poem: 曉望

Literary Allusions and References:
  隨麋鹿",50,Du Fu (杜甫),767年,曉望,律詩,Classical Chinese,,,1.0,
dufu_chunk_1031,dufu_31039,annotations_context,"Poem: 曉望

Scholarly Annotations:
  一作初
  一作未收",45,Du Fu (杜甫),767年,曉望,律詩,Classical Chinese,,,,2.0
dufu_chunk_1032,dufu_31220,poem_content,"Poem Title: 雷

Poem Text:
巫峽中宵動，
滄江十月雷。
龍虵不成蟄，
天地劃爭迴。
却碾空山過，
深蟠絕壁來。
何須妒雲雨，
霹靂楚王臺。

Creation Date: 767年
Location: CN500236,东屯
Poem Type: 律詩",138,Du Fu (杜甫),767年,雷,律詩,Classical Chinese,True,False,,
dufu_chunk_1033,dufu_31220,allusions_context,"Poem: 雷

Literary Allusions and References:
  雲雨",48,Du Fu (杜甫),767年,雷,律詩,Classical Chinese,,,1.0,
dufu_chunk_1034,dufu_30882,poem_content,"Poem Title: 雨

Poem Text:
冥冥甲子雨，
已度立春時。
輕箑煩相向，
纖絺恐自疑。
煙添纔有色，
風引更如絲。
直覺巫山暮，
兼催宋玉悲。

Creation Date: 766年
Location: CN500235
Poem Type: 律詩",135,Du Fu (杜甫),766年,雨,律詩,Classical Chinese,True,False,,
dufu_chunk_1035,dufu_30882,allusions_context,"Poem: 雨

Literary Allusions and References:
  宋玉悲
  甲子冥冥雨",57,Du Fu (杜甫),766年,雨,律詩,Classical Chinese,,,2.0,
dufu_chunk_1036,dufu_31177,poem_content,"Poem Title: 朝二首

Poem Text:
清旭楚宮南，
霜空萬嶺含。
野人時獨往，
雲木曉相參。
俊鶻無聲過，
飢烏下食貪。
病身終不動，
搖落任江潭。

Creation Date: 767年
Location: CN500236,东屯
Poem Type: 律詩",140,Du Fu (杜甫),767年,朝二首,律詩,Classical Chinese,False,False,,
dufu_chunk_1037,dufu_31178,poem_content,"Poem Title: 朝二首

Poem Text:
浦帆晨初發，
郊扉冷未開。
村疎黃葉墜，
野靜白鷗來。
礎潤休全濕，
雲晴欲半迴。
巫山冬可怪，
昨夜有奔雷。

Creation Date: 767年
Location: CN500236,东屯
Poem Type: 律詩",140,Du Fu (杜甫),767年,朝二首,律詩,Classical Chinese,False,True,,
dufu_chunk_1038,dufu_31178,annotations_context,"Poem: 朝二首

Scholarly Annotations:
  去聲
  一作林",44,Du Fu (杜甫),767年,朝二首,律詩,Classical Chinese,,,,2.0
dufu_chunk_1039,dufu_31127,poem_content,"Poem Title: 晚

Poem Text:
杖藜尋晚巷，
炙背近牆暄。
人見幽居僻，
吾知拙養尊。
朝廷問府主，
耕稼學山村。
歸翼飛棲定，
寒燈亦閉門。

Creation Date: 767年
Location: CN500236,东屯
Poem Type: 律詩",138,Du Fu (杜甫),767年,晚,律詩,Classical Chinese,True,True,,
dufu_chunk_1040,dufu_31127,allusions_context,"Poem: 晚

Literary Allusions and References:
  炙背",48,Du Fu (杜甫),767年,晚,律詩,Classical Chinese,,,1.0,
dufu_chunk_1041,dufu_31127,annotations_context,"Poem: 晚

Scholarly Annotations:
  一作巷晚",38,Du Fu (杜甫),767年,晚,律詩,Classical Chinese,,,,1.0
dufu_chunk_1042,dufu_30818,poem_content,"Poem Title: 夜二首

Poem Text:
白夜月休弦，
燈花半委眠。
號山無定鹿，
落樹有驚蟬。
暫憶江東鱠，
兼懷雪下船。
蠻歌犯星起，
空覺在天邊。

Creation Date: 767年9月
Location: CN500236,东屯
Poem Type: 律詩",142,Du Fu (杜甫),767年9月,夜二首,律詩,Classical Chinese,True,True,,
dufu_chunk_1043,dufu_30818,allusions_context,"Poem: 夜二首

Literary Allusions and References:
  雪下船",51,Du Fu (杜甫),767年9月,夜二首,律詩,Classical Chinese,,,1.0,
dufu_chunk_1044,dufu_30818,annotations_context,"Poem: 夜二首

Scholarly Annotations:
  一作向
  一作委半
  一作重",52,Du Fu (杜甫),767年9月,夜二首,律詩,Classical Chinese,,,,3.0
dufu_chunk_1045,dufu_30819,poem_content,"Poem Title: 夜二首

Poem Text:
城郭悲笳暮，
村墟過翼稀。
甲兵年數久，
賦斂夜深歸。
暗樹依巖落，
明河繞塞微。
斗斜人更望，
月細鵲休飛。

Creation Date: 767年9月
Location: CN500236,东屯
Poem Type: 律詩",142,Du Fu (杜甫),767年9月,夜二首,律詩,Classical Chinese,True,False,,
dufu_chunk_1046,dufu_30819,allusions_context,"Poem: 夜二首

Literary Allusions and References:
  三匝",50,Du Fu (杜甫),767年9月,夜二首,律詩,Classical Chinese,,,1.0,
dufu_chunk_1047,dufu_31238,poem_content,"Poem Title: 熟食日示宗文宗武

Poem Text:
消渴游江漢，
羇棲尚甲兵。
幾年逢熟食，
萬里逼清明。
松柏邛山路，
風花白帝城。
汝曹催我老，
回首淚縱橫。

Creation Date: 767年
Location: CN500236,瀼西
Poem Type: 律詩",145,Du Fu (杜甫),767年,熟食日示宗文宗武,律詩,Classical Chinese,False,True,,
dufu_chunk_1048,dufu_31238,annotations_context,"Poem: 熟食日示宗文宗武

Scholarly Annotations:
  秦人呼寒食爲熟食
  一作邙
  一作光",61,Du Fu (杜甫),767年,熟食日示宗文宗武,律詩,Classical Chinese,,,,3.0
dufu_chunk_1049,dufu_30556,poem_content,"Poem Title: 又示兩兒

Poem Text:
令節成吾老，
他時見汝心。
浮生看物變，
爲恨與年深。
長葛書難得，
江州涕不禁。
團圓思弟妹，
行坐白頭吟。

Creation Date: 767年
Location: CN500236,瀼西
Poem Type: 律詩",141,Du Fu (杜甫),767年,又示兩兒,律詩,Classical Chinese,False,True,,
dufu_chunk_1050,dufu_30556,annotations_context,"Poem: 又示兩兒

Scholarly Annotations:
  長葛、江州，必弟妹所在",48,Du Fu (杜甫),767年,又示兩兒,律詩,Classical Chinese,,,,1.0
dufu_chunk_1051,dufu_30797,poem_content,"Poem Title: 社日兩篇

Poem Text:
九農成德業，
百祀發光輝。
報効神如在，
馨香舊不違。
南翁巴曲醉，
北雁塞聲微。
尚想東方朔，
詼諧割肉歸。

Creation Date: 767年
Location: CN500236,东屯
Poem Type: 律詩",141,Du Fu (杜甫),767年,社日兩篇,律詩,Classical Chinese,True,True,,
dufu_chunk_1052,dufu_30797,allusions_context,"Poem: 社日兩篇

Literary Allusions and References:
  詼諧割肉",53,Du Fu (杜甫),767年,社日兩篇,律詩,Classical Chinese,,,1.0,
dufu_chunk_1053,dufu_30797,annotations_context,"Poem: 社日兩篇

Scholarly Annotations:
  一作秋豐",41,Du Fu (杜甫),767年,社日兩篇,律詩,Classical Chinese,,,,1.0
dufu_chunk_1054,dufu_30798,poem_content,"Poem Title: 社日兩篇

Poem Text:
陳平亦分肉，
太史竟論功。
今日江南老，
他時渭北童。
歡娛看絕塞，
涕淚落秋風。
鴛鷺迴金闕，
誰憐病峽中。

Creation Date: 767年
Location: CN500236,东屯
Poem Type: 律詩",141,Du Fu (杜甫),767年,社日兩篇,律詩,Classical Chinese,True,True,,
dufu_chunk_1055,dufu_30798,allusions_context,"Poem: 社日兩篇

Literary Allusions and References:
  割肉
  鴛鷺",56,Du Fu (杜甫),767年,社日兩篇,律詩,Classical Chinese,,,2.0,
dufu_chunk_1056,dufu_30798,annotations_context,"Poem: 社日兩篇

Scholarly Annotations:
  一作水",40,Du Fu (杜甫),767年,社日兩篇,律詩,Classical Chinese,,,,1.0
dufu_chunk_1057,dufu_30531,poem_content,"Poem Title: 九日五首

Poem Text:
舊日重陽日，
傳杯不放杯。
即今蓬鬢改，
但媿菊花開。
北闕心長戀，
西江首獨回。
茱萸賜朝士，
難得一枝來。

Creation Date: 767年9月9日
Location: CN500236
Poem Type: 律詩",142,Du Fu (杜甫),767年9月9日,九日五首,律詩,Classical Chinese,False,True,,
dufu_chunk_1058,dufu_30531,annotations_context,"Poem: 九日五首

Scholarly Annotations:
  吳若本注：“闕一首。”趙次公以“風急天高”一首足之，云未嘗闕。
  一作萸房",75,Du Fu (杜甫),767年9月9日,九日五首,律詩,Classical Chinese,,,,2.0
dufu_chunk_1059,dufu_30532,poem_content,"Poem Title: 九日五首

Poem Text:
舊與蘇司業，
兼隨鄭廣文。
采花香泛泛，
坐客醉紛紛。
野樹歌還倚，
秋砧醒却聞。
歡娛兩冥漠，
西北有孤雲。

Creation Date: 767年9月9日
Location: CN500236
Poem Type: 律詩",142,Du Fu (杜甫),767年9月9日,九日五首,律詩,Classical Chinese,False,True,,
dufu_chunk_1060,dufu_30532,annotations_context,"Poem: 九日五首

Scholarly Annotations:
  吳若本注：“闕一首。”趙次公以“風急天高”一首足之，云未嘗闕。
  一作簇簇，一作漠漠
  一作欹
  一作寞",92,Du Fu (杜甫),767年9月9日,九日五首,律詩,Classical Chinese,,,,4.0
dufu_chunk_1061,dufu_30536,poem_content,"Poem Title: 九日諸人集於林

Poem Text:
九日明朝是，
相要舊俗非。
老翁難早出，
賢客幸知歸。
舊采黃花賸，
新梳白髮微。
漫看年少樂，
忍淚已霑衣。

Creation Date: 766年9月8日
Location: CN500236,西阁
Poem Type: 律詩",148,Du Fu (杜甫),766年9月8日,九日諸人集於林,律詩,Classical Chinese,False,True,,
dufu_chunk_1062,dufu_30536,annotations_context,"Poem: 九日諸人集於林

Scholarly Annotations:
  一作日高，一作登高",49,Du Fu (杜甫),766年9月8日,九日諸人集於林,律詩,Classical Chinese,,,,1.0
dufu_chunk_1063,dufu_30569,poem_content,"Poem Title: 大曆二年九月三十日

Poem Text:
爲客無時了，
悲秋向夕終。
瘴餘夔子國，
霜薄楚王宮。
草敵虛嵐翠，
花禁冷葉紅。
年年小搖落，
不與故園同。

Creation Date: 767年9月30日
Location: CN500236,东屯
Poem Type: 律詩",151,Du Fu (杜甫),767年9月30日,大曆二年九月三十日,律詩,Classical Chinese,True,True,,
dufu_chunk_1064,dufu_30569,allusions_context,"Poem: 大曆二年九月三十日

Literary Allusions and References:
  夔子國",57,Du Fu (杜甫),767年9月30日,大曆二年九月三十日,律詩,Classical Chinese,,,1.0,
dufu_chunk_1065,dufu_30569,annotations_context,"Poem: 大曆二年九月三十日

Scholarly Annotations:
  一作蘂",45,Du Fu (杜甫),767年9月30日,大曆二年九月三十日,律詩,Classical Chinese,,,,1.0
dufu_chunk_1066,dufu_30554,poem_content,"Poem Title: 十月一日

Poem Text:
有瘴非全歇，
爲冬亦不難。
夜郎溪日暖，
白帝峽風寒。
蒸裹如千室，
焦糟幸一柈。
茲辰南國重，
舊俗自相歡。

Creation Date: 767年10月1日
Location: CN500236,东屯
Poem Type: 律詩",146,Du Fu (杜甫),767年10月1日,十月一日,律詩,Classical Chinese,False,True,,
dufu_chunk_1067,dufu_30554,annotations_context,"Poem: 十月一日

Scholarly Annotations:
  一作不亦
  見《齊民要術》
  一作糖",57,Du Fu (杜甫),767年10月1日,十月一日,律詩,Classical Chinese,,,,3.0
dufu_chunk_1068,dufu_30847,poem_content,"Poem Title: 孟冬

Poem Text:
殊俗還多事，
方冬變所爲。
破甘霜落爪，
嘗稻雪飜匙。
巫峽寒都薄，
烏蠻瘴遠隨。
終然減灘瀨，
暫喜息蛟螭。

Creation Date: 767年
Location: CN500236,东屯
Poem Type: 律詩",139,Du Fu (杜甫),767年,孟冬,律詩,Classical Chinese,False,True,,
dufu_chunk_1069,dufu_30847,annotations_context,"Poem: 孟冬

Scholarly Annotations:
  一作瓜
  一作岫
  一作沙，一作黔溪",55,Du Fu (杜甫),767年,孟冬,律詩,Classical Chinese,,,,3.0
dufu_chunk_1070,dufu_30610,poem_content,"Poem Title: 憶鄭南玭

Poem Text:
鄭南伏毒寺，
瀟灑到江心。
石影銜珠閣，
泉聲帶玉琴。
風杉曾曙倚，
雲嶠憶春臨。
萬里滄浪外，
龍蛇只自深。

Creation Date: 766年
Location: CN500236
Poem Type: 律詩",138,Du Fu (杜甫),766年,憶鄭南玭,律詩,Classical Chinese,False,True,,
dufu_chunk_1071,dufu_30610,annotations_context,"Poem: 憶鄭南玭

Scholarly Annotations:
  玭，蒲眠切，珠也。宋弘曰：“淮水出玭珠。”吳若本注：“玭疑作玼，音泚，玉色鮮潔也。師民瞻及草堂本，俱無玭字，詩中但憶伏毒寺舊游，鄭南乃鄭縣之南也。”
  一作守，與上下義多不合
  一作蒼茫",132,Du Fu (杜甫),766年,憶鄭南玭,律詩,Classical Chinese,,,,3.0
dufu_chunk_1072,dufu_30787,poem_content,"Poem Title: 懷灞上游

Poem Text:
悵望東陵道，
平生灞上游。
春濃停野騎，
夜宿敞雲樓。
離別人誰在，
經過老自休。
眼前今古意，
江漢一歸舟。

Creation Date: 767年
Location: CN500236,西阁
Poem Type: 律詩",141,Du Fu (杜甫),767年,懷灞上游,律詩,Classical Chinese,False,False,,
dufu_chunk_1073,dufu_30971,poem_content,"Poem Title: 覽鏡呈柏中丞

Poem Text:
渭水流關內，
終南在日邊。
膽銷豺虎窟，
淚入犬羊天。
起晚堪從事，
行遲更學仙。
鏡中衰謝色，
萬一故人憐。

Creation Date: 766年
Location: CN500236,西阁
Poem Type: 律詩",143,Du Fu (杜甫),766年,覽鏡呈柏中丞,律詩,Classical Chinese,True,True,,
dufu_chunk_1074,dufu_30971,allusions_context,"Poem: 覽鏡呈柏中丞

Literary Allusions and References:
  起晚
  日邊
  行遲學仙",65,Du Fu (杜甫),766年,覽鏡呈柏中丞,律詩,Classical Chinese,,,3.0,
dufu_chunk_1075,dufu_30971,annotations_context,"Poem: 覽鏡呈柏中丞

Scholarly Annotations:
  一作覺",42,Du Fu (杜甫),766年,覽鏡呈柏中丞,律詩,Classical Chinese,,,,1.0
dufu_chunk_1076,dufu_30804,poem_content,"Poem Title: 悶

Poem Text:
瘴癘浮三蜀，
風雲暗百蠻。
卷簾唯白水，
隱几亦青山。
猨捷長難見，
鷗輕故不還。
無錢從滯客，
有鏡巧催顏。

Creation Date: 767年
Location: CN500236,东屯
Poem Type: 律詩",138,Du Fu (杜甫),767年,悶,律詩,Classical Chinese,False,False,,
dufu_chunk_1077,dufu_30685,poem_content,"Poem Title: 戲作俳諧體遣悶二首

Poem Text:
異俗吁可怪，
斯人難竝居。
家家養烏鬼，
頓頓食黃魚。
舊識能爲態，
新知已暗疎。
治生且耕鑿，
只有不關渠。

Creation Date: 767年
Location: CN500236,东屯
Poem Type: 律詩",146,Du Fu (杜甫),767年,戲作俳諧體遣悶二首,律詩,Classical Chinese,False,True,,
dufu_chunk_1078,dufu_30685,annotations_context,"Poem: 戲作俳諧體遣悶二首

Scholarly Annotations:
  一云：川人呼豬作烏鬼聲。一云：夔人呼鸕鷀爲烏鬼。一云：峽近烏蠻，俗於正月設牲酒田間，操兵大噪，名養烏鬼，以禳厲氣。元稹江陵詩“病賽烏稱鬼”，則烏鬼乃神名
  一作難
  一作開",130,Du Fu (杜甫),767年,戲作俳諧體遣悶二首,律詩,Classical Chinese,,,,3.0
dufu_chunk_1079,dufu_30686,poem_content,"Poem Title: 戲作俳諧體遣悶二首

Poem Text:
西歷青羌板，
南留白帝城。
於菟侵客恨，
粔籹作人情。
瓦卜傳神語，
畬田費火聲。
是非何處定，
高枕笑浮生。

Creation Date: 767年
Location: CN500236,东屯
Poem Type: 律詩",146,Du Fu (杜甫),767年,戲作俳諧體遣悶二首,律詩,Classical Chinese,False,True,,
dufu_chunk_1080,dufu_30686,annotations_context,"Poem: 戲作俳諧體遣悶二首

Scholarly Annotations:
  一作坂
  原注：頃歲自秦涉隴，從同谷縣去遊蜀，留滯於巫山
  一作穀於，一作彀菟
  音巨女，見招魂，蜜餌也
  一作耕",103,Du Fu (杜甫),767年,戲作俳諧體遣悶二首,律詩,Classical Chinese,,,,5.0
dufu_chunk_1081,dufu_31125,poem_content,"Poem Title: 得舍弟觀書自中都已達江陵今茲暮春月末行李合到夔州悲喜相兼團圓可待賦詩即事情見乎詞

Poem Text:
爾到江陵府，
何時到峽州？
亂離生有別，
聚集病應瘳。
颯颯開啼眼，
朝朝上水樓。
老身須付託，
白骨更何憂。

Creation Date: 767年
Location: CN500236,瀼西
Poem Type: 律詩",177,Du Fu (杜甫),767年,得舍弟觀書自中都已達江陵今茲暮春月末行李合到夔州悲喜相兼團圓可待賦詩即事情見乎詞,律詩,Classical Chinese,False,True,,
dufu_chunk_1082,dufu_31125,annotations_context,"Poem: 得舍弟觀書自中都已達江陵今茲暮春月末行李合到夔州悲喜相兼團圓可待賦詩即事情見乎詞

Scholarly Annotations:
  至德二年，以西京爲中京
  一作過",90,Du Fu (杜甫),767年,得舍弟觀書自中都已達江陵今茲暮春月末行李合到夔州悲喜相兼團圓可待賦詩即事情見乎詞,律詩,Classical Chinese,,,,2.0
dufu_chunk_1083,dufu_31158,poem_content,"Poem Title: 喜觀即到復題短篇二首

Poem Text:
巫峽千山暗，
終南萬里春。
病中吾見弟，
書到汝爲人。
意荅兒童問，
來經戰伐新。
泊船悲喜後，
款款話歸秦。

Creation Date: 767年
Location: CN500236,瀼西
Poem Type: 律詩",147,Du Fu (杜甫),767年,喜觀即到復題短篇二首,律詩,Classical Chinese,False,True,,
dufu_chunk_1084,dufu_31158,annotations_context,"Poem: 喜觀即到復題短篇二首

Scholarly Annotations:
  一作竟
  一作議",52,Du Fu (杜甫),767年,喜觀即到復題短篇二首,律詩,Classical Chinese,,,,2.0
dufu_chunk_1085,dufu_31159,poem_content,"Poem Title: 喜觀即到復題短篇二首

Poem Text:
待爾嗔烏鵲，
拋書示鶺鴒。
枝間喜不去，
原上急曾經。
江閣嫌津柳，
風帆數驛亭。
應論十年事，
愁絕始星星。

Creation Date: 767年
Location: CN500236,瀼西
Poem Type: 律詩",147,Du Fu (杜甫),767年,喜觀即到復題短篇二首,律詩,Classical Chinese,True,True,,
dufu_chunk_1086,dufu_31159,allusions_context,"Poem: 喜觀即到復題短篇二首

Literary Allusions and References:
  喜逐行人至
  鶺鴒",65,Du Fu (杜甫),767年,喜觀即到復題短篇二首,律詩,Classical Chinese,,,2.0,
dufu_chunk_1087,dufu_31159,annotations_context,"Poem: 喜觀即到復題短篇二首

Scholarly Annotations:
  一作撚",46,Du Fu (杜甫),767年,喜觀即到復題短篇二首,律詩,Classical Chinese,,,,1.0
dufu_chunk_1088,dufu_30872,poem_content,"Poem Title: 舍弟觀歸藍田迎新婦送示兩篇

Poem Text:
汝去迎妻子，
高秋念却迴。
即今螢已亂，
好與雁同來。
東望西江水，
南游北戶開。
卜居期靜處，
會有故人杯。

Creation Date: 767年
Location: CN500236,瀼西
Poem Type: 律詩",150,Du Fu (杜甫),767年,舍弟觀歸藍田迎新婦送示兩篇,律詩,Classical Chinese,False,True,,
dufu_chunk_1089,dufu_30872,annotations_context,"Poem: 舍弟觀歸藍田迎新婦送示兩篇

Scholarly Annotations:
  一作永",49,Du Fu (杜甫),767年,舍弟觀歸藍田迎新婦送示兩篇,律詩,Classical Chinese,,,,1.0
dufu_chunk_1090,dufu_30873,poem_content,"Poem Title: 舍弟觀歸藍田迎新婦送示兩篇

Poem Text:
楚塞難爲路，
藍田莫滯留。
衣裳判白露，
鞍馬信清秋。
滿峽重江水，
開帆八月舟。
此時同一醉，
應在仲宣樓。

Creation Date: 767年
Location: CN500236,瀼西
Poem Type: 律詩",150,Du Fu (杜甫),767年,舍弟觀歸藍田迎新婦送示兩篇,律詩,Classical Chinese,True,True,,
dufu_chunk_1091,dufu_30873,allusions_context,"Poem: 舍弟觀歸藍田迎新婦送示兩篇

Literary Allusions and References:
  仲宣樓",61,Du Fu (杜甫),767年,舍弟觀歸藍田迎新婦送示兩篇,律詩,Classical Chinese,,,1.0,
dufu_chunk_1092,dufu_30873,annotations_context,"Poem: 舍弟觀歸藍田迎新婦送示兩篇

Scholarly Annotations:
  一作別",49,Du Fu (杜甫),767年,舍弟觀歸藍田迎新婦送示兩篇,律詩,Classical Chinese,,,,1.0
dufu_chunk_1093,dufu_31144,poem_content,"Poem Title: 第五弟豐獨在江左近三四載寂無消息覓使寄此二首

Poem Text:
亂後嗟吾在，
羇棲見汝難。
草黃騏驥病，
沙晚鶺鴒寒。
楚設關城險，
吳吞水府寬。
十年朝夕淚，
衣袖不曾乾。

Creation Date: 767年
Location: CN500236,瀼西
Poem Type: 律詩",159,Du Fu (杜甫),767年,第五弟豐獨在江左近三四載寂無消息覓使寄此二首,律詩,Classical Chinese,True,True,,
dufu_chunk_1094,dufu_31144,allusions_context,"Poem: 第五弟豐獨在江左近三四載寂無消息覓使寄此二首

Literary Allusions and References:
  鶺鴒",69,Du Fu (杜甫),767年,第五弟豐獨在江左近三四載寂無消息覓使寄此二首,律詩,Classical Chinese,,,1.0,
dufu_chunk_1095,dufu_31144,annotations_context,"Poem: 第五弟豐獨在江左近三四載寂無消息覓使寄此二首

Scholarly Annotations:
  一作暖",58,Du Fu (杜甫),767年,第五弟豐獨在江左近三四載寂無消息覓使寄此二首,律詩,Classical Chinese,,,,1.0
dufu_chunk_1096,dufu_31145,poem_content,"Poem Title: 第五弟豐獨在江左近三四載寂無消息覓使寄此二首

Poem Text:
聞汝依山寺，
杭州定越州。
風塵淹別日，
江漢失清秋。
影著啼猨樹，
魂飄結蜃樓。
明年下春水，
東盡白雲求。

Creation Date: 767年
Location: CN500236,瀼西
Poem Type: 律詩",159,Du Fu (杜甫),767年,第五弟豐獨在江左近三四載寂無消息覓使寄此二首,律詩,Classical Chinese,False,True,,
dufu_chunk_1097,dufu_31145,annotations_context,"Poem: 第五弟豐獨在江左近三四載寂無消息覓使寄此二首

Scholarly Annotations:
  一作共
  一作遊",64,Du Fu (杜甫),767年,第五弟豐獨在江左近三四載寂無消息覓使寄此二首,律詩,Classical Chinese,,,,2.0
dufu_chunk_1098,dufu_30625,poem_content,"Poem Title: 王十五前閣會

Poem Text:
楚岸收新雨，
春臺引細風。
情人來石上，
鮮膾出江中。
鄰舍煩書札，
肩輿強老翁。
病身虛俊味，
何幸飫兒童。

Creation Date: 767年
Location: CN500236
Poem Type: 律詩",140,Du Fu (杜甫),767年,王十五前閣會,律詩,Classical Chinese,False,False,,
dufu_chunk_1099,dufu_31097,poem_content,"Poem Title: 陪柏中丞觀宴將士二首

Poem Text:
極樂三軍士，
誰知百戰場。
無私齊綺饌，
久坐密金章。
醉客霑鸚鵡，
佳人指鳳皇。
幾時來翠節，
特地引紅妝。

Creation Date: 766年
Location: CN500236,西阁
Poem Type: 律詩",147,Du Fu (杜甫),766年,陪柏中丞觀宴將士二首,律詩,Classical Chinese,True,False,,
dufu_chunk_1100,dufu_31097,allusions_context,"Poem: 陪柏中丞觀宴將士二首

Literary Allusions and References:
  鳳皇",57,Du Fu (杜甫),766年,陪柏中丞觀宴將士二首,律詩,Classical Chinese,,,1.0,
dufu_chunk_1101,dufu_31098,poem_content,"Poem Title: 陪柏中丞觀宴將士二首

Poem Text:
繡段裝檐額，
金花帖鼓腰。
一夫先舞劒，
百戲後歌樵。
江樹城孤遠，
雲臺使寂寥。
漢朝頻選將，
應拜霍嫖姚。

Creation Date: 766年
Location: CN500236,西阁
Poem Type: 律詩",147,Du Fu (杜甫),766年,陪柏中丞觀宴將士二首,律詩,Classical Chinese,True,True,,
dufu_chunk_1102,dufu_31098,allusions_context,"Poem: 陪柏中丞觀宴將士二首

Literary Allusions and References:
  霍嫖姚
  雲臺",63,Du Fu (杜甫),766年,陪柏中丞觀宴將士二首,律詩,Classical Chinese,,,2.0,
dufu_chunk_1103,dufu_31098,annotations_context,"Poem: 陪柏中丞觀宴將士二首

Scholarly Annotations:
  一作鐎，刁斗也",50,Du Fu (杜甫),766年,陪柏中丞觀宴將士二首,律詩,Classical Chinese,,,,1.0
dufu_chunk_1104,dufu_30849,poem_content,"Poem Title: 季秋蘇五弟纓江樓夜宴崔十三評事韋少府姪三首

Poem Text:
峽險江驚急，
樓高月迥明。
一時今夕會，
萬里故鄉情。
星落黃姑渚，
秋辭白帝城。
老人因酒病，
堅坐看君傾。

Creation Date: 767年9月
Location: CN500236,江楼
Poem Type: 律詩",160,Du Fu (杜甫),767年9月,季秋蘇五弟纓江樓夜宴崔十三評事韋少府姪三首,律詩,Classical Chinese,False,False,,
dufu_chunk_1105,dufu_30850,poem_content,"Poem Title: 季秋蘇五弟纓江樓夜宴崔十三評事韋少府姪三首

Poem Text:
明月生長好，
浮雲薄漸遮。
悠悠照邊塞，
悄悄憶京華。
清動杯中物，
高隨海上查。
不眠瞻白兔，
百過落烏紗。

Creation Date: 767年9月
Location: CN500236,江楼
Poem Type: 律詩",160,Du Fu (杜甫),767年9月,季秋蘇五弟纓江樓夜宴崔十三評事韋少府姪三首,律詩,Classical Chinese,True,True,,
dufu_chunk_1106,dufu_30850,allusions_context,"Poem: 季秋蘇五弟纓江樓夜宴崔十三評事韋少府姪三首

Literary Allusions and References:
  杯中物",69,Du Fu (杜甫),767年9月,季秋蘇五弟纓江樓夜宴崔十三評事韋少府姪三首,律詩,Classical Chinese,,,1.0,
dufu_chunk_1107,dufu_30850,annotations_context,"Poem: 季秋蘇五弟纓江樓夜宴崔十三評事韋少府姪三首

Scholarly Annotations:
  一作暫
  一作遠",63,Du Fu (杜甫),767年9月,季秋蘇五弟纓江樓夜宴崔十三評事韋少府姪三首,律詩,Classical Chinese,,,,2.0
dufu_chunk_1108,dufu_30851,poem_content,"Poem Title: 季秋蘇五弟纓江樓夜宴崔十三評事韋少府姪三首

Poem Text:
對月那無酒，
登樓況有江。
聽歌驚白鬢，
笑舞拓秋窗。
尊蟻添相續，
沙鷗竝一雙。
盡憐君醉倒，
更覺片心降。

Creation Date: 767年9月
Location: CN500236,江楼
Poem Type: 律詩",160,Du Fu (杜甫),767年9月,季秋蘇五弟纓江樓夜宴崔十三評事韋少府姪三首,律詩,Classical Chinese,False,True,,
dufu_chunk_1109,dufu_30851,annotations_context,"Poem: 季秋蘇五弟纓江樓夜宴崔十三評事韋少府姪三首

Scholarly Annotations:
  一作我",57,Du Fu (杜甫),767年9月,季秋蘇五弟纓江樓夜宴崔十三評事韋少府姪三首,律詩,Classical Chinese,,,,1.0
dufu_chunk_1110,dufu_30540,poem_content,"Poem Title: 九月一日過孟十二倉曹十四主簿兄弟

Poem Text:
藜杖侵寒露，
蓬門啓曙煙。
力稀經樹歇，
老困撥書眠。
秋覺追隨盡，
來因孝友偏。
清談見滋味，
爾輩可忘年。

Creation Date: 767年9月1日
Location: CN500236
Poem Type: 律詩",154,Du Fu (杜甫),767年9月1日,九月一日過孟十二倉曹十四主簿兄弟,律詩,Classical Chinese,False,False,,
dufu_chunk_1111,dufu_30761,poem_content,"Poem Title: 過客相尋

Poem Text:
窮老真無事，
江山已定居。
地幽忘盥櫛，
客至罷琴書。
挂壁移筐果，
呼兒問煮魚。
時聞繫舟楫，
及此問吾廬。

Creation Date: 767年
Location: CN500236,瀼西
Poem Type: 律詩",141,Du Fu (杜甫),767年,過客相尋,律詩,Classical Chinese,False,True,,
dufu_chunk_1112,dufu_30761,annotations_context,"Poem: 過客相尋

Scholarly Annotations:
  一作留
  一作間",46,Du Fu (杜甫),767年,過客相尋,律詩,Classical Chinese,,,,2.0
dufu_chunk_1113,dufu_30845,poem_content,"Poem Title: 孟倉曹步趾領新酒醬二物滿器見遺老夫

Poem Text:
楚岸通秋屐，
胡牀面夕畦。
藉糟分汁滓，
甕醬落提攜。
飯糲添香味，
朋來有醉泥。
理生那免俗，
方法報山妻。

Creation Date: 767年
Location: CN500236,东屯
Poem Type: 律詩",154,Du Fu (杜甫),767年,孟倉曹步趾領新酒醬二物滿器見遺老夫,律詩,Classical Chinese,False,True,,
dufu_chunk_1114,dufu_30845,annotations_context,"Poem: 孟倉曹步趾領新酒醬二物滿器見遺老夫

Scholarly Annotations:
  酒德頌，枕麯藉糟，一作籍",62,Du Fu (杜甫),767年,孟倉曹步趾領新酒醬二物滿器見遺老夫,律詩,Classical Chinese,,,,1.0
dufu_chunk_1115,dufu_31245,poem_content,"Poem Title: 題柏大兄弟山居屋壁二首

Poem Text:
叔父朱門貴，
郎君玉樹高。
山居精典籍，
文雅涉風騷。
江漢終吾老，
雲林得爾曹。
哀弦繞白雪，
未與俗人操。

Creation Date: 767年
Location: CN500236,柏大兄弟山居
Poem Type: 律詩",152,Du Fu (杜甫),767年,題柏大兄弟山居屋壁二首,律詩,Classical Chinese,True,False,,
dufu_chunk_1116,dufu_31245,allusions_context,"Poem: 題柏大兄弟山居屋壁二首

Literary Allusions and References:
  玉樹高",59,Du Fu (杜甫),767年,題柏大兄弟山居屋壁二首,律詩,Classical Chinese,,,1.0,
dufu_chunk_1117,dufu_31246,poem_content,"Poem Title: 題柏大兄弟山居屋壁二首

Poem Text:
野屋流寒水，
山籬帶薄雲。
靜應連虎穴，
喧已去人羣。
筆架霑窗雨，
書籤映隙曛。
蕭蕭千里足，
箇箇五花文。

Creation Date: 767年
Location: CN500236,柏大兄弟山居
Poem Type: 律詩",152,Du Fu (杜甫),767年,題柏大兄弟山居屋壁二首,律詩,Classical Chinese,True,True,,
dufu_chunk_1118,dufu_31246,allusions_context,"Poem: 題柏大兄弟山居屋壁二首

Literary Allusions and References:
  千里足",59,Du Fu (杜甫),767年,題柏大兄弟山居屋壁二首,律詩,Classical Chinese,,,1.0,
dufu_chunk_1119,dufu_31246,annotations_context,"Poem: 題柏大兄弟山居屋壁二首

Scholarly Annotations:
  一作馬",47,Du Fu (杜甫),767年,題柏大兄弟山居屋壁二首,律詩,Classical Chinese,,,,1.0
dufu_chunk_1120,dufu_30687,poem_content,"Poem Title: 戲寄崔評事表姪蘇五表弟韋大少府諸姪

Poem Text:
隱豹深愁雨，
潛龍故起雲。
泥多仍徑曲，
心醉阻賢羣。
忍待江山麗，
還披鮑謝文。
高樓憶疎豁，
秋興坐氛氳。

Creation Date: 767年9月
Location: CN500236
Poem Type: 律詩",153,Du Fu (杜甫),767年9月,戲寄崔評事表姪蘇五表弟韋大少府諸姪,律詩,Classical Chinese,True,True,,
dufu_chunk_1121,dufu_30687,allusions_context,"Poem: 戲寄崔評事表姪蘇五表弟韋大少府諸姪

Literary Allusions and References:
  隱豹
  潛龍",69,Du Fu (杜甫),767年9月,戲寄崔評事表姪蘇五表弟韋大少府諸姪,律詩,Classical Chinese,,,2.0,
dufu_chunk_1122,dufu_30687,annotations_context,"Poem: 戲寄崔評事表姪蘇五表弟韋大少府諸姪

Scholarly Annotations:
  一作對
  一作闊",59,Du Fu (杜甫),767年9月,戲寄崔評事表姪蘇五表弟韋大少府諸姪,律詩,Classical Chinese,,,,2.0
dufu_chunk_1123,dufu_30947,poem_content,"Poem Title: 秋日寄題鄭監湖上亭三首

Poem Text:
碧草逢春意，
沅湘萬里秋。
池要山簡馬，
月淨庾公樓。
磨滅餘篇翰，
平生一釣舟。
高唐寒浪減，
髣髴識昭丘。

Creation Date: 766年
Location: CN500236,西阁
Poem Type: 律詩",148,Du Fu (杜甫),766年,秋日寄題鄭監湖上亭三首,律詩,Classical Chinese,True,True,,
dufu_chunk_1124,dufu_30947,allusions_context,"Poem: 秋日寄題鄭監湖上亭三首

Literary Allusions and References:
  山簡
  庾公樓",64,Du Fu (杜甫),766年,秋日寄題鄭監湖上亭三首,律詩,Classical Chinese,,,2.0,
dufu_chunk_1125,dufu_30947,annotations_context,"Poem: 秋日寄題鄭監湖上亭三首

Scholarly Annotations:
  一作違
  一作靜
  一作滅",59,Du Fu (杜甫),766年,秋日寄題鄭監湖上亭三首,律詩,Classical Chinese,,,,3.0
dufu_chunk_1126,dufu_30948,poem_content,"Poem Title: 秋日寄題鄭監湖上亭三首

Poem Text:
新作湖邊宅，
還聞賓客過。
自須開竹逕，
誰道避雲蘿。
官序潘生拙，
才名賈傅多。
舍舟應轉地，
鄰接意如何。

Creation Date: 766年
Location: CN500236,西阁
Poem Type: 律詩",148,Du Fu (杜甫),766年,秋日寄題鄭監湖上亭三首,律詩,Classical Chinese,True,True,,
dufu_chunk_1127,dufu_30948,allusions_context,"Poem: 秋日寄題鄭監湖上亭三首

Literary Allusions and References:
  潘生拙
  賈傅
  賓客過",70,Du Fu (杜甫),766年,秋日寄題鄭監湖上亭三首,律詩,Classical Chinese,,,3.0,
dufu_chunk_1128,dufu_30948,annotations_context,"Poem: 秋日寄題鄭監湖上亭三首

Scholarly Annotations:
  一作卜",47,Du Fu (杜甫),766年,秋日寄題鄭監湖上亭三首,律詩,Classical Chinese,,,,1.0
dufu_chunk_1129,dufu_30949,poem_content,"Poem Title: 秋日寄題鄭監湖上亭三首

Poem Text:
暫阻蓬萊閣，
終爲江海人。
揮金應物理，
拖玉豈吾身。
羹煮秋蓴滑，
杯迎露菊新。
賦詩分氣象，
佳句莫頻頻。

Creation Date: 766年
Location: CN500236,西阁
Poem Type: 律詩",148,Du Fu (杜甫),766年,秋日寄題鄭監湖上亭三首,律詩,Classical Chinese,True,True,,
dufu_chunk_1130,dufu_30949,allusions_context,"Poem: 秋日寄題鄭監湖上亭三首

Literary Allusions and References:
  揮金
  蓬萊閣",64,Du Fu (杜甫),766年,秋日寄題鄭監湖上亭三首,律詩,Classical Chinese,,,2.0,
dufu_chunk_1131,dufu_30949,annotations_context,"Poem: 秋日寄題鄭監湖上亭三首

Scholarly Annotations:
  一作住
  一作弱
  一作凝
  一作辭",65,Du Fu (杜甫),766年,秋日寄題鄭監湖上亭三首,律詩,Classical Chinese,,,,4.0
dufu_chunk_1132,dufu_31148,poem_content,"Poem Title: 謁真諦寺禪師

Poem Text:
蘭若山高處，
煙霞嶂幾重。
凍泉依細石，
晴雪落長松。
問法看詩忘，
觀身向酒慵。
未能割妻子，
卜宅近前峰。

Creation Date: 767年
Location: CN500236,真谛寺
Poem Type: 律詩",144,Du Fu (杜甫),767年,謁真諦寺禪師,律詩,Classical Chinese,False,True,,
dufu_chunk_1133,dufu_31148,annotations_context,"Poem: 謁真諦寺禪師

Scholarly Annotations:
  一作障
  一作妄",48,Du Fu (杜甫),767年,謁真諦寺禪師,律詩,Classical Chinese,,,,2.0
dufu_chunk_1134,dufu_30775,poem_content,"Poem Title: 別崔潩因寄薛據孟雲卿

Poem Text:
志士惜妄動，
知深難固辭。
如何久磨礪，
但取不磷緇。
夙夜聽憂主，
飛騰急濟時。
荆州過薛孟，
爲報欲論詩。

Creation Date: 767年
Location: CN500236,瀼西
Poem Type: 律詩",147,Du Fu (杜甫),767年,別崔潩因寄薛據孟雲卿,律詩,Classical Chinese,True,True,,
dufu_chunk_1135,dufu_30775,allusions_context,"Poem: 別崔潩因寄薛據孟雲卿

Literary Allusions and References:
  磷緇",57,Du Fu (杜甫),767年,別崔潩因寄薛據孟雲卿,律詩,Classical Chinese,,,1.0,
dufu_chunk_1136,dufu_30775,annotations_context,"Poem: 別崔潩因寄薛據孟雲卿

Scholarly Annotations:
  原注：內弟潩赴湖南幕職。
  一作深知
  一作遇",68,Du Fu (杜甫),767年,別崔潩因寄薛據孟雲卿,律詩,Classical Chinese,,,,3.0
dufu_chunk_1137,dufu_30783,poem_content,"Poem Title: 巫峽敝廬奉贈侍御四舅別之澧朗

Poem Text:
江城秋日落，
山鬼閉門中。
行李淹吾舅，
誅茅問老翁。
赤眉猶世亂，
青眼只途窮。
傳語桃源客，
人今出處同。

Creation Date: 767年
Location: CN500236,瀼西
Poem Type: 律詩",151,Du Fu (杜甫),767年,巫峽敝廬奉贈侍御四舅別之澧朗,律詩,Classical Chinese,True,False,,
dufu_chunk_1138,dufu_30783,allusions_context,"Poem: 巫峽敝廬奉贈侍御四舅別之澧朗

Literary Allusions and References:
  途窮
  青眼
  桃源客
  赤眉
  誅茅",82,Du Fu (杜甫),767年,巫峽敝廬奉贈侍御四舅別之澧朗,律詩,Classical Chinese,,,5.0,
dufu_chunk_1139,dufu_30828,poem_content,"Poem Title: 奉送十七舅下邵桂

Poem Text:
絕域三冬暮，
浮生一病身。
感深辭舅氏，
別後見何人。
飄緲蒼梧帝，
推遷孟母鄰。
昏昏阻雲水，
側望苦傷神。

Creation Date: 767年
Location: CN500236,东屯
Poem Type: 律詩",145,Du Fu (杜甫),767年,奉送十七舅下邵桂,律詩,Classical Chinese,True,False,,
dufu_chunk_1140,dufu_30828,allusions_context,"Poem: 奉送十七舅下邵桂

Literary Allusions and References:
  孟母鄰",56,Du Fu (杜甫),767年,奉送十七舅下邵桂,律詩,Classical Chinese,,,1.0,
dufu_chunk_1141,dufu_30974,poem_content,"Poem Title: 送十五弟侍御使蜀

Poem Text:
喜弟文章進，
添余別興牽。
數杯巫峽酒，
百丈內江船。
未息豺狼鬬，
空催犬馬年。
歸朝多便道，
搏擊望秋天。

Creation Date: 767年
Location: CN500236,瀼西
Poem Type: 律詩",145,Du Fu (杜甫),767年,送十五弟侍御使蜀,律詩,Classical Chinese,False,False,,
dufu_chunk_1142,dufu_30982,poem_content,"Poem Title: 送田四弟將軍將夔州柏中丞命起居江陵節度陽城郡王衛公幕

Poem Text:
離筵罷多酒，
起地發寒塘。
回首中丞座，
馳牋異姓王。
燕辭楓樹日，
雁度麥城霜。
空醉山翁酒，
遙憐似葛強。

Creation Date: 767年8月
Location: CN500236
Poem Type: 律詩",162,Du Fu (杜甫),767年8月,送田四弟將軍將夔州柏中丞命起居江陵節度陽城郡王衛公幕,律詩,Classical Chinese,True,True,,
dufu_chunk_1143,dufu_30982,allusions_context,"Poem: 送田四弟將軍將夔州柏中丞命起居江陵節度陽城郡王衛公幕

Literary Allusions and References:
  葛強",73,Du Fu (杜甫),767年8月,送田四弟將軍將夔州柏中丞命起居江陵節度陽城郡王衛公幕,律詩,Classical Chinese,,,1.0,
dufu_chunk_1144,dufu_30982,annotations_context,"Poem: 送田四弟將軍將夔州柏中丞命起居江陵節度陽城郡王衛公幕

Scholarly Annotations:
  一作夔府送田將軍赴江陵
  一作定",76,Du Fu (杜甫),767年8月,送田四弟將軍將夔州柏中丞命起居江陵節度陽城郡王衛公幕,律詩,Classical Chinese,,,,2.0
dufu_chunk_1145,dufu_30977,poem_content,"Poem Title: 送王十六判官

Poem Text:
客下荆南盡，
君今復入舟。
買薪猶白帝，
鳴櫓少沙頭。
衡霍生春早，
瀟湘共海浮。
荒林庾信宅，
爲仗主人留。

Creation Date: 766年
Location: CN500236
Poem Type: 律詩",140,Du Fu (杜甫),766年,送王十六判官,律詩,Classical Chinese,False,True,,
dufu_chunk_1146,dufu_30977,annotations_context,"Poem: 送王十六判官

Scholarly Annotations:
  一作已",42,Du Fu (杜甫),766年,送王十六判官,律詩,Classical Chinese,,,,1.0
dufu_chunk_1147,dufu_30830,poem_content,"Poem Title: 奉送卿二翁統節度鎮軍還江陵

Poem Text:
火旗還錦纜，
白馬出江城。
嘹唳吟笳發，
蕭條別浦清。
寒空巫峽曙，
落日渭陽明。
留滯嗟衰疾，
何時見息兵。

Creation Date: 767年
Location: CN500236,东屯
Poem Type: 律詩",150,Du Fu (杜甫),767年,奉送卿二翁統節度鎮軍還江陵,律詩,Classical Chinese,True,True,,
dufu_chunk_1148,dufu_30830,allusions_context,"Poem: 奉送卿二翁統節度鎮軍還江陵

Literary Allusions and References:
  白馬將
  渭陽情",67,Du Fu (杜甫),767年,奉送卿二翁統節度鎮軍還江陵,律詩,Classical Chinese,,,2.0,
dufu_chunk_1149,dufu_30830,annotations_context,"Poem: 奉送卿二翁統節度鎮軍還江陵

Scholarly Annotations:
  一作鳴
  一作情",55,Du Fu (杜甫),767年,奉送卿二翁統節度鎮軍還江陵,律詩,Classical Chinese,,,,2.0
dufu_chunk_1150,dufu_31003,poem_content,"Poem Title: 送鮮于萬州遷巴州

Poem Text:
京兆先時傑，
琳琅照一門。
朝廷偏注意，
接近與名藩。
祖帳排舟數，
寒江觸石喧。
看君妙爲政，
他日有殊恩。

Creation Date: 767年
Location: CN500236,东屯
Poem Type: 律詩",145,Du Fu (杜甫),767年,送鮮于萬州遷巴州,律詩,Classical Chinese,False,True,,
dufu_chunk_1151,dufu_31003,annotations_context,"Poem: 送鮮于萬州遷巴州

Scholarly Annotations:
  鮮于炅乃仲通子，有父風。
  一作璽
  一作維",65,Du Fu (杜甫),767年,送鮮于萬州遷巴州,律詩,Classical Chinese,,,,3.0
dufu_chunk_1152,dufu_31112,poem_content,"Poem Title: 寄杜位

Poem Text:
寒日經檐短，
窮猨失木悲。
峽中爲客恨，
江上憶君時。
天地身何在，
風塵病敢辭。
封書兩行淚，
霑灑裛新詩。

Creation Date: 767年
Location: CN500236
Poem Type: 律詩",137,Du Fu (杜甫),767年,寄杜位,律詩,Classical Chinese,False,True,,
dufu_chunk_1153,dufu_31112,annotations_context,"Poem: 寄杜位

Scholarly Annotations:
  原注：頃者與位同在故嚴尚書幕。
  一作筵
  一作並
  一作往",69,Du Fu (杜甫),767年,寄杜位,律詩,Classical Chinese,,,,4.0
dufu_chunk_1154,dufu_30835,poem_content,"Poem Title: 奉寄李十五祕書二首

Poem Text:
避暑雲安縣，
秋風早下來。
暫留魚復浦，
同過楚王臺。
猨鳥千崖窄，
江湖萬里開。
竹枝歌未好，
畫舸莫遲回。

Creation Date: 766年
Location: CN500236
Poem Type: 律詩",143,Du Fu (杜甫),766年,奉寄李十五祕書二首,律詩,Classical Chinese,False,True,,
dufu_chunk_1155,dufu_30835,annotations_context,"Poem: 奉寄李十五祕書二首

Scholarly Annotations:
  文嶷
  一作之
  一作且
  一作輕",62,Du Fu (杜甫),766年,奉寄李十五祕書二首,律詩,Classical Chinese,,,,4.0
dufu_chunk_1156,dufu_30836,poem_content,"Poem Title: 奉寄李十五祕書二首

Poem Text:
行李千金贈，
衣冠八尺身。
飛騰知有策，
意度不無神。
班秩兼通貴，
公侯出異人。
玄成負文彩，
世業豈沈淪。

Creation Date: 766年
Location: CN500236
Poem Type: 律詩",143,Du Fu (杜甫),766年,奉寄李十五祕書二首,律詩,Classical Chinese,True,True,,
dufu_chunk_1157,dufu_30836,allusions_context,"Poem: 奉寄李十五祕書二首

Literary Allusions and References:
  千金贈
  玄成",62,Du Fu (杜甫),766年,奉寄李十五祕書二首,律詩,Classical Chinese,,,2.0,
dufu_chunk_1158,dufu_30836,annotations_context,"Poem: 奉寄李十五祕書二首

Scholarly Annotations:
  文嶷",44,Du Fu (杜甫),766年,奉寄李十五祕書二首,律詩,Classical Chinese,,,,1.0
dufu_chunk_1159,dufu_30829,poem_content,"Poem Title: 奉送韋中丞之晉赴湖南

Poem Text:
寵渥徵黃漸，
權宜借寇頻。
湖南安背水，
峽內憶行春。
王室仍多故，
蒼生倚大臣。
還將徐孺子，
處處待高人。

Creation Date: 767年
Location: CN500236,东屯
Poem Type: 律詩",147,Du Fu (杜甫),767年,奉送韋中丞之晉赴湖南,律詩,Classical Chinese,True,True,,
dufu_chunk_1160,dufu_30829,allusions_context,"Poem: 奉送韋中丞之晉赴湖南

Literary Allusions and References:
  一榻依陳
  借寇
  征潁川",70,Du Fu (杜甫),767年,奉送韋中丞之晉赴湖南,律詩,Classical Chinese,,,3.0,
dufu_chunk_1161,dufu_30829,annotations_context,"Poem: 奉送韋中丞之晉赴湖南

Scholarly Annotations:
  一作榻",46,Du Fu (杜甫),767年,奉送韋中丞之晉赴湖南,律詩,Classical Chinese,,,,1.0
dufu_chunk_1162,dufu_30986,poem_content,"Poem Title: 送李功曹之荆州充鄭侍御判官重贈

Poem Text:
曾聞宋玉宅，
每欲到荆州。
此地生涯晚，
遙悲水國秋。
孤城一柱觀，
落日九江流。
使者雖光彩，
青楓遠自愁。

Creation Date: 766年
Location: CN500236
Poem Type: 律詩",149,Du Fu (杜甫),766年,送李功曹之荆州充鄭侍御判官重贈,律詩,Classical Chinese,False,True,,
dufu_chunk_1163,dufu_30986,annotations_context,"Poem: 送李功曹之荆州充鄭侍御判官重贈

Scholarly Annotations:
  一作通",51,Du Fu (杜甫),766年,送李功曹之荆州充鄭侍御判官重贈,律詩,Classical Chinese,,,,1.0
dufu_chunk_1164,dufu_30990,poem_content,"Poem Title: 送孟十二倉曹赴東京選

Poem Text:
君行別老親，
此去苦家貧。
藻鏡留連客，
江山顦顇人。
秋風楚竹冷，
夜雪鞏梅春。
朝夕高堂念，
應宜綵服新。

Creation Date: 767年
Location: CN500236,东屯
Poem Type: 律詩",147,Du Fu (杜甫),767年,送孟十二倉曹赴東京選,律詩,Classical Chinese,True,True,,
dufu_chunk_1165,dufu_30990,allusions_context,"Poem: 送孟十二倉曹赴東京選

Literary Allusions and References:
  綵服
  家貧別親",64,Du Fu (杜甫),767年,送孟十二倉曹赴東京選,律詩,Classical Chinese,,,2.0,
dufu_chunk_1166,dufu_30990,annotations_context,"Poem: 送孟十二倉曹赴東京選

Scholarly Annotations:
  太宗時，以歲旱穀貴，東人選者集洛川，謂之東選。",66,Du Fu (杜甫),767年,送孟十二倉曹赴東京選,律詩,Classical Chinese,,,,1.0
dufu_chunk_1167,dufu_30806,poem_content,"Poem Title: 憑孟倉曹將書覓土婁舊莊

Poem Text:
平居喪亂後，
不到洛陽岑。
爲歷雲山問，
無辭荆棘深。
北風黃葉下，
南浦白頭吟。
十載江湖客，
茫茫遲暮心。

Creation Date: 767年
Location: CN500236,东屯
Poem Type: 律詩",148,Du Fu (杜甫),767年,憑孟倉曹將書覓土婁舊莊,律詩,Classical Chinese,True,False,,
dufu_chunk_1168,dufu_30806,allusions_context,"Poem: 憑孟倉曹將書覓土婁舊莊

Literary Allusions and References:
  南浦",58,Du Fu (杜甫),767年,憑孟倉曹將書覓土婁舊莊,律詩,Classical Chinese,,,1.0,
dufu_chunk_1169,dufu_30853,poem_content,"Poem Title: 孤雁

Poem Text:
孤雁不飲啄，
飛鳴聲念羣。
誰憐一片影，
相失萬重雲。
望盡似猶見，
哀多如更聞。
野鵶無意緒，
鳴噪自紛紛。

Creation Date: 767年
Location: CN500236,东屯
Poem Type: 律詩",139,Du Fu (杜甫),767年,孤雁,律詩,Classical Chinese,False,True,,
dufu_chunk_1170,dufu_30853,annotations_context,"Poem: 孤雁

Scholarly Annotations:
  一作後飛雁
  一作聲聲飛
  一作斷
  一作更復
  一作亦",67,Du Fu (杜甫),767年,孤雁,律詩,Classical Chinese,,,,5.0
dufu_chunk_1171,dufu_31020,poem_content,"Poem Title: 鷗

Poem Text:
江浦寒鷗戲，
無他亦自饒。
却思飜玉羽，
隨意點春苗。
雪暗還須浴，
風生一任飄。
幾羣滄海上，
清影日蕭蕭。

Creation Date: 767年
Location: CN500236,东屯
Poem Type: 律詩",138,Du Fu (杜甫),767年,鷗,律詩,Classical Chinese,False,True,,
dufu_chunk_1172,dufu_31020,annotations_context,"Poem: 鷗

Scholarly Annotations:
  一作落",37,Du Fu (杜甫),767年,鷗,律詩,Classical Chinese,,,,1.0
dufu_chunk_1173,dufu_31202,poem_content,"Poem Title: 猨

Poem Text:
褭褭啼虛壁，
蕭蕭挂冷枝。
艱難人不見，
隱見爾如知。
慣習元從衆，
全生或用奇。
前林騰每及，
父子莫相離。

Creation Date: 767年
Location: CN500236,东屯
Poem Type: 律詩",138,Du Fu (杜甫),767年,猨,律詩,Classical Chinese,False,True,,
dufu_chunk_1174,dufu_31202,annotations_context,"Poem: 猨

Scholarly Annotations:
  一作免",37,Du Fu (杜甫),767年,猨,律詩,Classical Chinese,,,,1.0
dufu_chunk_1175,dufu_31157,poem_content,"Poem Title: 黃魚

Poem Text:
日見巴東峽，
黃魚出浪新。
脂膏兼飼犬，
長大不容身。
筒桶相沿久，
風雷肯爲神。
泥沙卷涎沫，
回首怪龍鱗。

Creation Date: 767年
Location: CN500236,东屯
Poem Type: 律詩",139,Du Fu (杜甫),767年,黃魚,律詩,Classical Chinese,False,True,,
dufu_chunk_1176,dufu_31157,annotations_context,"Poem: 黃魚

Scholarly Annotations:
  江陵及彭蠡，俱以魚飼犬
  黃魚長者二三丈
  一作䇶，一作筩
  一作伸",72,Du Fu (杜甫),767年,黃魚,律詩,Classical Chinese,,,,4.0
dufu_chunk_1177,dufu_30665,poem_content,"Poem Title: 白小

Poem Text:
白小羣分命，
天然二寸魚。
細微霑水族，
風俗當園蔬。
入肆銀花亂，
傾箱雪片虛。
生成猶拾卵，
盡取義何如。

Creation Date: 767年
Location: CN500236,东屯
Poem Type: 律詩",139,Du Fu (杜甫),767年,白小,律詩,Classical Chinese,False,True,,
dufu_chunk_1178,dufu_30665,annotations_context,"Poem: 白小

Scholarly Annotations:
  靖州之俗，兇事不食酒肉，以魚爲蔬，名魚菜
  一作捨",61,Du Fu (杜甫),767年,白小,律詩,Classical Chinese,,,,2.0
dufu_chunk_1179,dufu_31221,poem_content,"Poem Title: 麂

Poem Text:
永與清溪別，
蒙將玉饌俱。
無才逐仙隱，
不敢恨庖廚。
亂世輕全物，
微聲及禍樞。
衣冠兼盜賊，
饕餮用斯須。

Creation Date: 767年
Location: CN500236,东屯
Poem Type: 律詩",138,Du Fu (杜甫),767年,麂,律詩,Classical Chinese,False,True,,
dufu_chunk_1180,dufu_31221,annotations_context,"Poem: 麂

Scholarly Annotations:
  葛仙翁化爲白麂，二足，時出女几山上",51,Du Fu (杜甫),767年,麂,律詩,Classical Chinese,,,,1.0
dufu_chunk_1181,dufu_30805,poem_content,"Poem Title: 雞

Poem Text:
紀德名標五，
初鳴度必三。
殊方聽有異，
失次曉無慙。
問俗人情似，
充庖爾輩堪。
氣交亭育際，
巫峽漏司南。

Creation Date: 767年
Location: CN500236,东屯
Poem Type: 律詩",138,Du Fu (杜甫),767年,雞,律詩,Classical Chinese,True,True,,
dufu_chunk_1182,dufu_30805,allusions_context,"Poem: 雞

Literary Allusions and References:
  五德",48,Du Fu (杜甫),767年,雞,律詩,Classical Chinese,,,1.0,
dufu_chunk_1183,dufu_30805,annotations_context,"Poem: 雞

Scholarly Annotations:
  夜至雞三鳴，始爲正月一日",46,Du Fu (杜甫),767年,雞,律詩,Classical Chinese,,,,1.0
dufu_chunk_1184,dufu_30662,poem_content,"Poem Title: 玉腕騮

Poem Text:
聞說荆南馬，
尚書玉腕騮。
頓驂飄赤汗，
跼蹐顧長楸。
胡虜三年入，
乾坤一戰收。
舉鞭如有問，
欲伴習池遊。

Creation Date: 767年
Location: CN500236
Poem Type: 律詩",137,Du Fu (杜甫),767年,玉腕騮,律詩,Classical Chinese,True,True,,
dufu_chunk_1185,dufu_30662,allusions_context,"Poem: 玉腕騮

Literary Allusions and References:
  習池",50,Du Fu (杜甫),767年,玉腕騮,律詩,Classical Chinese,,,1.0,
dufu_chunk_1186,dufu_30662,annotations_context,"Poem: 玉腕騮

Scholarly Annotations:
  原注：江陵節度衛公馬也。
  一作驂驔",55,Du Fu (杜甫),767年,玉腕騮,律詩,Classical Chinese,,,,2.0
dufu_chunk_1187,dufu_30541,poem_content,"Poem Title: 人日二首

Poem Text:
元日到人日，
未有不陰時。
冰雪鶯難至，
春寒花較遲。
雲隨白水落，
風振紫山悲。
蓬鬢稀疎久，
無勞比素絲。

Creation Date: 768年1月7日
Location: CN500236,东屯
Poem Type: 律詩",145,Du Fu (杜甫),768年1月7日,人日二首,律詩,Classical Chinese,False,False,,
dufu_chunk_1188,dufu_30725,poem_content,"Poem Title: 江梅

Poem Text:
梅蘂臘前破，
梅花年後多。
絕知春意好，
最奈客愁何。
雪樹元同色，
江風亦自波。
故園不可見，
巫岫鬱嵯峨。

Creation Date: 767年
Location: CN500236
Poem Type: 律詩",136,Du Fu (杜甫),767年,江梅,律詩,Classical Chinese,False,True,,
dufu_chunk_1189,dufu_30725,annotations_context,"Poem: 江梅

Scholarly Annotations:
  一作早
  一作能",44,Du Fu (杜甫),767年,江梅,律詩,Classical Chinese,,,,2.0
dufu_chunk_1190,dufu_30914,poem_content,"Poem Title: 庭草

Poem Text:
楚草經寒碧，
逢春入眼濃。
舊低收葉舉，
新掩卷牙重。
步履宜輕過，
開筵得屢供。
看花隨節序，
不敢強爲容。

Creation Date: 767年
Location: CN500236
Poem Type: 律詩",136,Du Fu (杜甫),767年,庭草,律詩,Classical Chinese,False,False,,
dufu_chunk_1191,dufu_30782,poem_content,"Poem Title: 巫山縣汾州唐使君十八弟宴別兼諸公攜酒樂相送率題小詩留於屋壁，

Poem Text:
臥病巴東久，
今年強作歸。
故人猶遠謫，
茲日倍多違。
接宴身兼杖，
聽歌淚滿衣。
諸公不相棄，
擁別惜光輝。

Creation Date: 768年
Location: CN500237
Poem Type: 律詩",164,Du Fu (杜甫),768年,巫山縣汾州唐使君十八弟宴別兼諸公攜酒樂相送率題小詩留於屋壁，,律詩,Classical Chinese,False,False,,
dufu_chunk_1192,dufu_30929,poem_content,"Poem Title: 春夜峽州田侍御長史津亭留宴

Poem Text:
北斗三更席，
西江萬里船。
杖藜登水榭，
揮翰宿春天。
白髮煩多酒，
明星惜此筵。
始知雲雨峽，
忽盡下牢邊。

Creation Date: 768年
Location: CN4205
Poem Type: 律詩",145,Du Fu (杜甫),768年,春夜峽州田侍御長史津亭留宴,律詩,Classical Chinese,True,True,,
dufu_chunk_1193,dufu_30929,allusions_context,"Poem: 春夜峽州田侍御長史津亭留宴

Literary Allusions and References:
  雲雨",60,Du Fu (杜甫),768年,春夜峽州田侍御長史津亭留宴,律詩,Classical Chinese,,,1.0,
dufu_chunk_1194,dufu_30929,annotations_context,"Poem: 春夜峽州田侍御長史津亭留宴

Scholarly Annotations:
  得筵字。
  一作須",56,Du Fu (杜甫),768年,春夜峽州田侍御長史津亭留宴,律詩,Classical Chinese,,,,2.0
dufu_chunk_1195,dufu_30867,poem_content,"Poem Title: 泊松滋江亭

Poem Text:
沙帽隨鷗鳥，
扁舟繫此亭。
江湖深更白，
松竹遠微青。
一柱全應近，
高唐莫再經。
今宵南極外，
甘作老人星。

Creation Date: 768年3月
Location: CN421087
Poem Type: 律詩",141,Du Fu (杜甫),768年3月,泊松滋江亭,律詩,Classical Chinese,True,True,,
dufu_chunk_1196,dufu_30867,allusions_context,"Poem: 泊松滋江亭

Literary Allusions and References:
  老人星",53,Du Fu (杜甫),768年3月,泊松滋江亭,律詩,Classical Chinese,,,1.0,
dufu_chunk_1197,dufu_30867,annotations_context,"Poem: 泊松滋江亭

Scholarly Annotations:
  一作還",41,Du Fu (杜甫),768年3月,泊松滋江亭,律詩,Classical Chinese,,,,1.0
dufu_chunk_1198,dufu_31021,poem_content,"Poem Title: 乘雨入行軍六弟宅

Poem Text:
曙角凌雲罷，
春城帶雨長。
水花分塹弱，
巢燕得泥忙。
令弟雄軍佐，
凡才污省郎。
萍漂忍流涕，
衰颯近中堂。

Creation Date: 768年
Location: CN421024
Poem Type: 律詩",142,Du Fu (杜甫),768年,乘雨入行軍六弟宅,律詩,Classical Chinese,False,False,,
dufu_chunk_1199,dufu_31032,poem_content,"Poem Title: 宴胡侍御書堂

Poem Text:
江湖春欲暮，
牆宇日猶微。
闇闇春籍滿，
輕輕花絮飛。
翰林名有素，
墨客興無違。
今夜文星動，
吾儕醉不歸。

Creation Date: 768年3月
Location: CN421024
Poem Type: 律詩",142,Du Fu (杜甫),768年3月,宴胡侍御書堂,律詩,Classical Chinese,False,True,,
dufu_chunk_1200,dufu_31032,annotations_context,"Poem: 宴胡侍御書堂

Scholarly Annotations:
  原注：李尚書之芳、鄭祕監審同集，歸字韻。
  一作書",65,Du Fu (杜甫),768年3月,宴胡侍御書堂,律詩,Classical Chinese,,,,2.0
dufu_chunk_1201,dufu_30561,poem_content,"Poem Title: 上巳日徐司錄林園宴集

Poem Text:
鬢毛垂領白，
花蘂亞枝紅。
欹倒衰年廢，
招尋令節同。
薄衣臨積水，
吹面受和風。
有喜留攀桂，
無勞問轉蓬。

Creation Date: 768年3月3日
Location: CN421024
Poem Type: 律詩",148,Du Fu (杜甫),768年3月3日,上巳日徐司錄林園宴集,律詩,Classical Chinese,True,True,,
dufu_chunk_1202,dufu_30561,allusions_context,"Poem: 上巳日徐司錄林園宴集

Literary Allusions and References:
  攀桂",57,Du Fu (杜甫),768年3月3日,上巳日徐司錄林園宴集,律詩,Classical Chinese,,,1.0,
dufu_chunk_1203,dufu_30561,annotations_context,"Poem: 上巳日徐司錄林園宴集

Scholarly Annotations:
  一作蕩",46,Du Fu (杜甫),768年3月3日,上巳日徐司錄林園宴集,律詩,Classical Chinese,,,,1.0
dufu_chunk_1204,dufu_31223,poem_content,"Poem Title: 暮春陪李尚書李中丞過鄭監湖亭泛舟

Poem Text:
海內文章伯，
湖邊意緒多。
玉尊移晚興，
桂楫帶酣歌。
春日繁魚鳥，
江天足芰荷。
鄭莊賓客地，
衰白遠來過。

Creation Date: 768年
Location: CN421024
Poem Type: 律詩",150,Du Fu (杜甫),768年,暮春陪李尚書李中丞過鄭監湖亭泛舟,律詩,Classical Chinese,True,True,,
dufu_chunk_1205,dufu_31223,allusions_context,"Poem: 暮春陪李尚書李中丞過鄭監湖亭泛舟

Literary Allusions and References:
  鄭莊賓客地",66,Du Fu (杜甫),768年,暮春陪李尚書李中丞過鄭監湖亭泛舟,律詩,Classical Chinese,,,1.0,
dufu_chunk_1206,dufu_31223,annotations_context,"Poem: 暮春陪李尚書李中丞過鄭監湖亭泛舟

Scholarly Annotations:
  得過字韻",53,Du Fu (杜甫),768年,暮春陪李尚書李中丞過鄭監湖亭泛舟,律詩,Classical Chinese,,,,1.0
dufu_chunk_1207,dufu_31027,poem_content,"Poem Title: 夏日楊長寧宅送崔侍御常正字入京

Poem Text:
醉酒揚雄宅，
升堂子賤琴。
不堪垂老鬢，
還對欲分襟。
天地西江遠，
星辰北斗深。
烏臺俯麟閣，
長夏白頭吟。

Creation Date: 768年
Location: CN421024
Poem Type: 律詩",149,Du Fu (杜甫),768年,夏日楊長寧宅送崔侍御常正字入京,律詩,Classical Chinese,True,True,,
dufu_chunk_1208,dufu_31027,allusions_context,"Poem: 夏日楊長寧宅送崔侍御常正字入京

Literary Allusions and References:
  愛酒揚雄
  烏臺
  子賤琴
  揚雄宅",81,Du Fu (杜甫),768年,夏日楊長寧宅送崔侍御常正字入京,律詩,Classical Chinese,,,4.0,
dufu_chunk_1209,dufu_31027,annotations_context,"Poem: 夏日楊長寧宅送崔侍御常正字入京

Scholarly Annotations:
  得深字韻",52,Du Fu (杜甫),768年,夏日楊長寧宅送崔侍御常正字入京,律詩,Classical Chinese,,,,1.0
dufu_chunk_1210,dufu_30807,poem_content,"Poem Title: 和江陵宋大少府暮春雨後同諸公及舍弟宴書齋

Poem Text:
渥洼汗血種，
天上麒麟兒。
才士得神秀，
書齋聞爾爲。
棣華晴雨好，
綵服暮春宜。
朋酒日歡會，
老夫今始知。

Creation Date: 768年
Location: CN421024
Poem Type: 律詩",154,Du Fu (杜甫),768年,和江陵宋大少府暮春雨後同諸公及舍弟宴書齋,律詩,Classical Chinese,True,False,,
dufu_chunk_1211,dufu_30807,allusions_context,"Poem: 和江陵宋大少府暮春雨後同諸公及舍弟宴書齋

Literary Allusions and References:
  棣華
  天上麒麟
  渥洼種",80,Du Fu (杜甫),768年,和江陵宋大少府暮春雨後同諸公及舍弟宴書齋,律詩,Classical Chinese,,,3.0,
dufu_chunk_1212,dufu_30715,poem_content,"Poem Title: 江邊星月二首

Poem Text:
驟雨清秋夜，
金波耿玉繩。
天河元自白，
江浦向來澄。
映物連珠斷，
緣空一鏡升。
餘光隱更漏，
況乃露華凝。

Creation Date: 768年
Location: CN421024
Poem Type: 律詩",140,Du Fu (杜甫),768年,江邊星月二首,律詩,Classical Chinese,False,True,,
dufu_chunk_1213,dufu_30715,annotations_context,"Poem: 江邊星月二首

Scholarly Annotations:
  一作渚
  一作憶",48,Du Fu (杜甫),768年,江邊星月二首,律詩,Classical Chinese,,,,2.0
dufu_chunk_1214,dufu_30716,poem_content,"Poem Title: 江邊星月二首

Poem Text:
江月辭風纜，
江星別霧船。
雞鳴還曙色，
鷺浴自清川。
歷歷竟誰種，
悠悠何處圓。
客愁殊未已，
他夕始相鮮。

Creation Date: 768年
Location: CN421024
Poem Type: 律詩",140,Du Fu (杜甫),768年,江邊星月二首,律詩,Classical Chinese,True,True,,
dufu_chunk_1215,dufu_30716,allusions_context,"Poem: 江邊星月二首

Literary Allusions and References:
  歷歷種",54,Du Fu (杜甫),768年,江邊星月二首,律詩,Classical Chinese,,,1.0,
dufu_chunk_1216,dufu_30716,annotations_context,"Poem: 江邊星月二首

Scholarly Annotations:
  一作檻
  一作露
  一作曉
  一作晴",60,Du Fu (杜甫),768年,江邊星月二首,律詩,Classical Chinese,,,,4.0
dufu_chunk_1217,dufu_30741,poem_content,"Poem Title: 舟月對驛近寺

Poem Text:
更深不假燭，
月朗自明船。
金剎清楓外，
朱樓白水邊。
城烏啼眇眇，
野鷺宿娟娟。
皓首江湖客，
鉤簾獨未眠。

Creation Date: 768年
Location: CN421024
Poem Type: 律詩",140,Du Fu (杜甫),768年,舟月對驛近寺,律詩,Classical Chinese,False,False,,
dufu_chunk_1218,dufu_30739,poem_content,"Poem Title: 舟中

Poem Text:
風餐江柳下，
雨臥驛樓邊。
結纜排魚網，
連檣竝米船。
今朝雲細薄，
昨夜月清圓。
飄泊南庭老，
祗應學水仙。

Creation Date: 768年
Location: CN421024
Poem Type: 律詩",136,Du Fu (杜甫),768年,舟中,律詩,Classical Chinese,True,False,,
dufu_chunk_1219,dufu_30739,allusions_context,"Poem: 舟中

Literary Allusions and References:
  水仙",49,Du Fu (杜甫),768年,舟中,律詩,Classical Chinese,,,1.0,
dufu_chunk_1220,dufu_30855,poem_content,"Poem Title: 官亭夕坐戲簡顏十少府

Poem Text:
南國調寒杵，
西江浸日車。
客愁連蟋蟀，
亭古帶蒹葭。
不返青絲鞚，
虛燒夜燭花。
老翁須地主，
細細酌流霞。

Creation Date: 768年
Location: CN421022
Poem Type: 律詩",144,Du Fu (杜甫),768年,官亭夕坐戲簡顏十少府,律詩,Classical Chinese,True,False,,
dufu_chunk_1221,dufu_30855,allusions_context,"Poem: 官亭夕坐戲簡顏十少府

Literary Allusions and References:
  日車
  流霞",62,Du Fu (杜甫),768年,官亭夕坐戲簡顏十少府,律詩,Classical Chinese,,,2.0,
dufu_chunk_1222,dufu_31011,poem_content,"Poem Title: 重題

Poem Text:
涕泗不能收，
哭君余白頭。
兒童相識盡，
宇宙此生浮。
江雨銘旌濕，
湖風井徑秋。
還瞻魏太子，
賓客減應劉。

Creation Date: 768年
Location: CN421022
Poem Type: 律詩",136,Du Fu (杜甫),768年,重題,律詩,Classical Chinese,True,True,,
dufu_chunk_1223,dufu_31011,allusions_context,"Poem: 重題

Literary Allusions and References:
  應劉",49,Du Fu (杜甫),768年,重題,律詩,Classical Chinese,,,1.0,
dufu_chunk_1224,dufu_31011,annotations_context,"Poem: 重題

Scholarly Annotations:
  一作餘
  一作顧
  原注：公歷禮杜尚書，薨於太子賓客",63,Du Fu (杜甫),768年,重題,律詩,Classical Chinese,,,,3.0
dufu_chunk_1225,dufu_30938,poem_content,"Poem Title: 獨坐

Poem Text:
悲愁回白首，
倚杖背孤城。
江斂洲渚出，
天虛風物清。
滄溟服衰謝，
朱紱負平生。
仰羨黃昏鳥，
投林羽翮輕。

Creation Date: 768年
Location: CN421024
Poem Type: 律詩",136,Du Fu (杜甫),768年,獨坐,律詩,Classical Chinese,False,True,,
dufu_chunk_1226,dufu_30938,annotations_context,"Poem: 獨坐

Scholarly Annotations:
  一作秋
  一作恨",44,Du Fu (杜甫),768年,獨坐,律詩,Classical Chinese,,,,2.0
dufu_chunk_1227,dufu_30593,poem_content,"Poem Title: 公安縣懷古

Poem Text:
野曠呂蒙營，
江深劉備城。
寒天催日短，
風浪與雲平。
灑落君臣契，
飛騰戰伐名。
維舟倚前浦，
長嘯一含情。

Creation Date: 768年
Location: CN421022
Poem Type: 律詩",139,Du Fu (杜甫),768年,公安縣懷古,律詩,Classical Chinese,True,True,,
dufu_chunk_1228,dufu_30593,allusions_context,"Poem: 公安縣懷古

Literary Allusions and References:
  抱膝長嘯
  呂蒙營",60,Du Fu (杜甫),768年,公安縣懷古,律詩,Classical Chinese,,,2.0,
dufu_chunk_1229,dufu_30593,annotations_context,"Poem: 公安縣懷古

Scholarly Annotations:
  蒙封孱陵侯，即此地
  備奔吳，孫權推爲左將軍，居此，時人呼爲左公，故名公安",76,Du Fu (杜甫),768年,公安縣懷古,律詩,Classical Chinese,,,,2.0
dufu_chunk_1230,dufu_30595,poem_content,"Poem Title: 公安送李二十九弟晉肅入蜀余下沔鄂

Poem Text:
正解柴桑纜，
仍看蜀道行。
檣烏相背發，
塞雁一行鳴。
南紀連銅柱，
西江接錦城。
憑將百錢卜，
飄泊問君平。

Creation Date: 768年
Location: CN421022
Poem Type: 律詩",150,Du Fu (杜甫),768年,公安送李二十九弟晉肅入蜀余下沔鄂,律詩,Classical Chinese,True,False,,
dufu_chunk_1231,dufu_30595,allusions_context,"Poem: 公安送李二十九弟晉肅入蜀余下沔鄂

Literary Allusions and References:
  問君平",64,Du Fu (杜甫),768年,公安送李二十九弟晉肅入蜀余下沔鄂,律詩,Classical Chinese,,,1.0,
dufu_chunk_1232,dufu_31028,poem_content,"Poem Title: 宴王使君宅題二首

Poem Text:
漢主追韓信，
蒼生起謝安。
吾徒自漂泊，
世事各艱難。
逆旅招邀近，
他鄉思緒寬。
不材甘朽質，
高臥豈泥蟠。

Creation Date: 768年
Location: CN421022
Poem Type: 律詩",142,Du Fu (杜甫),768年,宴王使君宅題二首,律詩,Classical Chinese,True,True,,
dufu_chunk_1233,dufu_31028,allusions_context,"Poem: 宴王使君宅題二首

Literary Allusions and References:
  東山起
  追韓信",62,Du Fu (杜甫),768年,宴王使君宅題二首,律詩,Classical Chinese,,,2.0,
dufu_chunk_1234,dufu_31028,annotations_context,"Poem: 宴王使君宅題二首

Scholarly Annotations:
  一作意",44,Du Fu (杜甫),768年,宴王使君宅題二首,律詩,Classical Chinese,,,,1.0
dufu_chunk_1235,dufu_31029,poem_content,"Poem Title: 宴王使君宅題二首

Poem Text:
泛愛容霜髮，
留歡卜夜閒。
自吟詩送老，
相勸酒開顏。
戎馬今何地，
鄉園獨舊山。
江湖墮清月，
酩酊任扶還。

Creation Date: 768年
Location: CN421022
Poem Type: 律詩",142,Du Fu (杜甫),768年,宴王使君宅題二首,律詩,Classical Chinese,False,True,,
dufu_chunk_1236,dufu_31029,annotations_context,"Poem: 宴王使君宅題二首

Scholarly Annotations:
  一作鬢
  一作闌，一作上夜關
  一作在",62,Du Fu (杜甫),768年,宴王使君宅題二首,律詩,Classical Chinese,,,,3.0
dufu_chunk_1237,dufu_30866,poem_content,"Poem Title: 泊岳陽城下

Poem Text:
江國踰千里，
山城僅百層。
岸風飜夕浪，
舟雪灑寒燈。
留滯才難盡，
艱危氣益增。
圖南未可料，
變化有鯤鵬。

Creation Date: 768年
Location: CN4306
Poem Type: 律詩",137,Du Fu (杜甫),768年,泊岳陽城下,律詩,Classical Chinese,False,False,,
dufu_chunk_1238,dufu_31193,poem_content,"Poem Title: 纜船苦風戲題四韻奉簡鄭十三判官

Poem Text:
楚岸朔風疾，
天寒鶬鴰呼。
漲沙霾草樹，
舞雪渡江湖。
吹帽時時落，
維舟日日孤。
因聲置驛外，
爲覓酒家壚。

Creation Date: 768年
Location: CN4306
Poem Type: 律詩",147,Du Fu (杜甫),768年,纜船苦風戲題四韻奉簡鄭十三判官,律詩,Classical Chinese,True,True,,
dufu_chunk_1239,dufu_31193,allusions_context,"Poem: 纜船苦風戲題四韻奉簡鄭十三判官

Literary Allusions and References:
  置驛",62,Du Fu (杜甫),768年,纜船苦風戲題四韻奉簡鄭十三判官,律詩,Classical Chinese,,,1.0,
dufu_chunk_1240,dufu_31193,annotations_context,"Poem: 纜船苦風戲題四韻奉簡鄭十三判官

Scholarly Annotations:
  泛",49,Du Fu (杜甫),768年,纜船苦風戲題四韻奉簡鄭十三判官,律詩,Classical Chinese,,,,1.0
dufu_chunk_1241,dufu_31189,poem_content,"Poem Title: 登岳陽樓

Poem Text:
昔聞洞庭水，
今上岳陽樓。
吳楚東南坼，
乾坤日夜浮。
親朋無一字，
老病有孤舟。
戎馬關山北，
憑軒涕泗流。

Creation Date: 768年
Location: CN4306
Poem Type: 律詩",136,Du Fu (杜甫),768年,登岳陽樓,律詩,Classical Chinese,False,False,,
dufu_chunk_1242,dufu_31101,poem_content,"Poem Title: 陪裴使君登岳陽樓

Poem Text:
湖闊兼雲霧，
樓孤屬晚晴。
禮加徐孺子，
詩接謝宣城。
雪岸叢梅發，
春泥百草生。
敢違漁父問，
從此更南征。

Creation Date: 769年
Location: CN4306,岳阳楼
Poem Type: 律詩",144,Du Fu (杜甫),769年,陪裴使君登岳陽樓,律詩,Classical Chinese,True,False,,
dufu_chunk_1243,dufu_31101,allusions_context,"Poem: 陪裴使君登岳陽樓

Literary Allusions and References:
  漁父
  謝宣城
  徐孺子",67,Du Fu (杜甫),769年,陪裴使君登岳陽樓,律詩,Classical Chinese,,,3.0,
dufu_chunk_1244,dufu_31109,poem_content,"Poem Title: 宿青草湖

Poem Text:
洞庭猶在目，
青草續爲名。
宿槳依農事，
郵籤報水程。
寒冰爭倚薄，
雲月遞微明。
湖雁雙雙起，
人來故北征。

Creation Date: 769年
Location: CN4306,青草湖
Poem Type: 律詩",140,Du Fu (杜甫),769年,宿青草湖,律詩,Classical Chinese,False,True,,
dufu_chunk_1245,dufu_31109,annotations_context,"Poem: 宿青草湖

Scholarly Annotations:
  重湖，南青草，北洞庭。",48,Du Fu (杜甫),769年,宿青草湖,律詩,Classical Chinese,,,,1.0
dufu_chunk_1246,dufu_31105,poem_content,"Poem Title: 宿白沙驛

Poem Text:
水宿仍餘照，
人煙復此亭。
驛邊沙舊白，
湖外草新青。
萬象皆春氣，
孤槎自客星。
隨波無限月，
的的近南溟。

Creation Date: 769年
Location: CN430624,白沙驿
Poem Type: 律詩",142,Du Fu (杜甫),769年,宿白沙驛,律詩,Classical Chinese,True,True,,
dufu_chunk_1247,dufu_31105,allusions_context,"Poem: 宿白沙驛

Literary Allusions and References:
  客星",51,Du Fu (杜甫),769年,宿白沙驛,律詩,Classical Chinese,,,1.0,
dufu_chunk_1248,dufu_31105,annotations_context,"Poem: 宿白沙驛

Scholarly Annotations:
  原注：初過湖南五里。
  一作景",53,Du Fu (杜甫),769年,宿白沙驛,律詩,Classical Chinese,,,,2.0
dufu_chunk_1249,dufu_31184,poem_content,"Poem Title: 湘夫人祠

Poem Text:
肅肅湘妃廟，
空牆碧水春。
蟲書玉佩蘚，
燕舞翠帷塵。
晚泊登汀樹，
微馨借渚蘋。
蒼梧恨不盡，
染淚在叢筠。

Creation Date: 769年
Location: CN430624,黄陵庙
Poem Type: 律詩",142,Du Fu (杜甫),769年,湘夫人祠,律詩,Classical Chinese,False,True,,
dufu_chunk_1250,dufu_31184,annotations_context,"Poem: 湘夫人祠

Scholarly Annotations:
  即黃陵廟。
  一作香惜",49,Du Fu (杜甫),769年,湘夫人祠,律詩,Classical Chinese,,,,2.0
dufu_chunk_1251,dufu_30944,poem_content,"Poem Title: 祠南夕望

Poem Text:
百丈牽江色，
孤舟泛日斜。
興來猶杖屨，
目斷更雲沙。
山鬼迷春竹，
湘娥倚暮花。
湖南清絕地，
萬古一長嗟。

Creation Date: 769年
Location: CN430624,黄陵庙
Poem Type: 律詩",142,Du Fu (杜甫),769年,祠南夕望,律詩,Classical Chinese,False,False,,
dufu_chunk_1252,dufu_31187,poem_content,"Poem Title: 登白馬潭

Poem Text:
水生春纜沒，
日出野船開。
宿鳥行猶去，
叢花笑不來。
人人傷白首，
處處接金杯。
莫道新知要，
南征且未回。

Creation Date: 769年
Location: CN430624
Poem Type: 律詩",138,Du Fu (杜甫),769年,登白馬潭,律詩,Classical Chinese,False,True,,
dufu_chunk_1253,dufu_31187,annotations_context,"Poem: 登白馬潭

Scholarly Annotations:
  一作發
  一作花叢",47,Du Fu (杜甫),769年,登白馬潭,律詩,Classical Chinese,,,,2.0
dufu_chunk_1254,dufu_30654,poem_content,"Poem Title: 歸雁

Poem Text:
聞道今春雁，
南歸自廣州。
見花辭漲海，
避雪到羅浮。
是物關兵氣，
何時免客愁。
年年霜露隔，
不過五湖秋。

Creation Date: 768年
Location: CN421024
Poem Type: 律詩",136,Du Fu (杜甫),768年,歸雁,律詩,Classical Chinese,False,True,,
dufu_chunk_1255,dufu_30654,annotations_context,"Poem: 歸雁

Scholarly Annotations:
  大曆二年，嶺南節度使徐浩奏：“十一月二十五日，當管懷集縣陽雁來，”。先是五嶺之外，翔雁不到，浩以陽爲君德，雁隨陽者，臣歸君之象，詩蓋深譏之",104,Du Fu (杜甫),768年,歸雁,律詩,Classical Chinese,,,,1.0
dufu_chunk_1256,dufu_31151,poem_content,"Poem Title: 野望

Poem Text:
納納乾坤大，
行行郡國遙。
雲山兼五嶺，
風壤帶三苗。
野樹侵江闊，
春蒲長雪消。
扁舟空老去，
無補聖明朝。

Creation Date: 769年
Location: CN4303
Poem Type: 律詩",134,Du Fu (杜甫),769年,野望,律詩,Classical Chinese,False,False,,
dufu_chunk_1257,dufu_30543,poem_content,"Poem Title: 入喬口

Poem Text:
漠漠舊京遠，
遲遲歸路賒。
殘年傍水國，
落日對春華。
樹蜜早蠭亂，
江泥輕燕斜。
賈生骨已朽，
悽惻近長沙。

Creation Date: 769年
Location: CN430121
Poem Type: 律詩",137,Du Fu (杜甫),769年,入喬口,律詩,Classical Chinese,True,True,,
dufu_chunk_1258,dufu_30543,allusions_context,"Poem: 入喬口

Literary Allusions and References:
  絳灌讒陷",52,Du Fu (杜甫),769年,入喬口,律詩,Classical Chinese,,,1.0,
dufu_chunk_1259,dufu_30543,annotations_context,"Poem: 入喬口

Scholarly Annotations:
  原注：長沙北界。",44,Du Fu (杜甫),769年,入喬口,律詩,Classical Chinese,,,,1.0
dufu_chunk_1260,dufu_31155,poem_content,"Poem Title: 銅官渚守風

Poem Text:
不夜楚帆落，
避風湘渚間。
水耕先浸草，
春火更燒山。
早泊雲物晦，
逆行波浪慳。
飛來雙白鶴，
過去杳難攀。

Creation Date: 769年
Location: CN430121,铜官渚
Poem Type: 律詩",143,Du Fu (杜甫),769年,銅官渚守風,律詩,Classical Chinese,False,True,,
dufu_chunk_1261,dufu_31155,annotations_context,"Poem: 銅官渚守風

Scholarly Annotations:
  渚在寧鄉縣
  一作亦",49,Du Fu (杜甫),769年,銅官渚守風,律詩,Classical Chinese,,,,2.0
dufu_chunk_1262,dufu_30598,poem_content,"Poem Title: 雙楓浦

Poem Text:
輟櫂青楓浦，
雙楓舊已摧。
自驚衰謝力，
不道棟梁材。
浪足浮紗帽，
皮須截錦苔。
江邊地有主，
暫借上天迴。

Creation Date: 769年
Location: CN430181
Poem Type: 律詩",137,Du Fu (杜甫),769年,雙楓浦,律詩,Classical Chinese,False,True,,
dufu_chunk_1263,dufu_30598,annotations_context,"Poem: 雙楓浦

Scholarly Annotations:
  在瀏陽縣",40,Du Fu (杜甫),769年,雙楓浦,律詩,Classical Chinese,,,,1.0
dufu_chunk_1264,dufu_30721,poem_content,"Poem Title: 江閣臥病走筆寄呈崔盧兩侍御

Poem Text:
客子庖廚薄，
江樓枕席清。
衰年病祗瘦，
長夏想爲情。
滑憶彫胡飯，
香聞錦帶羹。
溜匙兼暖腹，
誰欲致杯甖。

Creation Date: 770年
Location: CN430121
Poem Type: 律詩",147,Du Fu (杜甫),770年,江閣臥病走筆寄呈崔盧兩侍御,律詩,Classical Chinese,False,True,,
dufu_chunk_1265,dufu_30721,annotations_context,"Poem: 江閣臥病走筆寄呈崔盧兩侍御

Scholarly Annotations:
  一作喜
  一作覓",55,Du Fu (杜甫),770年,江閣臥病走筆寄呈崔盧兩侍御,律詩,Classical Chinese,,,,2.0
dufu_chunk_1266,dufu_31237,poem_content,"Poem Title: 潭州送韋員外牧韶州

Poem Text:
炎海韶州牧，
風流漢署郎。
分符先令望，
同舍有輝光。
白首多年疾，
秋天昨夜涼。
洞庭無過雁，
書疏莫相忘。

Creation Date: 769年
Location: CN430121
Poem Type: 律詩",143,Du Fu (杜甫),769年,潭州送韋員外牧韶州,律詩,Classical Chinese,False,True,,
dufu_chunk_1267,dufu_31237,annotations_context,"Poem: 潭州送韋員外牧韶州

Scholarly Annotations:
  迢",43,Du Fu (杜甫),769年,潭州送韋員外牧韶州,律詩,Classical Chinese,,,,1.0
dufu_chunk_1268,dufu_31532,poem_content,"Poem Title: 江閣對雨有懷行營裴二端公

Poem Text:
南紀風濤壯，
陰晴屢不分。
野流行地日，
江入度山雲。
層閣憑雷殷，
長空水面文。
雨來銅柱北，
應洗伏波軍。

Creation Date: 770年
Location: CN430121
Poem Type: 律詩",146,Du Fu (杜甫),770年,江閣對雨有懷行營裴二端公,律詩,Classical Chinese,True,True,,
dufu_chunk_1269,dufu_31532,allusions_context,"Poem: 江閣對雨有懷行營裴二端公

Literary Allusions and References:
  伏波",59,Du Fu (杜甫),770年,江閣對雨有懷行營裴二端公,律詩,Classical Chinese,,,1.0,
dufu_chunk_1270,dufu_31532,annotations_context,"Poem: 江閣對雨有懷行營裴二端公

Scholarly Annotations:
  裴虯與討臧玠，故有行營。
  一作極
  一作面水
  一作意",76,Du Fu (杜甫),770年,江閣對雨有懷行營裴二端公,律詩,Classical Chinese,,,,4.0
dufu_chunk_1271,dufu_31216,poem_content,"Poem Title: 酬韋韶州見寄

Poem Text:
養拙江湖外，
朝廷記憶疎。
深慙長者轍，
重得故人書。
白髮絲難理，
新詩錦不如。
雖無南去雁，
看取北來魚。

Creation Date: 769年
Location: CN430121
Poem Type: 律詩",140,Du Fu (杜甫),769年,酬韋韶州見寄,律詩,Classical Chinese,True,True,,
dufu_chunk_1272,dufu_31216,allusions_context,"Poem: 酬韋韶州見寄

Literary Allusions and References:
  長者轍
  二鯉魚",60,Du Fu (杜甫),769年,酬韋韶州見寄,律詩,Classical Chinese,,,2.0,
dufu_chunk_1273,dufu_31216,annotations_context,"Poem: 酬韋韶州見寄

Scholarly Annotations:
  一作並",42,Du Fu (杜甫),769年,酬韋韶州見寄,律詩,Classical Chinese,,,,1.0
dufu_chunk_1274,dufu_31130,poem_content,"Poem Title: 晚秋長沙蔡五侍御飲筵送殷六參軍歸澧州覲省

Poem Text:
佳士欣相識，
慈顏望遠遊。
甘從投轄飲，
肯作置書郵。
高鳥黃雲暮，
寒蟬碧樹秋。
湖南冬不雪，
吾病得淹留。

Creation Date: 769年
Location: CN430121
Poem Type: 律詩",154,Du Fu (杜甫),769年,晚秋長沙蔡五侍御飲筵送殷六參軍歸澧州覲省,律詩,Classical Chinese,True,False,,
dufu_chunk_1275,dufu_31130,allusions_context,"Poem: 晚秋長沙蔡五侍御飲筵送殷六參軍歸澧州覲省

Literary Allusions and References:
  投轄飲",68,Du Fu (杜甫),769年,晚秋長沙蔡五侍御飲筵送殷六參軍歸澧州覲省,律詩,Classical Chinese,,,1.0,
dufu_chunk_1276,dufu_31229,poem_content,"Poem Title: 暮秋將歸秦留別湖南幕府親友

Poem Text:
水闊蒼梧野，
天高白帝秋。
途窮那免哭，
身老不禁愁。
大府才能會，
諸公德業優。
北歸衝雨雪，
誰憫敝貂裘。

Creation Date: 770年
Location: CN4306
Poem Type: 律詩",145,Du Fu (杜甫),770年,暮秋將歸秦留別湖南幕府親友,律詩,Classical Chinese,True,True,,
dufu_chunk_1277,dufu_31229,allusions_context,"Poem: 暮秋將歸秦留別湖南幕府親友

Literary Allusions and References:
  途窮
  敝貂裘",66,Du Fu (杜甫),770年,暮秋將歸秦留別湖南幕府親友,律詩,Classical Chinese,,,2.0,
dufu_chunk_1278,dufu_31229,annotations_context,"Poem: 暮秋將歸秦留別湖南幕府親友

Scholarly Annotations:
  一作晚
  一作俱",55,Du Fu (杜甫),770年,暮秋將歸秦留別湖南幕府親友,律詩,Classical Chinese,,,,2.0
dufu_chunk_1279,dufu_31025,poem_content,"Poem Title: 哭李常侍嶧二首

Poem Text:
一代風流盡，
修文地下深。
斯人不重見，
將老失知音。
短日行梅嶺，
寒山落桂林。
長安若箇畔，
猶想映貂金。

Creation Date: 769年
Location: CN421024
Poem Type: 律詩",141,Du Fu (杜甫),769年,哭李常侍嶧二首,律詩,Classical Chinese,True,True,,
dufu_chunk_1280,dufu_31025,allusions_context,"Poem: 哭李常侍嶧二首

Literary Allusions and References:
  修文地下
  風流盡",62,Du Fu (杜甫),769年,哭李常侍嶧二首,律詩,Classical Chinese,,,2.0,
dufu_chunk_1281,dufu_31025,annotations_context,"Poem: 哭李常侍嶧二首

Scholarly Annotations:
  一作江
  一作伴",49,Du Fu (杜甫),769年,哭李常侍嶧二首,律詩,Classical Chinese,,,,2.0
dufu_chunk_1282,dufu_31026,poem_content,"Poem Title: 哭李常侍嶧二首

Poem Text:
青瑣陪雙入，
銅梁阻一辭。
風塵逢我地，
江漢哭君時。
次第尋書札，
呼兒檢贈詩。
發揮王子表，
不媿史臣詞。

Creation Date: 769年
Location: CN421024
Poem Type: 律詩",141,Du Fu (杜甫),769年,哭李常侍嶧二首,律詩,Classical Chinese,False,True,,
dufu_chunk_1283,dufu_31026,annotations_context,"Poem: 哭李常侍嶧二首

Scholarly Annotations:
  漢書有王子侯表",47,Du Fu (杜甫),769年,哭李常侍嶧二首,律詩,Classical Chinese,,,,1.0
dufu_chunk_1284,dufu_30740,poem_content,"Poem Title: 舟中夜雪有懷盧十四侍御弟

Poem Text:
朔風吹桂水，
朔雪夜紛紛。
暗度南樓月，
寒深北渚雲。
燭斜初近見，
舟重竟無聞。
不識山陰道，
聽雞更憶君。

Creation Date: 769年
Location: CN430121
Poem Type: 律詩",146,Du Fu (杜甫),769年,舟中夜雪有懷盧十四侍御弟,律詩,Classical Chinese,True,True,,
dufu_chunk_1285,dufu_30740,allusions_context,"Poem: 舟中夜雪有懷盧十四侍御弟

Literary Allusions and References:
  山陰道",60,Du Fu (杜甫),769年,舟中夜雪有懷盧十四侍御弟,律詩,Classical Chinese,,,1.0,
dufu_chunk_1286,dufu_30740,annotations_context,"Poem: 舟中夜雪有懷盧十四侍御弟

Scholarly Annotations:
  一作郎
  一作大",54,Du Fu (杜甫),769年,舟中夜雪有懷盧十四侍御弟,律詩,Classical Chinese,,,,2.0
dufu_chunk_1287,dufu_30650,poem_content,"Poem Title: 對雪

Poem Text:
北雪犯長沙，
胡雲冷萬家。
隨風且間葉，
帶雨不成花。
金錯囊從罄，
銀壺酒易賒。
無人竭浮蟻，
有待至昏鴉。

Creation Date: 769年
Location: CN430121
Poem Type: 律詩",136,Du Fu (杜甫),769年,對雪,律詩,Classical Chinese,False,True,,
dufu_chunk_1288,dufu_30650,annotations_context,"Poem: 對雪

Scholarly Annotations:
  一作開
  一作徒",44,Du Fu (杜甫),769年,對雪,律詩,Classical Chinese,,,,2.0
dufu_chunk_1289,dufu_31800,poem_content,"Poem Title: 樓上

Poem Text:
天地空搔首，
頻抽白玉簪。
皇輿三極北，
身事五湖南。
戀闕勞肝肺，
論材媿杞柟。
亂離難自救，
終是老湘潭。

Creation Date: 769年
Location: CN430121,江阁
Poem Type: 律詩",139,Du Fu (杜甫),769年,樓上,律詩,Classical Chinese,False,True,,
dufu_chunk_1290,dufu_31800,annotations_context,"Poem: 樓上

Scholarly Annotations:
  一作掄",38,Du Fu (杜甫),769年,樓上,律詩,Classical Chinese,,,,1.0
dufu_chunk_1291,dufu_30996,poem_content,"Poem Title: 送趙十七明府之縣

Poem Text:
連城爲寶重，
茂宰得才新。
山雉迎舟楫，
江花報邑人。
論交飜恨晚，
臥病却愁春。
惠愛南翁悅，
餘波及老身。

Creation Date: 770年
Location: CN430121
Poem Type: 律詩",142,Du Fu (杜甫),770年,送趙十七明府之縣,律詩,Classical Chinese,True,False,,
dufu_chunk_1292,dufu_30996,allusions_context,"Poem: 送趙十七明府之縣

Literary Allusions and References:
  連城",55,Du Fu (杜甫),770年,送趙十七明府之縣,律詩,Classical Chinese,,,1.0,
dufu_chunk_1293,dufu_30655,poem_content,"Poem Title: 歸雁二首

Poem Text:
萬里衡陽雁，
今年又北歸。
雙雙瞻客上，
一一背人飛。
雲裏相呼疾，
沙邊自宿稀。
繫書元浪語，
愁寂故山薇。

Creation Date: 770年
Location: CN430121
Poem Type: 律詩",138,Du Fu (杜甫),770年,歸雁二首,律詩,Classical Chinese,True,True,,
dufu_chunk_1294,dufu_30655,allusions_context,"Poem: 歸雁二首

Literary Allusions and References:
  繫書
  衡陽雁",57,Du Fu (杜甫),770年,歸雁二首,律詩,Classical Chinese,,,2.0,
dufu_chunk_1295,dufu_30655,annotations_context,"Poem: 歸雁二首

Scholarly Annotations:
  一作無
  一作絕",46,Du Fu (杜甫),770年,歸雁二首,律詩,Classical Chinese,,,,2.0
dufu_chunk_1296,dufu_30656,poem_content,"Poem Title: 歸雁二首

Poem Text:
欲雪違胡地，
先花別楚雲。
却過清渭影，
高起洞庭羣。
塞北春陰暮，
江南日色曛。
傷弓流落羽，
行斷不堪聞。

Creation Date: 770年
Location: CN430121
Poem Type: 律詩",138,Du Fu (杜甫),770年,歸雁二首,律詩,Classical Chinese,False,False,,
dufu_chunk_1297,dufu_30644,poem_content,"Poem Title: 發潭州

Poem Text:
夜醉長沙酒，
曉行湘水春。
岸花飛送客，
檣燕語留人。
賈傅才未有，
褚公書絕倫。
高名前後事，
回首一傷神。

Creation Date: 769年
Location: CN430121
Poem Type: 律詩",137,Du Fu (杜甫),769年,發潭州,律詩,Classical Chinese,True,True,,
dufu_chunk_1298,dufu_30644,allusions_context,"Poem: 發潭州

Literary Allusions and References:
  賈傅",50,Du Fu (杜甫),769年,發潭州,律詩,Classical Chinese,,,1.0,
dufu_chunk_1299,dufu_30644,annotations_context,"Poem: 發潭州

Scholarly Annotations:
  時自潭之衡",41,Du Fu (杜甫),769年,發潭州,律詩,Classical Chinese,,,,1.0
dufu_chunk_1300,dufu_30842,poem_content,"Poem Title: 奉酬寇十侍御錫見寄四韻復寄寇

Poem Text:
往別郇瑕地，
於今四十年。
來簪御府筆，
故泊洞庭船。
詩憶傷心處，
春深把臂前。
南瞻按百越，
黃帽待君偏。

Creation Date: 770年
Location: CN430121
Poem Type: 律詩",148,Du Fu (杜甫),770年,奉酬寇十侍御錫見寄四韻復寄寇,律詩,Classical Chinese,True,True,,
dufu_chunk_1301,dufu_30842,allusions_context,"Poem: 奉酬寇十侍御錫見寄四韻復寄寇

Literary Allusions and References:
  白筆
  黃帽",66,Du Fu (杜甫),770年,奉酬寇十侍御錫見寄四韻復寄寇,律詩,Classical Chinese,,,2.0,
dufu_chunk_1302,dufu_30842,annotations_context,"Poem: 奉酬寇十侍御錫見寄四韻復寄寇

Scholarly Annotations:
  一本無奉字",52,Du Fu (杜甫),770年,奉酬寇十侍御錫見寄四韻復寄寇,律詩,Classical Chinese,,,,1.0
dufu_chunk_1303,dufu_31254,poem_content,"Poem Title: 衡州送李大夫七丈勉赴廣州

Poem Text:
斧鉞下青冥，
樓船過洞庭。
北風隨爽氣，
南斗避文星。
日月籠中鳥，
乾坤水上萍。
王孫丈人行，
垂老見飄零。

Creation Date: 769年
Location: CN4304
Poem Type: 律詩",144,Du Fu (杜甫),769年,衡州送李大夫七丈勉赴廣州,律詩,Classical Chinese,True,False,,
dufu_chunk_1304,dufu_31254,allusions_context,"Poem: 衡州送李大夫七丈勉赴廣州

Literary Allusions and References:
  斧鉞
  楊仆船橦",66,Du Fu (杜甫),769年,衡州送李大夫七丈勉赴廣州,律詩,Classical Chinese,,,2.0,
dufu_chunk_1305,dufu_31016,poem_content,"Poem Title: 聞惠二過東溪特一送

Poem Text:
惠子白駒瘦，
歸溪唯病身。
皇天無老眼，
空谷滯斯人。
崖蜜松花熟，
山杯竹葉新。
柴門了無事，
黃綺未稱臣。

Creation Date: 767年
Location: CN500236,瀼西
Poem Type: 律詩",146,Du Fu (杜甫),767年,聞惠二過東溪特一送,律詩,Classical Chinese,True,True,,
dufu_chunk_1306,dufu_31016,allusions_context,"Poem: 聞惠二過東溪特一送

Literary Allusions and References:
  黃綺
  白駒",61,Du Fu (杜甫),767年,聞惠二過東溪特一送,律詩,Classical Chinese,,,2.0,
dufu_chunk_1307,dufu_31016,annotations_context,"Poem: 聞惠二過東溪特一送

Scholarly Annotations:
  一作送惠二歸故居，一作惠子過東溪。以下七首，吳若本逸詩。
  一作魚，一作驢
  一作值
  一作白，一作古
  一作村醪
  一作春
  一作生
  一作園",121,Du Fu (杜甫),767年,聞惠二過東溪特一送,律詩,Classical Chinese,,,,8.0
dufu_chunk_1308,dufu_30742,poem_content,"Poem Title: 舟泛洞庭

Poem Text:
蛟室圍青草，
龍堆擁白沙。
護江盤古木，
迎櫂舞神鵶。
破浪南風正，
收颿畏日斜。
雲山千萬疊，
底處上仙槎。

Creation Date: 770年
Location: CN4306,洞庭湖
Poem Type: 律詩",140,Du Fu (杜甫),770年,舟泛洞庭,律詩,Classical Chinese,False,True,,
dufu_chunk_1309,dufu_30742,annotations_context,"Poem: 舟泛洞庭

Scholarly Annotations:
  一作過洞庭湖
  一作隱
  一作堤
  一作回檣，一作歸舟
  一作湖光與天遠，直欲泛仙槎",83,Du Fu (杜甫),770年,舟泛洞庭,律詩,Classical Chinese,,,,5.0
dufu_chunk_1310,dufu_30789,poem_content,"Poem Title: 李鹽鐵二首

Poem Text:
落葉春風起，
高城煙霧開。
雜花分戶映，
嬌燕入檐回。
一見能傾產，
虛懷只愛才。
鹽官雖絆驥，
名是漢庭來。
Poem Type: 律詩",99,Du Fu (杜甫),Unknown,李鹽鐵二首,律詩,Classical Chinese,True,True,,
dufu_chunk_1311,dufu_30789,allusions_context,"Poem: 李鹽鐵二首

Literary Allusions and References:
  嘆息良馬",54,Du Fu (杜甫),Unknown,李鹽鐵二首,律詩,Classical Chinese,,,1.0,
dufu_chunk_1312,dufu_30789,annotations_context,"Poem: 李鹽鐵二首

Scholarly Annotations:
  一首題作李監宅，已見第九卷中。
  一作華館
  一作座",66,Du Fu (杜甫),Unknown,李鹽鐵二首,律詩,Classical Chinese,,,,3.0
dufu_chunk_1313,dufu_30633,poem_content,"Poem Title: 長吟

Poem Text:
江渚飜鷗戲，
官橋帶柳陰。
花飛兢渡日，
草見蹋春心。
已撥形骸累，
真爲爛漫深。
賦詩歌句穩，
不免自長吟。

Creation Date: 765年
Location: CN5101
Poem Type: 律詩",134,Du Fu (杜甫),765年,長吟,律詩,Classical Chinese,False,True,,
dufu_chunk_1314,dufu_30633,annotations_context,"Poem: 長吟

Scholarly Annotations:
  一作青
  一作新
  一作覺",50,Du Fu (杜甫),765年,長吟,律詩,Classical Chinese,,,,3.0
dufu_chunk_1315,dufu_31267,poem_content,"Poem Title: 瞿唐懷古

Poem Text:
西南萬壑注，
勍敵兩崖開。
地與山根裂，
江從月窟來。
削成當白帝，
空曲隱陽臺。
疏鑿功雖美，
陶鈞力大哉。

Creation Date: 766年
Location: CN500236
Poem Type: 律詩",138,Du Fu (杜甫),766年,瞿唐懷古,律詩,Classical Chinese,True,True,,
dufu_chunk_1316,dufu_31267,allusions_context,"Poem: 瞿唐懷古

Literary Allusions and References:
  陶鈞
  月窟",56,Du Fu (杜甫),766年,瞿唐懷古,律詩,Classical Chinese,,,2.0,
dufu_chunk_1317,dufu_31267,annotations_context,"Poem: 瞿唐懷古

Scholarly Annotations:
  以下《草堂逸詩拾遺》。",48,Du Fu (杜甫),766年,瞿唐懷古,律詩,Classical Chinese,,,,1.0
dufu_chunk_1318,dufu_30981,poem_content,"Poem Title: 送司馬入京

Poem Text:
羣盜至今日，
先朝忝從臣。
歎君能戀主，
久客羨歸秦。
黃閣長司諫，
丹墀有故人。
向來論社稷，
爲話涕霑巾。
Poem Type: 律詩",99,Du Fu (杜甫),Unknown,送司馬入京,律詩,Classical Chinese,False,False,,
dufu_chunk_1319,dufu_31117,poem_content,"Poem Title: 寄高適

Poem Text:
楚隔乾坤遠，
難招病客魂。
詩名惟我共，
世事與誰論。
北闕更新主，
南星落故園。
定知相見日，
爛漫倒芳尊。

Creation Date: 762年
Location: CN510623
Poem Type: 律詩",137,Du Fu (杜甫),762年,寄高適,律詩,Classical Chinese,True,False,,
dufu_chunk_1320,dufu_31117,allusions_context,"Poem: 寄高適

Literary Allusions and References:
  招魂",50,Du Fu (杜甫),762年,寄高適,律詩,Classical Chinese,,,1.0,
dufu_chunk_1321,dufu_30988,poem_content,"Poem Title: 送靈州李判官

Poem Text:
犬戎腥四海，
回首一茫茫。
血戰乾坤赤，
氛迷日月黃。
將軍專策略，
幕府盛材良。
近賀中興主，
神兵動朔方。

Creation Date: 757年
Location: CN610322
Poem Type: 律詩",140,Du Fu (杜甫),757年,送靈州李判官,律詩,Classical Chinese,False,False,,
dufu_chunk_1322,dufu_30604,poem_content,"Poem Title: 巴西驛亭觀江漲呈竇使君二首

Poem Text:
轉驚波作怒，
即恐岸隨流。
賴有杯中物，
還同海上鷗。
關心小剡縣，
傍眼見揚州。
爲接情人飲，
朝來減半愁。

Creation Date: 763年
Location: CN5107
Poem Type: 律詩",145,Du Fu (杜甫),763年,巴西驛亭觀江漲呈竇使君二首,律詩,Classical Chinese,True,True,,
dufu_chunk_1323,dufu_30604,allusions_context,"Poem: 巴西驛亭觀江漲呈竇使君二首

Literary Allusions and References:
  海上鷗
  杯中物",67,Du Fu (杜甫),763年,巴西驛亭觀江漲呈竇使君二首,律詩,Classical Chinese,,,2.0,
dufu_chunk_1324,dufu_30604,annotations_context,"Poem: 巴西驛亭觀江漲呈竇使君二首

Scholarly Annotations:
  一作惡
  一作片",55,Du Fu (杜甫),763年,巴西驛亭觀江漲呈竇使君二首,律詩,Classical Chinese,,,,2.0
dufu_chunk_1325,dufu_30605,poem_content,"Poem Title: 巴西驛亭觀江漲呈竇使君二首

Poem Text:
向晚波微綠，
連空岸脚青。
日兼春有暮，
愁與醉無醒。
漂泊猶杯酒，
躊躇此驛亭。
相看萬里外，
同是一浮萍。

Creation Date: 763年
Location: CN5107
Poem Type: 律詩",145,Du Fu (杜甫),763年,巴西驛亭觀江漲呈竇使君二首,律詩,Classical Chinese,False,True,,
dufu_chunk_1326,dufu_30605,annotations_context,"Poem: 巴西驛亭觀江漲呈竇使君二首

Scholarly Annotations:
  一作猶",49,Du Fu (杜甫),763年,巴西驛亭觀江漲呈竇使君二首,律詩,Classical Chinese,,,,1.0
dufu_chunk_1327,dufu_30695,poem_content,"Poem Title: 早花

Poem Text:
西京安穩未，
不見一人來。
臘日巴江曲，
山花已自開。
盈盈當雪杏，
豔豔待春梅。
直苦風塵暗，
誰憂容鬢催。

Creation Date: 763年
Location: CN511381
Poem Type: 律詩",136,Du Fu (杜甫),763年,早花,律詩,Classical Chinese,False,True,,
dufu_chunk_1328,dufu_30695,annotations_context,"Poem: 早花

Scholarly Annotations:
  一作月
  一作香
  一作客",50,Du Fu (杜甫),763年,早花,律詩,Classical Chinese,,,,3.0
dufu_chunk_1329,dufu_31442,poem_content,"Poem Title: 巴山

Poem Text:
巴山遇中使，
云自峽城來。
盜賊還奔突，
乘輿恐未回。
天寒邵伯樹，
地闊望仙臺。
狼狽風塵裏，
群臣安在哉。

Creation Date: 763年
Location: CN511381
Poem Type: 律詩",136,Du Fu (杜甫),763年,巴山,律詩,Classical Chinese,True,True,,
dufu_chunk_1330,dufu_31442,allusions_context,"Poem: 巴山

Literary Allusions and References:
  望仙臺",50,Du Fu (杜甫),763年,巴山,律詩,Classical Chinese,,,1.0,
dufu_chunk_1331,dufu_31442,annotations_context,"Poem: 巴山

Scholarly Annotations:
  一作陝",38,Du Fu (杜甫),763年,巴山,律詩,Classical Chinese,,,,1.0
dufu_chunk_1332,dufu_30691,poem_content,"Poem Title: 收京

Poem Text:
復道收京邑，
兼聞殺犬戎。
衣冠却扈從，
車駕已還宮。
克復成如此，
安危在數公。
莫令回首地，
慟哭起悲風。

Creation Date: 764年
Location: CN511381
Poem Type: 律詩",136,Du Fu (杜甫),764年,收京,律詩,Classical Chinese,False,True,,
dufu_chunk_1333,dufu_30691,annotations_context,"Poem: 收京

Scholarly Annotations:
  一本有闕字
  一作扶持",47,Du Fu (杜甫),764年,收京,律詩,Classical Chinese,,,,2.0
dufu_chunk_1334,dufu_30606,poem_content,"Poem Title: 巴西聞收宮闕送班司馬入京

Poem Text:
聞道收宗廟，
鳴鑾自陝歸。
傾都看黃屋，
正殿引朱衣。
劒外春天遠，
巴西敕使稀。
念君輕世亂，
匹馬向王畿。

Creation Date: 764年
Location: CN511381
Poem Type: 律詩",146,Du Fu (杜甫),764年,巴西聞收宮闕送班司馬入京,律詩,Classical Chinese,True,False,,
dufu_chunk_1335,dufu_30606,allusions_context,"Poem: 巴西聞收宮闕送班司馬入京

Literary Allusions and References:
  黃屋",59,Du Fu (杜甫),764年,巴西聞收宮闕送班司馬入京,律詩,Classical Chinese,,,1.0,
dufu_chunk_1336,dufu_30799,poem_content,"Poem Title: 花底

Poem Text:
紫蕚扶千蘂，
黃鬚照萬花。
忽疑行暮雨，
何事入朝霞。
恐是潘安縣，
堪留衛玠車。
深知好顏色，
莫作委泥沙。

Creation Date: 763年
Location: CN510722
Poem Type: 律詩",136,Du Fu (杜甫),763年,花底,律詩,Classical Chinese,True,False,,
dufu_chunk_1337,dufu_30799,allusions_context,"Poem: 花底

Literary Allusions and References:
  衛玠車
  潘安縣",56,Du Fu (杜甫),763年,花底,律詩,Classical Chinese,,,2.0,
dufu_chunk_1338,dufu_30933,poem_content,"Poem Title: 柳邊

Poem Text:
只道梅花發，
那知柳亦新。
枝枝總到地，
葉葉自開春。
紫燕時飜翼，
黃鸝不露身。
漢南應老盡，
霸上遠愁人。

Creation Date: 763年
Location: CN510722
Poem Type: 律詩",136,Du Fu (杜甫),763年,柳邊,律詩,Classical Chinese,True,False,,
dufu_chunk_1339,dufu_30933,allusions_context,"Poem: 柳邊

Literary Allusions and References:
  漢南應老",51,Du Fu (杜甫),763年,柳邊,律詩,Classical Chinese,,,1.0,
dufu_chunk_1340,dufu_30999,poem_content,"Poem Title: 送竇九歸成都

Poem Text:
文章亦不盡，
竇子才縱橫。
非爾更苦節，
何人符大名。
讀書雲閣觀，
問絹錦官城。
我有浣花竹，
題詩須一行。

Creation Date: 763年
Location: CN510722
Poem Type: 律詩",140,Du Fu (杜甫),763年,送竇九歸成都,律詩,Classical Chinese,False,False,,
dufu_chunk_1341,dufu_30823,poem_content,"Poem Title: 奉使崔都水翁下峽

Poem Text:
無數涪江筏，
鳴橈總發時。
別離終不久，
宗族忍相遺。
白狗黃牛峽，
朝雲暮雨祠。
所過頻問訊，
到日自題詩。

Creation Date: 763年
Location: CN510722
Poem Type: 律詩",142,Du Fu (杜甫),763年,奉使崔都水翁下峽,律詩,Classical Chinese,True,True,,
dufu_chunk_1342,dufu_30823,allusions_context,"Poem: 奉使崔都水翁下峽

Literary Allusions and References:
  朝雲暮雨",57,Du Fu (杜甫),763年,奉使崔都水翁下峽,律詩,Classical Chinese,,,1.0,
dufu_chunk_1343,dufu_30823,annotations_context,"Poem: 奉使崔都水翁下峽

Scholarly Annotations:
  一作送",44,Du Fu (杜甫),763年,奉使崔都水翁下峽,律詩,Classical Chinese,,,,1.0
dufu_chunk_1344,dufu_31249,poem_content,"Poem Title: 題郪縣郭三十二明府茅屋壁

Poem Text:
江頭且繫船，
爲爾獨相憐。
雲散灌壇雨，
春青彭澤田。
頻驚適小國，
一擬問高天。
別後巴東路，
逢人問幾賢。

Creation Date: 763年
Location: CN510722
Poem Type: 律詩",146,Du Fu (杜甫),763年,題郪縣郭三十二明府茅屋壁,律詩,Classical Chinese,True,False,,
dufu_chunk_1345,dufu_31249,allusions_context,"Poem: 題郪縣郭三十二明府茅屋壁

Literary Allusions and References:
  灌壇雨
  適小國
  彭澤田",72,Du Fu (杜甫),763年,題郪縣郭三十二明府茅屋壁,律詩,Classical Chinese,,,3.0,
dufu_chunk_1346,dufu_31156,poem_content,"Poem Title: 隨章留後新亭會送諸君

Poem Text:
新亭有高會，
行子得良時。
日動映江幕，
風鳴排檻旗。
絕葷終不改，
勸酒欲無詞。
已墮峴山淚，
因題零雨詩。

Creation Date: 763年
Location: CN510722
Poem Type: 律詩",144,Du Fu (杜甫),763年,隨章留後新亭會送諸君,律詩,Classical Chinese,True,True,,
dufu_chunk_1347,dufu_31156,allusions_context,"Poem: 隨章留後新亭會送諸君

Literary Allusions and References:
  峴山淚",58,Du Fu (杜甫),763年,隨章留後新亭會送諸君,律詩,Classical Chinese,,,1.0,
dufu_chunk_1348,dufu_31156,annotations_context,"Poem: 隨章留後新亭會送諸君

Scholarly Annotations:
  一作醉
  一作辭",52,Du Fu (杜甫),763年,隨章留後新亭會送諸君,律詩,Classical Chinese,,,,2.0
dufu_chunk_1349,dufu_30636,poem_content,"Poem Title: 東津送韋諷攝閬州錄事

Poem Text:
聞說江山好，
憐君吏隱兼。
寵行舟遠泛，
怯別酒頻添。
推薦非承乏，
操持必去嫌。
他時如按縣，
不得慢陶潛。

Creation Date: 762年
Location: CN5107
Poem Type: 律詩",142,Du Fu (杜甫),762年,東津送韋諷攝閬州錄事,律詩,Classical Chinese,True,True,,
dufu_chunk_1350,dufu_30636,allusions_context,"Poem: 東津送韋諷攝閬州錄事

Literary Allusions and References:
  慢陶潛",58,Du Fu (杜甫),762年,東津送韋諷攝閬州錄事,律詩,Classical Chinese,,,1.0,
dufu_chunk_1351,dufu_30636,annotations_context,"Poem: 東津送韋諷攝閬州錄事

Scholarly Annotations:
  一作惜",46,Du Fu (杜甫),762年,東津送韋諷攝閬州錄事,律詩,Classical Chinese,,,,1.0
dufu_chunk_1352,dufu_31657,poem_content,"Poem Title: 客舊館

Poem Text:
陳迹隨人事，
初秋別此亭。
重來棃葉赤，
依舊竹林青。
風幔何時卷，
寒砧昨夜聲。
無由出江漢，
愁緒月冥冥。

Creation Date: 763年
Location: CN510722
Poem Type: 律詩",137,Du Fu (杜甫),763年,客舊館,律詩,Classical Chinese,False,True,,
dufu_chunk_1353,dufu_31657,annotations_context,"Poem: 客舊館

Scholarly Annotations:
  一作前
  當作聽
  一作秋渚
  一作日",58,Du Fu (杜甫),763年,客舊館,律詩,Classical Chinese,,,,4.0
dufu_chunk_1354,dufu_31078,poem_content,"Poem Title: 閬州奉送二十四舅使自京赴任青城

Poem Text:
聞道王喬舄，
名因太史傳。
如何碧雞使，
把詔紫微天。
秦嶺愁回馬，
涪江醉泛船。
青城漫污雜，
吾舅意淒然。

Creation Date: 763年
Location: CN511381
Poem Type: 律詩",149,Du Fu (杜甫),763年,閬州奉送二十四舅使自京赴任青城,律詩,Classical Chinese,True,False,,
dufu_chunk_1355,dufu_31078,allusions_context,"Poem: 閬州奉送二十四舅使自京赴任青城

Literary Allusions and References:
  碧雞使",63,Du Fu (杜甫),763年,閬州奉送二十四舅使自京赴任青城,律詩,Classical Chinese,,,1.0,
dufu_chunk_1356,dufu_31196,poem_content,"Poem Title: 愁坐

Poem Text:
高齋常見野，
愁坐更臨門。
十月山寒重，
孤城月水昏。
葭萌氐種迥，
左擔犬戎存。
終日憂奔走，
歸期未敢論。

Creation Date: 763年
Location: CN511381
Poem Type: 律詩",136,Du Fu (杜甫),763年,愁坐,律詩,Classical Chinese,False,True,,
dufu_chunk_1357,dufu_31196,annotations_context,"Poem: 愁坐

Scholarly Annotations:
  一作水氣
  一作屯",45,Du Fu (杜甫),763年,愁坐,律詩,Classical Chinese,,,,2.0
dufu_chunk_1358,dufu_30643,poem_content,"Poem Title: 去蜀

Poem Text:
五載客蜀郡，
一年居梓州。
如何關塞阻，
轉作瀟湘游。
世事已黃髮，
殘生隨白鷗。
安危大臣在，
不必淚長流。

Creation Date: 765年
Location: CN5101
Poem Type: 律詩",134,Du Fu (杜甫),765年,去蜀,律詩,Classical Chinese,False,True,,
dufu_chunk_1359,dufu_30643,annotations_context,"Poem: 去蜀

Scholarly Annotations:
  一作萬
  一作何",44,Du Fu (杜甫),765年,去蜀,律詩,Classical Chinese,,,,2.0
dufu_chunk_1360,dufu_30865,poem_content,"Poem Title: 放船

Poem Text:
收帆下急水，
卷幔逐回灘。
江市戎戎暗，
山雲淰淰寒。
村荒無徑入，
獨鳥怪人看。
已泊城樓底，
何曾夜色闌。

Creation Date: 765年
Location: CN500235
Poem Type: 律詩",136,Du Fu (杜甫),765年,放船,律詩,Classical Chinese,False,True,,
dufu_chunk_1361,dufu_30865,annotations_context,"Poem: 放船

Scholarly Annotations:
  一作荒林",39,Du Fu (杜甫),765年,放船,律詩,Classical Chinese,,,,1.0
dufu_chunk_1362,dufu_30978,poem_content,"Poem Title: 送王侍御往東川放生池祖席

Poem Text:
東川詩友合，
此贈怯輕爲。
況復傳宗近，
空然惜別離。
梅花交近野，
草色向平池。
儻憶江邊臥，
歸期願早知。

Creation Date: 764年
Location: CN5101
Poem Type: 律詩",144,Du Fu (杜甫),764年,送王侍御往東川放生池祖席,律詩,Classical Chinese,False,False,,
dufu_chunk_1363,dufu_31168,poem_content,"Poem Title: 惠義寺送王少尹赴成都

Poem Text:
苒苒谷中寺，
娟娟林表峰。
闌干上處遠，
結構坐來重。
騎馬行春徑，
衣冠起晚鐘。
雲門青寂寂，
此別惜相從。

Creation Date: 763年
Location: CN510722
Poem Type: 律詩",144,Du Fu (杜甫),763年,惠義寺送王少尹赴成都,律詩,Classical Chinese,False,True,,
dufu_chunk_1364,dufu_31168,annotations_context,"Poem: 惠義寺送王少尹赴成都

Scholarly Annotations:
  得峰字
  一作暮
  一作春
  右二篇見王原叔本",69,Du Fu (杜甫),763年,惠義寺送王少尹赴成都,律詩,Classical Chinese,,,,4.0
dufu_chunk_1365,dufu_31264,poem_content,"Poem Title: 避地

Poem Text:
避地歲時晚，
竄身筋骨勞。
詩書遂牆壁，
奴僕且旌旄。
行在僅聞信，
此生隨所遭。
神堯舊天下，
會見出腥臊。

Creation Date: 756年
Location: CN610628
Poem Type: 律詩",136,Du Fu (杜甫),756年,避地,律詩,Classical Chinese,False,True,,
dufu_chunk_1366,dufu_31264,annotations_context,"Poem: 避地

Scholarly Annotations:
  一作逐
  右一篇見趙次翁本，題云《至德二載丁酉作》",61,Du Fu (杜甫),756年,避地,律詩,Classical Chinese,,,,2.0
dufu_chunk_1367,dufu_31209,poem_content,"Poem Title: 遣憂

Poem Text:
亂離知又甚，
消息苦難真。
受諫無今日，
臨危憶古人。
紛紛乘白馬，
攘攘著黃巾。
隋氏留宮室，
焚燒何太頻。

Creation Date: 763年
Location: CN511381
Poem Type: 律詩",136,Du Fu (杜甫),763年,遣憂,律詩,Classical Chinese,True,True,,
dufu_chunk_1368,dufu_31209,allusions_context,"Poem: 遣憂

Literary Allusions and References:
  白馬小兒",51,Du Fu (杜甫),763年,遣憂,律詩,Classical Chinese,,,1.0,
dufu_chunk_1369,dufu_31209,annotations_context,"Poem: 遣憂

Scholarly Annotations:
  一作傷故臣
  一作營
  吳曾《漫錄》云：“見顧陶類選。”",65,Du Fu (杜甫),763年,遣憂,律詩,Classical Chinese,,,,3.0
dufu_chunk_1370,dufu_30659,poem_content,"Poem Title: 漢州王大錄事宅作

Poem Text:
南溪老病客，
相見下肩輿。
近髮看烏帽，
催蓴煮白魚。
宅中平岸水，
身外滿牀書。
憶爾才名叔，
含悽意有餘。

Creation Date: 763年
Location: CN510681
Poem Type: 律詩",142,Du Fu (杜甫),763年,漢州王大錄事宅作,律詩,Classical Chinese,False,False,,
dufu_chunk_1371,dufu_31165,poem_content,"Poem Title: 寒食夜蘇二宅

Poem Text:
寒食明堪坐，
春參夕已垂。
好風經柳葉，
清月照花枝。
客淚聞歌掩，
歸心畏酒知。
佳辰邀賞遍，
忽忽更何爲？
Poem Type: 律詩",100,Du Fu (杜甫),Unknown,寒食夜蘇二宅,律詩,Classical Chinese,False,False,,
dufu_chunk_1372,dufu_31241,poem_content,"Poem Title: 題張氏隱居二首

Poem Text:
春山無伴獨相求，
伐木丁丁山更幽。
澗道餘寒歷冰雪，
石門斜日到林丘。
不貪夜識金銀氣，
遠害朝看麋鹿遊。
乘興杳然迷出處，
對君疑是泛虛舟。

Creation Date: 740年
Location: CN370812
Poem Type: 律詩",157,Du Fu (杜甫),740年,題張氏隱居二首,律詩,Classical Chinese,True,True,,
dufu_chunk_1373,dufu_31241,allusions_context,"Poem: 題張氏隱居二首

Literary Allusions and References:
  乘興
  金銀氣
  麋鹿遊",66,Du Fu (杜甫),740年,題張氏隱居二首,律詩,Classical Chinese,,,3.0,
dufu_chunk_1374,dufu_31241,annotations_context,"Poem: 題張氏隱居二首

Scholarly Annotations:
  一作去",43,Du Fu (杜甫),740年,題張氏隱居二首,律詩,Classical Chinese,,,,1.0
dufu_chunk_1375,dufu_30895,poem_content,"Poem Title: 城西陂泛舟

Poem Text:
青蛾皓齒在樓船，
橫笛短簫悲遠天。
春風自信牙檣動，
遲日徐看錦纜牽。
魚吹細浪搖歌扇，
燕蹴飛花落舞筵。
不有小舟能蘯槳，
百壺那送酒如泉。

Creation Date: 754年
Location: CN6101
Poem Type: 律詩",153,Du Fu (杜甫),754年,城西陂泛舟,律詩,Classical Chinese,True,True,,
dufu_chunk_1376,dufu_30895,allusions_context,"Poem: 城西陂泛舟

Literary Allusions and References:
  弦奏躍魚",54,Du Fu (杜甫),754年,城西陂泛舟,律詩,Classical Chinese,,,1.0,
dufu_chunk_1377,dufu_30895,annotations_context,"Poem: 城西陂泛舟

Scholarly Annotations:
  即渼陂
  一作欹
  一作{將爿=舟}",58,Du Fu (杜甫),754年,城西陂泛舟,律詩,Classical Chinese,,,,3.0
dufu_chunk_1378,dufu_31257,poem_content,"Poem Title: 贈田九判官

Poem Text:
崆峒使節上青霄，
河隴降王款聖朝。
宛馬總肥春苜蓿，
將軍只數漢嫖姚。
陳留阮瑀誰爭長，
京兆田郎早見招。
麾下賴君才竝入，
獨能無意向漁樵。

Creation Date: 754年
Location: CN6101
Poem Type: 律詩",153,Du Fu (杜甫),754年,贈田九判官,律詩,Classical Chinese,True,True,,
dufu_chunk_1379,dufu_31257,allusions_context,"Poem: 贈田九判官

Literary Allusions and References:
  阮瑀",52,Du Fu (杜甫),754年,贈田九判官,律詩,Classical Chinese,,,1.0,
dufu_chunk_1380,dufu_31257,annotations_context,"Poem: 贈田九判官

Scholarly Annotations:
  梁丘。哥舒翰討安祿山，以田梁丘爲行軍司馬。
  或作秦
  一作霍
  此言哥舒翰，下言田梁丘
  漢靈帝目田鳳爲京兆田郎",99,Du Fu (杜甫),754年,贈田九判官,律詩,Classical Chinese,,,,5.0
dufu_chunk_1381,dufu_31263,poem_content,"Poem Title: 贈獻納使起居田舍人

Poem Text:
獻納司存雨露邊，
地分清切任才賢。
舍人退食收封事，
宮女開函近御筵。
曉漏追飛青瑣闥，
晴窗點檢白雲篇。
揚雄更有河東賦，
唯待吹噓送上天。

Creation Date: 754年
Location: CN6101
Poem Type: 律詩",157,Du Fu (杜甫),754年,贈獻納使起居田舍人,律詩,Classical Chinese,True,True,,
dufu_chunk_1382,dufu_31263,allusions_context,"Poem: 贈獻納使起居田舍人

Literary Allusions and References:
  河東賦",57,Du Fu (杜甫),754年,贈獻納使起居田舍人,律詩,Classical Chinese,,,1.0,
dufu_chunk_1383,dufu_31263,annotations_context,"Poem: 贈獻納使起居田舍人

Scholarly Annotations:
  一本無使字
  澄
  一作偏
  一作捧
  一作趨",69,Du Fu (杜甫),754年,贈獻納使起居田舍人,律詩,Classical Chinese,,,,5.0
dufu_chunk_1384,dufu_30539,poem_content,"Poem Title: 九日藍田崔氏莊

Poem Text:
老去悲秋強自寬，
興來今日盡君歡。
羞將短髮還吹帽，
笑倩旁人爲正冠。
藍水遠從千澗落，
玉山高並兩峰寒。
明年此會知誰健，
醉把茱萸子細看。

Creation Date: 758年9月9日
Location: CN610122
Poem Type: 律詩",161,Du Fu (杜甫),758年9月9日,九日藍田崔氏莊,律詩,Classical Chinese,True,True,,
dufu_chunk_1385,dufu_30539,allusions_context,"Poem: 九日藍田崔氏莊

Literary Allusions and References:
  悲秋
  吹帽
  倩旁人爲正冠",68,Du Fu (杜甫),758年9月9日,九日藍田崔氏莊,律詩,Classical Chinese,,,3.0,
dufu_chunk_1386,dufu_30539,annotations_context,"Poem: 九日藍田崔氏莊

Scholarly Annotations:
  一作終
  一作在
  一作再",55,Du Fu (杜甫),758年9月9日,九日藍田崔氏莊,律詩,Classical Chinese,,,,3.0
dufu_chunk_1387,dufu_31194,poem_content,"Poem Title: 臘日

Poem Text:
臘日常年暖尚遙，
今年臘日凍全消。
侵陵雪色還萱草，
漏洩春光有柳條。
縱酒欲謀良夜醉，
還家初散紫宸朝。
口脂面藥隨恩澤，
翠管銀罌下九霄。

Creation Date: 757年
Location: CN6101
Poem Type: 律詩",150,Du Fu (杜甫),757年,臘日,律詩,Classical Chinese,False,True,,
dufu_chunk_1388,dufu_31194,annotations_context,"Poem: 臘日

Scholarly Annotations:
  一作年
  一作是
  一作長
  一作歸
  一作放
  一作北
  景龍中，臘日賜近臣口脂面藥",84,Du Fu (杜甫),757年,臘日,律詩,Classical Chinese,,,,7.0
dufu_chunk_1389,dufu_31192,poem_content,"Poem Title: 紫宸殿退朝口號

Poem Text:
戶外昭容紫袖垂，
雙瞻御座引朝儀。
香飄合殿春風轉，
花覆千官淑景移。
晝漏希聞高閣報，
天顏有喜近臣知。
宮中每出歸東省，
會送夔龍集鳳池。

Creation Date: 758年
Location: CN6101
Poem Type: 律詩",155,Du Fu (杜甫),758年,紫宸殿退朝口號,律詩,Classical Chinese,True,True,,
dufu_chunk_1390,dufu_31192,allusions_context,"Poem: 紫宸殿退朝口號

Literary Allusions and References:
  鳳池",54,Du Fu (杜甫),758年,紫宸殿退朝口號,律詩,Classical Chinese,,,1.0,
dufu_chunk_1391,dufu_31192,annotations_context,"Poem: 紫宸殿退朝口號

Scholarly Annotations:
  宮人引導，至天祐間始革
  一作聲
  一作到",63,Du Fu (杜甫),758年,紫宸殿退朝口號,律詩,Classical Chinese,,,,3.0
dufu_chunk_1392,dufu_30697,poem_content,"Poem Title: 曲江二首

Poem Text:
一片花飛減却春，
風飄萬點正愁人。
且看欲盡花經眼，
莫厭傷多酒入脣。
江上小堂巢翡翠，
花邊高冢臥麒麟。
細推物理須行樂，
何用浮名絆此身。

Creation Date: 758年
Location: CN6101
Poem Type: 律詩",152,Du Fu (杜甫),758年,曲江二首,律詩,Classical Chinese,False,True,,
dufu_chunk_1393,dufu_30697,annotations_context,"Poem: 曲江二首

Scholarly Annotations:
  一作驚
  一作棠
  一作苑，即芙蓉苑
  一作事
  一作榮",69,Du Fu (杜甫),758年,曲江二首,律詩,Classical Chinese,,,,5.0
dufu_chunk_1394,dufu_30698,poem_content,"Poem Title: 曲江二首

Poem Text:
朝回日日典春衣，
每日江頭盡醉歸。
酒債尋常行處有，
人生七十古來稀。
穿花蛺蝶深深見，
點水蜻蜓款款飛。
傳語風光共流轉，
暫時相賞莫相違。

Creation Date: 758年
Location: CN6101
Poem Type: 律詩",152,Du Fu (杜甫),758年,曲江二首,律詩,Classical Chinese,False,True,,
dufu_chunk_1395,dufu_30698,annotations_context,"Poem: 曲江二首

Scholarly Annotations:
  八尺曰尋，倍尋曰常
  一作舞
  一作緩緩",59,Du Fu (杜甫),758年,曲江二首,律詩,Classical Chinese,,,,3.0
dufu_chunk_1396,dufu_30700,poem_content,"Poem Title: 曲江對酒

Poem Text:
苑外江頭坐不歸，
水精春殿轉霏微。
桃花細逐楊花落，
黃鳥時兼白鳥飛。
縱飲久判人共棄，
嬾朝真與世相違。
吏情更覺滄洲遠，
老大悲傷未拂衣。

Creation Date: 758年
Location: CN6101
Poem Type: 律詩",152,Du Fu (杜甫),758年,曲江對酒,律詩,Classical Chinese,True,True,,
dufu_chunk_1397,dufu_30700,allusions_context,"Poem: 曲江對酒

Literary Allusions and References:
  拂衣
  水晶宮",57,Du Fu (杜甫),758年,曲江對酒,律詩,Classical Chinese,,,2.0,
dufu_chunk_1398,dufu_30700,annotations_context,"Poem: 曲江對酒

Scholarly Annotations:
  一作宮
  一作欲共梨花語
  一作仍
  一作含",62,Du Fu (杜甫),758年,曲江對酒,律詩,Classical Chinese,,,,4.0
dufu_chunk_1399,dufu_30699,poem_content,"Poem Title: 曲江對雨

Poem Text:
城上春雲覆苑牆，
江亭晚色靜年芳。
林花著雨燕脂落，
水荇牽風翠帶長。
龍武新軍深駐輦，
芙蓉別殿謾焚香。
何時詔此金錢會，
暫醉佳人錦瑟旁。

Creation Date: 758年
Location: CN6101
Poem Type: 律詩",152,Du Fu (杜甫),758年,曲江對雨,律詩,Classical Chinese,False,True,,
dufu_chunk_1400,dufu_30699,annotations_context,"Poem: 曲江對雨

Scholarly Annotations:
  一作值
  一作天
  一作濕
  一作經
  一作重
  一作爛
  錢謙益曰：“此亦懷上皇南內之詩也。玄宗用萬騎軍以平韋氏，改爲龍武軍，親近宿衛，於興慶宮南樓，每置酒眺望，必由夾城以達曲江芙榮苑。今深居南內，昔日之駐輦遊幸，皆不可得，金錢之會，亦無復開元之盛矣。”",171,Du Fu (杜甫),758年,曲江對雨,律詩,Classical Chinese,,,,7.0
dufu_chunk_1401,dufu_30824,poem_content,"Poem Title: 奉和賈至舍人早朝大明宮

Poem Text:
五夜漏聲催曉箭，
九重春色醉仙桃。
旌旗日暖龍蛇動，
宮殿風微燕雀高。
朝罷香煙攜滿袖，
詩成珠玉在揮毫。
欲知世掌絲綸美，
池上於今有鳳毛。

Creation Date: 758年
Location: CN6101
Poem Type: 律詩",159,Du Fu (杜甫),758年,奉和賈至舍人早朝大明宮,律詩,Classical Chinese,True,True,,
dufu_chunk_1402,dufu_30824,allusions_context,"Poem: 奉和賈至舍人早朝大明宮

Literary Allusions and References:
  鳳毛",58,Du Fu (杜甫),758年,奉和賈至舍人早朝大明宮,律詩,Classical Chinese,,,1.0,
dufu_chunk_1403,dufu_30824,annotations_context,"Poem: 奉和賈至舍人早朝大明宮

Scholarly Annotations:
  賈至，洛陽人，與父曾俱爲中書舍人。
  一作天
  原注：舍人先世嘗掌絲綸
  一作如
  一作得",93,Du Fu (杜甫),758年,奉和賈至舍人早朝大明宮,律詩,Classical Chinese,,,,5.0
dufu_chunk_1404,dufu_30899,poem_content,"Poem Title: 宣政殿退朝晚出左掖

Poem Text:
天門日射黃金牓，
春殿晴曛赤羽旗。
宮草微微承委佩，
鑪煙細細駐遊絲。
雲近蓬萊常好色，
雪殘鳷鵲亦多時。
侍臣緩步歸青瑣，
退食從容出每遲。

Creation Date: 758年
Location: CN6101
Poem Type: 律詩",157,Du Fu (杜甫),758年,宣政殿退朝晚出左掖,律詩,Classical Chinese,True,True,,
dufu_chunk_1405,dufu_30899,allusions_context,"Poem: 宣政殿退朝晚出左掖

Literary Allusions and References:
  黃金牓",57,Du Fu (杜甫),758年,宣政殿退朝晚出左掖,律詩,Classical Chinese,,,1.0,
dufu_chunk_1406,dufu_30899,annotations_context,"Poem: 宣政殿退朝晚出左掖

Scholarly Annotations:
  掖門在兩旁，如人臂掖。
  一作熏
  一作霏霏
  一作五
  觀名",77,Du Fu (杜甫),758年,宣政殿退朝晚出左掖,律詩,Classical Chinese,,,,5.0
dufu_chunk_1407,dufu_31247,poem_content,"Poem Title: 題省中院壁

Poem Text:
掖垣竹埤梧十尋，
洞門對霤常陰陰。
落花遊絲白日靜，
鳴鳩乳燕青春深。
腐儒衰晚謬通籍，
退食遲迴違寸心。
衮職曾無一字補，
許身媿比雙南金。

Creation Date: 758年
Location: CN6101
Poem Type: 律詩",153,Du Fu (杜甫),758年,題省中院壁,律詩,Classical Chinese,True,True,,
dufu_chunk_1408,dufu_31247,allusions_context,"Poem: 題省中院壁

Literary Allusions and References:
  衮職",52,Du Fu (杜甫),758年,題省中院壁,律詩,Classical Chinese,,,1.0,
dufu_chunk_1409,dufu_31247,annotations_context,"Poem: 題省中院壁

Scholarly Annotations:
  一本無院字。
  一作雪",50,Du Fu (杜甫),758年,題省中院壁,律詩,Classical Chinese,,,,2.0
dufu_chunk_1410,dufu_30701,poem_content,"Poem Title: 曲江陪鄭八丈南史飲

Poem Text:
雀啄江頭黃柳花，
鵁鶄鸂鶒滿晴沙。
自知白髮非春事，
且盡芳尊戀物華。
近侍即今難浪迹，
此身那得更無家。
丈人文力猶強健，
豈傍青門學種瓜。

Creation Date: 758年
Location: CN6101
Poem Type: 律詩",157,Du Fu (杜甫),758年,曲江陪鄭八丈南史飲,律詩,Classical Chinese,True,True,,
dufu_chunk_1411,dufu_30701,allusions_context,"Poem: 曲江陪鄭八丈南史飲

Literary Allusions and References:
  傍青門",57,Du Fu (杜甫),758年,曲江陪鄭八丈南史飲,律詩,Classical Chinese,,,1.0,
dufu_chunk_1412,dufu_30701,annotations_context,"Poem: 曲江陪鄭八丈南史飲

Scholarly Annotations:
  一作楊
  一作才",51,Du Fu (杜甫),758年,曲江陪鄭八丈南史飲,律詩,Classical Chinese,,,,2.0
dufu_chunk_1413,dufu_30994,poem_content,"Poem Title: 送鄭十八虔貶台州司戶傷其臨老陷賊之故闕爲面別情見於詩

Poem Text:
鄭公樗散鬢成絲，
酒後常稱老畫師。
萬里傷心嚴譴日，
百年垂死中興時。
蒼惶已就長途往，
邂逅無端出餞遲。
便與先生應永訣，
九重泉路盡交期。

Creation Date: 757年
Location: CN6101
Poem Type: 律詩",174,Du Fu (杜甫),757年,送鄭十八虔貶台州司戶傷其臨老陷賊之故闕爲面別情見於詩,律詩,Classical Chinese,True,True,,
dufu_chunk_1414,dufu_30994,allusions_context,"Poem: 送鄭十八虔貶台州司戶傷其臨老陷賊之故闕爲面別情見於詩

Literary Allusions and References:
  樗散",73,Du Fu (杜甫),757年,送鄭十八虔貶台州司戶傷其臨老陷賊之故闕爲面別情見於詩,律詩,Classical Chinese,,,1.0,
dufu_chunk_1415,dufu_30994,annotations_context,"Poem: 送鄭十八虔貶台州司戶傷其臨老陷賊之故闕爲面別情見於詩

Scholarly Annotations:
  一作如
  一作伶俜
  一作下",75,Du Fu (杜甫),757年,送鄭十八虔貶台州司戶傷其臨老陷賊之故闕爲面別情見於詩,律詩,Classical Chinese,,,,3.0
dufu_chunk_1416,dufu_30680,poem_content,"Poem Title: 因許八奉寄江寧旻上人

Poem Text:
不見旻公三十年，
對書寄與淚潺湲。
舊來好事今能否，
老去新詩誰與傳。
棊局動隨尋澗竹，
袈裟憶上泛湖船。
聞君話我爲官在，
頭白昏昏只醉眠。

Creation Date: 758年
Location: CN6101
Poem Type: 律詩",158,Du Fu (杜甫),758年,因許八奉寄江寧旻上人,律詩,Classical Chinese,False,True,,
dufu_chunk_1417,dufu_30680,annotations_context,"Poem: 因許八奉寄江寧旻上人

Scholarly Annotations:
  一作爲
  一作幽",52,Du Fu (杜甫),758年,因許八奉寄江寧旻上人,律詩,Classical Chinese,,,,2.0
dufu_chunk_1418,dufu_31244,poem_content,"Poem Title: 題鄭縣亭子

Poem Text:
鄭縣亭子澗之濱，
戶牖憑高發興新。
雲斷岳蓮臨大路，
天晴宮柳暗長春。
巢邊野雀羣欺燕，
花底山蜂遠趁人。
更欲題詩滿青竹，
晚來幽獨恐傷神。

Creation Date: 758年
Location: CN610521
Poem Type: 律詩",155,Du Fu (杜甫),758年,題鄭縣亭子,律詩,Classical Chinese,False,True,,
dufu_chunk_1419,dufu_31244,annotations_context,"Poem: 題鄭縣亭子

Scholarly Annotations:
  鄭縣游春亭在西溪上，一名西溪亭。
  一作道
  一作清
  一作官
  一作鵲",78,Du Fu (杜甫),758年,題鄭縣亭子,律詩,Classical Chinese,,,,5.0
dufu_chunk_1420,dufu_30736,poem_content,"Poem Title: 至日遣興奉寄北省舊閣老兩院故人二首

Poem Text:
去歲茲辰捧御牀，
五更三點入鵷行。
欲知趨走傷心地，
正想氛氳滿眼香。
無路從容陪語笑，
有時顛倒著衣裳。
何人錯憶窮愁日，
愁日愁隨一線長。

Creation Date: 758年
Location: CN610521
Poem Type: 律詩",167,Du Fu (杜甫),758年,至日遣興奉寄北省舊閣老兩院故人二首,律詩,Classical Chinese,True,True,,
dufu_chunk_1421,dufu_30736,allusions_context,"Poem: 至日遣興奉寄北省舊閣老兩院故人二首

Literary Allusions and References:
  倒衣
  一線添長
  鵷行",76,Du Fu (杜甫),758年,至日遣興奉寄北省舊閣老兩院故人二首,律詩,Classical Chinese,,,3.0,
dufu_chunk_1422,dufu_30736,annotations_context,"Poem: 至日遣興奉寄北省舊閣老兩院故人二首

Scholarly Annotations:
  一作却認
  一作日日",61,Du Fu (杜甫),758年,至日遣興奉寄北省舊閣老兩院故人二首,律詩,Classical Chinese,,,,2.0
dufu_chunk_1423,dufu_30737,poem_content,"Poem Title: 至日遣興奉寄北省舊閣老兩院故人二首

Poem Text:
憶昨逍遙供奉班，
去年今日侍龍顏。
麒麟不動爐煙上，
孔雀徐開扇影還。
玉几由來天北極，
朱衣只在殿中間。
孤城此日堪腸斷，
愁對寒雲雪滿山。

Creation Date: 758年
Location: CN610521
Poem Type: 律詩",167,Du Fu (杜甫),758年,至日遣興奉寄北省舊閣老兩院故人二首,律詩,Classical Chinese,False,True,,
dufu_chunk_1424,dufu_30737,annotations_context,"Poem: 至日遣興奉寄北省舊閣老兩院故人二首

Scholarly Annotations:
  一作轉
  一作座
  一作白",65,Du Fu (杜甫),758年,至日遣興奉寄北省舊閣老兩院故人二首,律詩,Classical Chinese,,,,3.0
dufu_chunk_1425,dufu_31205,poem_content,"Poem Title: 蜀相

Poem Text:
丞相祠堂何處尋，
錦官城外柏森森。
映堦碧草自春色，
隔葉黃鸝空好音。
三顧頻煩天下計，
兩朝開濟老臣心。
出師未捷身先死，
長使英雄淚滿襟。

Creation Date: 760年
Location: CN5101
Poem Type: 律詩",150,Du Fu (杜甫),760年,蜀相,律詩,Classical Chinese,False,True,,
dufu_chunk_1426,dufu_31205,annotations_context,"Poem: 蜀相

Scholarly Annotations:
  諸葛亮祠在昭烈廟西。
  一作多
  一作繁
  一作用",63,Du Fu (杜甫),760年,蜀相,律詩,Classical Chinese,,,,4.0
dufu_chunk_1427,dufu_30555,poem_content,"Poem Title: 卜居

Poem Text:
浣花流水水西頭，
主人爲卜林塘幽。
已知出郭少塵事，
更有澄江銷客愁。
無數蜻蜓齊上下，
一雙鸂鶒對沈浮。
東行萬里堪乘興，
須向山陰上小舟。

Creation Date: 760年
Location: CN5101
Poem Type: 律詩",150,Du Fu (杜甫),760年,卜居,律詩,Classical Chinese,True,True,,
dufu_chunk_1428,dufu_30555,allusions_context,"Poem: 卜居

Literary Allusions and References:
  乘興",49,Du Fu (杜甫),760年,卜居,律詩,Classical Chinese,,,1.0,
dufu_chunk_1429,dufu_30555,annotations_context,"Poem: 卜居

Scholarly Annotations:
  一作之，一作溪，溪在成都西郭外，一名百花潭
  一作入",62,Du Fu (杜甫),760年,卜居,律詩,Classical Chinese,,,,2.0
dufu_chunk_1430,dufu_30703,poem_content,"Poem Title: 有客

Poem Text:
幽棲地僻經過少，
老病人扶再拜難。
豈有文章驚海內，
漫勞車馬駐江干。
竟日淹留佳客坐，
百年麤糲腐儒餐。
不嫌野外無供給，
乘興還來看藥欄。

Creation Date: 760年
Location: CN5101
Poem Type: 律詩",150,Du Fu (杜甫),760年,有客,律詩,Classical Chinese,False,True,,
dufu_chunk_1431,dufu_30703,annotations_context,"Poem: 有客

Scholarly Annotations:
  一作賓至
  音辣
  一作莫",50,Du Fu (杜甫),760年,有客,律詩,Classical Chinese,,,,3.0
dufu_chunk_1432,dufu_31577,poem_content,"Poem Title: 狂夫

Poem Text:
萬里橋西一草堂，
百花潭水即滄浪。
風含翠篠娟娟靜，
雨裛紅蕖冉冉香。
厚祿故人書斷絕，
恒飢稚子色淒涼。
欲填溝壑唯疎放，
自笑狂夫老更狂。

Creation Date: 760年
Location: CN5101
Poem Type: 律詩",150,Du Fu (杜甫),760年,狂夫,律詩,Classical Chinese,False,True,,
dufu_chunk_1433,dufu_31577,annotations_context,"Poem: 狂夫

Scholarly Annotations:
  諸葛亮送費禕聘吳，禕歎曰：“萬里之行始于此橋。”因名
  一作新
  一作淨",73,Du Fu (杜甫),760年,狂夫,律詩,Classical Chinese,,,,3.0
dufu_chunk_1434,dufu_31104,poem_content,"Poem Title: 堂成

Poem Text:
背郭堂成蔭白茅，
緣江路熟俯青郊。
榿林礙日吟風葉，
籠竹和煙滴露梢。
暫止飛烏將數子，
頻來語燕定新巢。
旁人錯比揚雄宅，
嬾惰無心作解嘲。

Creation Date: 760年
Location: CN5101
Poem Type: 律詩",150,Du Fu (杜甫),760年,堂成,律詩,Classical Chinese,True,True,,
dufu_chunk_1435,dufu_31104,allusions_context,"Poem: 堂成

Literary Allusions and References:
  解嘲",49,Du Fu (杜甫),760年,堂成,律詩,Classical Chinese,,,1.0,
dufu_chunk_1436,dufu_31104,annotations_context,"Poem: 堂成

Scholarly Annotations:
  一作下
  一作慢",44,Du Fu (杜甫),760年,堂成,律詩,Classical Chinese,,,,2.0
dufu_chunk_1437,dufu_30802,poem_content,"Poem Title: 進艇

Poem Text:
南京久客耕南畝，
北望傷神坐北窗。
晝引老妻乘小艇，
晴看稚子浴清江。
俱飛蛺蝶元相逐，
并蔕芙蓉本自雙。
茗飲蔗漿攜所有，
瓷甖無謝玉爲缸。

Creation Date: 761年
Location: CN5101
Poem Type: 律詩",150,Du Fu (杜甫),761年,進艇,律詩,Classical Chinese,False,True,,
dufu_chunk_1438,dufu_30802,annotations_context,"Poem: 進艇

Scholarly Annotations:
  一作臥",38,Du Fu (杜甫),761年,進艇,律詩,Classical Chinese,,,,1.0
dufu_chunk_1439,dufu_30860,poem_content,"Poem Title: 所思

Poem Text:
苦憶荆州醉司馬，
謫官樽俎定常開。
九江日落醒何處，
一柱觀頭眠幾回。
可憐懷抱向人盡，
欲問平安無使來。
故憑錦水將雙淚，
好過瞿塘灧澦堆。

Creation Date: 761年
Location: CN5101
Poem Type: 律詩",150,Du Fu (杜甫),761年,所思,律詩,Classical Chinese,False,True,,
dufu_chunk_1440,dufu_30860,annotations_context,"Poem: 所思

Scholarly Annotations:
  原注：崔吏部漪
  一作居
  一作酒",54,Du Fu (杜甫),761年,所思,律詩,Classical Chinese,,,,3.0
dufu_chunk_1441,dufu_30717,poem_content,"Poem Title: 江村

Poem Text:
清江一曲抱村流，
長夏江村事事幽。
自去自來堂上燕，
相親相近水中鷗。
老妻畫紙爲碁局，
稚子敲鍼作釣鉤。
多病所須唯藥物，
微軀此外更何求。

Creation Date: 760年
Location: CN5101
Poem Type: 律詩",150,Du Fu (杜甫),760年,江村,律詩,Classical Chinese,False,True,,
dufu_chunk_1442,dufu_30717,annotations_context,"Poem: 江村

Scholarly Annotations:
  一作歸
  一作梁
  一作成
  一作但有故人供祿米，供一作分
  一作無",73,Du Fu (杜甫),760年,江村,律詩,Classical Chinese,,,,5.0
dufu_chunk_1443,dufu_31150,poem_content,"Poem Title: 野老

Poem Text:
野老籬前江岸迴，
柴門不正逐江開。
漁人網集澄潭下，
賈客船隨返照來。
長路關心悲劒閣，
片雲何意傍琴臺。
王師未報收東郡，
城闕秋生畫角哀。

Creation Date: 760年
Location: CN5101
Poem Type: 律詩",150,Du Fu (杜甫),760年,野老,律詩,Classical Chinese,False,True,,
dufu_chunk_1444,dufu_31150,annotations_context,"Poem: 野老

Scholarly Annotations:
  一作邊
  一作事，一作行雲幾處",51,Du Fu (杜甫),760年,野老,律詩,Classical Chinese,,,,2.0
dufu_chunk_1445,dufu_30891,poem_content,"Poem Title: 南鄰

Poem Text:
錦里先生烏角巾，
園收芋粟不全貧。
慣看賓客兒童喜，
得食階除鳥雀馴。
秋水纔深四五尺，
野航恰受兩三人。
白沙翠竹江村暮，
相對柴門月色新。

Creation Date: 760年
Location: CN5101
Poem Type: 律詩",150,Du Fu (杜甫),760年,南鄰,律詩,Classical Chinese,False,True,,
dufu_chunk_1446,dufu_30891,annotations_context,"Poem: 南鄰

Scholarly Annotations:
  一作栗
  一作門戶
  一作添
  一作艇
  一作山
  一作路
  一作送
  一作籬南",82,Du Fu (杜甫),760年,南鄰,律詩,Classical Chinese,,,,8.0
dufu_chunk_1447,dufu_30915,poem_content,"Poem Title: 恨別

Poem Text:
洛城一別四千里，
胡騎長驅五六年。
草木變衰行劒外，
兵戈阻絕老江邊。
思家步月清宵立，
憶弟看雲白日眠。
聞道河陽近乘勝，
司徒急爲破幽燕。

Creation Date: 760年
Location: CN5101
Poem Type: 律詩",150,Du Fu (杜甫),760年,恨別,律詩,Classical Chinese,False,True,,
dufu_chunk_1448,dufu_30915,annotations_context,"Poem: 恨別

Scholarly Annotations:
  一作三
  一作六七
  謂李光弼乘河陽之勝，直搗幽燕也",63,Du Fu (杜甫),760年,恨別,律詩,Classical Chinese,,,,3.0
dufu_chunk_1449,dufu_30809,poem_content,"Poem Title: 和裴迪登蜀州東亭送客逢早梅相憶見寄

Poem Text:
東閣官梅動詩興，
還如何遜在揚州。
此時對雪遙相憶，
送客逢春可自由。
幸不折來傷歲暮，
若爲看去亂鄉愁。
江邊一樹垂垂發，
朝夕催人自白頭。

Creation Date: 760年
Location: CN5101
Poem Type: 律詩",165,Du Fu (杜甫),760年,和裴迪登蜀州東亭送客逢早梅相憶見寄,律詩,Classical Chinese,True,True,,
dufu_chunk_1450,dufu_30809,allusions_context,"Poem: 和裴迪登蜀州東亭送客逢早梅相憶見寄

Literary Allusions and References:
  東閣官梅
  何遜在揚州",74,Du Fu (杜甫),760年,和裴迪登蜀州東亭送客逢早梅相憶見寄,律詩,Classical Chinese,,,2.0,
dufu_chunk_1451,dufu_30809,annotations_context,"Poem: 和裴迪登蜀州東亭送客逢早梅相憶見寄

Scholarly Annotations:
  梁建安王偉都督揚，南徐二州，辟何遜爲記室，遜有《早梅詩》
  一作花
  一作更
  一作春",96,Du Fu (杜甫),760年,和裴迪登蜀州東亭送客逢早梅相憶見寄,律詩,Classical Chinese,,,,4.0
dufu_chunk_1452,dufu_31231,poem_content,"Poem Title: 暮登四安寺鐘樓寄裴十

Poem Text:
暮倚高樓對雪峰，
僧來不語自鳴鐘。
孤城返照紅將斂，
近市浮煙翠且重。
多病獨愁常闃寂，
故人相見未從容。
知君苦思緣詩瘦，
大向交遊萬事慵。

Creation Date: 761年
Location: CN5101
Poem Type: 律詩",158,Du Fu (杜甫),761年,暮登四安寺鐘樓寄裴十,律詩,Classical Chinese,False,True,,
dufu_chunk_1453,dufu_31231,annotations_context,"Poem: 暮登四安寺鐘樓寄裴十

Scholarly Annotations:
  一作西
  迪
  一作太",56,Du Fu (杜甫),761年,暮登四安寺鐘樓寄裴十,律詩,Classical Chinese,,,,3.0
dufu_chunk_1454,dufu_30896,poem_content,"Poem Title: 客至

Poem Text:
舍南舍北皆春水，
但見羣鷗日日來。
花徑不曾緣客掃，
蓬門今始爲君開。
盤餐市遠無兼味，
樽酒家貧只舊醅。
肯與鄰翁相對飲，
隔籬呼取盡餘桮。

Creation Date: 761年
Location: CN5101
Poem Type: 律詩",150,Du Fu (杜甫),761年,客至,律詩,Classical Chinese,False,True,,
dufu_chunk_1455,dufu_30896,annotations_context,"Poem: 客至

Scholarly Annotations:
  原注：喜崔明府相過。
  一作有
  一作飱",57,Du Fu (杜甫),761年,客至,律詩,Classical Chinese,,,,3.0
dufu_chunk_1456,dufu_30710,poem_content,"Poem Title: 江上值水如海勢聊短述

Poem Text:
爲人性僻耽佳句，
語不驚人死不休。
老去詩篇渾漫興，
春來花鳥莫深愁。
新添水檻供垂釣，
故著浮槎替入舟。
焉得思如陶謝手，
令渠述作與同遊。

Creation Date: 761年
Location: CN5101
Poem Type: 律詩",158,Du Fu (杜甫),761年,江上值水如海勢聊短述,律詩,Classical Chinese,False,True,,
dufu_chunk_1457,dufu_30710,annotations_context,"Poem: 江上值水如海勢聊短述

Scholarly Annotations:
  一作置
  一作與",52,Du Fu (杜甫),761年,江上值水如海勢聊短述,律詩,Classical Chinese,,,,2.0
dufu_chunk_1458,dufu_31745,poem_content,"Poem Title: 寄杜位

Poem Text:
近聞寬法離新州，
想見懷歸尚百憂。
逐客雖皆萬里去，
悲君已是十年流。
干戈況復塵隨眼，
鬢髮還應雪滿頭。
玉壘題書心緒亂，
何時更得曲江遊。

Creation Date: 761年
Location: CN5101
Poem Type: 律詩",151,Du Fu (杜甫),761年,寄杜位,律詩,Classical Chinese,False,True,,
dufu_chunk_1459,dufu_31745,annotations_context,"Poem: 寄杜位

Scholarly Annotations:
  原注：位京中宅近西曲江，詩尾有述。
  一作別
  時位因李林甫諸壻貶官
  一作行
  一作白",84,Du Fu (杜甫),761年,寄杜位,律詩,Classical Chinese,,,,5.0
dufu_chunk_1460,dufu_30998,poem_content,"Poem Title: 送韓十四江東覲省

Poem Text:
兵戈不見老萊衣，
歎息人間萬事非。
我已無家尋弟妹，
君今何處訪庭闈。
黃牛峽靜灘聲轉，
白馬江寒樹影稀。
此別應須各努力，
故鄉猶恐未同歸。

Creation Date: 761年
Location: CN5101
Poem Type: 律詩",156,Du Fu (杜甫),761年,送韓十四江東覲省,律詩,Classical Chinese,True,True,,
dufu_chunk_1461,dufu_30998,allusions_context,"Poem: 送韓十四江東覲省

Literary Allusions and References:
  老萊衣",56,Du Fu (杜甫),761年,送韓十四江東覲省,律詩,Classical Chinese,,,1.0,
dufu_chunk_1462,dufu_30998,annotations_context,"Poem: 送韓十四江東覲省

Scholarly Annotations:
  一作急
  一作還
  一作堪",56,Du Fu (杜甫),761年,送韓十四江東覲省,律詩,Classical Chinese,,,,3.0
dufu_chunk_1463,dufu_30623,poem_content,"Poem Title: 王十七侍御掄許攜酒至草堂奉寄此詩便請邀高三十五使君同到

Poem Text:
老夫臥穩朝慵起，
白屋寒多暖始開。
江鸛巧當幽徑浴，
鄰雞還過短牆來。
繡衣屢許攜家醞，
皂蓋能忘折野梅。
戲假霜威促山簡，
須成一醉習池迴。

Creation Date: 761年
Location: CN5101
Poem Type: 律詩",175,Du Fu (杜甫),761年,王十七侍御掄許攜酒至草堂奉寄此詩便請邀高三十五使君同到,律詩,Classical Chinese,True,True,,
dufu_chunk_1464,dufu_30623,allusions_context,"Poem: 王十七侍御掄許攜酒至草堂奉寄此詩便請邀高三十五使君同到

Literary Allusions and References:
  一枝傳遠信
  山簡
  習池
  繡衣",92,Du Fu (杜甫),761年,王十七侍御掄許攜酒至草堂奉寄此詩便請邀高三十五使君同到,律詩,Classical Chinese,,,4.0,
dufu_chunk_1465,dufu_30623,annotations_context,"Poem: 王十七侍御掄許攜酒至草堂奉寄此詩便請邀高三十五使君同到

Scholarly Annotations:
  一作鶴
  一作醉裏",70,Du Fu (杜甫),761年,王十七侍御掄許攜酒至草堂奉寄此詩便請邀高三十五使君同到,律詩,Classical Chinese,,,,2.0
dufu_chunk_1466,dufu_31083,poem_content,"Poem Title: 陪李七司馬皂江上觀造竹橋即日成往來之人免冬寒入水聊題短作簡李公二首

Poem Text:
伐竹爲橋結構同，
褰裳不涉往來通。
天寒白鶴歸華表，
日落青龍見水中。
顧我老非題柱客，
知君才是濟川功。
合歡却笑千年事，
驅石何時到海東。

Creation Date: 761年
Location: CN510184
Poem Type: 律詩",183,Du Fu (杜甫),761年,陪李七司馬皂江上觀造竹橋即日成往來之人免冬寒入水聊題短作簡李公二首,律詩,Classical Chinese,True,True,,
dufu_chunk_1467,dufu_31083,allusions_context,"Poem: 陪李七司馬皂江上觀造竹橋即日成往來之人免冬寒入水聊題短作簡李公二首

Literary Allusions and References:
  題柱客
  濟川
  鶴歸華表
  驅石到海",100,Du Fu (杜甫),761年,陪李七司馬皂江上觀造竹橋即日成往來之人免冬寒入水聊題短作簡李公二首,律詩,Classical Chinese,,,4.0,
dufu_chunk_1468,dufu_31083,annotations_context,"Poem: 陪李七司馬皂江上觀造竹橋即日成往來之人免冬寒入水聊題短作簡李公二首

Scholarly Annotations:
  第二首，草堂本題云《觀作橋成月夜舟中有述還呈李司馬》。
  一作代木
  一作觀",106,Du Fu (杜甫),761年,陪李七司馬皂江上觀造竹橋即日成往來之人免冬寒入水聊題短作簡李公二首,律詩,Classical Chinese,,,,3.0
dufu_chunk_1469,dufu_31149,poem_content,"Poem Title: 野人送朱櫻

Poem Text:
西蜀櫻桃也自紅，
野人相贈滿筠籠。
數迴細寫愁仍破，
萬顆勻圓訝許同。
憶昨賜霑門下省，
退朝擎出大明宮。
金盤玉筯無消息，
此日嘗新任轉蓬。

Creation Date: 762年
Location: CN5101
Poem Type: 律詩",153,Du Fu (杜甫),762年,野人送朱櫻,律詩,Classical Chinese,False,False,,
dufu_chunk_1470,dufu_31248,poem_content,"Poem Title: 題桃樹

Poem Text:
小徑升堂舊不斜，
五株桃樹亦從遮。
高秋總餧貧人實，
來歲還舒滿眼花。
簾戶每宜通乳燕，
兒童莫信打慈鵶。
寡妻羣盜非今日，
天下車書正一家。

Creation Date: 764年
Location: CN5101
Poem Type: 律詩",151,Du Fu (杜甫),764年,題桃樹,律詩,Classical Chinese,False,True,,
dufu_chunk_1471,dufu_31248,annotations_context,"Poem: 題桃樹

Scholarly Annotations:
  一作餽
  一作已",45,Du Fu (杜甫),764年,題桃樹,律詩,Classical Chinese,,,,2.0
dufu_chunk_1472,dufu_30764,poem_content,"Poem Title: 嚴中丞枉駕見過

Poem Text:
元戎小隊出郊坰，
問柳尋花到野亭。
川合東西瞻使節，
地分南北任流萍。
扁舟不獨如張翰，
白帽還應似管寧。
寂寞江天雲霧裏，
何人道有少微星。

Creation Date: 762年
Location: CN5101
Poem Type: 律詩",155,Du Fu (杜甫),762年,嚴中丞枉駕見過,律詩,Classical Chinese,True,True,,
dufu_chunk_1473,dufu_30764,allusions_context,"Poem: 嚴中丞枉駕見過

Literary Allusions and References:
  管寧
  少微星
  張翰扁舟",67,Du Fu (杜甫),762年,嚴中丞枉駕見過,律詩,Classical Chinese,,,3.0,
dufu_chunk_1474,dufu_30764,annotations_context,"Poem: 嚴中丞枉駕見過

Scholarly Annotations:
  原注：嚴自東川除西川，勅令兩川都節制。
  一作孤
  一作皂
  一作應兼
  一作今日",85,Du Fu (杜甫),762年,嚴中丞枉駕見過,律詩,Classical Chinese,,,,5.0
dufu_chunk_1475,dufu_31153,poem_content,"Poem Title: 野望

Poem Text:
西山白雪三年戍，
南浦清江萬里橋。
海內風塵諸弟隔，
天涯涕淚一身遙。
唯將遲暮供多病，
未有涓埃荅聖朝。
跨馬出郊時極目，
不堪人事日蕭條。

Creation Date: 762年
Location: CN5101
Poem Type: 律詩",150,Du Fu (杜甫),762年,野望,律詩,Classical Chinese,False,True,,
dufu_chunk_1476,dufu_31153,annotations_context,"Poem: 野望

Scholarly Annotations:
  一作城，一作奇
  在彭州
  一作自",54,Du Fu (杜甫),762年,野望,律詩,Classical Chinese,,,,3.0
dufu_chunk_1477,dufu_30840,poem_content,"Poem Title: 奉酬嚴公寄題野亭之作

Poem Text:
拾遺曾奏數行書，
嬾性從來水竹居。
奉引濫騎沙苑馬，
幽棲真釣錦江魚。
謝安不倦登臨費，
阮籍焉知禮法疎。
枉沐旌麾出城府，
草茅無徑欲教鋤。

Creation Date: 762年
Location: CN5101
Poem Type: 律詩",158,Du Fu (杜甫),762年,奉酬嚴公寄題野亭之作,律詩,Classical Chinese,True,True,,
dufu_chunk_1478,dufu_30840,allusions_context,"Poem: 奉酬嚴公寄題野亭之作

Literary Allusions and References:
  謝安
  阮籍",62,Du Fu (杜甫),762年,奉酬嚴公寄題野亭之作,律詩,Classical Chinese,,,2.0,
dufu_chunk_1479,dufu_30840,annotations_context,"Poem: 奉酬嚴公寄題野亭之作

Scholarly Annotations:
  一作賞
  一作何日
  一作荒",59,Du Fu (杜甫),762年,奉酬嚴公寄題野亭之作,律詩,Classical Chinese,,,,3.0
dufu_chunk_1480,dufu_30766,poem_content,"Poem Title: 嚴公仲夏枉駕草堂兼攜酒饌

Poem Text:
竹裏行廚洗玉盤，
花邊立馬簇金鞍。
非關使者徵求急，
自識將軍禮數寬。
百年地闢柴門逈，
五月江深草閣寒。
看弄漁舟移白日，
老農何有罄交歡。

Creation Date: 762年
Location: CN5101
Poem Type: 律詩",160,Du Fu (杜甫),762年,嚴公仲夏枉駕草堂兼攜酒饌,律詩,Classical Chinese,False,True,,
dufu_chunk_1481,dufu_30766,annotations_context,"Poem: 嚴公仲夏枉駕草堂兼攜酒饌

Scholarly Annotations:
  得寒字。草堂本一作鄭公枉駕攜饌訪水亭。
  一作僻",70,Du Fu (杜甫),762年,嚴公仲夏枉駕草堂兼攜酒饌,律詩,Classical Chinese,,,,2.0
dufu_chunk_1482,dufu_31772,poem_content,"Poem Title: 黃草

Poem Text:
黃草峽西船不歸，
赤甲山下行人稀。
秦中驛使無消息，
蜀道兵戈有是非。
萬里秋風吹錦水，
誰家別淚濕羅衣。
莫愁劒閣終堪據，
聞道松州已被圍。

Creation Date: 766年
Location: CN500236
Poem Type: 律詩",152,Du Fu (杜甫),766年,黃草,律詩,Classical Chinese,False,True,,
dufu_chunk_1483,dufu_31772,annotations_context,"Poem: 黃草

Scholarly Annotations:
  一作人行
  一作干",45,Du Fu (杜甫),766年,黃草,律詩,Classical Chinese,,,,2.0
dufu_chunk_1484,dufu_30958,poem_content,"Poem Title: 秋盡

Poem Text:
秋盡東行且未迴，
茅齋寄在少城隈。
籬邊老却陶潛菊，
江上徒逢袁紹桮。
雪嶺獨看西日落，
劒門猶阻北人來。
不辭萬里長爲客，
懷抱何時得好開。

Creation Date: 762年
Location: CN510722
Poem Type: 律詩",152,Du Fu (杜甫),762年,秋盡,律詩,Classical Chinese,True,True,,
dufu_chunk_1485,dufu_30958,allusions_context,"Poem: 秋盡

Literary Allusions and References:
  彭澤酒
  陶潛菊
  袁紹桮",62,Du Fu (杜甫),762年,秋盡,律詩,Classical Chinese,,,3.0,
dufu_chunk_1486,dufu_30958,annotations_context,"Poem: 秋盡

Scholarly Annotations:
  袁紹大會賓客，鄭玄後至，傾倒一座，甫以玄自比也
  一作暮
  一作好一開",72,Du Fu (杜甫),762年,秋盡,律詩,Classical Chinese,,,,3.0
dufu_chunk_1487,dufu_31152,poem_content,"Poem Title: 野望

Poem Text:
金華山北涪水西，
仲冬風日始淒淒。
山連越巂蟠三蜀，
水散巴渝下五溪。
獨鶴不知何事舞，
飢烏似欲向人啼。
射洪春酒寒仍綠，
目極傷神誰爲攜。

Creation Date: 762年
Location: CN510922
Poem Type: 律詩",152,Du Fu (杜甫),762年,野望,律詩,Classical Chinese,False,True,,
dufu_chunk_1488,dufu_31152,annotations_context,"Poem: 野望

Scholarly Annotations:
  一作南",38,Du Fu (杜甫),762年,野望,律詩,Classical Chinese,,,,1.0
dufu_chunk_1489,dufu_31013,poem_content,"Poem Title: 聞官軍收河南河北

Poem Text:
劒外忽傳收薊北，
初聞涕淚滿衣裳。
却看妻子愁何在，
漫卷詩書喜欲狂。
白日放歌須縱酒，
青春作伴好還鄉。
即從巴峽穿巫峽，
便下襄陽向洛陽。

Creation Date: 763年
Location: CN510722
Poem Type: 律詩",158,Du Fu (杜甫),763年,聞官軍收河南河北,律詩,Classical Chinese,False,True,,
dufu_chunk_1490,dufu_31013,annotations_context,"Poem: 聞官軍收河南河北

Scholarly Annotations:
  一作收兩河，時史朝義兵敗，走死廣陽，諸將田承嗣、李懷仙等俱來降。
  一作首
  原注：余田園在東京",91,Du Fu (杜甫),763年,聞官軍收河南河北,律詩,Classical Chinese,,,,3.0
dufu_chunk_1491,dufu_31000,poem_content,"Poem Title: 送路六侍御入朝

Poem Text:
童稚情親四十年，
中間消息兩茫然。
更爲後會知何地，
忽漫相逢是別筵。
不分桃花紅勝錦，
生憎柳絮白於綿。
劒南春色還無賴，
觸忤愁人到酒邊。

Creation Date: 763年
Location: CN510722
Poem Type: 律詩",157,Du Fu (杜甫),763年,送路六侍御入朝,律詩,Classical Chinese,False,True,,
dufu_chunk_1492,dufu_31000,annotations_context,"Poem: 送路六侍御入朝

Scholarly Annotations:
  一作三
  一作忿
  一作如",55,Du Fu (杜甫),763年,送路六侍御入朝,律詩,Classical Chinese,,,,3.0
dufu_chunk_1493,dufu_31140,poem_content,"Poem Title: 涪城縣香積寺官閣

Poem Text:
寺下春江深不流，
山腰官閣迥添愁。
含風翠壁孤雲細，
背日丹楓萬木稠。
小院迴廊春寂寂，
浴鳧飛鷺晚悠悠。
諸天合在藤蘿外，
昏黑應須到上頭。

Creation Date: 763年
Location: CN510722
Poem Type: 律詩",158,Du Fu (杜甫),763年,涪城縣香積寺官閣,律詩,Classical Chinese,False,True,,
dufu_chunk_1494,dufu_31140,annotations_context,"Poem: 涪城縣香積寺官閣

Scholarly Annotations:
  一作清，一作深",48,Du Fu (杜甫),763年,涪城縣香積寺官閣,律詩,Classical Chinese,,,,1.0
dufu_chunk_1495,dufu_30976,poem_content,"Poem Title: 送王十五判官扶侍還黔中

Poem Text:
大家東征逐子迴，
風生洲渚錦帆開。
青青竹笋迎船出，
日日江魚入饌來。
離別不堪無限意，
艱危深仗濟時才。
黔陽信使應稀少，
莫怪頻頻勸酒杯。

Creation Date: 763年
Location: CN510722
Poem Type: 律詩",161,Du Fu (杜甫),763年,送王十五判官扶侍還黔中,律詩,Classical Chinese,True,True,,
dufu_chunk_1496,dufu_30976,allusions_context,"Poem: 送王十五判官扶侍還黔中

Literary Allusions and References:
  大家東征
  冬筍
  江魚入饌",72,Du Fu (杜甫),763年,送王十五判官扶侍還黔中,律詩,Classical Chinese,,,3.0,
dufu_chunk_1497,dufu_30976,annotations_context,"Poem: 送王十五判官扶侍還黔中

Scholarly Annotations:
  得開字。
  班大家賦，余隨子乎東征
  一作白白
  一作煩",75,Du Fu (杜甫),763年,送王十五判官扶侍還黔中,律詩,Classical Chinese,,,,4.0
dufu_chunk_1498,dufu_31190,poem_content,"Poem Title: 登高

Poem Text:
風急天高猨嘯哀，
渚清沙白鳥飛迴。
無邊落木蕭蕭下，
不盡長江衮衮來。
萬里悲秋常作客，
百年多病獨登臺。
艱難苦恨繁霜鬢，
潦倒新停濁酒桮。

Creation Date: 767年9月9日
Location: CN500236
Poem Type: 律詩",156,Du Fu (杜甫),767年9月9日,登高,律詩,Classical Chinese,False,True,,
dufu_chunk_1499,dufu_31190,annotations_context,"Poem: 登高

Scholarly Annotations:
  一作滚滚",39,Du Fu (杜甫),767年9月9日,登高,律詩,Classical Chinese,,,,1.0
dufu_chunk_1500,dufu_31400,poem_content,"Poem Title: 九日

Poem Text:
去年登高郪縣北，
今日重在涪江濱。
苦遭白髮不相放，
羞見黃花無數新。
世亂鬱鬱久爲客，
路難悠悠常傍人。
酒闌却憶十年事，
腸斷驪山清路塵。

Creation Date: 763年
Location: CN510722
Poem Type: 律詩",152,Du Fu (杜甫),763年,九日,律詩,Classical Chinese,False,False,,
dufu_chunk_1501,dufu_31143,poem_content,"Poem Title: 章梓州橘亭餞成都竇少尹

Poem Text:
秋日野亭千橘香，
玉盤錦席高雲涼。
主人送客何所作，
行酒賦詩殊未央。
衰老應爲難離別，
賢聲此去有輝光。
預傳籍籍新京尹，
青史無勞數趙張。

Creation Date: 763年
Location: CN510722
Poem Type: 律詩",161,Du Fu (杜甫),763年,章梓州橘亭餞成都竇少尹,律詩,Classical Chinese,True,True,,
dufu_chunk_1502,dufu_31143,allusions_context,"Poem: 章梓州橘亭餞成都竇少尹

Literary Allusions and References:
  趙張",58,Du Fu (杜甫),763年,章梓州橘亭餞成都竇少尹,律詩,Classical Chinese,,,1.0,
dufu_chunk_1503,dufu_31143,annotations_context,"Poem: 章梓州橘亭餞成都竇少尹

Scholarly Annotations:
  一作使君
  得涼字。
  一作難爲應離
  一作兆
  一作缺",76,Du Fu (杜甫),763年,章梓州橘亭餞成都竇少尹,律詩,Classical Chinese,,,,5.0
dufu_chunk_1504,dufu_30825,poem_content,"Poem Title: 奉待嚴大夫

Poem Text:
殊方又喜故人來，
重鎮還須濟世才。
常怪偏裨終日待，
不知旌節隔年迴。
欲辭巴徼啼鶯合，
遠下旌門去鷁催。
身老時危思會面，
一生襟抱向誰開。

Creation Date: 764年
Location: CN511381
Poem Type: 律詩",155,Du Fu (杜甫),764年,奉待嚴大夫,律詩,Classical Chinese,False,True,,
dufu_chunk_1505,dufu_30825,annotations_context,"Poem: 奉待嚴大夫

Scholarly Annotations:
  一作懷",41,Du Fu (杜甫),764年,奉待嚴大夫,律詩,Classical Chinese,,,,1.0
dufu_chunk_1506,dufu_30837,poem_content,"Poem Title: 奉寄高常侍

Poem Text:
汶上相逢年頗多，
飛騰無那故人何。
總戎楚蜀應全未，
方駕曹劉不啻過。
今日朝廷須汲黯，
中原將帥憶廉頗。
天涯春色催遲暮，
別淚遙添錦水波。

Creation Date: 764年
Location: CN5101
Poem Type: 律詩",153,Du Fu (杜甫),764年,奉寄高常侍,律詩,Classical Chinese,True,True,,
dufu_chunk_1507,dufu_30837,allusions_context,"Poem: 奉寄高常侍

Literary Allusions and References:
  曹劉
  汲黯匡君
  廉頗",64,Du Fu (杜甫),764年,奉寄高常侍,律詩,Classical Chinese,,,3.0,
dufu_chunk_1508,dufu_30837,annotations_context,"Poem: 奉寄高常侍

Scholarly Annotations:
  一作寄高三十五大夫。
  一作價",54,Du Fu (杜甫),764年,奉寄高常侍,律詩,Classical Chinese,,,,2.0
dufu_chunk_1509,dufu_30838,poem_content,"Poem Title: 奉寄章十侍御

Poem Text:
淮海維揚一俊人，
金章紫綬照青春。
指麾能事迴天地，
訓練強兵動鬼神。
湘西不得歸關羽，
河內猶宜借寇恂。
朝覲從容問幽仄，
勿云江漢有垂綸。

Creation Date: 764年
Location: CN511381
Poem Type: 律詩",156,Du Fu (杜甫),764年,奉寄章十侍御,律詩,Classical Chinese,True,True,,
dufu_chunk_1510,dufu_30838,allusions_context,"Poem: 奉寄章十侍御

Literary Allusions and References:
  關羽
  借寇恂",59,Du Fu (杜甫),764年,奉寄章十侍御,律詩,Classical Chinese,,,2.0,
dufu_chunk_1511,dufu_30838,annotations_context,"Poem: 奉寄章十侍御

Scholarly Annotations:
  原注：時初罷梓州刺史東川留後，將赴朝廷，章彝初爲嚴武判官，後爲武所殺，武再鎮蜀，彝已入覲，豈未行而殺之耶。
  一作老",98,Du Fu (杜甫),764年,奉寄章十侍御,律詩,Classical Chinese,,,,2.0
dufu_chunk_1512,dufu_30905,poem_content,"Poem Title: 將赴荆南寄別李劒州

Poem Text:
使君高義驅今古，
寥落三年坐劒州。
但見文翁能化俗，
焉知李廣未封侯。
路經灧澦雙蓬鬢，
天入滄浪一釣舟。
戎馬相逢更何日，
春風迴首仲宣樓。

Creation Date: 768年
Location: CN500236,东屯
Poem Type: 律詩",162,Du Fu (杜甫),768年,將赴荆南寄別李劒州,律詩,Classical Chinese,True,True,,
dufu_chunk_1513,dufu_30905,allusions_context,"Poem: 將赴荆南寄別李劒州

Literary Allusions and References:
  未封侯
  仲宣樓
  文翁",68,Du Fu (杜甫),768年,將赴荆南寄別李劒州,律詩,Classical Chinese,,,3.0,
dufu_chunk_1514,dufu_30905,annotations_context,"Poem: 將赴荆南寄別李劒州

Scholarly Annotations:
  一作蜀",45,Du Fu (杜甫),768年,將赴荆南寄別李劒州,律詩,Classical Chinese,,,,1.0
dufu_chunk_1515,dufu_30834,poem_content,"Poem Title: 奉寄別馬巴州

Poem Text:
勳業終歸馬伏波，
功曹非復漢蕭何。
扁舟繫纜沙邊久，
南國浮雲水上多。
獨把魚竿終遠去，
難隨鳥翼一相過。
知君未愛春湖色，
興在驪駒白玉珂。

Creation Date: 764年
Location: CN511381
Poem Type: 律詩",156,Du Fu (杜甫),764年,奉寄別馬巴州,律詩,Classical Chinese,True,True,,
dufu_chunk_1516,dufu_30834,allusions_context,"Poem: 奉寄別馬巴州

Literary Allusions and References:
  馬伏波",54,Du Fu (杜甫),764年,奉寄別馬巴州,律詩,Classical Chinese,,,1.0,
dufu_chunk_1517,dufu_30834,annotations_context,"Poem: 奉寄別馬巴州

Scholarly Annotations:
  原注：時甫除京兆功曹，在東川。
  一作真
  一作無
  一作烏",72,Du Fu (杜甫),764年,奉寄別馬巴州,律詩,Classical Chinese,,,,4.0
dufu_chunk_1518,dufu_31236,poem_content,"Poem Title: 滕王亭子

Poem Text:
君王臺榭枕巴山，
萬丈丹梯尚可攀。
春日鸎啼脩竹裏，
仙家犬吠白雲間。
清江錦石傷心麗，
嫩蘂濃花滿目班。
人到於今歌出牧，
來遊此地不知還。

Creation Date: 764年
Location: CN511381
Poem Type: 律詩",154,Du Fu (杜甫),764年,滕王亭子,律詩,Classical Chinese,True,True,,
dufu_chunk_1519,dufu_31236,allusions_context,"Poem: 滕王亭子

Literary Allusions and References:
  犬吠白雲間",54,Du Fu (杜甫),764年,滕王亭子,律詩,Classical Chinese,,,1.0,
dufu_chunk_1520,dufu_31236,annotations_context,"Poem: 滕王亭子

Scholarly Annotations:
  元嬰
  原注：亭在玉臺觀內，王，高宗調露年中，任閬州刺史。一本滕王亭子二首、玉臺觀二首，不分題。
  一作碧",92,Du Fu (杜甫),764年,滕王亭子,律詩,Classical Chinese,,,,3.0
dufu_chunk_1521,dufu_30660,poem_content,"Poem Title: 玉臺觀

Poem Text:
中天積翠玉臺遙，
上帝高居絳節朝。
遂有馮夷來擊鼓，
始知嬴女善吹簫。
江光隱見黿鼉窟，
石勢參差烏鵲橋。
更肯紅顏生羽翼，
便應黃髮老漁樵。

Creation Date: 764年
Location: CN511381
Poem Type: 律詩",153,Du Fu (杜甫),764年,玉臺觀,律詩,Classical Chinese,True,True,,
dufu_chunk_1522,dufu_30660,allusions_context,"Poem: 玉臺觀

Literary Allusions and References:
  吹簫
  馮夷擊鼓",57,Du Fu (杜甫),764年,玉臺觀,律詩,Classical Chinese,,,2.0,
dufu_chunk_1523,dufu_30660,annotations_context,"Poem: 玉臺觀

Scholarly Annotations:
  原注：滕王造。
  一作虛
  一作差池
  一作有
  一作翰",68,Du Fu (杜甫),764年,玉臺觀,律詩,Classical Chinese,,,,5.0
dufu_chunk_1524,dufu_30900,poem_content,"Poem Title: 將赴成都草堂途中有作先寄嚴鄭公五首

Poem Text:
得歸茅屋赴成都，
直爲文翁再剖符。
但使閭閻還揖讓，
敢論松竹久荒蕪。
魚知丙穴由來美，
酒憶郫筒不用酤。
五馬舊曾諳小徑，
幾回書札待潛夫。

Creation Date: 764年
Location: CN5101
Poem Type: 律詩",165,Du Fu (杜甫),764年,將赴成都草堂途中有作先寄嚴鄭公五首,律詩,Classical Chinese,True,True,,
dufu_chunk_1525,dufu_30900,allusions_context,"Poem: 將赴成都草堂途中有作先寄嚴鄭公五首

Literary Allusions and References:
  丙穴魚
  潛夫
  文翁
  五馬",80,Du Fu (杜甫),764年,將赴成都草堂途中有作先寄嚴鄭公五首,律詩,Classical Chinese,,,4.0,
dufu_chunk_1526,dufu_30900,annotations_context,"Poem: 將赴成都草堂途中有作先寄嚴鄭公五首

Scholarly Annotations:
  寶應二年，嚴武封鄭國公，復節度劒南。
  一作真
  一在沔陽，一在順政，一在雅州，一在邛州，一在萬州，一在達州，此應指邛州，去成都較近
  郫縣酒，以竹筒盛之",130,Du Fu (杜甫),764年,將赴成都草堂途中有作先寄嚴鄭公五首,律詩,Classical Chinese,,,,4.0
dufu_chunk_1527,dufu_30901,poem_content,"Poem Title: 將赴成都草堂途中有作先寄嚴鄭公五首

Poem Text:
處處青江帶白蘋，
故園猶得見殘春。
雪山斥候無兵馬，
錦里逢迎有主人。
休怪兒童延俗客，
不教鵝鴨惱比鄰。
習池未覺風流盡，
況復荆州賞更新。

Creation Date: 764年
Location: CN5101
Poem Type: 律詩",165,Du Fu (杜甫),764年,將赴成都草堂途中有作先寄嚴鄭公五首,律詩,Classical Chinese,False,True,,
dufu_chunk_1528,dufu_30901,annotations_context,"Poem: 將赴成都草堂途中有作先寄嚴鄭公五首

Scholarly Annotations:
  寶應二年，嚴武封鄭國公，復節度劒南。",68,Du Fu (杜甫),764年,將赴成都草堂途中有作先寄嚴鄭公五首,律詩,Classical Chinese,,,,1.0
dufu_chunk_1529,dufu_30902,poem_content,"Poem Title: 將赴成都草堂途中有作先寄嚴鄭公五首

Poem Text:
竹寒沙碧浣花溪，
菱刺藤梢咫尺迷。
過客徑須愁出入，
居人不自解東西。
書籤藥裹封蛛網，
野店山橋送馬蹄。
豈藉荒庭春草色，
先判一飲醉如泥。

Creation Date: 764年
Location: CN5101
Poem Type: 律詩",165,Du Fu (杜甫),764年,將赴成都草堂途中有作先寄嚴鄭公五首,律詩,Classical Chinese,False,True,,
dufu_chunk_1530,dufu_30902,annotations_context,"Poem: 將赴成都草堂途中有作先寄嚴鄭公五首

Scholarly Annotations:
  寶應二年，嚴武封鄭國公，復節度劒南。
  一作橘
  一作肯
  一作新月",87,Du Fu (杜甫),764年,將赴成都草堂途中有作先寄嚴鄭公五首,律詩,Classical Chinese,,,,4.0
dufu_chunk_1531,dufu_30903,poem_content,"Poem Title: 將赴成都草堂途中有作先寄嚴鄭公五首

Poem Text:
常苦沙崩損藥欄，
也從江檻落風湍。
新松恨不高千尺，
惡竹應須斬萬竿。
生理祗憑黃閣老，
衰顏欲付紫金丹。
三年奔走空皮骨，
信有人間行路難。

Creation Date: 764年
Location: CN5101
Poem Type: 律詩",165,Du Fu (杜甫),764年,將赴成都草堂途中有作先寄嚴鄭公五首,律詩,Classical Chinese,False,True,,
dufu_chunk_1532,dufu_30903,annotations_context,"Poem: 將赴成都草堂途中有作先寄嚴鄭公五首

Scholarly Annotations:
  寶應二年，嚴武封鄭國公，復節度劒南。
  一作長
  一作容
  一作赴",86,Du Fu (杜甫),764年,將赴成都草堂途中有作先寄嚴鄭公五首,律詩,Classical Chinese,,,,4.0
dufu_chunk_1533,dufu_30904,poem_content,"Poem Title: 將赴成都草堂途中有作先寄嚴鄭公五首

Poem Text:
錦官城西生事微，
烏皮几在還思歸。
昔去爲憂亂兵入，
今來已恐鄰人非。
側身天地更懷古，
迴首風塵甘息機。
共說總戎雲鳥陣，
不妨遊子芰荷衣。

Creation Date: 764年
Location: CN5101
Poem Type: 律詩",165,Du Fu (杜甫),764年,將赴成都草堂途中有作先寄嚴鄭公五首,律詩,Classical Chinese,False,True,,
dufu_chunk_1534,dufu_30904,annotations_context,"Poem: 將赴成都草堂途中有作先寄嚴鄭公五首

Scholarly Annotations:
  寶應二年，嚴武封鄭國公，復節度劒南。
  一作館
  一作生事城西
  一作且",89,Du Fu (杜甫),764年,將赴成都草堂途中有作先寄嚴鄭公五首,律詩,Classical Chinese,,,,4.0
dufu_chunk_1535,dufu_31191,poem_content,"Poem Title: 登樓

Poem Text:
花近高樓傷客心，
萬方多難此登臨。
錦江春色來天地，
玉壘浮雲變古今。
北極朝廷終不改，
西山寇盜莫相侵。
可憐後主還祠廟，
日暮聊爲梁甫吟。

Creation Date: 764年
Location: CN5101
Poem Type: 律詩",150,Du Fu (杜甫),764年,登樓,律詩,Classical Chinese,True,True,,
dufu_chunk_1536,dufu_31191,allusions_context,"Poem: 登樓

Literary Allusions and References:
  梁甫吟",50,Du Fu (杜甫),764年,登樓,律詩,Classical Chinese,,,1.0,
dufu_chunk_1537,dufu_31191,annotations_context,"Poem: 登樓

Scholarly Annotations:
  一作水流",39,Du Fu (杜甫),764年,登樓,律詩,Classical Chinese,,,,1.0
dufu_chunk_1538,dufu_31018,poem_content,"Poem Title: 院中晚晴懷西郭茅舍

Poem Text:
幕府秋風日夜清，
澹雲疎雨過高城。
葉心朱實看時落，
階面青苔先自生。
復有樓臺銜暮景，
不勞鐘鼓報新晴。
浣花溪裏花饒笑，
肯信吾兼吏隱名。

Creation Date: 764年
Location: CN5101
Poem Type: 律詩",157,Du Fu (杜甫),764年,院中晚晴懷西郭茅舍,律詩,Classical Chinese,False,True,,
dufu_chunk_1539,dufu_31018,annotations_context,"Poem: 院中晚晴懷西郭茅舍

Scholarly Annotations:
  一作堪
  一作老更
  一作今",58,Du Fu (杜甫),764年,院中晚晴懷西郭茅舍,律詩,Classical Chinese,,,,3.0
dufu_chunk_1540,dufu_31107,poem_content,"Poem Title: 宿府

Poem Text:
清秋幕府井梧寒，
獨宿江城蠟炬殘。
永夜角聲悲自語，
中天月色好誰看。
風塵荏苒音書絕，
關塞蕭條行路難。
已忍伶俜十年事，
強移栖息一枝安。

Creation Date: 764年
Location: CN5101
Poem Type: 律詩",150,Du Fu (杜甫),764年,宿府,律詩,Classical Chinese,False,True,,
dufu_chunk_1541,dufu_31107,annotations_context,"Poem: 宿府

Scholarly Annotations:
  一作桐
  一作燭",44,Du Fu (杜甫),764年,宿府,律詩,Classical Chinese,,,,2.0
dufu_chunk_1542,dufu_30863,poem_content,"Poem Title: 撥悶

Poem Text:
聞道雲安麴米春，
纔傾一醆即醺人。
乘舟取醉非難事，
下峽消愁定幾巡。
長年三老遙憐汝，
棙柁開頭捷有神。
已辦青錢防雇直，
當令美味入吾脣。

Creation Date: 765年
Location: CN500233
Poem Type: 律詩",152,Du Fu (杜甫),765年,撥悶,律詩,Classical Chinese,False,True,,
dufu_chunk_1543,dufu_30863,annotations_context,"Poem: 撥悶

Scholarly Annotations:
  一作贈嚴二別駕
  唐人呼酒爲春
  一作鳴鐃",58,Du Fu (杜甫),765年,撥悶,律詩,Classical Chinese,,,,3.0
dufu_chunk_1544,dufu_30550,poem_content,"Poem Title: 十二月一日三首

Poem Text:
今朝臘月春意動，
雲安縣前江可憐。
一聲何處送書鴈，
百丈誰家上水船。
未將梅蘂驚愁眼，
要取楸花媚遠天。
明光起草人所羨，
肺病幾時朝日邊。

Creation Date: 765年
Location: CN500235
Poem Type: 律詩",157,Du Fu (杜甫),765年,十二月一日三首,律詩,Classical Chinese,False,True,,
dufu_chunk_1545,dufu_30550,annotations_context,"Poem: 十二月一日三首

Scholarly Annotations:
  一作瀨
  一作更
  一作椒",55,Du Fu (杜甫),765年,十二月一日三首,律詩,Classical Chinese,,,,3.0
dufu_chunk_1546,dufu_30551,poem_content,"Poem Title: 十二月一日三首

Poem Text:
寒輕市上山煙碧，
日滿樓前江霧黃。
負鹽出井此谿女，
打鼓發船何郡郎。
新亭舉目風景切，
茂陵著書消渴長。
春花不愁不爛漫，
楚客唯聽棹相將。

Creation Date: 765年
Location: CN500235
Poem Type: 律詩",157,Du Fu (杜甫),765年,十二月一日三首,律詩,Classical Chinese,True,False,,
dufu_chunk_1547,dufu_30551,allusions_context,"Poem: 十二月一日三首

Literary Allusions and References:
  新亭舉目
  封禪文",62,Du Fu (杜甫),765年,十二月一日三首,律詩,Classical Chinese,,,2.0,
dufu_chunk_1548,dufu_30552,poem_content,"Poem Title: 十二月一日三首

Poem Text:
即看燕子入山扉，
豈有黃鸝歷翠微。
短短桃花臨水岸，
輕輕柳絮點人衣。
春來準擬開懷久，
老去親知見面稀。
他日一杯難強進，
重嗟筋力故山違。

Creation Date: 765年
Location: CN500235
Poem Type: 律詩",157,Du Fu (杜甫),765年,十二月一日三首,律詩,Classical Chinese,False,False,,
dufu_chunk_1549,dufu_30674,poem_content,"Poem Title: 立春

Poem Text:
春日春盤細生菜，
忽憶兩京梅發時。
盤出高門行白玉，
菜傳纖手送青絲。
巫峽寒江那對眼，
杜陵遠客不勝悲。
此身未知歸定處，
呼兒覓紙一題詩。

Creation Date: 767年
Location: CN500236
Poem Type: 律詩",152,Du Fu (杜甫),767年,立春,律詩,Classical Chinese,False,False,,
dufu_chunk_1550,dufu_31118,poem_content,"Poem Title: 寄常徵君

Poem Text:
白水青山空復春，
徵君晚節傍風塵。
楚妃堂上色殊衆，
海鶴階前鳴向人。
萬事糾紛猶絕粒，
一官羇絆實藏身。
開州入夏知涼冷，
不似雲安毒熱新。

Creation Date: 766年
Location: CN500235
Poem Type: 律詩",154,Du Fu (杜甫),766年,寄常徵君,律詩,Classical Chinese,False,False,,
dufu_chunk_1551,dufu_30884,poem_content,"Poem Title: 雨不絕

Poem Text:
鳴雨既過漸細微，
映空搖颺如絲飛。
階前短草泥不亂，
院裏長條風乍稀。
舞石旋應將乳子，
行雲莫自濕仙衣。
眼邊江舸何怱促，
未待安流逆浪歸。

Creation Date: 766年
Location: CN500236
Poem Type: 律詩",153,Du Fu (杜甫),766年,雨不絕,律詩,Classical Chinese,True,True,,
dufu_chunk_1552,dufu_30884,allusions_context,"Poem: 雨不絕

Literary Allusions and References:
  行雲
  舞石",55,Du Fu (杜甫),766年,雨不絕,律詩,Classical Chinese,,,2.0,
dufu_chunk_1553,dufu_30884,annotations_context,"Poem: 雨不絕

Scholarly Annotations:
  一作細雨
  一作得",46,Du Fu (杜甫),766年,雨不絕,律詩,Classical Chinese,,,,2.0
dufu_chunk_1554,dufu_31120,poem_content,"Poem Title: 崔評事弟許相迎不到應慮老夫見泥雨怯出必愆佳期走筆戲簡

Poem Text:
江閣要賓許馬迎，
午時起坐自天明。
浮雲不負青春色，
細雨何孤白帝城。
身過花間霑濕好，
醉於馬上往來輕。
虛疑皓首衝泥怯，
實少銀鞍傍險行。

Creation Date: 767年
Location: CN500236,西阁
Poem Type: 律詩",179,Du Fu (杜甫),767年,崔評事弟許相迎不到應慮老夫見泥雨怯出必愆佳期走筆戲簡,律詩,Classical Chinese,False,False,,
dufu_chunk_1555,dufu_31017,poem_content,"Poem Title: 閣夜

Poem Text:
歲暮陰陽催短景，
天涯霜雪霽寒宵。
五更鼓角聲悲壯，
三峽星河影動搖。
野哭幾家聞戰伐，
夷歌數處起漁樵。
臥龍躍馬終黃土，
人事依依漫寂寥。

Creation Date: 766年
Location: CN500236,西阁
Poem Type: 律詩",155,Du Fu (杜甫),766年,閣夜,律詩,Classical Chinese,True,True,,
dufu_chunk_1556,dufu_31017,allusions_context,"Poem: 閣夜

Literary Allusions and References:
  臥龍
  公孫躍馬",56,Du Fu (杜甫),766年,閣夜,律詩,Classical Chinese,,,2.0,
dufu_chunk_1557,dufu_31017,annotations_context,"Poem: 閣夜

Scholarly Annotations:
  一作千
  一作是
  一作音塵日，一作音書頗",58,Du Fu (杜甫),766年,閣夜,律詩,Classical Chinese,,,,3.0
dufu_chunk_1558,dufu_30673,poem_content,"Poem Title: 示獠奴阿段

Poem Text:
山木蒼蒼落日曛，
竹竿褭褭細泉分。
郡人入夜爭餘瀝，
豎子尋源獨不聞。
病渴三更迴白首，
傳聲一注濕青雲。
曾驚陶侃胡奴異，
怪爾常穿虎豹羣。

Creation Date: 766年
Location: CN500236
Poem Type: 律詩",155,Du Fu (杜甫),766年,示獠奴阿段,律詩,Classical Chinese,False,True,,
dufu_chunk_1559,dufu_30673,annotations_context,"Poem: 示獠奴阿段

Scholarly Annotations:
  獠乃南蠻別種，無名字，男稱阿暮、阿段，女稱阿夷、阿等之類。
  一作稚
  陶侃有一胡奴，胡僧見之曰：“此海山使者也。”是夜即失所在",104,Du Fu (杜甫),766年,示獠奴阿段,律詩,Classical Chinese,,,,3.0
dufu_chunk_1560,dufu_31803,poem_content,"Poem Title: 灩澦

Poem Text:
灧澦既沒孤根深，
西來水多愁太陰。
江天漠漠鳥雙去，
風雨時時龍一吟。
舟人漁子歌迴首，
估客胡商淚滿襟。
寄語舟航惡年少，
休翻鹽井橫黃金。

Creation Date: 767年
Location: CN500236,白帝城
Poem Type: 律詩",156,Du Fu (杜甫),767年,灩澦,律詩,Classical Chinese,False,True,,
dufu_chunk_1561,dufu_31803,annotations_context,"Poem: 灩澦

Scholarly Annotations:
  一作摸，一作擲",42,Du Fu (杜甫),767年,灩澦,律詩,Classical Chinese,,,,1.0
dufu_chunk_1562,dufu_31483,poem_content,"Poem Title: 白帝

Poem Text:
白帝城中雲出門，
白帝城下雨翻盆。
高江急峽雷霆鬬，
翠木蒼藤日月昏。
戎馬不如歸馬逸，
千家今有百家存。
哀哀寡婦誅求盡，
慟哭秋原何處村。

Creation Date: 766年
Location: CN500236
Poem Type: 律詩",152,Du Fu (杜甫),766年,白帝,律詩,Classical Chinese,False,True,,
dufu_chunk_1563,dufu_31483,annotations_context,"Poem: 白帝

Scholarly Annotations:
  一作頭
  一作若屯
  一作古
  一作長
  一作去
  一作十",69,Du Fu (杜甫),766年,白帝,律詩,Classical Chinese,,,,6.0
dufu_chunk_1564,dufu_30950,poem_content,"Poem Title: 秋興八首

Poem Text:
玉露凋傷楓樹林，
巫山巫峽氣蕭森。
江間波浪兼天湧，
塞上風雲接地陰。
叢菊兩開他日淚，
孤舟一繫故園心。
寒衣處處催刀尺，
白帝城高急暮砧。

Creation Date: 766年
Location: CN500236
Poem Type: 律詩",154,Du Fu (杜甫),766年,秋興八首,律詩,Classical Chinese,False,True,,
dufu_chunk_1565,dufu_30950,annotations_context,"Poem: 秋興八首

Scholarly Annotations:
  一作重
  時方艤舟以俟出峽",51,Du Fu (杜甫),766年,秋興八首,律詩,Classical Chinese,,,,2.0
dufu_chunk_1566,dufu_30951,poem_content,"Poem Title: 秋興八首

Poem Text:
夔府孤城落日斜，
每依南斗望京華。
聽猨實下三聲淚，
奉使虛隨八月查。
畫省香爐違伏枕，
山樓粉堞隱悲笳。
請看石上藤蘿月，
已暎洲前蘆荻花。

Creation Date: 766年
Location: CN500236
Poem Type: 律詩",154,Du Fu (杜甫),766年,秋興八首,律詩,Classical Chinese,True,True,,
dufu_chunk_1567,dufu_30951,allusions_context,"Poem: 秋興八首

Literary Allusions and References:
  八月查
  畫省
  三峽無猿",64,Du Fu (杜甫),766年,秋興八首,律詩,Classical Chinese,,,3.0,
dufu_chunk_1568,dufu_30951,annotations_context,"Poem: 秋興八首

Scholarly Annotations:
  一作北",40,Du Fu (杜甫),766年,秋興八首,律詩,Classical Chinese,,,,1.0
dufu_chunk_1569,dufu_30952,poem_content,"Poem Title: 秋興八首

Poem Text:
千家山郭靜朝暉，
一日江樓坐翠微。
信宿漁人還汎汎，
清秋燕子故飛飛。
匡衡抗疏功名薄，
劉向傳經心事違。
同學少年多不賤，
五陵衣馬自輕肥。

Creation Date: 766年
Location: CN500236
Poem Type: 律詩",154,Du Fu (杜甫),766年,秋興八首,律詩,Classical Chinese,True,True,,
dufu_chunk_1570,dufu_30952,allusions_context,"Poem: 秋興八首

Literary Allusions and References:
  匡衡抗疏
  劉向傳經",60,Du Fu (杜甫),766年,秋興八首,律詩,Classical Chinese,,,2.0,
dufu_chunk_1571,dufu_30952,annotations_context,"Poem: 秋興八首

Scholarly Annotations:
  一作百處，一作日日",46,Du Fu (杜甫),766年,秋興八首,律詩,Classical Chinese,,,,1.0
dufu_chunk_1572,dufu_30953,poem_content,"Poem Title: 秋興八首

Poem Text:
聞道長安似弈棊，
百年世事不勝悲。
王侯第宅皆新主，
文武衣冠異昔時。
直北關山金鼓振，
征西車馬羽書遲。
魚龍寂寞秋江冷，
故國平居有所思。

Creation Date: 766年
Location: CN500236
Poem Type: 律詩",154,Du Fu (杜甫),766年,秋興八首,律詩,Classical Chinese,False,True,,
dufu_chunk_1573,dufu_30953,annotations_context,"Poem: 秋興八首

Scholarly Annotations:
  一作堪
  一作騎
  一作馳
  魚龍以秋日爲夜",62,Du Fu (杜甫),766年,秋興八首,律詩,Classical Chinese,,,,4.0
dufu_chunk_1574,dufu_30954,poem_content,"Poem Title: 秋興八首

Poem Text:
蓬萊宮闕對南山，
承露金莖霄漢間。
西望瑤池降王母，
東來紫氣滿函關。
雲移雉尾開宮扇，
日繞龍鱗識聖顏。
一臥滄江驚歲晚，
幾迴青瑣照朝班。

Creation Date: 766年
Location: CN500236
Poem Type: 律詩",154,Du Fu (杜甫),766年,秋興八首,律詩,Classical Chinese,True,True,,
dufu_chunk_1575,dufu_30954,allusions_context,"Poem: 秋興八首

Literary Allusions and References:
  東來紫氣
  金莖
  瑤池",63,Du Fu (杜甫),766年,秋興八首,律詩,Classical Chinese,,,3.0,
dufu_chunk_1576,dufu_30954,annotations_context,"Poem: 秋興八首

Scholarly Annotations:
  楊貴妃初度女道士，故唐人多以王母比之
  唐以老子爲祖，屢徵符端
  一作點",75,Du Fu (杜甫),766年,秋興八首,律詩,Classical Chinese,,,,3.0
dufu_chunk_1577,dufu_30955,poem_content,"Poem Title: 秋興八首

Poem Text:
瞿唐峽口曲江頭，
萬里風煙接素秋。
花萼夾城通御氣，
芙蓉小苑入邊愁。
朱簾繡柱圍黃鶴，
錦纜牙檣起白鷗。
迴首可憐歌舞地，
秦中自古帝王州。

Creation Date: 766年
Location: CN500236
Poem Type: 律詩",154,Du Fu (杜甫),766年,秋興八首,律詩,Classical Chinese,False,True,,
dufu_chunk_1578,dufu_30955,annotations_context,"Poem: 秋興八首

Scholarly Annotations:
  一作鵠",40,Du Fu (杜甫),766年,秋興八首,律詩,Classical Chinese,,,,1.0
dufu_chunk_1579,dufu_30956,poem_content,"Poem Title: 秋興八首

Poem Text:
昆明池水漢時功，
武帝旌旗在眼中。
織女機絲虛月夜，
石鯨鱗甲動秋風。
波漂菰米沈雲黑，
露冷蓮房墜粉紅。
關塞極天唯鳥道，
江湖滿地一漁翁。

Creation Date: 766年
Location: CN500236
Poem Type: 律詩",154,Du Fu (杜甫),766年,秋興八首,律詩,Classical Chinese,False,True,,
dufu_chunk_1580,dufu_30956,annotations_context,"Poem: 秋興八首

Scholarly Annotations:
  一作夜月",41,Du Fu (杜甫),766年,秋興八首,律詩,Classical Chinese,,,,1.0
dufu_chunk_1581,dufu_30957,poem_content,"Poem Title: 秋興八首

Poem Text:
昆吾御宿自逶迤，
紫閣峰陰入渼陂。
香稻啄餘鸚鵡粒，
碧梧棲老鳳皇枝。
佳人拾翠春相問，
仙侶同舟晚更移。
綵筆昔遊干氣象，
白頭吟望苦低垂。

Creation Date: 766年
Location: CN500236
Poem Type: 律詩",154,Du Fu (杜甫),766年,秋興八首,律詩,Classical Chinese,True,True,,
dufu_chunk_1582,dufu_30957,allusions_context,"Poem: 秋興八首

Literary Allusions and References:
  仙侶同舟",53,Du Fu (杜甫),766年,秋興八首,律詩,Classical Chinese,,,1.0,
dufu_chunk_1583,dufu_30957,annotations_context,"Poem: 秋興八首

Scholarly Annotations:
  亭名，在藍田
  川名，在樊川
  一本二句倒轉
  一作紅稻，一作紅豆，一作紅飯
  一作殘
  一作曾",90,Du Fu (杜甫),766年,秋興八首,律詩,Classical Chinese,,,,6.0
dufu_chunk_1584,dufu_30810,poem_content,"Poem Title: 詠懷古跡五首

Poem Text:
支離東北風塵際，
漂泊西南天地間。
三峽樓臺淹日月，
五溪衣服共雲山。
羯胡事主終無賴，
詞客哀時且未還。
庾信平生最蕭瑟，
暮年詩賦動江關。

Creation Date: 766年
Location: CN500236
Poem Type: 律詩",156,Du Fu (杜甫),766年,詠懷古跡五首,律詩,Classical Chinese,False,True,,
dufu_chunk_1585,dufu_30810,annotations_context,"Poem: 詠懷古跡五首

Scholarly Annotations:
  吳若本作詠懷一章、古跡四首。
  庾信仕周，年侵二毛，時有鄉關之思，乃作《哀江南賦》",81,Du Fu (杜甫),766年,詠懷古跡五首,律詩,Classical Chinese,,,,2.0
dufu_chunk_1586,dufu_30811,poem_content,"Poem Title: 詠懷古跡五首

Poem Text:
搖落深知宋玉悲，
風流儒雅亦吾師。
悵望千秋一灑淚，
蕭條異代不同時。
江山故宅空文藻，
雲雨荒臺豈夢思。
最是楚宮俱泯滅，
舟人指點到今疑。

Creation Date: 766年
Location: CN500236
Poem Type: 律詩",156,Du Fu (杜甫),766年,詠懷古跡五首,律詩,Classical Chinese,False,True,,
dufu_chunk_1587,dufu_30811,annotations_context,"Poem: 詠懷古跡五首

Scholarly Annotations:
  吳若本作詠懷一章、古跡四首。
  一作爲主",60,Du Fu (杜甫),766年,詠懷古跡五首,律詩,Classical Chinese,,,,2.0
dufu_chunk_1588,dufu_30812,poem_content,"Poem Title: 詠懷古跡五首

Poem Text:
羣山萬壑赴荆門，
生長明妃尚有村。
一去紫臺連朔漠，
獨留青塚向黃昏。
畫圖省識春風面，
環佩空歸月夜魂。
千載琵琶作胡語，
分明怨恨曲中論。

Creation Date: 766年
Location: CN500236
Poem Type: 律詩",156,Du Fu (杜甫),766年,詠懷古跡五首,律詩,Classical Chinese,True,True,,
dufu_chunk_1589,dufu_30812,allusions_context,"Poem: 詠懷古跡五首

Literary Allusions and References:
  琵琶改語",55,Du Fu (杜甫),766年,詠懷古跡五首,律詩,Classical Chinese,,,1.0,
dufu_chunk_1590,dufu_30812,annotations_context,"Poem: 詠懷古跡五首

Scholarly Annotations:
  吳若本作詠懷一章、古跡四首。
  一作愁",59,Du Fu (杜甫),766年,詠懷古跡五首,律詩,Classical Chinese,,,,2.0
dufu_chunk_1591,dufu_30813,poem_content,"Poem Title: 詠懷古跡五首

Poem Text:
蜀主窺吳幸三峽，
崩年亦在永安宮。
翠華想像空山裏，
玉殿虛無野寺中。
古廟杉松巢水鶴，
歲時伏臘走村翁。
武侯祠屋常鄰近，
一體君臣祭祀同。

Creation Date: 766年
Location: CN500236
Poem Type: 律詩",156,Du Fu (杜甫),766年,詠懷古跡五首,律詩,Classical Chinese,False,True,,
dufu_chunk_1592,dufu_30813,annotations_context,"Poem: 詠懷古跡五首

Scholarly Annotations:
  吳若本作詠懷一章、古跡四首。
  劉備改魚復爲永安，仍於州西置永安宮
  一作寒
  原注：殿今爲寺，廟在宮之東",95,Du Fu (杜甫),766年,詠懷古跡五首,律詩,Classical Chinese,,,,4.0
dufu_chunk_1593,dufu_30814,poem_content,"Poem Title: 詠懷古跡五首

Poem Text:
諸葛大名垂宇宙，
宗臣遺像肅清高。
三分割據紆籌策，
萬古雲霄一羽毛。
伯仲之間見伊呂，
指揮若定失蕭曹。
福移漢祚難恢復，
志決身殲軍務勞。

Creation Date: 766年
Location: CN500236
Poem Type: 律詩",156,Du Fu (杜甫),766年,詠懷古跡五首,律詩,Classical Chinese,True,True,,
dufu_chunk_1594,dufu_30814,allusions_context,"Poem: 詠懷古跡五首

Literary Allusions and References:
  伯仲之間
  蕭曹",60,Du Fu (杜甫),766年,詠懷古跡五首,律詩,Classical Chinese,,,2.0,
dufu_chunk_1595,dufu_30814,annotations_context,"Poem: 詠懷古跡五首

Scholarly Annotations:
  吳若本作詠懷一章、古跡四首。
  張輔樂葛優劣論，孔明將與伊、呂爭儔，豈與樂毅爲伍
  崔浩典論云：諸葛亮不能與蕭、曹匹亞
  一作運
  一作終難",113,Du Fu (杜甫),766年,詠懷古跡五首,律詩,Classical Chinese,,,,5.0
dufu_chunk_1596,dufu_31068,poem_content,"Poem Title: 諸將五首

Poem Text:
漢朝陵墓對南山，
胡虜千秋尚入關。
昨日玉魚蒙葬地，
早時金盌出人間。
見愁汗馬西戎逼，
曾閃朱旗北斗殷。
多少材官守涇渭，
將軍且莫破愁顏。

Creation Date: 766年
Location: CN500236
Poem Type: 律詩",154,Du Fu (杜甫),766年,諸將五首,律詩,Classical Chinese,True,True,,
dufu_chunk_1597,dufu_31068,allusions_context,"Poem: 諸將五首

Literary Allusions and References:
  茂陵金碗",53,Du Fu (杜甫),766年,諸將五首,律詩,Classical Chinese,,,1.0,
dufu_chunk_1598,dufu_31068,annotations_context,"Poem: 諸將五首

Scholarly Annotations:
  漢楚王戊太子死，天子賜玉魚一雙以斂
  盧充與崔少府女幽婚，贈充金盌，乃向時殉葬物也
  音現
  於顏切，紅色也，一作閒
  錢謙益曰：“安祿山犯闕，繼以吐蕃，焚毀不已。必有發掘陵寢之虞，故告戒諸將以守涇渭也。是春，吐蕃請和，郭子儀遣兵屯奉天。”",161,Du Fu (杜甫),766年,諸將五首,律詩,Classical Chinese,,,,5.0
dufu_chunk_1599,dufu_31069,poem_content,"Poem Title: 諸將五首

Poem Text:
韓公本意築三城，
擬絕天驕拔漢旌。
豈謂盡煩回紇馬，
翻然遠救朔方兵。
胡來不覺潼關隘，
龍起猶聞晉水清。
獨使至尊憂社稷，
諸君何以荅升平。

Creation Date: 766年
Location: CN500236
Poem Type: 律詩",154,Du Fu (杜甫),766年,諸將五首,律詩,Classical Chinese,True,True,,
dufu_chunk_1600,dufu_31069,allusions_context,"Poem: 諸將五首

Literary Allusions and References:
  天驕",51,Du Fu (杜甫),766年,諸將五首,律詩,Classical Chinese,,,1.0,
dufu_chunk_1601,dufu_31069,annotations_context,"Poem: 諸將五首

Scholarly Annotations:
  郭子儀以孤軍起朔方，灃上之戰，克復長安。新店之戰，再收東都，皆用回紇之力
  唐高祖次龍門，代水清",86,Du Fu (杜甫),766年,諸將五首,律詩,Classical Chinese,,,,2.0
dufu_chunk_1602,dufu_31070,poem_content,"Poem Title: 諸將五首

Poem Text:
洛陽宮殿化爲烽，
休道秦關百二重。
滄海未全歸禹貢，
薊門何處盡堯封。
朝廷衮職雖多預，
天下軍儲不自供。
稍喜臨邊王相國，
肯銷金甲事春農。

Creation Date: 766年
Location: CN500236
Poem Type: 律詩",154,Du Fu (杜甫),766年,諸將五首,律詩,Classical Chinese,True,True,,
dufu_chunk_1603,dufu_31070,allusions_context,"Poem: 諸將五首

Literary Allusions and References:
  秦關百二",53,Du Fu (杜甫),766年,諸將五首,律詩,Classical Chinese,,,1.0,
dufu_chunk_1604,dufu_31070,annotations_context,"Poem: 諸將五首

Scholarly Annotations:
  一作覓
  時河北幽、瀛皆安史餘孽盤據
  一作誰爭補
  廣德二年，王縉以同平章事，代李光弼都統行營，歲餘，遷河南副。元帥",99,Du Fu (杜甫),766年,諸將五首,律詩,Classical Chinese,,,,4.0
dufu_chunk_1605,dufu_31071,poem_content,"Poem Title: 諸將五首

Poem Text:
迴首扶桑銅柱標，
冥冥氛祲未全銷。
越裳翡翠無消息，
南海明珠久寂寥。
殊錫曾爲大司馬，
總戎皆插侍中貂。
炎風朔雪天王地，
只在忠臣翊聖朝。

Creation Date: 766年
Location: CN500236
Poem Type: 律詩",154,Du Fu (杜甫),766年,諸將五首,律詩,Classical Chinese,True,True,,
dufu_chunk_1606,dufu_31071,allusions_context,"Poem: 諸將五首

Literary Allusions and References:
  天王",51,Du Fu (杜甫),766年,諸將五首,律詩,Classical Chinese,,,1.0,
dufu_chunk_1607,dufu_31071,annotations_context,"Poem: 諸將五首

Scholarly Annotations:
  一作不
  一作良
  錢謙益曰：“此深戒朝廷，不當使中官出將也。楊思勗討安南五溪，殘酷好殺，故越裳不貢，呂太一收珠南海，阻兵作亂，故南海不靖，李輔國以中官拜大司馬，所謂殊錫也。魚朝恩等以中官爲觀軍容使，所謂總戎也。炎風朔雪，皆天王之地，只當精求忠良，以翊聖朝，安得偏信一二中人，據將帥之重任，自取潰僨乎？”",191,Du Fu (杜甫),766年,諸將五首,律詩,Classical Chinese,,,,3.0
dufu_chunk_1608,dufu_31072,poem_content,"Poem Title: 諸將五首

Poem Text:
錦江春色逐人來，
巫峽清秋萬壑哀。
正憶往時嚴僕射，
共迎中使望鄉臺。
主恩前後三持節，
軍令分明數舉桮。
西蜀地形天下險，
安危須仗出羣材。

Creation Date: 766年
Location: CN500236
Poem Type: 律詩",154,Du Fu (杜甫),766年,諸將五首,律詩,Classical Chinese,False,True,,
dufu_chunk_1609,dufu_31072,annotations_context,"Poem: 諸將五首

Scholarly Annotations:
  嚴武一鎮東川，兩鎮劒南",48,Du Fu (杜甫),766年,諸將五首,律詩,Classical Chinese,,,,1.0
dufu_chunk_1610,dufu_30817,poem_content,"Poem Title: 夜

Poem Text:
露下天高秋水清，
空山獨夜旅魂驚。
疎燈自照孤帆宿，
新月猶懸雙杵鳴。
南菊再逢人臥病，
北書不至雁無情。
步蟾倚杖看牛斗，
銀漢遙應接鳳城。

Creation Date: 766年
Location: CN500236,西阁
Poem Type: 律詩",154,Du Fu (杜甫),766年,夜,律詩,Classical Chinese,False,True,,
dufu_chunk_1611,dufu_30817,annotations_context,"Poem: 夜

Scholarly Annotations:
  一作秋夜客舍
  一作空山
  一作氣
  一作國
  一作到
  一作簷",71,Du Fu (杜甫),766年,夜,律詩,Classical Chinese,,,,6.0
dufu_chunk_1612,dufu_30800,poem_content,"Poem Title: 返照

Poem Text:
楚王宮北正黃昏，
白帝城西過雨痕。
返照入江翻石壁，
歸雲擁樹失山村。
衰年肺病唯高枕，
絕塞愁時早閉門。
不可久留豺虎亂，
南方實有未招魂。

Creation Date: 766年
Location: CN500236,西阁
Poem Type: 律詩",155,Du Fu (杜甫),766年,返照,律詩,Classical Chinese,True,False,,
dufu_chunk_1613,dufu_30800,allusions_context,"Poem: 返照

Literary Allusions and References:
  招魂",49,Du Fu (杜甫),766年,返照,律詩,Classical Chinese,,,1.0,
dufu_chunk_1614,dufu_30530,poem_content,"Poem Title: 九日五首

Poem Text:
重陽獨酌杯中酒，
抱病起登江上臺。
竹葉於人既無分，
菊花從此不須開。
殊方日落玄猨哭，
舊國霜前白雁來。
弟妹蕭條各何往，
干戈衰謝兩相催。

Creation Date: 767年9月9日
Location: CN500236
Poem Type: 律詩",158,Du Fu (杜甫),767年9月9日,九日五首,律詩,Classical Chinese,True,True,,
dufu_chunk_1615,dufu_30530,allusions_context,"Poem: 九日五首

Literary Allusions and References:
  信霜",51,Du Fu (杜甫),767年9月9日,九日五首,律詩,Classical Chinese,,,1.0,
dufu_chunk_1616,dufu_30530,annotations_context,"Poem: 九日五首

Scholarly Annotations:
  吳若本注：“闕一首。”趙次公以“風急天高”一首足之，云未嘗闕。
  一作少飲
  一作獨，一作豈",85,Du Fu (杜甫),767年9月9日,九日五首,律詩,Classical Chinese,,,,3.0
dufu_chunk_1617,dufu_30639,poem_content,"Poem Title: 冬至

Poem Text:
年年至日長爲客，
忽忽窮愁泥殺人。
江上形容吾獨老，
天邊風俗自相親。
杖藜雪後臨丹壑，
鳴玉朝來散紫宸。
心折此時無一寸，
路迷何處見三秦。

Creation Date: 767年
Location: CN500236,东屯
Poem Type: 律詩",155,Du Fu (杜甫),767年,冬至,律詩,Classical Chinese,True,True,,
dufu_chunk_1618,dufu_30639,allusions_context,"Poem: 冬至

Literary Allusions and References:
  鳴玉",49,Du Fu (杜甫),767年,冬至,律詩,Classical Chinese,,,1.0,
dufu_chunk_1619,dufu_30639,annotations_context,"Poem: 冬至

Scholarly Annotations:
  一作涯
  一作明主
  一作是",51,Du Fu (杜甫),767年,冬至,律詩,Classical Chinese,,,,3.0
dufu_chunk_1620,dufu_30571,poem_content,"Poem Title: 小至

Poem Text:
天時人事日相催，
冬至陽生春又來。
刺繡五紋添弱線，
吹葭六琯動浮灰。
岸容待臘將舒柳，
山意衝寒欲放梅。
雲物不殊鄉國異，
教兒且覆掌中杯。

Creation Date: 767年
Location: CN500236,东屯
Poem Type: 律詩",155,Du Fu (杜甫),767年,小至,律詩,Classical Chinese,True,True,,
dufu_chunk_1621,dufu_30571,allusions_context,"Poem: 小至

Literary Allusions and References:
  吹葭灰
  一線添長",57,Du Fu (杜甫),767年,小至,律詩,Classical Chinese,,,2.0,
dufu_chunk_1622,dufu_30571,annotations_context,"Poem: 小至

Scholarly Annotations:
  至前一日，即會要小冬日。
  一作文
  一作破",59,Du Fu (杜甫),767年,小至,律詩,Classical Chinese,,,,3.0
dufu_chunk_1623,dufu_30970,poem_content,"Poem Title: 覽物

Poem Text:
曾爲掾吏趨三輔，
憶在潼關詩興多。
巫峽忽如瞻華岳，
蜀江猶似見黃河。
舟中得病移衾枕，
洞口經春長薜蘿。
形勝有餘風土惡，
幾時回首一高歌。

Creation Date: 766年
Location: CN500236
Poem Type: 律詩",152,Du Fu (杜甫),766年,覽物,律詩,Classical Chinese,False,True,,
dufu_chunk_1624,dufu_30970,annotations_context,"Poem: 覽物

Scholarly Annotations:
  一作峽中覽物",41,Du Fu (杜甫),766年,覽物,律詩,Classical Chinese,,,,1.0
dufu_chunk_1625,dufu_30779,poem_content,"Poem Title: 即事

Poem Text:
暮春三月巫峽長，
皛皛行雲浮日光。
雷聲忽送千峰雨，
花氣渾如百和香。
黃鶯過水飜迴去，
燕子銜泥濕不妨。
飛閣卷簾圖畫里，
虛無只少對瀟湘。

Creation Date: 767年
Location: CN500236
Poem Type: 律詩",152,Du Fu (杜甫),767年,即事,律詩,Classical Chinese,False,True,,
dufu_chunk_1626,dufu_30779,annotations_context,"Poem: 即事

Scholarly Annotations:
  胡了切
  一作無",44,Du Fu (杜甫),767年,即事,律詩,Classical Chinese,,,,2.0
dufu_chunk_1627,dufu_30777,poem_content,"Poem Title: 即事

Poem Text:
天畔羣山孤草亭，
江中風浪雨冥冥。
一雙白魚不受釣，
三寸黃甘猶自青。
多病馬卿無日起，
窮途阮籍幾時醒。
未聞細柳散金甲，
腸斷秦川流濁涇。

Creation Date: 759年
Location: CN6205
Poem Type: 律詩",150,Du Fu (杜甫),759年,即事,律詩,Classical Chinese,True,True,,
dufu_chunk_1628,dufu_30777,allusions_context,"Poem: 即事

Literary Allusions and References:
  窮途
  馬卿
  營門柳",60,Du Fu (杜甫),759年,即事,律詩,Classical Chinese,,,3.0,
dufu_chunk_1629,dufu_30777,annotations_context,"Poem: 即事

Scholarly Annotations:
  一作天畔
  一作州",45,Du Fu (杜甫),759年,即事,律詩,Classical Chinese,,,,2.0
dufu_chunk_1630,dufu_30874,poem_content,"Poem Title: 舍弟觀赴藍田取妻子到江陵喜寄三首

Poem Text:
汝迎妻子達荆州，
消息真傳解我憂。
鴻雁影來連峽內，
鶺鴒飛急到沙頭。
嶢關險路今虛遠，
禹鑿寒江正穩流。
朱紱即當隨彩鷁，
青春不假報黃牛。

Creation Date: 767年
Location: CN500236,东屯
Poem Type: 律詩",169,Du Fu (杜甫),767年,舍弟觀赴藍田取妻子到江陵喜寄三首,律詩,Classical Chinese,True,False,,
dufu_chunk_1631,dufu_30874,allusions_context,"Poem: 舍弟觀赴藍田取妻子到江陵喜寄三首

Literary Allusions and References:
  鴻雁
  鶺鴒",68,Du Fu (杜甫),767年,舍弟觀赴藍田取妻子到江陵喜寄三首,律詩,Classical Chinese,,,2.0,
dufu_chunk_1632,dufu_30875,poem_content,"Poem Title: 舍弟觀赴藍田取妻子到江陵喜寄三首

Poem Text:
馬度秦關雪正深，
北來肌骨苦寒侵。
他鄉就我生春色，
故國移居見客心。
賸欲提攜如意舞，
喜多行坐白頭吟。
巡檐索共梅花笑，
冷蘂疎枝半不禁。

Creation Date: 767年
Location: CN500236,东屯
Poem Type: 律詩",169,Du Fu (杜甫),767年,舍弟觀赴藍田取妻子到江陵喜寄三首,律詩,Classical Chinese,True,True,,
dufu_chunk_1633,dufu_30875,allusions_context,"Poem: 舍弟觀赴藍田取妻子到江陵喜寄三首

Literary Allusions and References:
  如意舞",64,Du Fu (杜甫),767年,舍弟觀赴藍田取妻子到江陵喜寄三首,律詩,Classical Chinese,,,1.0,
dufu_chunk_1634,dufu_30875,annotations_context,"Poem: 舍弟觀赴藍田取妻子到江陵喜寄三首

Scholarly Annotations:
  一作瘦
  一作山
  一作歡劇
  一作近
  一作落",77,Du Fu (杜甫),767年,舍弟觀赴藍田取妻子到江陵喜寄三首,律詩,Classical Chinese,,,,5.0
dufu_chunk_1635,dufu_30876,poem_content,"Poem Title: 舍弟觀赴藍田取妻子到江陵喜寄三首

Poem Text:
庾信羅含俱有宅，
春來秋去作誰家。
短牆若在從殘草，
喬木如存可假花。
卜築應同蔣詡徑，
爲園須似邵平瓜。
比年病酒開涓滴，
弟勸兄酬何怨嗟。

Creation Date: 767年
Location: CN500236,东屯
Poem Type: 律詩",169,Du Fu (杜甫),767年,舍弟觀赴藍田取妻子到江陵喜寄三首,律詩,Classical Chinese,True,True,,
dufu_chunk_1636,dufu_30876,allusions_context,"Poem: 舍弟觀赴藍田取妻子到江陵喜寄三首

Literary Allusions and References:
  蔣詡徑
  邵平瓜",70,Du Fu (杜甫),767年,舍弟觀赴藍田取妻子到江陵喜寄三首,律詩,Classical Chinese,,,2.0,
dufu_chunk_1637,dufu_30876,annotations_context,"Poem: 舍弟觀赴藍田取妻子到江陵喜寄三首

Scholarly Annotations:
  俱在江陵
  一作因
  一作斷",65,Du Fu (杜甫),767年,舍弟觀赴藍田取妻子到江陵喜寄三首,律詩,Classical Chinese,,,,3.0
dufu_chunk_1638,dufu_30528,poem_content,"Poem Title: 七月一日題終明府水樓二首

Poem Text:
高棟曾軒已自涼，
秋風此日灑衣裳。
翛然欲下陰山雪，
不去非無漢署香。
絕壁過雲開錦繡，
疎松夾水奏笙簧。
看君宜著王喬履，
真賜還疑出尚方。

Creation Date: 767年7月1日
Location: CN500236,水楼
Poem Type: 律詩",169,Du Fu (杜甫),767年7月1日,七月一日題終明府水樓二首,律詩,Classical Chinese,True,True,,
dufu_chunk_1639,dufu_30528,allusions_context,"Poem: 七月一日題終明府水樓二首

Literary Allusions and References:
  漢署香",60,Du Fu (杜甫),767年7月1日,七月一日題終明府水樓二首,律詩,Classical Chinese,,,1.0,
dufu_chunk_1640,dufu_30528,annotations_context,"Poem: 七月一日題終明府水樓二首

Scholarly Annotations:
  一作隔
  原注：終明府，功曹也。兼攝奉節令，故有此句，佇觀奏即真也",79,Du Fu (杜甫),767年7月1日,七月一日題終明府水樓二首,律詩,Classical Chinese,,,,2.0
dufu_chunk_1641,dufu_30529,poem_content,"Poem Title: 七月一日題終明府水樓二首

Poem Text:
宓子彈琴邑宰日，
終軍棄繻英妙時。
承家節操尚不泯，
爲政風流今在茲。
可憐賓客盡傾蓋，
何處老翁來賦詩。
楚江巫峽半雲雨，
清簟疎簾看弈棊。

Creation Date: 767年7月1日
Location: CN500236,水楼
Poem Type: 律詩",169,Du Fu (杜甫),767年7月1日,七月一日題終明府水樓二首,律詩,Classical Chinese,True,False,,
dufu_chunk_1642,dufu_30529,allusions_context,"Poem: 七月一日題終明府水樓二首

Literary Allusions and References:
  傾蓋
  宓子彈琴
  巫峽
  終軍棄繻",78,Du Fu (杜甫),767年7月1日,七月一日題終明府水樓二首,律詩,Classical Chinese,,,4.0,
dufu_chunk_1643,dufu_31203,poem_content,"Poem Title: 簡吳郎司法

Poem Text:
有客乘舸自忠州，
遣騎安置瀼西頭。
古堂本買藉疎豁，
借汝遷居停宴遊。
雲石熒熒高葉曙，
風江颯颯亂帆秋。
却爲姻婭過逢地，
許坐曾軒數散愁。

Creation Date: 767年
Location: CN500236,东屯
Poem Type: 律詩",158,Du Fu (杜甫),767年,簡吳郎司法,律詩,Classical Chinese,False,True,,
dufu_chunk_1644,dufu_31203,annotations_context,"Poem: 簡吳郎司法

Scholarly Annotations:
  時甫又移居東屯，故以瀼西草堂借吳郎
  一作曉",61,Du Fu (杜甫),767年,簡吳郎司法,律詩,Classical Chinese,,,,2.0
dufu_chunk_1645,dufu_30558,poem_content,"Poem Title: 又呈吳郎

Poem Text:
堂前撲棗任西鄰，
無食無兒一婦人。
不爲困窮寧有此，
祗緣恐懼轉須親。
即防遠客雖多事，
使插疎籬却甚真。
已訴徵求貧到骨，
正思戎馬淚盈巾。

Creation Date: 767年
Location: CN500236,东屯
Poem Type: 律詩",157,Du Fu (杜甫),767年,又呈吳郎,律詩,Classical Chinese,False,True,,
dufu_chunk_1646,dufu_30558,annotations_context,"Poem: 又呈吳郎

Scholarly Annotations:
  漢王吉婦以撲東家棗實被遣
  一作知
  一作便",61,Du Fu (杜甫),767年,又呈吳郎,律詩,Classical Chinese,,,,3.0
dufu_chunk_1647,dufu_31789,poem_content,"Poem Title: 覃山人隱居

Poem Text:
南極老人自有星，
北山移文誰勒銘。
徵君已去獨松菊，
哀壑無光留戶庭。
予見亂離不得已，
子知出處必須經。
高車駟馬帶傾覆，
悵望秋天虛翠屏。

Creation Date: 767年
Location: CN500236
Poem Type: 律詩",155,Du Fu (杜甫),767年,覃山人隱居,律詩,Classical Chinese,True,False,,
dufu_chunk_1648,dufu_31789,allusions_context,"Poem: 覃山人隱居

Literary Allusions and References:
  北山移文
  老人星",60,Du Fu (杜甫),767年,覃山人隱居,律詩,Classical Chinese,,,2.0,
dufu_chunk_1649,dufu_30985,poem_content,"Poem Title: 送李八祕書赴杜相公幕

Poem Text:
青簾白舫益州來，
巫峽秋濤天地迴。
石出倒聽楓葉下，
櫓搖背指菊花開。
貪趨相府今晨發，
恐失佳期後命催。
南極一星朝北斗，
五雲多處是三台。

Creation Date: 767年9月
Location: CN500236,瀼西
Poem Type: 律詩",165,Du Fu (杜甫),767年9月,送李八祕書赴杜相公幕,律詩,Classical Chinese,False,True,,
dufu_chunk_1650,dufu_30985,annotations_context,"Poem: 送李八祕書赴杜相公幕

Scholarly Annotations:
  一作校
  原注：相公朝謁，今赴後期也。杜鴻漸以黃門侍郎同平章事鎮蜀。
  灧澦堆",84,Du Fu (杜甫),767年9月,送李八祕書赴杜相公幕,律詩,Classical Chinese,,,,3.0
dufu_chunk_1651,dufu_30852,poem_content,"Poem Title: 季夏送鄉弟韶陪黃門從叔朝謁

Poem Text:
令弟尚爲蒼水使，
名家莫出杜陵人。
比來相國兼安蜀，
歸赴朝廷已入秦。
舍舟策馬論兵地，
拖玉腰金報主身。
莫度清秋吟蟋蟀，
早聞黃閣畫麒麟。

Creation Date: 767年
Location: CN500236,瀼西
Poem Type: 律詩",166,Du Fu (杜甫),767年,季夏送鄉弟韶陪黃門從叔朝謁,律詩,Classical Chinese,True,True,,
dufu_chunk_1652,dufu_30852,allusions_context,"Poem: 季夏送鄉弟韶陪黃門從叔朝謁

Literary Allusions and References:
  蒼水使
  畫麒麟",67,Du Fu (杜甫),767年,季夏送鄉弟韶陪黃門從叔朝謁,律詩,Classical Chinese,,,2.0,
dufu_chunk_1653,dufu_30852,annotations_context,"Poem: 季夏送鄉弟韶陪黃門從叔朝謁

Scholarly Annotations:
  即杜鴻漸
  原注：韶比兼開江使，通成都外江下峽舟船
  一作此",78,Du Fu (杜甫),767年,季夏送鄉弟韶陪黃門從叔朝謁,律詩,Classical Chinese,,,,3.0
dufu_chunk_1654,dufu_30630,poem_content,"Poem Title: 見螢火

Poem Text:
巫山秋夜螢火飛，
簾疎巧入坐人衣。
忽驚屋裏琴書冷，
復亂檐邊星宿稀。
却繞井闌添箇箇，
偶經花蘂弄輝輝。
蒼江白髮愁看汝，
來歲如今歸未歸。

Creation Date: 767年
Location: CN500236,瀼西
Poem Type: 律詩",156,Du Fu (杜甫),767年,見螢火,律詩,Classical Chinese,False,False,,
dufu_chunk_1655,dufu_30780,poem_content,"Poem Title: 吹笛

Poem Text:
吹笛秋山風月清，
誰家巧作斷腸聲。
風飄律呂相和切，
月傍關山幾處明。
胡騎中宵堪北走，
武陵一曲想南征。
故園楊柳今搖落，
何得愁中曲盡生。

Creation Date: 766年
Location: CN500236,西阁
Poem Type: 律詩",155,Du Fu (杜甫),766年,吹笛,律詩,Classical Chinese,True,True,,
dufu_chunk_1656,dufu_30780,allusions_context,"Poem: 吹笛

Literary Allusions and References:
  武陵曲",50,Du Fu (杜甫),766年,吹笛,律詩,Classical Chinese,,,1.0,
dufu_chunk_1657,dufu_30780,annotations_context,"Poem: 吹笛

Scholarly Annotations:
  一作風山
  一作倚
  一作催，一作花
  一作却",61,Du Fu (杜甫),766年,吹笛,律詩,Classical Chinese,,,,4.0
dufu_chunk_1658,dufu_30628,poem_content,"Poem Title: 見王監兵馬使說近山有白黑二鷹羅者久取竟未能得王以爲毛骨有異他鷹恐臘後春生鶱飛避暖勁翮思秋之甚眇不可見請余賦詩

Poem Text:
雪飛玉立盡清秋，
不惜奇毛恣遠遊。
在野只教心力破，
千人何事網羅求。
一生自獵知無敵，
百中爭能恥下韝。
鵬礙九天須却避，
兔藏三穴莫深憂。

Creation Date: 766年
Location: CN500236
Poem Type: 律詩",204,Du Fu (杜甫),766年,見王監兵馬使說近山有白黑二鷹羅者久取竟未能得王以爲毛骨有異他鷹恐臘後春生鶱飛避暖勁翮思秋之甚眇不可見請余賦詩,律詩,Classical Chinese,True,True,,
dufu_chunk_1659,dufu_30628,allusions_context,"Poem: 見王監兵馬使說近山有白黑二鷹羅者久取竟未能得王以爲毛骨有異他鷹恐臘後春生鶱飛避暖勁翮思秋之甚眇不可見請余賦詩

Literary Allusions and References:
  三窟",101,Du Fu (杜甫),766年,見王監兵馬使說近山有白黑二鷹羅者久取竟未能得王以爲毛骨有異他鷹恐臘後春生鶱飛避暖勁翮思秋之甚眇不可見請余賦詩,律詩,Classical Chinese,,,1.0,
dufu_chunk_1660,dufu_30628,annotations_context,"Poem: 見王監兵馬使說近山有白黑二鷹羅者久取竟未能得王以爲毛骨有異他鷹恐臘後春生鶱飛避暖勁翮思秋之甚眇不可見請余賦詩

Scholarly Annotations:
  一本有二字
  一作雲
  一作膽
  一作干，一作于
  一作經，一作營
  一作窟",130,Du Fu (杜甫),766年,見王監兵馬使說近山有白黑二鷹羅者久取竟未能得王以爲毛骨有異他鷹恐臘後春生鶱飛避暖勁翮思秋之甚眇不可見請余賦詩,律詩,Classical Chinese,,,,6.0
dufu_chunk_1661,dufu_30629,poem_content,"Poem Title: 見王監兵馬使說近山有白黑二鷹羅者久取竟未能得王以爲毛骨有異他鷹恐臘後春生鶱飛避暖勁翮思秋之甚眇不可見請余賦詩

Poem Text:
黑鷹不省人間有，
度海疑從北極來。
正翮摶風超紫塞，
立冬幾夜宿陽臺。
虞羅自各虛施巧，
春雁同歸必見猜。
萬里寒空祗一日，
金眸玉爪不凡才。

Creation Date: 766年
Location: CN500236
Poem Type: 律詩",204,Du Fu (杜甫),766年,見王監兵馬使說近山有白黑二鷹羅者久取竟未能得王以爲毛骨有異他鷹恐臘後春生鶱飛避暖勁翮思秋之甚眇不可見請余賦詩,律詩,Classical Chinese,True,True,,
dufu_chunk_1662,dufu_30629,allusions_context,"Poem: 見王監兵馬使說近山有白黑二鷹羅者久取竟未能得王以爲毛骨有異他鷹恐臘後春生鶱飛避暖勁翮思秋之甚眇不可見請余賦詩

Literary Allusions and References:
  摶風",101,Du Fu (杜甫),766年,見王監兵馬使說近山有白黑二鷹羅者久取竟未能得王以爲毛骨有異他鷹恐臘後春生鶱飛避暖勁翮思秋之甚眇不可見請余賦詩,律詩,Classical Chinese,,,1.0,
dufu_chunk_1663,dufu_30629,annotations_context,"Poem: 見王監兵馬使說近山有白黑二鷹羅者久取竟未能得王以爲毛骨有異他鷹恐臘後春生鶱飛避暖勁翮思秋之甚眇不可見請余賦詩

Scholarly Annotations:
  一本有二字
  一作玄
  一作未",104,Du Fu (杜甫),766年,見王監兵馬使說近山有白黑二鷹羅者久取竟未能得王以爲毛骨有異他鷹恐臘後春生鶱飛避暖勁翮思秋之甚眇不可見請余賦詩,律詩,Classical Chinese,,,,3.0
dufu_chunk_1664,dufu_30542,poem_content,"Poem Title: 人日二首

Poem Text:
此日此時人共得，
一談一笑俗相看。
尊前柏葉休隨酒，
勝裏金花巧耐寒。
佩劒衝星聊暫拔，
匣琴流水自須彈。
早春重引江湖興，
直道無憂行路難。

Creation Date: 768年1月7日
Location: CN500236,东屯
Poem Type: 律詩",161,Du Fu (杜甫),768年1月7日,人日二首,律詩,Classical Chinese,False,False,,
dufu_chunk_1665,dufu_30831,poem_content,"Poem Title: 奉送蜀州柏二別駕將中丞命赴江陵起居衛尚書太夫人因示從弟行軍司馬佐

Poem Text:
中丞問俗畫熊頻，
愛弟傳書彩鷁新。
遷轉五州防禦使，
起居八座太夫人。
楚宮臘送荆門水，
白帝雲偷碧海春。
報與惠連詩不惜，
知吾斑鬢總如銀。

Creation Date: 766年
Location: CN500236
Poem Type: 律詩",182,Du Fu (杜甫),766年,奉送蜀州柏二別駕將中丞命赴江陵起居衛尚書太夫人因示從弟行軍司馬佐,律詩,Classical Chinese,True,True,,
dufu_chunk_1666,dufu_30831,allusions_context,"Poem: 奉送蜀州柏二別駕將中丞命赴江陵起居衛尚書太夫人因示從弟行軍司馬佐

Literary Allusions and References:
  畫熊
  惠連",84,Du Fu (杜甫),766年,奉送蜀州柏二別駕將中丞命赴江陵起居衛尚書太夫人因示從弟行軍司馬佐,律詩,Classical Chinese,,,2.0,
dufu_chunk_1667,dufu_30831,annotations_context,"Poem: 奉送蜀州柏二別駕將中丞命赴江陵起居衛尚書太夫人因示從弟行軍司馬佐

Scholarly Annotations:
  別駕乃中丞之弟，衛伯玉時爲荆南節度、檢校工部尚書。",90,Du Fu (杜甫),766年,奉送蜀州柏二別駕將中丞命赴江陵起居衛尚書太夫人因示從弟行軍司馬佐,律詩,Classical Chinese,,,,1.0
dufu_chunk_1668,dufu_30683,poem_content,"Poem Title: 宇文晁尚書之甥崔彧司業之孫尚書之子重泛鄭監前湖

Poem Text:
郊扉俗遠長幽寂，
野水春來更接連。
錦席淹留還出浦，
葛巾欹側未迴船。
尊當霞綺輕初散，
櫂拂荷珠碎却圓。
不但習池歸酩酊，
君看鄭谷去夤緣。

Creation Date: 768年
Location: CN421024
Poem Type: 律詩",173,Du Fu (杜甫),768年,宇文晁尚書之甥崔彧司業之孫尚書之子重泛鄭監前湖,律詩,Classical Chinese,True,True,,
dufu_chunk_1669,dufu_30683,allusions_context,"Poem: 宇文晁尚書之甥崔彧司業之孫尚書之子重泛鄭監前湖

Literary Allusions and References:
  習池
  鄭谷",75,Du Fu (杜甫),768年,宇文晁尚書之甥崔彧司業之孫尚書之子重泛鄭監前湖,律詩,Classical Chinese,,,2.0,
dufu_chunk_1670,dufu_30683,annotations_context,"Poem: 宇文晁尚書之甥崔彧司業之孫尚書之子重泛鄭監前湖

Scholarly Annotations:
  中有脫字
  審",64,Du Fu (杜甫),768年,宇文晁尚書之甥崔彧司業之孫尚書之子重泛鄭監前湖,律詩,Classical Chinese,,,,2.0
dufu_chunk_1671,dufu_30682,poem_content,"Poem Title: 多病執熱奉懷李尚書

Poem Text:
衰年正苦病侵凌，
首夏何須氣鬱蒸。
大水淼茫炎海接，
奇峰硉兀火雲升。
思霑道暍黃梅雨，
敢望宮恩玉井冰。
不是尚書期不顧，
山陰野雪興難乘。

Creation Date: 768年4月
Location: CN421024
Poem Type: 律詩",161,Du Fu (杜甫),768年4月,多病執熱奉懷李尚書,律詩,Classical Chinese,True,True,,
dufu_chunk_1672,dufu_30682,allusions_context,"Poem: 多病執熱奉懷李尚書

Literary Allusions and References:
  一棹剡溪
  尚書期",64,Du Fu (杜甫),768年4月,多病執熱奉懷李尚書,律詩,Classical Chinese,,,2.0,
dufu_chunk_1673,dufu_30682,annotations_context,"Poem: 多病執熱奉懷李尚書

Scholarly Annotations:
  之芳
  陳遵留北部刺史飲，不遣去，刺史入叩遵母曰：“當對尚書，有期會。”乃自後閣逸去
  一作夜",91,Du Fu (杜甫),768年4月,多病執熱奉懷李尚書,律詩,Classical Chinese,,,,3.0
dufu_chunk_1674,dufu_30724,poem_content,"Poem Title: 江陵節度陽城郡王新樓成王請嚴侍御判官賦七字句同作

Poem Text:
樓上炎天冰雪生，
高飛燕雀賀新成。
碧窗宿霧濛濛濕，
朱栱浮雲細細輕。
杖鉞褰帷瞻具美，
投壺散帙有餘清。
自公多暇延參佐，
江漢風流萬古情。

Creation Date: 768年
Location: CN421024
Poem Type: 律詩",174,Du Fu (杜甫),768年,江陵節度陽城郡王新樓成王請嚴侍御判官賦七字句同作,律詩,Classical Chinese,True,False,,
dufu_chunk_1675,dufu_30724,allusions_context,"Poem: 江陵節度陽城郡王新樓成王請嚴侍御判官賦七字句同作

Literary Allusions and References:
  延參佐
  褰帷
  投壺",82,Du Fu (杜甫),768年,江陵節度陽城郡王新樓成王請嚴侍御判官賦七字句同作,律詩,Classical Chinese,,,3.0,
dufu_chunk_1676,dufu_30557,poem_content,"Poem Title: 又作此奉衛公

Poem Text:
西北樓成雄楚都，
遠開山岳散江湖。
二儀清濁還高下，
三伏炎蒸定有無。
推轂幾年唯鎮靜，
曳裾終日盛文儒。
白頭授簡焉能賦，
媿似相如爲大夫。

Creation Date: 768年
Location: CN421024
Poem Type: 律詩",156,Du Fu (杜甫),768年,又作此奉衛公,律詩,Classical Chinese,True,False,,
dufu_chunk_1677,dufu_30557,allusions_context,"Poem: 又作此奉衛公

Literary Allusions and References:
  曳裾
  推轂
  授簡",63,Du Fu (杜甫),768年,又作此奉衛公,律詩,Classical Chinese,,,3.0,
dufu_chunk_1678,dufu_31827,poem_content,"Poem Title: 暮歸

Poem Text:
霜黃碧梧白鶴棲，
城上擊柝復烏啼。
客子入門月皎皎，
誰家擣練風淒淒。
南渡桂水闕舟檝，
北歸秦川多鼓鞞。
年過半百不稱意，
明日看雲還杖藜。

Creation Date: 768年
Location: CN421024
Poem Type: 律詩",152,Du Fu (杜甫),768年,暮歸,律詩,Classical Chinese,False,True,,
dufu_chunk_1679,dufu_31827,annotations_context,"Poem: 暮歸

Scholarly Annotations:
  一作洛",38,Du Fu (杜甫),768年,暮歸,律詩,Classical Chinese,,,,1.0
dufu_chunk_1680,dufu_30594,poem_content,"Poem Title: 公安送韋二少府匡贊

Poem Text:
逍遙公後世多賢，
送爾維舟惜此筵。
念我能書數字至，
將詩不必萬人傳。
時危兵甲黃塵裏，
日短江湖白髮前。
古往今來皆涕淚，
斷腸分手各風煙。

Creation Date: 768年
Location: CN421022
Poem Type: 律詩",159,Du Fu (杜甫),768年,公安送韋二少府匡贊,律詩,Classical Chinese,False,True,,
dufu_chunk_1681,dufu_30594,annotations_context,"Poem: 公安送韋二少府匡贊

Scholarly Annotations:
  後周韋夐，號逍遙公，唐嗣立，號小逍遙公
  一作常能",68,Du Fu (杜甫),768年,公安送韋二少府匡贊,律詩,Classical Chinese,,,,2.0
dufu_chunk_1682,dufu_31044,poem_content,"Poem Title: 留別公安太易沙門

Poem Text:
隱居欲就廬山遠，
麗藻初逢休上人。
數問舟航留製作，
長開篋笥擬心神。
沙村白雪仍含凍，
江縣紅梅已放春。
先蹋爐峰置蘭若，
徐飛錫杖出風塵。

Creation Date: 768年
Location: CN421022
Poem Type: 律詩",158,Du Fu (杜甫),768年,留別公安太易沙門,律詩,Classical Chinese,True,False,,
dufu_chunk_1683,dufu_31044,allusions_context,"Poem: 留別公安太易沙門

Literary Allusions and References:
  休上人",56,Du Fu (杜甫),768年,留別公安太易沙門,律詩,Classical Chinese,,,1.0,
dufu_chunk_1684,dufu_30634,poem_content,"Poem Title: 長沙送李十一

Poem Text:
與子避地西康州，
洞庭相逢十二秋。
遠媿尚方曾賜履，
竟非吾土倦登樓。
久存膠漆應難竝，
一辱泥塗遂晚收。
李杜齊名真忝竊，
朔雲寒菊倍離憂。

Creation Date: 770年
Location: CN430121
Poem Type: 律詩",156,Du Fu (杜甫),770年,長沙送李十一,律詩,Classical Chinese,True,True,,
dufu_chunk_1685,dufu_30634,allusions_context,"Poem: 長沙送李十一

Literary Allusions and References:
  事劉
  李杜齊名",60,Du Fu (杜甫),770年,長沙送李十一,律詩,Classical Chinese,,,2.0,
dufu_chunk_1686,dufu_30634,annotations_context,"Poem: 長沙送李十一

Scholarly Annotations:
  銜
  用杜密、李膺、李固、杜喬舊事爲喻",59,Du Fu (杜甫),770年,長沙送李十一,律詩,Classical Chinese,,,,2.0
dufu_chunk_1687,dufu_31251,poem_content,"Poem Title: 燕子來舟中作

Poem Text:
湖南爲客動經春，
燕子銜泥兩度新。
舊入故園常識主，
如今社日遠看人。
可憐處處巢君室，
何異飄飄託此身。
暫語船檣還起去，
穿花落水益霑巾。

Creation Date: 770年
Location: CN430121
Poem Type: 律詩",156,Du Fu (杜甫),770年,燕子來舟中作,律詩,Classical Chinese,False,True,,
dufu_chunk_1688,dufu_31251,annotations_context,"Poem: 燕子來舟中作

Scholarly Annotations:
  一作居
  范德機云：“善本作帖水。”",58,Du Fu (杜甫),770年,燕子來舟中作,律詩,Classical Chinese,,,,2.0
dufu_chunk_1689,dufu_30573,poem_content,"Poem Title: 小寒食舟中作

Poem Text:
佳辰強飯食猶寒，
隱几蕭條帶鶡冠。
春水船如天上坐，
老年花似霧中看。
娟娟戲蝶過閑幔，
片片輕鷗下急湍。
雲白山清萬餘里，
愁看直北是長安。

Creation Date: 770年
Location: CN430121
Poem Type: 律詩",156,Du Fu (杜甫),770年,小寒食舟中作,律詩,Classical Chinese,True,True,,
dufu_chunk_1690,dufu_30573,allusions_context,"Poem: 小寒食舟中作

Literary Allusions and References:
  鶡冠",53,Du Fu (杜甫),770年,小寒食舟中作,律詩,Classical Chinese,,,1.0,
dufu_chunk_1691,dufu_30573,annotations_context,"Poem: 小寒食舟中作

Scholarly Annotations:
  一昨飲
  一作開
  一作西",54,Du Fu (杜甫),770年,小寒食舟中作,律詩,Classical Chinese,,,,3.0
dufu_chunk_1692,dufu_31255,poem_content,"Poem Title: 贈韋七贊善

Poem Text:
鄉里衣冠不乏賢，
杜陵韋曲未央前。
爾家最近魁三象，
時論同歸尺五天。
北走關山開雨雪，
南遊花柳塞雲煙。
洞庭春色悲公子，
鰕菜忘歸范蠡船。

Creation Date: 770年
Location: CN430121
Poem Type: 律詩",155,Du Fu (杜甫),770年,贈韋七贊善,律詩,Classical Chinese,True,True,,
dufu_chunk_1693,dufu_31255,allusions_context,"Poem: 贈韋七贊善

Literary Allusions and References:
  尺五天
  范蠡",58,Du Fu (杜甫),770年,贈韋七贊善,律詩,Classical Chinese,,,2.0,
dufu_chunk_1694,dufu_31255,annotations_context,"Poem: 贈韋七贊善

Scholarly Annotations:
  原注：斗魁下兩兩相比爲三台
  一云因侵
  原注：俚語云：“城南韋杜，去天尺五。”
  一作河
  一作風
  一作萬里",99,Du Fu (杜甫),770年,贈韋七贊善,律詩,Classical Chinese,,,,6.0
dufu_chunk_1695,dufu_31218,poem_content,"Poem Title: 酬郭十五受判官

Poem Text:
才微歲老尚虛名，
臥病江湖春復生。
藥裹關心詩總廢，
花枝照眼句還成。
只同燕石能星隕，
自得隋珠覺夜明。
喬口橘洲風浪促，
繫帆何惜片時程。

Creation Date: 769年
Location: CN4304
Poem Type: 律詩",155,Du Fu (杜甫),769年,酬郭十五受判官,律詩,Classical Chinese,True,True,,
dufu_chunk_1696,dufu_31218,allusions_context,"Poem: 酬郭十五受判官

Literary Allusions and References:
  隋珠
  燕石",59,Du Fu (杜甫),769年,酬郭十五受判官,律詩,Classical Chinese,,,2.0,
dufu_chunk_1697,dufu_31218,annotations_context,"Poem: 酬郭十五受判官

Scholarly Annotations:
  一作晚",43,Du Fu (杜甫),769年,酬郭十五受判官,律詩,Classical Chinese,,,,1.0
dufu_chunk_1698,dufu_31211,poem_content,"Poem Title: 遣悶戲呈路十九曹長

Poem Text:
江浦雷聲喧昨夜，
春城雨色動微寒。
黃鸝竝坐交愁濕，
白鷺羣飛大劇乾。
晚節漸於詩律細，
誰家數去酒杯寬。
惟吾最愛清狂客，
百徧相看意未闌。

Creation Date: 767年
Location: CN500236
Poem Type: 律詩",159,Du Fu (杜甫),767年,遣悶戲呈路十九曹長,律詩,Classical Chinese,False,True,,
dufu_chunk_1699,dufu_31211,annotations_context,"Poem: 遣悶戲呈路十九曹長

Scholarly Annotations:
  一作君醉
  一作過",52,Du Fu (杜甫),767年,遣悶戲呈路十九曹長,律詩,Classical Chinese,,,,2.0
dufu_chunk_1700,dufu_30559,poem_content,"Poem Title: 又送

Poem Text:
雙峰寂寂對春臺，
萬竹青青照客杯。
細草留連侵坐輭，
殘花悵望近人開。
同舟昨日何由得，
竝馬今朝未擬迴。
直到緜州始分首，
江邊樹裏共誰來。

Creation Date: 763年
Location: CN5107
Poem Type: 律詩",150,Du Fu (杜甫),763年,又送,律詩,Classical Chinese,False,True,,
dufu_chunk_1701,dufu_30559,annotations_context,"Poem: 又送

Scholarly Annotations:
  一作送
  右二篇見卞圜本，竝見吳若本",54,Du Fu (杜甫),763年,又送,律詩,Classical Chinese,,,,2.0
dufu_chunk_1702,dufu_30408,poem_content,"Poem Title: 因崔五侍御寄高彭州

Poem Text:
百年已過半，
秋至轉饑寒。
爲問彭州牧，
何時救急難？

Creation Date: 760年
Location: CN5101
Poem Type: 絶句",113,Du Fu (杜甫),760年,因崔五侍御寄高彭州,絶句,Classical Chinese,False,True,,
dufu_chunk_1703,dufu_30408,annotations_context,"Poem: 因崔五侍御寄高彭州

Scholarly Annotations:
  適",43,Du Fu (杜甫),760年,因崔五侍御寄高彭州,絶句,Classical Chinese,,,,1.0
dufu_chunk_1704,dufu_30427,poem_content,"Poem Title: 即事

Poem Text:
百寶裝腰帶，
真珠絡臂韝。
笑時花近眼，
舞罷錦纏頭。

Creation Date: 762年
Location: CN5101
Poem Type: 絶句",106,Du Fu (杜甫),762年,即事,絶句,Classical Chinese,False,False,,
dufu_chunk_1705,dufu_30461,poem_content,"Poem Title: 絕句

Poem Text:
江邊踏青罷，
迴首見旌旗。
風起春城暮，
高樓鼓角悲。

Creation Date: 762年
Location: CN5101
Poem Type: 絶句",106,Du Fu (杜甫),762年,絕句,絶句,Classical Chinese,False,False,,
dufu_chunk_1706,dufu_30465,poem_content,"Poem Title: 絕句二首

Poem Text:
遲日江山麗，
春風花草香。
泥融飛燕子，
沙暖睡鴛鴦。

Creation Date: 764年
Location: CN5101
Poem Type: 絶句",108,Du Fu (杜甫),764年,絕句二首,絶句,Classical Chinese,False,False,,
dufu_chunk_1707,dufu_30466,poem_content,"Poem Title: 絕句二首

Poem Text:
江碧鳥逾白，
山青花欲燃。
今春看又過，
何日是歸年。

Creation Date: 764年
Location: CN5101
Poem Type: 絶句",108,Du Fu (杜甫),764年,絕句二首,絶句,Classical Chinese,False,False,,
dufu_chunk_1708,dufu_30407,poem_content,"Poem Title: 歸鴈

Poem Text:
東來萬里客，
亂定幾年歸。
腸斷江城鴈，
高高正北飛。

Creation Date: 764年
Location: CN5101
Poem Type: 絶句",106,Du Fu (杜甫),764年,歸鴈,絶句,Classical Chinese,False,True,,
dufu_chunk_1709,dufu_30407,annotations_context,"Poem: 歸鴈

Scholarly Annotations:
  一作走
  一作向",44,Du Fu (杜甫),764年,歸鴈,絶句,Classical Chinese,,,,2.0
dufu_chunk_1710,dufu_30405,poem_content,"Poem Title: 王錄事許脩草堂貲不到聊小詰

Poem Text:
爲嗔王錄事，
不寄草堂貲。
昨屬愁春雨，
能忘欲漏時。

Creation Date: 764年
Location: CN5101
Poem Type: 絶句",117,Du Fu (杜甫),764年,王錄事許脩草堂貲不到聊小詰,絶句,Classical Chinese,False,False,,
dufu_chunk_1711,dufu_30467,poem_content,"Poem Title: 絕句六首

Poem Text:
日出籬東水，
雲生舍北泥。
竹高鳴翡翠，
沙僻舞鵾雞。

Creation Date: 764年
Location: CN5101
Poem Type: 絶句",108,Du Fu (杜甫),764年,絕句六首,絶句,Classical Chinese,False,True,,
dufu_chunk_1712,dufu_30467,annotations_context,"Poem: 絕句六首

Scholarly Annotations:
  一作鶤",40,Du Fu (杜甫),764年,絕句六首,絶句,Classical Chinese,,,,1.0
dufu_chunk_1713,dufu_30468,poem_content,"Poem Title: 絕句六首

Poem Text:
藹藹花蘂亂，
飛飛蜂蝶多。
幽棲身懶動，
客至欲如何。

Creation Date: 764年
Location: CN5101
Poem Type: 絶句",108,Du Fu (杜甫),764年,絕句六首,絶句,Classical Chinese,False,False,,
dufu_chunk_1714,dufu_30469,poem_content,"Poem Title: 絕句六首

Poem Text:
鑿井交椶葉，
開渠斷竹根。
扁舟輕褭纜，
小徑曲通村。

Creation Date: 764年
Location: CN5101
Poem Type: 絶句",108,Du Fu (杜甫),764年,絕句六首,絶句,Classical Chinese,False,True,,
dufu_chunk_1715,dufu_30469,annotations_context,"Poem: 絕句六首

Scholarly Annotations:
  舊注，交椶作井綆，一云雨壞鹽井，以椶葉覆之",58,Du Fu (杜甫),764年,絕句六首,絶句,Classical Chinese,,,,1.0
dufu_chunk_1716,dufu_30470,poem_content,"Poem Title: 絕句六首

Poem Text:
急雨捎溪足，
斜暉轉樹腰。
隔巢黃鳥竝，
翻藻白魚跳。

Creation Date: 764年
Location: CN5101
Poem Type: 絶句",108,Du Fu (杜甫),764年,絕句六首,絶句,Classical Chinese,False,False,,
dufu_chunk_1717,dufu_30471,poem_content,"Poem Title: 絕句六首

Poem Text:
舍下笋穿壁，
庭中藤刺簷。
地晴絲冉冉，
江白草纖纖。

Creation Date: 764年
Location: CN5101
Poem Type: 絶句",108,Du Fu (杜甫),764年,絕句六首,絶句,Classical Chinese,False,True,,
dufu_chunk_1718,dufu_30471,annotations_context,"Poem: 絕句六首

Scholarly Annotations:
  一作到",40,Du Fu (杜甫),764年,絕句六首,絶句,Classical Chinese,,,,1.0
dufu_chunk_1719,dufu_30472,poem_content,"Poem Title: 絕句六首

Poem Text:
江動月移石，
溪虛雲傍花。
鳥棲知故道，
帆過宿誰家。

Creation Date: 764年
Location: CN5101
Poem Type: 絶句",108,Du Fu (杜甫),764年,絕句六首,絶句,Classical Chinese,False,False,,
dufu_chunk_1720,dufu_30487,poem_content,"Poem Title: 荅鄭十七郎一絕

Poem Text:
雨後過畦潤，
花殘步屐遲。
把文驚小陸，
好客見當時。

Creation Date: 765年
Location: CN500235
Poem Type: 絶句",113,Du Fu (杜甫),765年,荅鄭十七郎一絕,絶句,Classical Chinese,False,False,,
dufu_chunk_1721,dufu_30446,poem_content,"Poem Title: 武侯廟

Poem Text:
遺廟丹青落，
空山草木長。
猶聞辭後主，
不復臥南陽。

Creation Date: 766年
Location: CN500236
Poem Type: 絶句",109,Du Fu (杜甫),766年,武侯廟,絶句,Classical Chinese,False,True,,
dufu_chunk_1722,dufu_30446,annotations_context,"Poem: 武侯廟

Scholarly Annotations:
  廟在白帝西郊
  一作古",48,Du Fu (杜甫),766年,武侯廟,絶句,Classical Chinese,,,,2.0
dufu_chunk_1723,dufu_30392,poem_content,"Poem Title: 八陣圖

Poem Text:
功蓋三分國，
名成八陣圖。
江流石不轉，
遺恨失吞吳。

Creation Date: 766年
Location: CN500236
Poem Type: 絶句",109,Du Fu (杜甫),766年,八陣圖,絶句,Classical Chinese,True,True,,
dufu_chunk_1724,dufu_30392,allusions_context,"Poem: 八陣圖

Literary Allusions and References:
  八陣付江流石轉
  三分",60,Du Fu (杜甫),766年,八陣圖,絶句,Classical Chinese,,,2.0,
dufu_chunk_1725,dufu_30392,annotations_context,"Poem: 八陣圖

Scholarly Annotations:
  諸葛亮八陳圖有三，一在夔，一在彌牟鎮，一在棊盤市，此在夔之永安宮前者。
  一作高",77,Du Fu (杜甫),766年,八陣圖,絶句,Classical Chinese,,,,2.0
dufu_chunk_1726,dufu_30449,poem_content,"Poem Title: 復愁十二首

Poem Text:
人煙生處僻，
虎跡過新蹄。
野鶻翻窺草，
村船逆上溪。

Creation Date: 767年
Location: CN500236,东屯
Poem Type: 絶句",114,Du Fu (杜甫),767年,復愁十二首,絶句,Classical Chinese,False,True,,
dufu_chunk_1727,dufu_30449,annotations_context,"Poem: 復愁十二首

Scholarly Annotations:
  一作遠出
  一作鶴，一作鷂，一作雉",56,Du Fu (杜甫),767年,復愁十二首,絶句,Classical Chinese,,,,2.0
dufu_chunk_1728,dufu_30450,poem_content,"Poem Title: 復愁十二首

Poem Text:
釣艇收緡盡，
昏鴉接翅歸。
月生初學扇，
雲細不成衣。

Creation Date: 767年
Location: CN500236,东屯
Poem Type: 絶句",114,Du Fu (杜甫),767年,復愁十二首,絶句,Classical Chinese,False,True,,
dufu_chunk_1729,dufu_30450,annotations_context,"Poem: 復愁十二首

Scholarly Annotations:
  一作鷗
  一作稀",47,Du Fu (杜甫),767年,復愁十二首,絶句,Classical Chinese,,,,2.0
dufu_chunk_1730,dufu_30451,poem_content,"Poem Title: 復愁十二首

Poem Text:
萬國尚防寇，
故園今若何。
昔歸相識少，
早已戰場多。

Creation Date: 767年
Location: CN500236,东屯
Poem Type: 絶句",114,Du Fu (杜甫),767年,復愁十二首,絶句,Classical Chinese,False,False,,
dufu_chunk_1731,dufu_30452,poem_content,"Poem Title: 復愁十二首

Poem Text:
身覺省郎在，
家須農事歸。
年深荒草徑，
老恐失柴扉。

Creation Date: 767年
Location: CN500236,东屯
Poem Type: 絶句",114,Du Fu (杜甫),767年,復愁十二首,絶句,Classical Chinese,False,False,,
dufu_chunk_1732,dufu_30453,poem_content,"Poem Title: 復愁十二首

Poem Text:
金絲鏤箭鏃，
皂尾製旗竿。
一自風塵起，
猶嗟行路難。

Creation Date: 767年
Location: CN500236,东屯
Poem Type: 絶句",114,Du Fu (杜甫),767年,復愁十二首,絶句,Classical Chinese,False,True,,
dufu_chunk_1733,dufu_30453,annotations_context,"Poem: 復愁十二首

Scholarly Annotations:
  一作縷
  一作掣",47,Du Fu (杜甫),767年,復愁十二首,絶句,Classical Chinese,,,,2.0
dufu_chunk_1734,dufu_30454,poem_content,"Poem Title: 復愁十二首

Poem Text:
胡虜何曾盛，
干戈不肯休。
閭閻聽小子，
談話覓封侯。

Creation Date: 767年
Location: CN500236,东屯
Poem Type: 絶句",114,Du Fu (杜甫),767年,復愁十二首,絶句,Classical Chinese,False,True,,
dufu_chunk_1735,dufu_30454,annotations_context,"Poem: 復愁十二首

Scholarly Annotations:
  一作笑",41,Du Fu (杜甫),767年,復愁十二首,絶句,Classical Chinese,,,,1.0
dufu_chunk_1736,dufu_30455,poem_content,"Poem Title: 復愁十二首

Poem Text:
貞觀銅牙弩，
開元錦獸張。
花門小前好，
此物棄沙場。

Creation Date: 767年
Location: CN500236,东屯
Poem Type: 絶句",114,Du Fu (杜甫),767年,復愁十二首,絶句,Classical Chinese,False,True,,
dufu_chunk_1737,dufu_30455,annotations_context,"Poem: 復愁十二首

Scholarly Annotations:
  一作箭",41,Du Fu (杜甫),767年,復愁十二首,絶句,Classical Chinese,,,,1.0
dufu_chunk_1738,dufu_30456,poem_content,"Poem Title: 復愁十二首

Poem Text:
今日翔麟馬，
先宜駕鼓車。
無勞問河北，
諸將覺榮華。

Creation Date: 767年
Location: CN500236,东屯
Poem Type: 絶句",114,Du Fu (杜甫),767年,復愁十二首,絶句,Classical Chinese,True,True,,
dufu_chunk_1739,dufu_30456,allusions_context,"Poem: 復愁十二首

Literary Allusions and References:
  駕鼓車",53,Du Fu (杜甫),767年,復愁十二首,絶句,Classical Chinese,,,1.0,
dufu_chunk_1740,dufu_30456,annotations_context,"Poem: 復愁十二首

Scholarly Annotations:
  太宗十駿，九曰翔麟紫
  一作角，一作擢，一作搉",62,Du Fu (杜甫),767年,復愁十二首,絶句,Classical Chinese,,,,2.0
dufu_chunk_1741,dufu_30457,poem_content,"Poem Title: 復愁十二首

Poem Text:
任轉江淮粟，
休添苑囿兵。
由來貔虎士，
不滿鳳皇城。

Creation Date: 767年
Location: CN500236,东屯
Poem Type: 絶句",114,Du Fu (杜甫),767年,復愁十二首,絶句,Classical Chinese,True,False,,
dufu_chunk_1742,dufu_30457,allusions_context,"Poem: 復愁十二首

Literary Allusions and References:
  丹鳳城
  貔虎",58,Du Fu (杜甫),767年,復愁十二首,絶句,Classical Chinese,,,2.0,
dufu_chunk_1743,dufu_30458,poem_content,"Poem Title: 復愁十二首

Poem Text:
江上亦秋色，
火雲終不移。
巫山猶錦樹，
南國且黃鸝。

Creation Date: 767年
Location: CN500236,东屯
Poem Type: 絶句",114,Du Fu (杜甫),767年,復愁十二首,絶句,Classical Chinese,False,False,,
dufu_chunk_1744,dufu_30459,poem_content,"Poem Title: 復愁十二首

Poem Text:
每恨陶彭澤，
無錢對菊花。
如今九日至，
自覺酒須賒。

Creation Date: 767年
Location: CN500236,东屯
Poem Type: 絶句",114,Du Fu (杜甫),767年,復愁十二首,絶句,Classical Chinese,True,False,,
dufu_chunk_1745,dufu_30459,allusions_context,"Poem: 復愁十二首

Literary Allusions and References:
  無錢對菊",54,Du Fu (杜甫),767年,復愁十二首,絶句,Classical Chinese,,,1.0,
dufu_chunk_1746,dufu_30460,poem_content,"Poem Title: 復愁十二首

Poem Text:
病減詩仍拙，
吟多意有餘。
莫看江總老，
猶被賞時魚。

Creation Date: 767年
Location: CN500236,东屯
Poem Type: 絶句",114,Du Fu (杜甫),767年,復愁十二首,絶句,Classical Chinese,True,True,,
dufu_chunk_1747,dufu_30460,allusions_context,"Poem: 復愁十二首

Literary Allusions and References:
  江總",52,Du Fu (杜甫),767年,復愁十二首,絶句,Classical Chinese,,,1.0,
dufu_chunk_1748,dufu_30460,annotations_context,"Poem: 復愁十二首

Scholarly Annotations:
  銀魚也",41,Du Fu (杜甫),767年,復愁十二首,絶句,Classical Chinese,,,,1.0
dufu_chunk_1749,dufu_30462,poem_content,"Poem Title: 絕句三首

Poem Text:
聞道巴山裏，
春船正好行。
都將百年興，
一望九江城。

Creation Date: 765年
Location: CN5101
Poem Type: 絶句",108,Du Fu (杜甫),765年,絕句三首,絶句,Classical Chinese,False,True,,
dufu_chunk_1750,dufu_30462,annotations_context,"Poem: 絕句三首

Scholarly Annotations:
  一作還
  一作山",46,Du Fu (杜甫),765年,絕句三首,絶句,Classical Chinese,,,,2.0
dufu_chunk_1751,dufu_30463,poem_content,"Poem Title: 絕句三首

Poem Text:
水檻溫江口，
茅堂石筍西。
移船先主廟，
洗藥浣沙溪。

Creation Date: 765年
Location: CN5101
Poem Type: 絶句",108,Du Fu (杜甫),765年,絕句三首,絶句,Classical Chinese,False,True,,
dufu_chunk_1752,dufu_30463,annotations_context,"Poem: 絕句三首

Scholarly Annotations:
  一作花",40,Du Fu (杜甫),765年,絕句三首,絶句,Classical Chinese,,,,1.0
dufu_chunk_1753,dufu_30464,poem_content,"Poem Title: 絕句三首

Poem Text:
設道春來好，
狂風大放顛。
吹花隨水去，
飜却釣魚船。

Creation Date: 765年
Location: CN5101
Poem Type: 絶句",108,Du Fu (杜甫),765年,絕句三首,絶句,Classical Chinese,False,True,,
dufu_chunk_1754,dufu_30464,annotations_context,"Poem: 絕句三首

Scholarly Annotations:
  一作謾
  一作飛",46,Du Fu (杜甫),765年,絕句三首,絶句,Classical Chinese,,,,2.0
dufu_chunk_1755,dufu_30512,poem_content,"Poem Title: 闕題

Poem Text:
三月雪連夜，
未應傷物華。
只緣春欲盡，
留著伴棃花。
Poem Type: 絶句",68,Du Fu (杜甫),Unknown,闕題,絶句,Classical Chinese,False,True,,
dufu_chunk_1756,dufu_30512,annotations_context,"Poem: 闕題

Scholarly Annotations:
  （一作嘲三月十八日雪）。（一作溫庭筠詩）
  右一首及下逸句，見《合璧事類》",73,Du Fu (杜甫),Unknown,闕題,絶句,Classical Chinese,,,,2.0
dufu_chunk_1757,dufu_30514,poem_content,"Poem Title: 赠李白

Poem Text:
秋來相顧尚飄蓬，
未就丹砂媿葛洪。
痛飲狂歌空度日，
飛揚跋扈爲誰雄。

Creation Date: 745年
Location: CN370812
Poem Type: 絶句",117,Du Fu (杜甫),745年,赠李白,絶句,Classical Chinese,True,False,,
dufu_chunk_1758,dufu_30514,allusions_context,"Poem: 赠李白

Literary Allusions and References:
  飛揚跋扈
  葛洪",57,Du Fu (杜甫),745年,赠李白,絶句,Classical Chinese,,,2.0,
dufu_chunk_1759,dufu_30429,poem_content,"Poem Title: 李司馬橋了承高使君自成都回

Poem Text:
向來江上手紛紛，
三日成功事出羣。
已傳童子騎青竹，
總擬橋東待使君。

Creation Date: 761年
Location: CN510184
Poem Type: 絶句",127,Du Fu (杜甫),761年,李司馬橋了承高使君自成都回,絶句,Classical Chinese,True,True,,
dufu_chunk_1760,dufu_30429,allusions_context,"Poem: 李司馬橋了承高使君自成都回

Literary Allusions and References:
  仙童馭竹",62,Du Fu (杜甫),761年,李司馬橋了承高使君自成都回,絶句,Classical Chinese,,,1.0,
dufu_chunk_1761,dufu_30429,annotations_context,"Poem: 李司馬橋了承高使君自成都回

Scholarly Annotations:
  一作成
  一本無承字
  一作馬",63,Du Fu (杜甫),761年,李司馬橋了承高使君自成都回,絶句,Classical Chinese,,,,3.0
dufu_chunk_1762,dufu_30490,poem_content,"Poem Title: 蕭八明府隄處覓桃栽

Poem Text:
奉乞桃栽一百根，
春前爲送浣花村。
河陽縣裏雖無數，
濯錦江邊未滿園。

Creation Date: 760年
Location: CN5101
Poem Type: 絶句",121,Du Fu (杜甫),760年,蕭八明府隄處覓桃栽,絶句,Classical Chinese,True,True,,
dufu_chunk_1763,dufu_30490,allusions_context,"Poem: 蕭八明府隄處覓桃栽

Literary Allusions and References:
  河陽",56,Du Fu (杜甫),760年,蕭八明府隄處覓桃栽,絶句,Classical Chinese,,,1.0,
dufu_chunk_1764,dufu_30490,annotations_context,"Poem: 蕭八明府隄處覓桃栽

Scholarly Annotations:
  一作實
  一作頭",51,Du Fu (杜甫),760年,蕭八明府隄處覓桃栽,絶句,Classical Chinese,,,,2.0
dufu_chunk_1765,dufu_30401,poem_content,"Poem Title: 從韋二明府續處覓綿竹

Poem Text:
華軒藹藹他年到，
綿竹亭亭出縣高。
江上舍前無此物，
幸分蒼翠拂波濤。

Creation Date: 760年
Location: CN5101
Poem Type: 絶句",122,Du Fu (杜甫),760年,從韋二明府續處覓綿竹,絶句,Classical Chinese,False,True,,
dufu_chunk_1766,dufu_30401,annotations_context,"Poem: 從韋二明府續處覓綿竹

Scholarly Annotations:
  一作錦",46,Du Fu (杜甫),760年,從韋二明府續處覓綿竹,絶句,Classical Chinese,,,,1.0
dufu_chunk_1767,dufu_30430,poem_content,"Poem Title: 憑韋少府班覓松樹子

Poem Text:
落落出羣非櫸柳，
青青不朽豈楊梅。
欲存老蓋千年意，
爲覓霜根數寸栽。

Creation Date: 760年
Location: CN5101
Poem Type: 絶句",121,Du Fu (杜甫),760年,憑韋少府班覓松樹子,絶句,Classical Chinese,False,True,,
dufu_chunk_1768,dufu_30430,annotations_context,"Poem: 憑韋少府班覓松樹子

Scholarly Annotations:
  一本下有栽字。
  一作來",55,Du Fu (杜甫),760年,憑韋少府班覓松樹子,絶句,Classical Chinese,,,,2.0
dufu_chunk_1769,dufu_30393,poem_content,"Poem Title: 又于韋處乞大邑瓷盌

Poem Text:
大邑燒瓷輕且堅，
扣如哀玉錦城傳。
君家白盌勝霜雪，
急送茅齋也可憐。

Creation Date: 760年
Location: CN5101
Poem Type: 絶句",121,Du Fu (杜甫),760年,又于韋處乞大邑瓷盌,絶句,Classical Chinese,False,True,,
dufu_chunk_1770,dufu_30393,annotations_context,"Poem: 又于韋處乞大邑瓷盌

Scholarly Annotations:
  一作寒",45,Du Fu (杜甫),760年,又于韋處乞大邑瓷盌,絶句,Classical Chinese,,,,1.0
dufu_chunk_1771,dufu_30488,poem_content,"Poem Title: 重贈鄭鍊

Poem Text:
鄭子將行罷使臣，
囊無一物獻尊親。
江山路遠羇離日，
裘馬誰爲感激人。

Creation Date: 762年
Location: CN5101
Poem Type: 絶句",116,Du Fu (杜甫),762年,重贈鄭鍊,絶句,Classical Chinese,False,False,,
dufu_chunk_1772,dufu_30394,poem_content,"Poem Title: 三絕句

Poem Text:
楸樹馨香倚釣磯，
斬新花蘂未應飛。
不如醉裏風吹盡，
可忍醒時雨打稀。

Creation Date: 762年
Location: CN5101
Poem Type: 絶句",115,Du Fu (杜甫),762年,三絕句,絶句,Classical Chinese,False,True,,
dufu_chunk_1773,dufu_30394,annotations_context,"Poem: 三絕句

Scholarly Annotations:
  一作春風
  一作何",46,Du Fu (杜甫),762年,三絕句,絶句,Classical Chinese,,,,2.0
dufu_chunk_1774,dufu_30395,poem_content,"Poem Title: 三絕句

Poem Text:
門外鸕鷀去不來，
沙頭忽見眼相猜。
自今已後知人意，
一日須來一百回。

Creation Date: 762年
Location: CN5101
Poem Type: 絶句",115,Du Fu (杜甫),762年,三絕句,絶句,Classical Chinese,False,True,,
dufu_chunk_1775,dufu_30395,annotations_context,"Poem: 三絕句

Scholarly Annotations:
  一作久",39,Du Fu (杜甫),762年,三絕句,絶句,Classical Chinese,,,,1.0
dufu_chunk_1776,dufu_30396,poem_content,"Poem Title: 三絕句

Poem Text:
無數春笋滿林生，
柴門密掩斷人行。
會須上番看成竹，
客至從嗔不出迎。

Creation Date: 762年
Location: CN5101
Poem Type: 絶句",115,Du Fu (杜甫),762年,三絕句,絶句,Classical Chinese,False,True,,
dufu_chunk_1777,dufu_30396,annotations_context,"Poem: 三絕句

Scholarly Annotations:
  去聲",38,Du Fu (杜甫),762年,三絕句,絶句,Classical Chinese,,,,1.0
dufu_chunk_1778,dufu_30411,poem_content,"Poem Title: 戲爲六絕句

Poem Text:
庾信文章老更成，
凌雲健筆意縱橫。
今人嗤點流傳賦，
不覺前賢畏後生。

Creation Date: 762年
Location: CN5101
Poem Type: 絶句",117,Du Fu (杜甫),762年,戲爲六絕句,絶句,Classical Chinese,False,False,,
dufu_chunk_1779,dufu_30412,poem_content,"Poem Title: 戲爲六絕句

Poem Text:
楊王盧駱當時體，
輕薄爲文哂未休。
爾曹身與名俱滅，
不廢江河萬古流。

Creation Date: 762年
Location: CN5101
Poem Type: 絶句",117,Du Fu (杜甫),762年,戲爲六絕句,絶句,Classical Chinese,False,True,,
dufu_chunk_1780,dufu_30412,annotations_context,"Poem: 戲爲六絕句

Scholarly Annotations:
  一作王楊",42,Du Fu (杜甫),762年,戲爲六絕句,絶句,Classical Chinese,,,,1.0
dufu_chunk_1781,dufu_30413,poem_content,"Poem Title: 戲爲六絕句

Poem Text:
縱使盧王操翰墨，
劣于漢魏近風騷。
龍文虎脊皆君馭，
歷塊過都見爾曹。

Creation Date: 762年
Location: CN5101
Poem Type: 絶句",117,Du Fu (杜甫),762年,戲爲六絕句,絶句,Classical Chinese,True,False,,
dufu_chunk_1782,dufu_30413,allusions_context,"Poem: 戲爲六絕句

Literary Allusions and References:
  虎脊
  歷塊",57,Du Fu (杜甫),762年,戲爲六絕句,絶句,Classical Chinese,,,2.0,
dufu_chunk_1783,dufu_30414,poem_content,"Poem Title: 戲爲六絕句

Poem Text:
才力應難誇數公，
凡今誰是出羣雄。
或看翡翠蘭苕上，
未掣鯨魚碧海中。

Creation Date: 762年
Location: CN5101
Poem Type: 絶句",117,Du Fu (杜甫),762年,戲爲六絕句,絶句,Classical Chinese,False,True,,
dufu_chunk_1784,dufu_30414,annotations_context,"Poem: 戲爲六絕句

Scholarly Annotations:
  一作跨",41,Du Fu (杜甫),762年,戲爲六絕句,絶句,Classical Chinese,,,,1.0
dufu_chunk_1785,dufu_30415,poem_content,"Poem Title: 戲爲六絕句

Poem Text:
不薄今人愛古人，
清詞麗句必爲鄰。
竊攀屈宋宜方駕，
恐與齊梁作後塵。

Creation Date: 762年
Location: CN5101
Poem Type: 絶句",117,Du Fu (杜甫),762年,戲爲六絕句,絶句,Classical Chinese,False,False,,
dufu_chunk_1786,dufu_30416,poem_content,"Poem Title: 戲爲六絕句

Poem Text:
未及前賢更勿疑，
遞相祖述復先誰。
別裁僞體親風雅，
轉益多師是汝師。

Creation Date: 762年
Location: CN5101
Poem Type: 絶句",117,Du Fu (杜甫),762年,戲爲六絕句,絶句,Classical Chinese,False,True,,
dufu_chunk_1787,dufu_30416,annotations_context,"Poem: 戲爲六絕句

Scholarly Annotations:
  錢謙益曰：“當甫之世，羣兒之謗傷者或不少矣，故借庾信、四子以發其意，‘嗤點流傳，輕薄爲文’，皆指並時之人也。盧、王之文，劣於漢、魏，而能江河萬古者，以其近于風騷也。況其上薄風騷，而又不劣於漢、魏者乎？‘凡今誰是出羣雄’，甫所以自命也。‘蘭苕翡翠’，指當時研揣聲病，尋摘章句之徒，鯨魚碧海，則元稹所謂渾涵汪洋，千彙萬狀，兼古人而有之者，非甫誰足以當之。‘不薄今人’以下，惜時人之是古非今不知別裁而正告之，齊、梁以下，對屈、宋言之，皆今人也。不薄今而愛古，期於清詞麗句必與古人爲鄰則可耳。今人侈言屈、宋，而轉作齊、梁之後塵。”又曰：“今人之未及前賢，以其遞相祖述，沿流失源，而不知誰爲之先也。騷、雅、漢、魏至于齊、梁、唐初，靡不有真面目，舍是則皆僞體也，別者區別之，裁者裁而去之，果能別裁僞體，則近于風雅矣。自風雅而下，至於庾信、四子，孰非我師。故曰轉益多師是汝師，呼之曰汝，所謂爾曹也。”",431,Du Fu (杜甫),762年,戲爲六絕句,絶句,Classical Chinese,,,,1.0
dufu_chunk_1788,dufu_30432,poem_content,"Poem Title: 官池春鴈二首

Poem Text:
自古稻粱多不足，
至今鸂鶒亂爲羣。
且休悵望看春水，
更恐歸飛隔暮雲。

Creation Date: 763年
Location: CN510681
Poem Type: 絶句",120,Du Fu (杜甫),763年,官池春鴈二首,絶句,Classical Chinese,False,False,,
dufu_chunk_1789,dufu_30433,poem_content,"Poem Title: 官池春鴈二首

Poem Text:
青春欲盡急還鄉，
紫塞寧論尚有霜。
翅在雲天終不遠，
力微矰繳絕須防。

Creation Date: 763年
Location: CN510681
Poem Type: 絶句",120,Du Fu (杜甫),763年,官池春鴈二首,絶句,Classical Chinese,False,False,,
dufu_chunk_1790,dufu_30398,poem_content,"Poem Title: 中丞嚴公雨中垂寄見憶一絕奉荅二絕

Poem Text:
雨映行宮辱贈詩，
元戎肯赴野人期。
江邊老病雖無力，
強擬晴天理釣絲。

Creation Date: 762年
Location: CN5101
Poem Type: 絶句",128,Du Fu (杜甫),762年,中丞嚴公雨中垂寄見憶一絕奉荅二絕,絶句,Classical Chinese,False,True,,
dufu_chunk_1791,dufu_30398,annotations_context,"Poem: 中丞嚴公雨中垂寄見憶一絕奉荅二絕

Scholarly Annotations:
  一作嚴公雨中見寄一絕奉荅兩絕
  一作官，一作雲。明皇出蜀，以行宮爲道觀
  一作欲動野人知",95,Du Fu (杜甫),762年,中丞嚴公雨中垂寄見憶一絕奉荅二絕,絶句,Classical Chinese,,,,3.0
dufu_chunk_1792,dufu_30399,poem_content,"Poem Title: 中丞嚴公雨中垂寄見憶一絕奉荅二絕

Poem Text:
何日雨晴雲出溪，
白沙青石先無泥。
只須伐竹開荒徑，
倚杖穿花聽馬嘶。

Creation Date: 762年
Location: CN5101
Poem Type: 絶句",128,Du Fu (杜甫),762年,中丞嚴公雨中垂寄見憶一絕奉荅二絕,絶句,Classical Chinese,False,True,,
dufu_chunk_1793,dufu_30399,annotations_context,"Poem: 中丞嚴公雨中垂寄見憶一絕奉荅二絕

Scholarly Annotations:
  一作嚴公雨中見寄一絕奉荅兩絕
  一作洗
  一作拄
  一作鳥啼",82,Du Fu (杜甫),762年,中丞嚴公雨中垂寄見憶一絕奉荅二絕,絶句,Classical Chinese,,,,4.0
dufu_chunk_1794,dufu_30499,poem_content,"Poem Title: 謝嚴中丞送青城山道士乳酒一瓶

Poem Text:
山瓶乳酒下青雲，
氣味濃香幸見分。
鳴鞭走送憐漁父，
洗盞開嘗對馬軍。

Creation Date: 762年
Location: CN5101
Poem Type: 絶句",126,Du Fu (杜甫),762年,謝嚴中丞送青城山道士乳酒一瓶,絶句,Classical Chinese,False,True,,
dufu_chunk_1795,dufu_30499,annotations_context,"Poem: 謝嚴中丞送青城山道士乳酒一瓶

Scholarly Annotations:
  原注：軍州謂驅使騎爲馬軍",59,Du Fu (杜甫),762年,謝嚴中丞送青城山道士乳酒一瓶,絶句,Classical Chinese,,,,1.0
dufu_chunk_1796,dufu_30417,poem_content,"Poem Title: 戲作寄上漢中王二首

Poem Text:
雲裏不聞雙鴈過，
掌中貪見一珠新。
秋風嫋嫋吹江漢，
只在他鄉何處人。

Creation Date: 763年
Location: CN510722
Poem Type: 絶句",123,Du Fu (杜甫),763年,戲作寄上漢中王二首,絶句,Classical Chinese,True,True,,
dufu_chunk_1797,dufu_30417,allusions_context,"Poem: 戲作寄上漢中王二首

Literary Allusions and References:
  去握珠",57,Du Fu (杜甫),763年,戲作寄上漢中王二首,絶句,Classical Chinese,,,1.0,
dufu_chunk_1798,dufu_30417,annotations_context,"Poem: 戲作寄上漢中王二首

Scholarly Annotations:
  原注：王新誕明珠。
  一作看",57,Du Fu (杜甫),763年,戲作寄上漢中王二首,絶句,Classical Chinese,,,,2.0
dufu_chunk_1799,dufu_30418,poem_content,"Poem Title: 戲作寄上漢中王二首

Poem Text:
謝安舟楫風還起，
梁苑池臺雪欲飛。
杳杳東山攜漢妓，
泠泠修竹待王歸。

Creation Date: 763年
Location: CN510722
Poem Type: 絶句",123,Du Fu (杜甫),763年,戲作寄上漢中王二首,絶句,Classical Chinese,True,True,,
dufu_chunk_1800,dufu_30418,allusions_context,"Poem: 戲作寄上漢中王二首

Literary Allusions and References:
  謝安舟楫
  安石妓
  兔園留寒",71,Du Fu (杜甫),763年,戲作寄上漢中王二首,絶句,Classical Chinese,,,3.0,
dufu_chunk_1801,dufu_30418,annotations_context,"Poem: 戲作寄上漢中王二首

Scholarly Annotations:
  原注：王新誕明珠。
  一作攜妓去
  一作陰陰
  時漢中王謫官蓬州",77,Du Fu (杜甫),763年,戲作寄上漢中王二首,絶句,Classical Chinese,,,,4.0
dufu_chunk_1802,dufu_30428,poem_content,"Poem Title: 投簡梓州幕府兼簡韋十郎官

Poem Text:
幕下郎官安穩無，
從來不奉一行書。
固知貧病人須棄，
能使韋郎跡也疎。

Creation Date: 763年
Location: CN510722
Poem Type: 絶句",126,Du Fu (杜甫),763年,投簡梓州幕府兼簡韋十郎官,絶句,Classical Chinese,False,True,,
dufu_chunk_1803,dufu_30428,annotations_context,"Poem: 投簡梓州幕府兼簡韋十郎官

Scholarly Annotations:
  一本無官字
  一作不
  一作關何事",64,Du Fu (杜甫),763年,投簡梓州幕府兼簡韋十郎官,絶句,Classical Chinese,,,,3.0
dufu_chunk_1804,dufu_30489,poem_content,"Poem Title: 得房公池鵝

Poem Text:
房相西亭鵝一羣，
眠沙泛浦白於雲。
鳳皇池上應迴首，
爲報籠隨王右軍。

Creation Date: 763年
Location: CN510681
Poem Type: 絶句",119,Du Fu (杜甫),763年,得房公池鵝,絶句,Classical Chinese,True,True,,
dufu_chunk_1805,dufu_30489,allusions_context,"Poem: 得房公池鵝

Literary Allusions and References:
  籠隨王右軍
  丹鳳池",61,Du Fu (杜甫),763年,得房公池鵝,絶句,Classical Chinese,,,2.0,
dufu_chunk_1806,dufu_30489,annotations_context,"Poem: 得房公池鵝

Scholarly Annotations:
  一作如",41,Du Fu (杜甫),763年,得房公池鵝,絶句,Classical Chinese,,,,1.0
dufu_chunk_1807,dufu_30486,poem_content,"Poem Title: 荅楊梓州

Poem Text:
悶到房公池水頭，
坐逢楊子鎮東州。
却向青溪不相見，
迴船應載阿戎遊。

Creation Date: 763年
Location: CN510681
Poem Type: 絶句",118,Du Fu (杜甫),763年,荅楊梓州,絶句,Classical Chinese,True,True,,
dufu_chunk_1808,dufu_30486,allusions_context,"Poem: 荅楊梓州

Literary Allusions and References:
  阿戎",51,Du Fu (杜甫),763年,荅楊梓州,絶句,Classical Chinese,,,1.0,
dufu_chunk_1809,dufu_30486,annotations_context,"Poem: 荅楊梓州

Scholarly Annotations:
  一作楊
  一作因",46,Du Fu (杜甫),763年,荅楊梓州,絶句,Classical Chinese,,,,2.0
dufu_chunk_1810,dufu_30491,poem_content,"Poem Title: 黃河二首

Poem Text:
黃河北岸海西軍，
椎鼓鳴鐘天下聞。
鐵馬長鳴不知數，
胡人高鼻動成羣。

Creation Date: 764年
Location: CN5101
Poem Type: 絶句",116,Du Fu (杜甫),764年,黃河二首,絶句,Classical Chinese,False,True,,
dufu_chunk_1811,dufu_30491,annotations_context,"Poem: 黃河二首

Scholarly Annotations:
  一作如
  雍王適至陝州，回紇屯於河北，僕固懷恩與回紇左殺爲前鋒，所謂。河北海西軍也",79,Du Fu (杜甫),764年,黃河二首,絶句,Classical Chinese,,,,2.0
dufu_chunk_1812,dufu_30492,poem_content,"Poem Title: 黃河二首

Poem Text:
黃河西岸是吾蜀，
欲須供給家無粟。
願驅衆庶戴君王，
混一車書棄金玉。

Creation Date: 764年
Location: CN5101
Poem Type: 絶句",116,Du Fu (杜甫),764年,黃河二首,絶句,Classical Chinese,False,True,,
dufu_chunk_1813,dufu_30492,annotations_context,"Poem: 黃河二首

Scholarly Annotations:
  一作北，一作南，俱非
  一作故",53,Du Fu (杜甫),764年,黃河二首,絶句,Classical Chinese,,,,2.0
dufu_chunk_1814,dufu_30431,poem_content,"Poem Title: 奉和嚴大夫軍城早秋

Poem Text:
秋風褭褭動高旌，
玉帳分弓射虜營。
已收滴博雲間戍，
更奪蓬婆雪外城。

Creation Date: 764年
Location: CN5101
Poem Type: 絶句",121,Du Fu (杜甫),764年,奉和嚴大夫軍城早秋,絶句,Classical Chinese,False,True,,
dufu_chunk_1815,dufu_30431,annotations_context,"Poem: 奉和嚴大夫軍城早秋

Scholarly Annotations:
  嶺在維州
  一作次取
  雪山外有蓬婆嶺",63,Du Fu (杜甫),764年,奉和嚴大夫軍城早秋,絶句,Classical Chinese,,,,3.0
dufu_chunk_1816,dufu_30473,poem_content,"Poem Title: 絕句四首

Poem Text:
堂西長笋別開門，
塹北行椒却背村。
梅熟許同朱老喫，
松高擬對阮生論。

Creation Date: 764年
Location: CN5101
Poem Type: 絶句",116,Du Fu (杜甫),764年,絕句四首,絶句,Classical Chinese,False,True,,
dufu_chunk_1817,dufu_30473,annotations_context,"Poem: 絕句四首

Scholarly Annotations:
  原注：朱、阮劒外相知",47,Du Fu (杜甫),764年,絕句四首,絶句,Classical Chinese,,,,1.0
dufu_chunk_1818,dufu_30474,poem_content,"Poem Title: 絕句四首

Poem Text:
欲作魚梁雲復湍，
因驚四月雨聲寒。
青溪先有蛟龍窟，
竹石如山不敢安。

Creation Date: 764年
Location: CN5101
Poem Type: 絶句",116,Du Fu (杜甫),764年,絕句四首,絶句,Classical Chinese,False,True,,
dufu_chunk_1819,dufu_30474,annotations_context,"Poem: 絕句四首

Scholarly Annotations:
  一作覆",40,Du Fu (杜甫),764年,絕句四首,絶句,Classical Chinese,,,,1.0
dufu_chunk_1820,dufu_30475,poem_content,"Poem Title: 絕句四首

Poem Text:
兩箇黃鸝鳴翠柳，
一行白鷺上青天。
窗含西嶺千秋雪，
門泊東吳萬里船。

Creation Date: 764年
Location: CN5101
Poem Type: 絶句",116,Du Fu (杜甫),764年,絕句四首,絶句,Classical Chinese,False,True,,
dufu_chunk_1821,dufu_30475,annotations_context,"Poem: 絕句四首

Scholarly Annotations:
  原注：西山白雪，四時不消",49,Du Fu (杜甫),764年,絕句四首,絶句,Classical Chinese,,,,1.0
dufu_chunk_1822,dufu_30476,poem_content,"Poem Title: 絕句四首

Poem Text:
藥條藥甲潤青青，
色過棕亭入草亭。
苗滿空山慙取譽，
根居隙地怯成形。

Creation Date: 764年
Location: CN5101
Poem Type: 絶句",116,Du Fu (杜甫),764年,絕句四首,絶句,Classical Chinese,False,True,,
dufu_chunk_1823,dufu_30476,annotations_context,"Poem: 絕句四首

Scholarly Annotations:
  一作菜",40,Du Fu (杜甫),764年,絕句四首,絶句,Classical Chinese,,,,1.0
dufu_chunk_1824,dufu_31419,poem_content,"Poem Title: 三絕句

Poem Text:
前年渝州殺刺史，
今年開州殺刺史。
羣盜相隨劇虎狼，
食人更肯留妻子。

Creation Date: 765年
Location: CN500235
Poem Type: 絶句",117,Du Fu (杜甫),765年,三絕句,絶句,Classical Chinese,False,True,,
dufu_chunk_1825,dufu_31419,annotations_context,"Poem: 三絕句

Scholarly Annotations:
  一作去",39,Du Fu (杜甫),765年,三絕句,絶句,Classical Chinese,,,,1.0
dufu_chunk_1826,dufu_31420,poem_content,"Poem Title: 三絕句

Poem Text:
二十一家同入蜀，
惟殘一人出駱谷。
自說二女齧臂時，
回頭却向秦雲哭。

Creation Date: 765年
Location: CN500235
Poem Type: 絶句",117,Du Fu (杜甫),765年,三絕句,絶句,Classical Chinese,False,False,,
dufu_chunk_1827,dufu_31421,poem_content,"Poem Title: 三絕句

Poem Text:
殿前兵馬雖驍雄，
縱暴略與羌渾同。
聞道殺人漢水上，
婦女多在官軍中。

Creation Date: 765年
Location: CN500235
Poem Type: 絶句",117,Du Fu (杜甫),765年,三絕句,絶句,Classical Chinese,False,False,,
dufu_chunk_1828,dufu_30513,poem_content,"Poem Title: 漫成一絕

Poem Text:
江月去人只數尺，
風燈照夜欲三更。
沙頭宿鷺聯拳靜，
船尾跳魚撥剌鳴。

Creation Date: 766年
Location: CN500235
Poem Type: 絶句",118,Du Fu (杜甫),766年,漫成一絕,絶句,Classical Chinese,False,True,,
dufu_chunk_1829,dufu_30513,annotations_context,"Poem: 漫成一絕

Scholarly Annotations:
  一本無一絕二字。
  一作起
  一作跋，一作潑",61,Du Fu (杜甫),766年,漫成一絕,絶句,Classical Chinese,,,,3.0
dufu_chunk_1830,dufu_30397,poem_content,"Poem Title: 上卿翁請修武侯廟遺像缺落時崔卿權夔州

Poem Text:
大賢爲政即多聞，
刺史真符不必分。
尚有西郊諸葛廟，
臥龍無首對江濆。

Creation Date: 767年
Location: CN500236,东屯
Poem Type: 絶句",135,Du Fu (杜甫),767年,上卿翁請修武侯廟遺像缺落時崔卿權夔州,絶句,Classical Chinese,False,True,,
dufu_chunk_1831,dufu_30397,annotations_context,"Poem: 上卿翁請修武侯廟遺像缺落時崔卿權夔州

Scholarly Annotations:
  崔卿，甫之舅氏。",59,Du Fu (杜甫),767年,上卿翁請修武侯廟遺像缺落時崔卿權夔州,絶句,Classical Chinese,,,,1.0
dufu_chunk_1832,dufu_30434,poem_content,"Poem Title: 承聞河北諸道節度入朝歡喜口號絕句十二首

Poem Text:
祿山作逆降天誅，
更有思明亦已無。
洶洶人寰猶不定，
時時鬬戰欲何須。

Creation Date: 767年
Location: CN500236,瀼西
Poem Type: 絶句",136,Du Fu (杜甫),767年,承聞河北諸道節度入朝歡喜口號絕句十二首,絶句,Classical Chinese,False,False,,
dufu_chunk_1833,dufu_30435,poem_content,"Poem Title: 承聞河北諸道節度入朝歡喜口號絕句十二首

Poem Text:
社稷蒼生計必安，
蠻夷雜種錯相干。
周宣漢武今王是，
孝子忠臣後代看。

Creation Date: 767年
Location: CN500236,瀼西
Poem Type: 絶句",136,Du Fu (杜甫),767年,承聞河北諸道節度入朝歡喜口號絕句十二首,絶句,Classical Chinese,False,False,,
dufu_chunk_1834,dufu_30436,poem_content,"Poem Title: 承聞河北諸道節度入朝歡喜口號絕句十二首

Poem Text:
喧喧道路多歌謠，
河北將軍盡入朝。
始是乾坤王室正，
却交江漢客魂銷。

Creation Date: 767年
Location: CN500236,瀼西
Poem Type: 絶句",136,Du Fu (杜甫),767年,承聞河北諸道節度入朝歡喜口號絕句十二首,絶句,Classical Chinese,False,True,,
dufu_chunk_1835,dufu_30436,annotations_context,"Poem: 承聞河北諸道節度入朝歡喜口號絕句十二首

Scholarly Annotations:
  一作好童
  大曆二年，淮南李忠臣、汴宋田神功、鳳翔李抱玉俱先後入朝，河北諸鎮未有入朝者，或傳聞未實耳
  一作自
  一作教",115,Du Fu (杜甫),767年,承聞河北諸道節度入朝歡喜口號絕句十二首,絶句,Classical Chinese,,,,4.0
dufu_chunk_1836,dufu_30437,poem_content,"Poem Title: 承聞河北諸道節度入朝歡喜口號絕句十二首

Poem Text:
不道諸公無表來，
茫然庶事遣人猜。
擁兵相學干戈銳，
使者徒勞百萬迴。

Creation Date: 767年
Location: CN500236,瀼西
Poem Type: 絶句",136,Du Fu (杜甫),767年,承聞河北諸道節度入朝歡喜口號絕句十二首,絶句,Classical Chinese,False,True,,
dufu_chunk_1837,dufu_30437,annotations_context,"Poem: 承聞河北諸道節度入朝歡喜口號絕句十二首

Scholarly Annotations:
  一作北
  一作茫
  一作使
  一作萬里
  此追言前此拒順之事",86,Du Fu (杜甫),767年,承聞河北諸道節度入朝歡喜口號絕句十二首,絶句,Classical Chinese,,,,5.0
dufu_chunk_1838,dufu_30438,poem_content,"Poem Title: 承聞河北諸道節度入朝歡喜口號絕句十二首

Poem Text:
鳴玉鏘金盡正臣，
修文偃武不無人。
興王會靜妖氛氣，
聖壽宜過一萬春。

Creation Date: 767年
Location: CN500236,瀼西
Poem Type: 絶句",136,Du Fu (杜甫),767年,承聞河北諸道節度入朝歡喜口號絕句十二首,絶句,Classical Chinese,False,True,,
dufu_chunk_1839,dufu_30438,annotations_context,"Poem: 承聞河北諸道節度入朝歡喜口號絕句十二首

Scholarly Annotations:
  一作盡",55,Du Fu (杜甫),767年,承聞河北諸道節度入朝歡喜口號絕句十二首,絶句,Classical Chinese,,,,1.0
dufu_chunk_1840,dufu_30439,poem_content,"Poem Title: 承聞河北諸道節度入朝歡喜口號絕句十二首

Poem Text:
英雄見事若通神，
聖哲爲心小一身。
燕趙休矜出佳麗，
宮闈不擬選才人。

Creation Date: 767年
Location: CN500236,瀼西
Poem Type: 絶句",136,Du Fu (杜甫),767年,承聞河北諸道節度入朝歡喜口號絕句十二首,絶句,Classical Chinese,False,False,,
dufu_chunk_1841,dufu_30440,poem_content,"Poem Title: 承聞河北諸道節度入朝歡喜口號絕句十二首

Poem Text:
抱病江天白首郎，
空山樓閣暮春光。
衣冠是日朝天子，
草奏何時入帝鄉。

Creation Date: 767年
Location: CN500236,瀼西
Poem Type: 絶句",136,Du Fu (杜甫),767年,承聞河北諸道節度入朝歡喜口號絕句十二首,絶句,Classical Chinese,False,True,,
dufu_chunk_1842,dufu_30440,annotations_context,"Poem: 承聞河北諸道節度入朝歡喜口號絕句十二首

Scholarly Annotations:
  一作人",55,Du Fu (杜甫),767年,承聞河北諸道節度入朝歡喜口號絕句十二首,絶句,Classical Chinese,,,,1.0
dufu_chunk_1843,dufu_30441,poem_content,"Poem Title: 承聞河北諸道節度入朝歡喜口號絕句十二首

Poem Text:
澶漫山東一百州，
削成如桉抱青丘。
苞茅重入歸關內，
王祭還供盡海頭。

Creation Date: 767年
Location: CN500236,瀼西
Poem Type: 絶句",136,Du Fu (杜甫),767年,承聞河北諸道節度入朝歡喜口號絕句十二首,絶句,Classical Chinese,False,True,,
dufu_chunk_1844,dufu_30441,annotations_context,"Poem: 承聞河北諸道節度入朝歡喜口號絕句十二首

Scholarly Annotations:
  音憚，縱逸也。莊子，澶澶爲樂",66,Du Fu (杜甫),767年,承聞河北諸道節度入朝歡喜口號絕句十二首,絶句,Classical Chinese,,,,1.0
dufu_chunk_1845,dufu_30442,poem_content,"Poem Title: 承聞河北諸道節度入朝歡喜口號絕句十二首

Poem Text:
東逾遼水北滹沱，
星象風雲喜共和。
紫氣關臨天地闊，
黃金臺貯俊賢多。

Creation Date: 767年
Location: CN500236,瀼西
Poem Type: 絶句",136,Du Fu (杜甫),767年,承聞河北諸道節度入朝歡喜口號絕句十二首,絶句,Classical Chinese,True,True,,
dufu_chunk_1846,dufu_30442,allusions_context,"Poem: 承聞河北諸道節度入朝歡喜口號絕句十二首

Literary Allusions and References:
  紫氣關
  黃金臺",73,Du Fu (杜甫),767年,承聞河北諸道節度入朝歡喜口號絕句十二首,絶句,Classical Chinese,,,2.0,
dufu_chunk_1847,dufu_30442,annotations_context,"Poem: 承聞河北諸道節度入朝歡喜口號絕句十二首

Scholarly Annotations:
  一作氣",55,Du Fu (杜甫),767年,承聞河北諸道節度入朝歡喜口號絕句十二首,絶句,Classical Chinese,,,,1.0
dufu_chunk_1848,dufu_30443,poem_content,"Poem Title: 承聞河北諸道節度入朝歡喜口號絕句十二首

Poem Text:
漁陽突騎邯鄲兒，
酒酣並轡金鞭垂。
意氣即歸雙闕舞，
雄豪復遣五陵知。

Creation Date: 767年
Location: CN500236,瀼西
Poem Type: 絶句",136,Du Fu (杜甫),767年,承聞河北諸道節度入朝歡喜口號絕句十二首,絶句,Classical Chinese,False,False,,
dufu_chunk_1849,dufu_30444,poem_content,"Poem Title: 承聞河北諸道節度入朝歡喜口號絕句十二首

Poem Text:
李相將軍擁薊門，
白頭雖老赤心存。
竟能盡說諸侯入，
知有從來天子尊。

Creation Date: 767年
Location: CN500236,瀼西
Poem Type: 絶句",136,Du Fu (杜甫),767年,承聞河北諸道節度入朝歡喜口號絕句十二首,絶句,Classical Chinese,False,True,,
dufu_chunk_1850,dufu_30444,annotations_context,"Poem: 承聞河北諸道節度入朝歡喜口號絕句十二首

Scholarly Annotations:
  謂光弼
  一作惟有",62,Du Fu (杜甫),767年,承聞河北諸道節度入朝歡喜口號絕句十二首,絶句,Classical Chinese,,,,2.0
dufu_chunk_1851,dufu_30445,poem_content,"Poem Title: 承聞河北諸道節度入朝歡喜口號絕句十二首

Poem Text:
十二年來多戰場，
天威已息陣堂堂。
神靈漢代中興主，
功業汾陽異姓王。

Creation Date: 767年
Location: CN500236,瀼西
Poem Type: 絶句",136,Du Fu (杜甫),767年,承聞河北諸道節度入朝歡喜口號絕句十二首,絶句,Classical Chinese,False,False,,
dufu_chunk_1852,dufu_30493,poem_content,"Poem Title: 喜聞盜賊蕃寇總退口號五首

Poem Text:
蕭關隴水入官軍，
青海黃河卷塞雲。
北極轉愁龍虎氣，
西戎休縱犬羊羣。

Creation Date: 768年
Location: CN500236,东屯
Poem Type: 絶句",129,Du Fu (杜甫),768年,喜聞盜賊蕃寇總退口號五首,絶句,Classical Chinese,False,True,,
dufu_chunk_1853,dufu_30493,annotations_context,"Poem: 喜聞盜賊蕃寇總退口號五首

Scholarly Annotations:
  一作闕
  一作深
  大曆二年九月，吐蕃入寇靈州，路嗣恭擊破之，旋引去",81,Du Fu (杜甫),768年,喜聞盜賊蕃寇總退口號五首,絶句,Classical Chinese,,,,3.0
dufu_chunk_1854,dufu_30494,poem_content,"Poem Title: 喜聞盜賊蕃寇總退口號五首

Poem Text:
贊普多教使入秦，
數通和好止煙塵。
朝廷忽用哥舒將，
殺伐虛悲公主親。

Creation Date: 768年
Location: CN500236,东屯
Poem Type: 絶句",129,Du Fu (杜甫),768年,喜聞盜賊蕃寇總退口號五首,絶句,Classical Chinese,False,True,,
dufu_chunk_1855,dufu_30494,annotations_context,"Poem: 喜聞盜賊蕃寇總退口號五首

Scholarly Annotations:
  一作尚
  此追言開元末金城公主卒後竟失和親，及天寶間哥舒翰攻拔石堡城。事",82,Du Fu (杜甫),768年,喜聞盜賊蕃寇總退口號五首,絶句,Classical Chinese,,,,2.0
dufu_chunk_1856,dufu_30495,poem_content,"Poem Title: 喜聞盜賊蕃寇總退口號五首

Poem Text:
崆峒西極過崑崙，
駝馬由來擁國門。
逆氣數年吹路斷，
蕃人聞道漸星奔。

Creation Date: 768年
Location: CN500236,东屯
Poem Type: 絶句",129,Du Fu (杜甫),768年,喜聞盜賊蕃寇總退口號五首,絶句,Classical Chinese,False,True,,
dufu_chunk_1857,dufu_30495,annotations_context,"Poem: 喜聞盜賊蕃寇總退口號五首

Scholarly Annotations:
  一作北",48,Du Fu (杜甫),768年,喜聞盜賊蕃寇總退口號五首,絶句,Classical Chinese,,,,1.0
dufu_chunk_1858,dufu_30496,poem_content,"Poem Title: 喜聞盜賊蕃寇總退口號五首

Poem Text:
勃律天西采玉河，
堅昆碧盌最來多。
舊隨漢使千堆寶，
少荅胡王萬匹羅。

Creation Date: 768年
Location: CN500236,东屯
Poem Type: 絶句",129,Du Fu (杜甫),768年,喜聞盜賊蕃寇總退口號五首,絶句,Classical Chinese,False,True,,
dufu_chunk_1859,dufu_30496,annotations_context,"Poem: 喜聞盜賊蕃寇總退口號五首

Scholarly Annotations:
  大小勃律在吐蕃西，去中國九千里
  于闐玉州，乃河源所出。有三玉河：東白玉，西綠玉，又西烏玉
  堅昆在葱嶺北，出琉璃盌
  一作小
  一作朝",117,Du Fu (杜甫),768年,喜聞盜賊蕃寇總退口號五首,絶句,Classical Chinese,,,,5.0
dufu_chunk_1860,dufu_30497,poem_content,"Poem Title: 喜聞盜賊蕃寇總退口號五首

Poem Text:
今春喜氣滿乾坤，
南北東西拱至尊。
大曆二年調玉燭，
玄元皇帝聖雲孫。

Creation Date: 768年
Location: CN500236,东屯
Poem Type: 絶句",129,Du Fu (杜甫),768年,喜聞盜賊蕃寇總退口號五首,絶句,Classical Chinese,False,True,,
dufu_chunk_1861,dufu_30497,annotations_context,"Poem: 喜聞盜賊蕃寇總退口號五首

Scholarly Annotations:
  一作三",48,Du Fu (杜甫),768年,喜聞盜賊蕃寇總退口號五首,絶句,Classical Chinese,,,,1.0
dufu_chunk_1862,dufu_30409,poem_content,"Poem Title: 存歿口號二首

Poem Text:
席謙不見近彈棊，
畢曜仍傳舊小詩。
玉局他年無限笑，
白楊今日幾人悲。

Creation Date: 766年
Location: CN500236
Poem Type: 絶句",120,Du Fu (杜甫),766年,存歿口號二首,絶句,Classical Chinese,True,True,,
dufu_chunk_1863,dufu_30409,allusions_context,"Poem: 存歿口號二首

Literary Allusions and References:
  白楊悲",54,Du Fu (杜甫),766年,存歿口號二首,絶句,Classical Chinese,,,1.0,
dufu_chunk_1864,dufu_30409,annotations_context,"Poem: 存歿口號二首

Scholarly Annotations:
  每篇一存一歿，是時席謙、曹霸存，畢曜、鄭虔歿。
  一作事
  原注：道士席謙善彈棊，畢曜善爲小詩",88,Du Fu (杜甫),766年,存歿口號二首,絶句,Classical Chinese,,,,3.0
dufu_chunk_1865,dufu_30410,poem_content,"Poem Title: 存歿口號二首

Poem Text:
鄭公粉繪隨長夜，
曹霸丹青已白頭。
天下何曾有山水，
人間不解重驊騮。

Creation Date: 766年
Location: CN500236
Poem Type: 絶句",120,Du Fu (杜甫),766年,存歿口號二首,絶句,Classical Chinese,True,True,,
dufu_chunk_1866,dufu_30410,allusions_context,"Poem: 存歿口號二首

Literary Allusions and References:
  驊騮",53,Du Fu (杜甫),766年,存歿口號二首,絶句,Classical Chinese,,,1.0,
dufu_chunk_1867,dufu_30410,annotations_context,"Poem: 存歿口號二首

Scholarly Annotations:
  每篇一存一歿，是時席謙、曹霸存，畢曜、鄭虔歿。
  原注：高士滎陽鄭虔善畫山水，曹霸善畫馬",84,Du Fu (杜甫),766年,存歿口號二首,絶句,Classical Chinese,,,,2.0
dufu_chunk_1868,dufu_30400,poem_content,"Poem Title: 書堂飲既夜復邀李尚書下馬月下賦絕句

Poem Text:
湖水林風相與清，
殘尊下馬復同傾。
久判野鶴如霜鬢，
遮莫鄰雞下五更。

Creation Date: 768年3月
Location: CN421024
Poem Type: 絶句",133,Du Fu (杜甫),768年3月,書堂飲既夜復邀李尚書下馬月下賦絕句,絶句,Classical Chinese,False,True,,
dufu_chunk_1869,dufu_30400,annotations_context,"Poem: 書堂飲既夜復邀李尚書下馬月下賦絕句

Scholarly Annotations:
  一作月",53,Du Fu (杜甫),768年3月,書堂飲既夜復邀李尚書下馬月下賦絕句,絶句,Classical Chinese,,,,1.0
dufu_chunk_1870,dufu_30419,poem_content,"Poem Title: 江南逢李龜年

Poem Text:
岐王宅裏尋常見，
崔九堂前幾度聞。
正是江南好風景，
落花時節又逢君。

Creation Date: 770年
Location: CN430121
Poem Type: 絶句",120,Du Fu (杜甫),770年,江南逢李龜年,絶句,Classical Chinese,False,True,,
dufu_chunk_1871,dufu_30419,annotations_context,"Poem: 江南逢李龜年

Scholarly Annotations:
  範
  原注：殿中監崔滌，中書令湜之弟
  一作值",64,Du Fu (杜甫),770年,江南逢李龜年,絶句,Classical Chinese,,,,3.0
dufu_chunk_1872,dufu_30498,poem_content,"Poem Title: 惠義寺園送辛員外

Poem Text:
朱櫻此日垂朱實，
郭外誰家負郭田。
萬里相逢貪握手，
高才却望足離筵。

Creation Date: 763年
Location: CN510722
Poem Type: 絶句",122,Du Fu (杜甫),763年,惠義寺園送辛員外,絶句,Classical Chinese,False,False,,
dufu_chunk_1873,dufu_30447,poem_content,"Poem Title: 画像题诗

Poem Text:
迎旦东风骑蹇驴，
旋呵冻手暖髯须。
洛阳无限丹青手，
还有功夫画我无？
Poem Type: 絶句",78,Du Fu (杜甫),Unknown,画像题诗,絶句,Classical Chinese,False,False,,
dufu_chunk_1874,dufu_884372,poem_content,"Poem Title: 鸚鵡杯詩

Poem Text:
雕琢形儀似隴禽，
綠楊影裏可分斟。
坐間恨不能言語，
說我平生酒量深。
Poem Type: 絶句",78,Du Fu (杜甫),Unknown,鸚鵡杯詩,絶句,Classical Chinese,False,False,,
dufu_chunk_1875,dufu_31359,poem_content,"Poem Title: 陪李北海宴歷下亭

Poem Text:
東藩駐皁蓋，
北渚凌青荷。
海內此亭古，
濟南名士多。
雲山已發興，
玉佩仍當歌。
修竹不受暑，
交流空湧波。
蘊真愜所遇，
落日將如何。
貴賤俱物役，
從公難重過。

Creation Date: 745年
Location: CN3701
Poem Type: 排律",168,Du Fu (杜甫),745年,陪李北海宴歷下亭,排律,Classical Chinese,False,True,,
dufu_chunk_1876,dufu_31359,annotations_context,"Poem: 陪李北海宴歷下亭

Scholarly Annotations:
  天寶初，李邕爲北海太守。歷下亭在齊州，以歷山得名。
  一作清河，一作清菏
  一作右
  原注：時邑人蹇處士在座",98,Du Fu (杜甫),745年,陪李北海宴歷下亭,排律,Classical Chinese,,,,4.0
dufu_chunk_1877,dufu_31283,poem_content,"Poem Title: 大雲寺贊公房四首

Poem Text:
心在水精域，
衣霑春雨時。
洞門盡徐步，
深院果幽期。
到扉開復閉，
撞鐘齋及茲。
醍醐長發性，
飲食過扶衰。
把臂有多日，
開懷無媿辭。
黃鸝度結構，
紫鴿下罘罳。
愚意會所適，
花邊行自遲。
湯休起我病，
微笑索題詩。

Creation Date: 757年
Location: CN6101
Poem Type: 排律",196,Du Fu (杜甫),757年,大雲寺贊公房四首,排律,Classical Chinese,True,True,,
dufu_chunk_1878,dufu_31283,allusions_context,"Poem: 大雲寺贊公房四首

Literary Allusions and References:
  湯休",55,Du Fu (杜甫),757年,大雲寺贊公房四首,排律,Classical Chinese,,,1.0,
dufu_chunk_1879,dufu_31283,annotations_context,"Poem: 大雲寺贊公房四首

Scholarly Annotations:
  武后幸光明寺，沙門宣政進大雲經，中有女主之符，因改爲大雲經寺。
  一作倒
  一作屣，一作履
  一作飯
  一作鶯
  一作芳菲
  一作芳",113,Du Fu (杜甫),757年,大雲寺贊公房四首,排律,Classical Chinese,,,,7.0
dufu_chunk_1880,dufu_31284,poem_content,"Poem Title: 大雲寺贊公房四首

Poem Text:
細軟青絲履，
光明白氎巾。
深藏供老宿，
取用及吾身。
自顧轉無趣，
交情何尚新。
道林才不世，
惠遠德過人。
雨瀉暮檐竹，
風吹青井芹。
天陰對圖畫，
最覺潤龍鱗。

Creation Date: 757年
Location: CN6101
Poem Type: 排律",168,Du Fu (杜甫),757年,大雲寺贊公房四首,排律,Classical Chinese,True,True,,
dufu_chunk_1881,dufu_31284,allusions_context,"Poem: 大雲寺贊公房四首

Literary Allusions and References:
  道林
  惠遠",60,Du Fu (杜甫),757年,大雲寺贊公房四首,排律,Classical Chinese,,,2.0,
dufu_chunk_1882,dufu_31284,annotations_context,"Poem: 大雲寺贊公房四首

Scholarly Annotations:
  武后幸光明寺，沙門宣政進大雲經，中有女主之符，因改爲大雲經寺。
  一作春",78,Du Fu (杜甫),757年,大雲寺贊公房四首,排律,Classical Chinese,,,,2.0
dufu_chunk_1883,dufu_31286,poem_content,"Poem Title: 大雲寺贊公房四首

Poem Text:
童兒汲井華，
慣捷缾上手。
沾灑不濡地，
埽除似無帚。
明霞爛複閣，
霽霧搴高牖。
側塞被徑花，
飄颻委墀柳。
艱難世事迫，
隱遯佳期後。
晤語契深心，
那能總箝口。
奉辭還杖策，
暫別終回首。
泱泱泥污人，
听听國多狗。
既未免羈絆，
時來憩奔走。
近公如白雪，
執熱煩何有。

Creation Date: 757年
Location: CN6101
Poem Type: 排律",224,Du Fu (杜甫),757年,大雲寺贊公房四首,排律,Classical Chinese,True,True,,
dufu_chunk_1884,dufu_31286,allusions_context,"Poem: 大雲寺贊公房四首

Literary Allusions and References:
  國多狗",56,Du Fu (杜甫),757年,大雲寺贊公房四首,排律,Classical Chinese,,,1.0,
dufu_chunk_1885,dufu_31286,annotations_context,"Poem: 大雲寺贊公房四首

Scholarly Annotations:
  武后幸光明寺，沙門宣政進大雲經，中有女主之符，因改爲大雲經寺。
  一作健
  一作在
  一作晨
  一作階
  一作浹浹
  與狺同
  一作寓",115,Du Fu (杜甫),757年,大雲寺贊公房四首,排律,Classical Chinese,,,,8.0
dufu_chunk_1886,dufu_31385,poem_content,"Poem Title: 槐葉冷淘

Poem Text:
青青高槐葉，
采掇付中廚。
新麪來近市，
汁滓宛相俱。
入鼎資過熟，
加餐愁欲無。
碧鮮俱照箸，
香飯兼苞蘆。
經齒冷於雪，
勸人投此珠。
願隨金騕褭，
走置錦屠蘇。
路遠思恐泥，
興深終不渝。
獻芹則小小，
薦藻明區區。
萬里露寒殿，
開冰清玉壺。
君王納涼晚，
此味亦時須。

Creation Date: 767年
Location: CN500236,瀼西
Poem Type: 排律",225,Du Fu (杜甫),767年,槐葉冷淘,排律,Classical Chinese,True,True,,
dufu_chunk_1887,dufu_31385,allusions_context,"Poem: 槐葉冷淘

Literary Allusions and References:
  獻芹
  薦藻
  騕褭",61,Du Fu (杜甫),767年,槐葉冷淘,排律,Classical Chinese,,,3.0,
dufu_chunk_1888,dufu_31385,annotations_context,"Poem: 槐葉冷淘

Scholarly Annotations:
  一作比
  又作廜㢝，平屋也。又酒名屠蘇，昔人居屠蘇造酒，故名",68,Du Fu (杜甫),767年,槐葉冷淘,排律,Classical Chinese,,,,2.0
dufu_chunk_1889,dufu_31293,poem_content,"Poem Title: 冬日洛城北謁玄元皇帝廟

Poem Text:
配極玄都閟，
憑虛禁禦長。
守祧嚴具禮，
掌節鎮非常。
碧瓦初寒外，
金莖一氣旁。
山河扶繡戶，
日月近雕梁。
仙李盤根大，
猗蘭奕葉光。
世家遺舊史，
道德付今王。
畫手看前輩，
吳生遠擅場。
森羅移地軸，
妙絕動宮牆。
五聖聯龍衮，
千官列雁行。
冕旒俱秀發，
旌斾盡飛揚。
翠柏深留景，
紅棃迥得霜。
風箏吹玉柱，
露井凍銀牀。
身退卑周室，
經傳拱漢皇。
谷神如不死，
養拙更何鄉。

Creation Date: 749年
Location: CN4103
Poem Type: 排律",283,Du Fu (杜甫),749年,冬日洛城北謁玄元皇帝廟,排律,Classical Chinese,True,True,,
dufu_chunk_1890,dufu_31293,allusions_context,"Poem: 冬日洛城北謁玄元皇帝廟

Literary Allusions and References:
  谷神
  經傳拱漢皇
  仙李盤根",73,Du Fu (杜甫),749年,冬日洛城北謁玄元皇帝廟,排律,Classical Chinese,,,3.0,
dufu_chunk_1891,dufu_31293,annotations_context,"Poem: 冬日洛城北謁玄元皇帝廟

Scholarly Annotations:
  原注：廟有吳道子畫五聖圖，唐書，高宗乾封元年，追尊老子爲玄元皇帝，制兩京諸州各置廟，在東都者，改爲太微宮，此詩作於稱廟之時，當是開元末年。
  一作高，一作空
  一作籞
  老君廟置令、丞各一員
  老子生而能言，指李樹爲姓。唐以李氏出自老君，追崇爲祖
  一作隨
  開元中，奉敕升老子、莊子爲列傳首，在伯夷之上
  一作冠
  明皇親注道德經，令舉子習之，減尚書、論語，而考試老子
  吳道子，陽翟人

... and 6 more annotations",275,Du Fu (杜甫),749年,冬日洛城北謁玄元皇帝廟,排律,Classical Chinese,,,,16.0
dufu_chunk_1892,dufu_31844,poem_content,"Poem Title: 贈韋左丞丈

Poem Text:
左轄頻虛位，
今年得舊儒。
相門韋氏在，
經術漢臣須。
時議歸前烈，
天倫恨莫俱。
鴒原荒宿草，
鳳沼接亨衢。
有客雖安命，
衰容豈壯夫。
家人憂几杖，
甲子混泥途。
不謂矜餘力，
還來謁大巫。
歲寒仍顧遇，
日暮且踟躕。
老驥思千里，
飢鷹待一呼。
君能微感激，
亦足慰榛蕪。

Creation Date: 750年
Location: CN6101
Poem Type: 排律",221,Du Fu (杜甫),750年,贈韋左丞丈,排律,Classical Chinese,True,True,,
dufu_chunk_1893,dufu_31844,allusions_context,"Poem: 贈韋左丞丈

Literary Allusions and References:
  大巫
  鴒原
  几杖
  老驥思千里
  泥途
  宿草",80,Du Fu (杜甫),750年,贈韋左丞丈,排律,Classical Chinese,,,6.0,
dufu_chunk_1894,dufu_31844,annotations_context,"Poem: 贈韋左丞丈

Scholarly Annotations:
  濟。天寶七年，以韋濟爲河南尹，遷尚書左丞。
  《六典》：“左右丞掌管轄省事，糾察憲章。”
  一作官
  一作列
  嗣立三子，孚、恒、濟皆知名，孚、恒皆先歿
  一作折骨效區區",128,Du Fu (杜甫),750年,贈韋左丞丈,排律,Classical Chinese,,,,6.0
dufu_chunk_1895,dufu_31312,poem_content,"Poem Title: 投贈哥舒開府二十韻

Poem Text:
今代麒麟閣，
何人第一功。
君王自神武，
駕馭必英雄。
開府當朝傑，
論兵邁古風。
先鋒百勝在，
略地兩隅空。
青海無傳箭，
天山早挂弓。
廉頗仍走敵，
魏絳已和戎。
每惜河湟棄，
新兼節制通。
智謀垂睿想，
出入冠諸公。
日月低秦樹，
乾坤繞漢宮。
胡人愁逐北，
宛馬又從東。
受命邊沙遠，
歸來御席同。
軒墀曾寵鶴，
畋獵舊非熊。
茅土加名數，
山河誓始終。
策行遺戰伐，
契合動昭融。
勳業青冥上，
交親氣概中。
未爲珠履客，
已見白頭翁。
壯節初題柱，
生涯獨轉蓬。
幾年春草歇，
今日暮途窮。
軍事留孫楚，
行間識呂蒙。
防身一長劒，
將欲倚崆峒。

Creation Date: 754年
Location: CN6101
Poem Type: 排律",365,Du Fu (杜甫),754年,投贈哥舒開府二十韻,排律,Classical Chinese,True,True,,
dufu_chunk_1896,dufu_31312,allusions_context,"Poem: 投贈哥舒開府二十韻

Literary Allusions and References:
  倚刃
  非熊
  題柱
  寵鶴
  珠履客
  麒麟閣
  君王神武
  廉頗
  識呂蒙
  孫楚
  魏絳",111,Du Fu (杜甫),754年,投贈哥舒開府二十韻,排律,Classical Chinese,,,11.0,
dufu_chunk_1897,dufu_31312,annotations_context,"Poem: 投贈哥舒開府二十韻

Scholarly Annotations:
  翰
  翰乃突騎施首領哥舒部落之裔，蕃人多以部落爲氏，初爲王忠嗣衙將，後代爲節度，屢著功河西，進封平西郡王。
  一作騏麟
  一作戰
  一作妙略
  一作飛
  一作眷
  一作軍麾
  一作宜
  一作是

... and 2 more annotations",175,Du Fu (杜甫),754年,投贈哥舒開府二十韻,排律,Classical Chinese,,,,12.0
dufu_chunk_1898,dufu_31276,poem_content,"Poem Title: 上韋左相二十韻

Poem Text:
鳳曆軒轅紀，
龍飛四十春。
八荒開壽域，
一氣轉洪鈞。
霖雨思賢佐，
丹青憶老臣。
應圖求駿馬，
驚代得麒麟。
沙汰江河濁，
調和鼎鼐新。
韋賢初相漢，
范叔已歸秦。
盛業今如此，
傳經固絕倫。
豫樟深出地，
滄海闊無津。
北斗司喉舌，
東方領搢紳。
持衡留藻鑑，
聽履上星辰。
獨步才超古，
餘波德照鄰。
聰明過管輅，
尺牘倒陳遵。
豈是池中物，
由來席上珍。
廟堂知至理，
風俗盡還淳。
才傑俱登用，
愚蒙但隱淪。
長卿多病久，
子夏索居頻。
回首驅流俗，
生涯似衆人。
巫咸不可問，
鄒魯莫容身。
感激時將晚，
蒼茫興有神。
爲公歌此曲，
涕淚在衣巾。

Creation Date: 755年
Location: CN6101
Poem Type: 排律",363,Du Fu (杜甫),755年,上韋左相二十韻,排律,Classical Chinese,True,True,,
dufu_chunk_1899,dufu_31276,allusions_context,"Poem: 上韋左相二十韻

Literary Allusions and References:
  八荒開壽域
  北斗
  司馬渴
  子夏索居
  陳遵尺牘
  池中物
  寵過韋
  丹青
  德鄰
  和鼎
  范叔
  聽履
  管輅
  沙汰
  巫咸
  席上珍
  應圖求馬
  豫章",152,Du Fu (杜甫),755年,上韋左相二十韻,排律,Classical Chinese,,,18.0,
dufu_chunk_1900,dufu_31276,annotations_context,"Poem: 上韋左相二十韻

Scholarly Annotations:
  見素。天寶元年，改侍中爲左相，中書令爲右相。十五載，見素從明皇幸蜀，至巴西，詔兼左相，封豳國公
  一作直，一作舊
  原注：相公之先人，遺風餘烈，至今稱之
  顧命，司馬第四，畢公領之，康王之誥，畢公率東方諸侯入應門右，見素兼兵部尚書，故以畢公比之
  一作餘陰照北鄰
  一作貧
  一作君",187,Du Fu (杜甫),755年,上韋左相二十韻,排律,Classical Chinese,,,,7.0
dufu_chunk_1901,dufu_31328,poem_content,"Poem Title: 奉贈太常張卿二十韻

Poem Text:
方丈三韓外，
崑崙萬國西。
建標天地闊，
詣絕古今迷。
氣得神仙迥，
恩承雨露低。
相門清議衆，
儒術大名齊。
軒冕羅天闕，
琳琅識介珪。
伶官詩必誦，
夔樂典猶稽。
健筆凌鸚鵡，
銛鋒瑩鸊鵜。
友于皆挺拔，
公望各端倪。
通籍踰青瑣，
亨衢照紫泥。
靈虯傳夕箭，
歸馬散霜蹄。
能事聞重譯，
嘉謨及遠黎。
弼諧方一展，
班序更何躋。
適越空顛躓，
遊梁竟慘悽。
謬知終畫虎，
微分是醯雞。
萍泛無休日，
桃陰想舊蹊。
吹噓人所羨，
騰躍事仍暌。
碧海真難涉，
青雲不可梯。
顧深慙鍛煉，
才小辱提攜。
檻束哀猨叫，
枝驚夜鵲棲。
幾時陪羽獵，
應指釣璜溪。

Creation Date: 754年
Location: CN6101
Poem Type: 排律",365,Du Fu (杜甫),754年,奉贈太常張卿二十韻,排律,Classical Chinese,True,True,,
dufu_chunk_1902,dufu_31328,allusions_context,"Poem: 奉贈太常張卿二十韻

Literary Allusions and References:
  釣璜
  畫虎
  鵲棲
  公望
  夔樂
  陪羽獵
  三韓
  醯雞
  友于",97,Du Fu (杜甫),754年,奉贈太常張卿二十韻,排律,Classical Chinese,,,9.0,
dufu_chunk_1903,dufu_31328,annotations_context,"Poem: 奉贈太常張卿二十韻

Scholarly Annotations:
  均。黃鶴云：“均未嘗爲太常卿，此詩當是贈垍之誤。”
  時均以求仙得幸
  一作高
  一作跡
  一作忘
  一作巧",101,Du Fu (杜甫),754年,奉贈太常張卿二十韻,排律,Classical Chinese,,,,6.0
dufu_chunk_1904,dufu_31382,poem_content,"Poem Title: 敬贈鄭諫議十韻

Poem Text:
諫官非不達，
詩義早知名。
破的由來事，
先鋒孰敢爭。
思飄雲物外，
律中鬼神驚。
毫髮無遺恨，
波瀾獨老成。
野人寧得所，
天意薄浮生。
多病休儒服，
冥搜信客旌。
築居仙縹緲，
旅食歲崢嶸。
使者求顏闔，
諸公厭禰衡。
將期一諾重，
歘使寸心傾。
君見途窮哭，
宜憂阮步兵。

Creation Date: 752年
Location: CN6101
Poem Type: 排律",223,Du Fu (杜甫),752年,敬贈鄭諫議十韻,排律,Classical Chinese,True,True,,
dufu_chunk_1905,dufu_31382,allusions_context,"Poem: 敬贈鄭諫議十韻

Literary Allusions and References:
  途窮哭
  一諾
  顏闔
  厭禰衡",71,Du Fu (杜甫),752年,敬贈鄭諫議十韻,排律,Classical Chinese,,,4.0,
dufu_chunk_1906,dufu_31382,annotations_context,"Poem: 敬贈鄭諫議十韻

Scholarly Annotations:
  一作動
  一作語",49,Du Fu (杜甫),752年,敬贈鄭諫議十韻,排律,Classical Chinese,,,,2.0
dufu_chunk_1907,dufu_31609,poem_content,"Poem Title: 奉贈鮮于京兆二十韻

Poem Text:
王國稱多士，
賢良復幾人。
異才應間出，
爽氣必殊倫。
始見張京兆，
宜居漢近臣。
驊騮開道路，
鵰鶚離風塵。
侯伯知何等，
文章實致身。
奮飛超等級，
容易失沈淪。
脫略磻谿釣，
操持郢匠斤。
雲霄今已逼，
台衮更誰親。
鳳穴雛皆好，
龍門客又新。
義聲紛感激，
敗績自逡巡。
途遠欲何向，
天高難重陳。
學詩猶孺子，
鄉賦念嘉賓。
不得同鼌錯，
吁嗟後郄詵。
計疎疑翰墨，
時過憶松筠。
獻納紆皇眷，
中間謁紫宸。
且隨諸彥集，
方覬薄才伸。
破膽遭前政，
陰謀獨秉鈞。
微生霑忌刻，
萬事益酸辛。
交合丹青地，
恩傾雨露辰。
有儒愁餓死，
早晚報平津。

Creation Date: 753年
Location: CN6101
Poem Type: 排律",365,Du Fu (杜甫),753年,奉贈鮮于京兆二十韻,排律,Classical Chinese,True,True,,
dufu_chunk_1908,dufu_31609,allusions_context,"Poem: 奉贈鮮于京兆二十韻

Literary Allusions and References:
  郢匠
  磻谿釣
  鼌錯
  丹青
  龍門客
  鳳雛
  鳳穴
  郄詵
  平津
  張京兆",104,Du Fu (杜甫),753年,奉贈鮮于京兆二十韻,排律,Classical Chinese,,,10.0,
dufu_chunk_1909,dufu_31609,annotations_context,"Poem: 奉贈鮮于京兆二十韻

Scholarly Annotations:
  鮮于仲通，天寶末爲京兆尹。
  一作世
  一作算
  一作永
  一作子夏
  一作忝
  謂李林甫",93,Du Fu (杜甫),753年,奉贈鮮于京兆二十韻,排律,Classical Chinese,,,,7.0
dufu_chunk_1910,dufu_31394,poem_content,"Poem Title: 贈特進汝陽王二十韻

Poem Text:
特進羣公表，
天人夙德升。
霜蹄千里駿，
風翮九霄鵬。
服禮求毫髮，
惟忠忘寢興。
聖情常有眷，
朝退若無憑。
仙醴來浮蟻，
奇毛或賜鷹。
清關塵不雜，
中使日相乘。
晚節嬉遊簡，
平居孝義稱。
自多親棣萼，
誰敢問山陵。
學業醇儒富，
辭華哲匠能。
筆飛鸞聳立，
章罷鳳鶱騰。
精理通談笑，
忘形向友朋。
寸長堪繾綣，
一諾豈驕矜。
已忝歸曹植，
何知對李膺。
招要恩屢至，
崇重力難勝。
披霧初歡夕，
高秋爽氣澄。
尊罍臨極浦，
鳧雁宿張燈。
花月窮游宴，
炎天避鬱蒸。
研寒金井水，
檐動玉壺冰。
瓢飲唯三徑，
巖棲在百層。
且持蠡測海，
況挹酒如澠。
鴻寶寧全祕，
丹梯庶可凌。
淮王門有客，
終不媿孫登。

Creation Date: 746年
Location: CN6101
Poem Type: 排律",393,Du Fu (杜甫),746年,贈特進汝陽王二十韻,排律,Classical Chinese,True,True,,
dufu_chunk_1911,dufu_31394,allusions_context,"Poem: 贈特進汝陽王二十韻

Literary Allusions and References:
  一諾
  瓢飲
  三徑
  曹植
  棣萼
  鴻寶
  淮王客
  媿孫登
  披霧
  蠡測
  李膺",108,Du Fu (杜甫),746年,贈特進汝陽王二十韻,排律,Classical Chinese,,,11.0,
dufu_chunk_1912,dufu_31394,annotations_context,"Poem: 贈特進汝陽王二十韻

Scholarly Annotations:
  一作推
  一作醞
  一作求
  寧王憲薨，諡讓皇帝，墓號惠陵，子璡表辭，不許
  一作才
  一作腸
  一作巖居異一塍
  一作謬
  一作下",116,Du Fu (杜甫),746年,贈特進汝陽王二十韻,排律,Classical Chinese,,,,9.0
dufu_chunk_1913,dufu_31327,poem_content,"Poem Title: 奉寄河南韋尹丈人

Poem Text:
有客傳河尹，
逢人問孔融。
青囊仍隱逸，
章甫尚西東。
鼎石分門戶，
詞場繼國風。
尊榮瞻地絕，
疎放憶途窮。
濁酒尋陶令，
丹砂訪葛洪。
江湖漂短褐，
霜雪滿飛蓬。
牢落乾坤大，
周流道術空。
謬慙知薊子，
真怯笑揚雄。
盤錯神明懼，
謳歌德義豐。
尸鄉餘土室，
難說祝雞翁。

Creation Date: 748年
Location: CN6101
Poem Type: 排律",224,Du Fu (杜甫),748年,奉寄河南韋尹丈人,排律,Classical Chinese,True,True,,
dufu_chunk_1914,dufu_31327,allusions_context,"Poem: 奉寄河南韋尹丈人

Literary Allusions and References:
  葛洪
  河尹與孔融
  薊子
  陶令
  青囊
  笑揚雄
  祝雞翁
  章甫西東",97,Du Fu (杜甫),748年,奉寄河南韋尹丈人,排律,Classical Chinese,,,8.0,
dufu_chunk_1915,dufu_31327,annotations_context,"Poem: 奉寄河南韋尹丈人

Scholarly Annotations:
  原注：甫敝廬在偃師，承韋公頻有訪問，故有下句。韋即韋濟。
  一作爲
  一作裋
  一作旋
  一作誰話喌
  偃師縣有尸鄉亭，翁居尸鄉北山下",113,Du Fu (杜甫),748年,奉寄河南韋尹丈人,排律,Classical Chinese,,,,6.0
dufu_chunk_1916,dufu_31280,poem_content,"Poem Title: 與李十二白同尋范十隱居

Poem Text:
李侯有佳句，
往往似陰鏗。
余亦東蒙客，
憐君如弟兄。
醉眠秋共被，
攜手日同行。
更想幽期處，
還尋北郭生。
入門高興發，
侍立小童清。
落景聞寒杵，
屯雲對古城。
向來吟橘頌，
誰欲討蓴羹。
不願論簪笏，
悠悠滄海情。

Creation Date: 745年
Location: CN370812
Poem Type: 排律",201,Du Fu (杜甫),745年,與李十二白同尋范十隱居,排律,Classical Chinese,True,True,,
dufu_chunk_1917,dufu_31280,allusions_context,"Poem: 與李十二白同尋范十隱居

Literary Allusions and References:
  北郭生
  陰鏗",64,Du Fu (杜甫),745年,與李十二白同尋范十隱居,排律,Classical Chinese,,,2.0,
dufu_chunk_1918,dufu_31280,annotations_context,"Poem: 與李十二白同尋范十隱居

Scholarly Annotations:
  李白集有《尋魯城北范居士詩》。
  《南史》：“陰鏗，字子堅。五歲能誦賦，日千言。及長，尤善五言詩。”
  一作月
  一作惟
  一作與
  《晉書》：“張翰在洛，見秋風起，思吳中菰菜、蒓羹、鱸魚膾，遂命駕歸。”",151,Du Fu (杜甫),745年,與李十二白同尋范十隱居,排律,Classical Chinese,,,,6.0
dufu_chunk_1919,dufu_31334,poem_content,"Poem Title: 臨邑舍弟書至苦雨黃河泛溢隄防之患簿領所憂因寄此詩用寬其意

Poem Text:
二儀積風雨，
百谷漏波濤。
聞道洪河坼，
遙連滄海高。
職思憂悄悄，
郡國訴嗷嗷。
舍弟卑棲邑，
防川領簿曹。
尺書前日至，
版築不時操。
難假黿鼉力，
空瞻烏鵲毛。
燕南吹畎畝，
濟上沒蓬蒿。
螺蚌滿近郭，
蛟螭乘九臯。
徐關深水府，
碣石小秋毫。
白屋留孤樹，
清天矢萬艘。
吾衰同泛梗，
利涉想蟠桃。
倚賴天涯釣，
猶能掣巨鼇。

Creation Date: 741年
Location: CN410381
Poem Type: 排律",274,Du Fu (杜甫),741年,臨邑舍弟書至苦雨黃河泛溢隄防之患簿領所憂因寄此詩用寬其意,排律,Classical Chinese,True,True,,
dufu_chunk_1920,dufu_31334,allusions_context,"Poem: 臨邑舍弟書至苦雨黃河泛溢隄防之患簿領所憂因寄此詩用寬其意

Literary Allusions and References:
  泛梗
  假黿鼉
  蟠桃
  憂職",91,Du Fu (杜甫),741年,臨邑舍弟書至苦雨黃河泛溢隄防之患簿領所憂因寄此詩用寬其意,排律,Classical Chinese,,,4.0,
dufu_chunk_1921,dufu_31334,annotations_context,"Poem: 臨邑舍弟書至苦雨黃河泛溢隄防之患簿領所憂因寄此詩用寬其意

Scholarly Annotations:
  甫有《送弟穎赴齊州》詩，或穎曾官臨邑。
  一作逕
  一作司
  一作雲
  一作失
  一作却",110,Du Fu (杜甫),741年,臨邑舍弟書至苦雨黃河泛溢隄防之患簿領所憂因寄此詩用寬其意,排律,Classical Chinese,,,,6.0
dufu_chunk_1922,dufu_31348,poem_content,"Poem Title: 送蔡希曾都尉還隴右因寄高三十五書記

Poem Text:
蔡子勇成癖，
彎弓西射胡。
健兒寧鬬死，
壯士恥爲儒。
官是先鋒得，
材緣挑戰須。
身輕一鳥過，
槍急萬人呼。
雲幕隨開府，
春城赴上都。
馬頭金狎帢，
駝背錦糢糊。
咫尺雲山路，
歸飛青海隅。
上公猶寵錫，
突將且前驅。
漢使黃河遠，
涼州白麥枯。
因君問消息，
好在阮元瑜。

Creation Date: 755年
Location: CN6101
Poem Type: 排律",233,Du Fu (杜甫),755年,送蔡希曾都尉還隴右因寄高三十五書記,排律,Classical Chinese,True,True,,
dufu_chunk_1923,dufu_31348,allusions_context,"Poem: 送蔡希曾都尉還隴右因寄高三十五書記

Literary Allusions and References:
  阮元瑜",65,Du Fu (杜甫),755年,送蔡希曾都尉還隴右因寄高三十五書記,排律,Classical Chinese,,,1.0,
dufu_chunk_1924,dufu_31348,annotations_context,"Poem: 送蔡希曾都尉還隴右因寄高三十五書記

Scholarly Annotations:
  一作魯
  原注：時哥舒入奏勒蔡子先歸。
  一作男
  上聲
  一作入
  一作匼匝，一作帢匝
  一作雪
  一作自至青雲外
  一作西
  一作獨

... and 1 more annotations",155,Du Fu (杜甫),755年,送蔡希曾都尉還隴右因寄高三十五書記,排律,Classical Chinese,,,,11.0
dufu_chunk_1925,dufu_31398,poem_content,"Poem Title: 贈翰林張四學士

Poem Text:
翰林逼華蓋，
鯨力破滄溟。
天上張公子，
宮中漢客星。
賦詩拾翠殿，
佐酒望雲亭。
紫誥仍兼綰，
黃麻似六經。
內分金帶赤，
恩與荔枝青。
無復隨高鳳，
空餘泣聚螢。
此生任春草，
垂老獨漂萍。
儻憶山陽會，
悲歌在一聽。

Creation Date: 750年
Location: CN6101
Poem Type: 排律",195,Du Fu (杜甫),750年,贈翰林張四學士,排律,Classical Chinese,True,True,,
dufu_chunk_1926,dufu_31398,allusions_context,"Poem: 贈翰林張四學士

Literary Allusions and References:
  聚螢
  張公子",60,Du Fu (杜甫),750年,贈翰林張四學士,排律,Classical Chinese,,,2.0,
dufu_chunk_1927,dufu_31398,annotations_context,"Poem: 贈翰林張四學士

Scholarly Annotations:
  垍
  華蓋九星，蔽覆帝座
  漢成帝每與張放微行，稱富平侯家。故童謠曰：“張公子，時相見。”徐陵詩：“張星舊在天河上。”
  一作頒",107,Du Fu (杜甫),750年,贈翰林張四學士,排律,Classical Chinese,,,,4.0
dufu_chunk_1928,dufu_31842,poem_content,"Poem Title: 贈比部蕭郎中十兄

Poem Text:
有美生人傑，
由來積德門。
漢朝丞相系，
梁日帝王孫。
蘊藉爲郎久，
魁梧秉哲尊。
詞華傾後輩，
風雅藹孤騫。
宅相榮姻戚，
兒童惠討論。
見知真自幼，
謀拙醜諸昆。
漂蕩雲天闊，
沈埋日月奔。
致君時已晚，
懷古意空存。
中散山陽鍛，
愚公野谷村。
寧紆長者轍，
歸老任乾坤。

Creation Date: 747年
Location: CN6101
Poem Type: 排律",224,Du Fu (杜甫),747年,贈比部蕭郎中十兄,排律,Classical Chinese,True,True,,
dufu_chunk_1929,dufu_31842,allusions_context,"Poem: 贈比部蕭郎中十兄

Literary Allusions and References:
  宅相
  山陽鍛
  愚公
  爲郎久",72,Du Fu (杜甫),747年,贈比部蕭郎中十兄,排律,Classical Chinese,,,4.0,
dufu_chunk_1930,dufu_31842,annotations_context,"Poem: 贈比部蕭郎中十兄

Scholarly Annotations:
  原注：甫從姑子也。
  一作媿
  杜山北有愚公谷",66,Du Fu (杜甫),747年,贈比部蕭郎中十兄,排律,Classical Chinese,,,,3.0
dufu_chunk_1931,dufu_31332,poem_content,"Poem Title: 承沈八丈東美除膳部員外阻雨未遂馳賀奉寄此詩

Poem Text:
今日西京掾，
多除內省郎。
通家惟沈氏，
謁帝似馮唐。
詩律羣公問，
儒門舊史長。
清秋便寓直，
列宿頓輝光。
未暇申宴慰，
含情空激揚。
司存何所比，
膳部默悽傷。
貧賤人事略，
經過霖潦妨。
禮同諸父長，
恩豈布衣忘。
天路牽騏驥，
雲臺引棟梁。
徒懷貢公喜，
颯颯鬢毛蒼。

Creation Date: 754年
Location: CN6101
Poem Type: 排律",237,Du Fu (杜甫),754年,承沈八丈東美除膳部員外阻雨未遂馳賀奉寄此詩,排律,Classical Chinese,True,True,,
dufu_chunk_1932,dufu_31332,allusions_context,"Poem: 承沈八丈東美除膳部員外阻雨未遂馳賀奉寄此詩

Literary Allusions and References:
  貢公喜
  馮唐
  列宿",79,Du Fu (杜甫),754年,承沈八丈東美除膳部員外阻雨未遂馳賀奉寄此詩,排律,Classical Chinese,,,3.0,
dufu_chunk_1933,dufu_31332,annotations_context,"Poem: 承沈八丈東美除膳部員外阻雨未遂馳賀奉寄此詩

Scholarly Annotations:
  東美乃佺期之子
  原注：府掾四人，同日拜郎
  一作安
  原注：甫大父昔任此官",95,Du Fu (杜甫),754年,承沈八丈東美除膳部員外阻雨未遂馳賀奉寄此詩,排律,Classical Chinese,,,,4.0
dufu_chunk_1934,dufu_31326,poem_content,"Poem Title: 奉留贈集賢院崔于二學士

Poem Text:
昭代將垂白，
途窮乃叫閽。
氣衝星象表，
詞感帝王尊。
天老書題目，
春宮驗討論。
倚風遺鶂路，
隨水到龍門。
竟與蛟螭雜，
空聞燕雀喧。
青冥猶契闊，
陵厲不飛飜。
儒術誠難起，
家聲庶已存。
故山多藥物，
勝概憶桃源。
欲整還鄉斾，
長懷禁掖垣。
謬稱三賦在，
難述二公恩。

Creation Date: 752年
Location: CN6101
Poem Type: 排律",227,Du Fu (杜甫),752年,奉留贈集賢院崔于二學士,排律,Classical Chinese,True,True,,
dufu_chunk_1935,dufu_31326,allusions_context,"Poem: 奉留贈集賢院崔于二學士

Literary Allusions and References:
  桃源
  鶂路
  龍門
  天老",73,Du Fu (杜甫),752年,奉留贈集賢院崔于二學士,排律,Classical Chinese,,,4.0,
dufu_chunk_1936,dufu_31326,annotations_context,"Poem: 奉留贈集賢院崔于二學士

Scholarly Annotations:
  國輔、休烈
  黃帝以天老配中台
  一作寧
  一作寧無
  一作連澒洞
  一作小
  原注：甫獻《三大禮賦》出身，二公常謬稱述",110,Du Fu (杜甫),752年,奉留贈集賢院崔于二學士,排律,Classical Chinese,,,,7.0
dufu_chunk_1937,dufu_31386,poem_content,"Poem Title: 遣興

Poem Text:
驥子好男兒，
前年學語時。
問知人客姓，
誦得老夫詩。
世亂憐渠小，
家貧仰母慈。
鹿門攜不遂，
雁足繫難期。
天地軍麾滿，
山河戰角悲。
儻歸免相失，
見日敢辭遲。
Poem Type: 排律",124,Du Fu (杜甫),Unknown,遣興,排律,Classical Chinese,True,True,,
dufu_chunk_1938,dufu_31386,allusions_context,"Poem: 遣興

Literary Allusions and References:
  鹿門",49,Du Fu (杜甫),Unknown,遣興,排律,Classical Chinese,,,1.0,
dufu_chunk_1939,dufu_31386,annotations_context,"Poem: 遣興

Scholarly Annotations:
  宗武小字
  一作有處
  一作島道去無期
  一作東
  一作爾",68,Du Fu (杜甫),Unknown,遣興,排律,Classical Chinese,,,,5.0
dufu_chunk_1940,dufu_31374,poem_content,"Poem Title: 得家書

Poem Text:
去憑遊客寄，
來爲附家書。
今日知消息，
他鄉且舊居。
熊兒幸無恙，
驥子最憐渠。
臨老羈孤極，
傷時會合疎。
二毛趨帳殿，
一命侍鸞輿。
北闕妖氛滿，
西郊白露初。
涼風新過雁，
秋雨欲生魚。
農事空山裏，
眷言終荷鋤。

Creation Date: 757年
Location: CN610322
Poem Type: 排律",193,Du Fu (杜甫),757年,得家書,排律,Classical Chinese,False,True,,
dufu_chunk_1941,dufu_31374,annotations_context,"Poem: 得家書

Scholarly Annotations:
  一作休汝騎
  宗文小名
  一作終篇言",56,Du Fu (杜甫),757年,得家書,排律,Classical Chinese,,,,3.0
dufu_chunk_1942,dufu_31325,poem_content,"Poem Title: 奉送郭中丞兼太僕卿充隴右節度使三十韻

Poem Text:
詔發西山將，
秋屯隴右兵。
淒涼餘部曲，
燀赫舊家聲。
鵰鶚乘時去，
驊騮顧主鳴。
艱難須上策，
容易即前程。
斜日當軒蓋，
高風卷斾旌。
松悲天水冷，
沙亂雪山清。
和虜猶懷惠，
防邊不敢驚。
古來於異域，
鎮靜示專征。
燕薊奔封豕，
周秦觸駭鯨。
中原何慘黷，
餘孽尚縱橫。
箭入昭陽殿，
笳吟細柳營。
內人紅袖泣，
王子白衣行。
宸極祅星動，
園陵殺氣平。
空餘金椀出，
無復繐帷輕。
毀廟天飛雨，
焚宮火徹明。
罘罳朝共落，
棆桷夜同傾。
三月師逾整，
羣胡勢就烹。
瘡痍親接戰，
勇決冠垂成。
妙譽期元宰，
殊恩且列卿。
幾時迴節鉞，
戮力埽欃槍。
圭竇三千士，
雲梯七十城。
恥非齊說客，
祗似魯諸生。
通籍微班忝，
周行獨坐榮。
隨肩趨漏刻，
短髮寄簪纓。
徑欲依劉表，
還疑厭禰衡。
漸衰那此別，
忍淚獨含情。
廢邑狐貍語，
空邨虎豹爭。
人頻墜塗炭，
公豈忘精誠。
元帥調新律，
前軍壓舊京。
安邊仍扈從，
莫作後功名。

Creation Date: 757年
Location: CN610322
Poem Type: 排律",516,Du Fu (杜甫),757年,奉送郭中丞兼太僕卿充隴右節度使三十韻,排律,Classical Chinese,True,True,,
dufu_chunk_1943,dufu_31325,allusions_context,"Poem: 奉送郭中丞兼太僕卿充隴右節度使三十韻

Literary Allusions and References:
  欃槍
  獨坐
  驊騮
  細柳營
  金椀
  齊說客
  厭禰衡
  祅星
  依劉表",109,Du Fu (杜甫),757年,奉送郭中丞兼太僕卿充隴右節度使三十韻,排律,Classical Chinese,,,9.0,
dufu_chunk_1944,dufu_31325,annotations_context,"Poem: 奉送郭中丞兼太僕卿充隴右節度使三十韻

Scholarly Annotations:
  郭英乂。
  一作山西
  一作營
  一作烜
  英乂父知運都督隴右，威震西陲
  一作思
  一作歸
  一作詎
  一作得
  一作遺

... and 18 more annotations",150,Du Fu (杜甫),757年,奉送郭中丞兼太僕卿充隴右節度使三十韻,排律,Classical Chinese,,,,28.0
dufu_chunk_1945,dufu_31344,poem_content,"Poem Title: 送楊六判官使西蕃

Poem Text:
送遠秋風落，
西征海氣寒。
帝京氛祲滿，
人世別離難。
絕域遙懷怒，
和親願結歡。
敕書憐贊普，
兵甲望長安。
宣命前程急，
惟良待士寬。
子雲清自守，
今日起爲官。
垂淚方投筆，
傷時即據鞍。
儒衣山鳥怪，
漢節野童看。
邊酒排金醆，
夷歌捧玉盤。
草輕蕃馬健，
雪重拂廬乾。
慎爾參籌畫，
從茲正羽翰。
歸來權可取，
九萬一朝摶。

Creation Date: 757年
Location: CN610322
Poem Type: 排律",254,Du Fu (杜甫),757年,送楊六判官使西蕃,排律,Classical Chinese,True,True,,
dufu_chunk_1946,dufu_31344,allusions_context,"Poem: 送楊六判官使西蕃

Literary Allusions and References:
  九萬扶搖
  投筆
  據鞍
  子雲",72,Du Fu (杜甫),757年,送楊六判官使西蕃,排律,Classical Chinese,,,4.0,
dufu_chunk_1947,dufu_31344,annotations_context,"Poem: 送楊六判官使西蕃

Scholarly Annotations:
  一作令
  一作盌
  一作肥",56,Du Fu (杜甫),757年,送楊六判官使西蕃,排律,Classical Chinese,,,,3.0
dufu_chunk_1948,dufu_31307,poem_content,"Poem Title: 行次昭陵

Poem Text:
舊俗疲庸主，
羣雄問獨夫。
讖歸龍鳳質，
威定虎狼都。
天屬尊堯典，
神功協禹謨。
風雲隨絕足，
日月繼高衢。
文物多師古，
朝廷半老儒。
直詞寧戮辱，
賢路不崎嶇。
往者災猶降，
蒼生喘未蘇。
指麾安率土，
盪滌撫洪爐。
壯士悲陵邑，
幽人拜鼎湖。
玉衣晨自舉，
鐵馬汗常趨。
松柏瞻虛殿，
塵沙立暝途。
寂寥開國日，
流恨滿山隅。

Creation Date: 750年
Location: CN610425
Poem Type: 排律",250,Du Fu (杜甫),750年,行次昭陵,排律,Classical Chinese,True,True,,
dufu_chunk_1949,dufu_31307,allusions_context,"Poem: 行次昭陵

Literary Allusions and References:
  鼎湖
  洪爐
  虎狼都
  絕足
  玉衣自舉",74,Du Fu (杜甫),750年,行次昭陵,排律,Classical Chinese,,,5.0,
dufu_chunk_1950,dufu_31307,annotations_context,"Poem: 行次昭陵

Scholarly Annotations:
  唐太宗昭陵在醴泉縣九嵕山西北，時甫詔許之鄜州視家，道里所經。
  唐高祖諡神堯，以其傳位如讓禪也
  一作逸
  一作享
  一作石
  潼關之戰，賊兵時見黃旗軍掠陣，是日奏昭陵前石人馬俱流汗
  一作靈
  一作暗",145,Du Fu (杜甫),750年,行次昭陵,排律,Classical Chinese,,,,8.0
dufu_chunk_1951,dufu_31350,poem_content,"Poem Title: 重經昭陵

Poem Text:
草昧英雄起，
謳歌曆數歸。
風塵三尺劒，
社稷一戎衣。
翼亮貞文德，
丕承戢武威。
聖圖天廣大，
宗祀日光輝。
陵寢盤空曲，
熊羆守翠微。
再窺松柏路，
還見五雲飛。

Creation Date: 750年
Location: CN610425
Poem Type: 排律",166,Du Fu (杜甫),750年,重經昭陵,排律,Classical Chinese,True,True,,
dufu_chunk_1952,dufu_31350,allusions_context,"Poem: 重經昭陵

Literary Allusions and References:
  一戎衣",52,Du Fu (杜甫),750年,重經昭陵,排律,Classical Chinese,,,1.0,
dufu_chunk_1953,dufu_31350,annotations_context,"Poem: 重經昭陵

Scholarly Annotations:
  一作有",40,Du Fu (杜甫),750年,重經昭陵,排律,Classical Chinese,,,,1.0
dufu_chunk_1954,dufu_31380,poem_content,"Poem Title: 喜聞官軍已臨賊境二十韻

Poem Text:
胡虜潛京縣，
官軍擁賊壕。
鼎魚猶假息，
穴蟻欲何逃。
帳殿羅玄冕，
轅門照白袍。
秦山當警蹕，
漢苑入旌旄。
路失羊腸險，
雲橫雉尾高。
五原空壁壘，
八水散風濤。
今日看天意，
遊魂貸爾曹。
乞降那更得，
尚詐莫徒勞。
元帥歸龍種，
司空握豹韜。
前軍蘇武節，
左將呂虔刀。
兵氣回飛鳥，
威聲沒巨鼇。
戈鋋開雪色，
弓矢尚秋毫。
天步艱方盡，
時和運更遭。
誰云遺毒螫，
已是沃腥臊。
睿想丹墀近，
神行羽衛牢。
花門騰絕漠，
拓羯渡臨洮。
此輩感恩至，
羸俘何足操。
鋒先衣染血，
騎突劒吹毛。
喜覺都城動，
悲憐子女號。
家家賣釵釧，
只待獻春醪。

Creation Date: 757年
Location: CN610628
Poem Type: 排律",369,Du Fu (杜甫),757年,喜聞官軍已臨賊境二十韻,排律,Classical Chinese,True,True,,
dufu_chunk_1955,dufu_31380,allusions_context,"Poem: 喜聞官軍已臨賊境二十韻

Literary Allusions and References:
  蘇武節
  呂虔刀
  豹韜
  鼎魚
  穴蟻",80,Du Fu (杜甫),757年,喜聞官軍已臨賊境二十韻,排律,Classical Chinese,,,5.0,
dufu_chunk_1956,dufu_31380,annotations_context,"Poem: 喜聞官軍已臨賊境二十韻

Scholarly Annotations:
  一作騎
  一作濕
  畢、白鹿、少陵、高陽、細柳
  灞、滻、涇、渭、灃、鎬、澇、潏
  郭子儀
  一作擁
  一作旌，李嗣業
  僕固懷恩
  一作向
  一作貴

... and 6 more annotations",156,Du Fu (杜甫),757年,喜聞官軍已臨賊境二十韻,排律,Classical Chinese,,,,16.0
dufu_chunk_1957,dufu_31333,poem_content,"Poem Title: 鄭駙馬池臺喜遇鄭廣文同飲

Poem Text:
不謂生戎馬，
何知共酒杯。
然臍郿塢敗，
握節漢臣回。
白髮千莖雪，
丹心一寸灰。
別離經死地，
披寫忽登臺。
重對秦簫發，
俱過阮宅來。
留連春夜舞，
淚落強裴回。

Creation Date: 757年
Location: CN6101
Poem Type: 排律",172,Du Fu (杜甫),757年,鄭駙馬池臺喜遇鄭廣文同飲,排律,Classical Chinese,True,True,,
dufu_chunk_1958,dufu_31333,allusions_context,"Poem: 鄭駙馬池臺喜遇鄭廣文同飲

Literary Allusions and References:
  秦簫
  然臍
  生戎馬",70,Du Fu (杜甫),757年,鄭駙馬池臺喜遇鄭廣文同飲,排律,Classical Chinese,,,3.0,
dufu_chunk_1959,dufu_31333,annotations_context,"Poem: 鄭駙馬池臺喜遇鄭廣文同飲

Scholarly Annotations:
  一作禿
  一作片
  一作此
  一作巷
  一作醉留
  一作席，一作苑夜
  一作更，一作舞淚落",96,Du Fu (杜甫),757年,鄭駙馬池臺喜遇鄭廣文同飲,排律,Classical Chinese,,,,7.0
dufu_chunk_1960,dufu_31342,poem_content,"Poem Title: 送許八拾遺歸江寧覲省甫昔時嘗客遊此縣於許生處乞瓦棺寺維摩圖樣志諸篇末

Poem Text:
詔許辭中禁，
慈顏赴北堂。
聖朝新孝理，
祖席倍輝光。
內帛擎偏重，
宮衣著更香。
淮陰清夜驛，
京口渡江航。
春隔雞人晝，
秋期燕子涼。
賜書誇父老，
壽酒樂城隍。
看畫曾飢渴，
追蹤恨淼茫。
虎頭金粟影，
神妙獨難忘。

Creation Date: 758年
Location: CN6101
Poem Type: 排律",222,Du Fu (杜甫),758年,送許八拾遺歸江寧覲省甫昔時嘗客遊此縣於許生處乞瓦棺寺維摩圖樣志諸篇末,排律,Classical Chinese,True,True,,
dufu_chunk_1961,dufu_31342,allusions_context,"Poem: 送許八拾遺歸江寧覲省甫昔時嘗客遊此縣於許生處乞瓦棺寺維摩圖樣志諸篇末

Literary Allusions and References:
  北堂",81,Du Fu (杜甫),758年,送許八拾遺歸江寧覲省甫昔時嘗客遊此縣於許生處乞瓦棺寺維摩圖樣志諸篇末,排律,Classical Chinese,,,1.0,
dufu_chunk_1962,dufu_31342,annotations_context,"Poem: 送許八拾遺歸江寧覲省甫昔時嘗客遊此縣於許生處乞瓦棺寺維摩圖樣志諸篇末

Scholarly Annotations:
  一作天語
  一作家榮
  一作拜
  一作行子
  一作恩
  一作贈
  一作新
  一作竹引趨庭曙，山添扇枕涼。十年過父老，幾日賽城隍
  一作限",143,Du Fu (杜甫),758年,送許八拾遺歸江寧覲省甫昔時嘗客遊此縣於許生處乞瓦棺寺維摩圖樣志諸篇末,排律,Classical Chinese,,,,9.0
dufu_chunk_1963,dufu_31720,poem_content,"Poem Title: 秦州見敕目薛三璩授司議郎畢四曜除監察與二子有故遠喜遷官兼述索居凡三十韻

Poem Text:
大雅何寥闊，
斯人尚典刑。
交期余潦倒，
材力爾精靈。
二子聲同日，
諸生困一經。
文章開穾奧，
遷擢潤朝廷。
舊好何由展，
新詩更憶聽。
別來頭幷白，
相見眼終青。
伊昔貧皆甚，
同憂心不寧。
栖遑分半菽，
浩蕩逐流萍。
俗態猶猜忌，
妖氛忽杳冥。
獨慙投漢閣，
俱議哭秦庭。
遠蜀祗無補，
囚梁亦固扃。
華夷相混合，
宇宙一羶腥。
帝力收三統，
天威總四溟。
舊都俄望幸，
清廟肅惟馨。
雜種雖高壘，
長驅甚建瓴。
焚香淑景殿，
漲水望雲亭。
法駕初還日，
羣公若會星。
宮臣仍點染，
柱史正零丁。
官忝趨棲鳳，
朝回歎聚螢。
喚人看腰褭，
不嫁惜娉婷。
掘劒知埋獄，
提刀見發硎。
侏儒應共飽，
漁父忌偏醒。
旅泊窮清渭，
長吟望濁涇。
羽書還似急，
烽火未全停。
師老資殘寇，
戎生及近坰。
忠臣辭憤激，
烈士涕飄零。
上將盈邊鄙，
元勳溢鼎銘。
仰思調玉燭，
誰定握青萍。
隴俗輕鸚鵡，
原情類鶺鴒。
秋風動關塞，
高臥想儀形。

Creation Date: 759年
Location: CN6205
Poem Type: 排律",531,Du Fu (杜甫),759年,秦州見敕目薛三璩授司議郎畢四曜除監察與二子有故遠喜遷官兼述索居凡三十韻,排律,Classical Chinese,True,True,,
dufu_chunk_1964,dufu_31720,allusions_context,"Poem: 秦州見敕目薛三璩授司議郎畢四曜除監察與二子有故遠喜遷官兼述索居凡三十韻

Literary Allusions and References:
  俗眼白
  哭秦庭
  一旦為龍
  大夫醒
  發硎
  鶺鴒
  建瓴
  囚梁
  青萍
  子雲投閣
  玉燭
  一囊貧",145,Du Fu (杜甫),759年,秦州見敕目薛三璩授司議郎畢四曜除監察與二子有故遠喜遷官兼述索居凡三十韻,排律,Classical Chinese,,,12.0,
dufu_chunk_1965,dufu_31720,annotations_context,"Poem: 秦州見敕目薛三璩授司議郎畢四曜除監察與二子有故遠喜遷官兼述索居凡三十韻

Scholarly Annotations:
  一作除
  一作據
  一作廓
  一作陞
  一作窔
  一作隩
  一作歲
  一作忍
  一作遂
  一作但

... and 7 more annotations",153,Du Fu (杜甫),759年,秦州見敕目薛三璩授司議郎畢四曜除監察與二子有故遠喜遷官兼述索居凡三十韻,排律,Classical Chinese,,,,17.0
dufu_chunk_1966,dufu_31372,poem_content,"Poem Title: 寄彭州高三十五使君適虢州岑二十七長史參三十韻

Poem Text:
故人何寂寞，
今我獨淒涼。
老去才難盡，
秋來興甚長。
物情尤可見，
辭客未能忘。
海內知名士，
雲端各異方。
高岑殊緩步，
沈鮑得同行。
意愜關飛動，
篇終接混茫。
舉天悲富駱，
近代惜盧王。
似爾官仍貴，
前賢命可傷。
諸侯非棄擲，
半刺已翱翔。
詩好幾時見，
書成無信將。
男兒行處是，
客子鬬身強。
羈旅推賢聖，
沈綿抵咎殃。
三年猶瘧疾，
一鬼不銷亡。
隔日搜脂髓，
增寒抱雪霜。
徒然潛隙地，
有靦屢鮮妝。
何太龍鍾極，
於今出處妨。
無錢居帝里，
盡室在邊疆。
劉表雖遺恨，
龐公至死藏。
心微傍魚鳥，
肉瘦怯豺狼。
隴草蕭蕭白，
洮雲片片黃。
彭門劒閣外，
虢略鼎湖旁。
荆玉簪頭冷，
巴箋染翰光。
烏麻蒸續曬，
丹橘露應嘗。
豈異神仙宅，
俱兼山水鄉。
竹齋燒藥竈，
花嶼讀書牀。
更得清新否，
遙知對屬忙。
舊宮寧改漢，
淳俗本歸唐。
濟世宜公等，
安貧亦士常。
蚩尤終戮辱，
胡羯漫猖狂。
會待祅氛靜，
論文暫裹糧。

Creation Date: 759年
Location: CN6205
Poem Type: 排律",518,Du Fu (杜甫),759年,寄彭州高三十五使君適虢州岑二十七長史參三十韻,排律,Classical Chinese,True,True,,
dufu_chunk_1967,dufu_31372,allusions_context,"Poem: 寄彭州高三十五使君適虢州岑二十七長史參三十韻

Literary Allusions and References:
  半刺
  沈鮑
  一枝色筆還郭璞
  蚩尤
  劉表焉取
  龐公
  一鬼",106,Du Fu (杜甫),759年,寄彭州高三十五使君適虢州岑二十七長史參三十韻,排律,Classical Chinese,,,7.0,
dufu_chunk_1968,dufu_31372,annotations_context,"Poem: 寄彭州高三十五使君適虢州岑二十七長史參三十韻

Scholarly Annotations:
  一作古
  一作雖
  約
  照
  一作周
  嘉謨
  賓王
  照鄰
  勃
  別駕任居刺史之半，長史即別駕

... and 11 more annotations",143,Du Fu (杜甫),759年,寄彭州高三十五使君適虢州岑二十七長史參三十韻,排律,Classical Chinese,,,,21.0
dufu_chunk_1969,dufu_31371,poem_content,"Poem Title: 寄岳州賈司馬六丈巴州嚴八使君兩閣老五十韻

Poem Text:
衡岳啼猨裏，
巴州鳥道邊。
故人俱不利，
謫宦兩悠然。
開闢乾坤正，
榮枯雨露偏。
長沙才子遠，
釣瀨客星懸。
憶昨趨行殿，
殷憂捧御筵。
討胡愁李廣，
奉使待張騫。
無復雲臺仗，
虛修水戰船。
蒼茫城七十，
流落劒三千。
畫角吹秦晉，
旄頭俯澗瀍。
小儒輕董卓，
有識笑苻堅。
浪作禽填海，
那將血射天。
萬方思助順，
一鼓氣無前。
陰散陳倉北，
晴熏太白巔。
亂麻屍積衛，
破竹勢臨燕。
法駕還雙闕，
王師下八川。
此時霑奉引，
佳氣拂周旋。
貔虎開金甲，
麒麟受玉鞭。
侍臣諳入仗，
廄馬解登仙。
花動朱樓雪，
城凝碧樹煙。
衣冠心慘愴，
故老淚潺湲。
哭廟悲風急，
朝正霽景鮮。
月分梁漢米，
春得水衡錢。
內蘂繁於纈，
宮莎輭勝緜。
恩榮同拜手，
出入最隨肩。
晚著華堂醉，
寒重繡被眠。
轡齊兼秉燭，
書枉滿懷牋。
每覺升元輔，
深期列大賢。
秉鈞方咫尺，
鎩翮再聊翩。
禁掖朋從改，
微班性命全。
青蒲甘受戮，
白髮竟誰憐。
弟子貧原憲，
諸生老伏虔。
師資謙未達，
鄉黨敬何先。
舊好腸堪斷，
新愁眼欲穿。
翠乾危棧竹，
紅膩小湖蓮。
賈筆論孤憤，
嚴詩賦幾篇。
定知深意苦，
莫使衆人傳。
貝錦無停織，
朱絲有斷弦。
浦鷗防碎首，
霜鶻不空拳。
地僻昏炎瘴，
山稠隘石泉。
且將棊度日，
應用酒爲年。
典郡終微眇，
治中實棄捐。
安排求傲吏，
比興展歸田。
去去才難得，
蒼蒼理又玄。
古人稱逝矣，
吾道卜終焉。
隴外飜投迹，
漁陽復控弦。
笑爲妻子累，
甘與歲時遷。
親故行稀少，
兵戈動接聯。
他鄉饒夢寐，
失侶自屯邅。
多病加淹泊，
長吟阻靜便。
如公盡雄俊，
志在必騰騫。

Creation Date: 759年
Location: CN6205
Poem Type: 排律",796,Du Fu (杜甫),759年,寄岳州賈司馬六丈巴州嚴八使君兩閣老五十韻,排律,Classical Chinese,True,True,,
dufu_chunk_1970,dufu_31371,allusions_context,"Poem: 寄岳州賈司馬六丈巴州嚴八使君兩閣老五十韻

Literary Allusions and References:
  傲吏
  貝錦
  張騫
  長沙才子
  稱逝矣
  釣瀨客星
  青蒲
  苻堅
  一鼓
  佳氣
  賈筆
  劒三千
  禽填海
  老伏虔
  貧原憲
  破竹
  輕董卓
  射天
  水衡錢
  雲臺仗",174,Du Fu (杜甫),759年,寄岳州賈司馬六丈巴州嚴八使君兩閣老五十韻,排律,Classical Chinese,,,20.0,
dufu_chunk_1971,dufu_31371,annotations_context,"Poem: 寄岳州賈司馬六丈巴州嚴八使君兩閣老五十韻

Scholarly Annotations:
  一作別
  一作茫
  一作大
  一作欹
  一作塞
  一作矢
  一作間
  一作匣
  一作給
  一作花

... and 11 more annotations",139,Du Fu (杜甫),759年,寄岳州賈司馬六丈巴州嚴八使君兩閣老五十韻,排律,Classical Chinese,,,,21.0
dufu_chunk_1972,dufu_31368,poem_content,"Poem Title: 寄張十二山人彪三十韻

Poem Text:
獨臥蒿陽客，
三違潁水春。
艱難隨老母，
慘澹向時人。
謝氏尋山屐，
陶公漉酒巾。
羣兇彌宇宙，
此物在風塵。
歷下辭姜被，
關西得孟鄰。
早通交契密，
晚接道流新。
靜者心多妙，
先生藝絕倫。
草書何太苦，
詩興不無神。
曹植休前輩，
張芝更後身。
數篇吟可老，
一字買堪貧。
將恐曾防寇，
深潛託所親。
寧聞倚門夕，
盡力潔飧晨。
疎嬾爲名誤，
驅馳喪我真。
索居猶寂寞，
相遇益悲辛。
流轉依邊徼，
逢迎念席珍。
時來故舊少，
亂後別離頻。
世祖修高廟，
文公賞從臣。
商山猶入楚，
源水不離秦。
存想青龍祕，
騎行白鹿馴。
耕巖非谷口，
結草即河濱。
肘後符應驗，
囊中藥未陳。
旅懷殊不愜，
良覿渺無因。
自古皆悲恨，
浮生有屈伸。
此邦今尚武，
何處且依仁。
鼓角凌天籟，
關山信月輪。
官場羅鎮磧，
賊火近洮岷。
蕭索論兵地，
蒼茫鬬將辰。
大軍多處所，
餘孽尚紛綸。
高興知籠鳥，
斯文起獲麟。
窮秋正搖落，
回首望松筠。

Creation Date: 759年
Location: CN6205
Poem Type: 排律",506,Du Fu (杜甫),759年,寄張十二山人彪三十韻,排律,Classical Chinese,True,True,,
dufu_chunk_1973,dufu_31368,allusions_context,"Poem: 寄張十二山人彪三十韻

Literary Allusions and References:
  張芝
  孟鄰
  倚門
  獲麟
  尋山屐
  耕巖
  姜被
  結草河濱
  漉酒巾
  囊藥未陳
  衛叔卿
  賞從
  席上儒
  修高廟
  肘後符",137,Du Fu (杜甫),759年,寄張十二山人彪三十韻,排律,Classical Chinese,,,15.0,
dufu_chunk_1974,dufu_31368,annotations_context,"Poem: 寄張十二山人彪三十韻

Scholarly Annotations:
  一作雲
  一作好
  一作應甚
  一作情
  一作尤
  一作酸，一作愁
  一作轉徙
  一作湍
  一作知，一作流
  一作欲

... and 8 more annotations",138,Du Fu (杜甫),759年,寄張十二山人彪三十韻,排律,Classical Chinese,,,,18.0
dufu_chunk_1975,dufu_31369,poem_content,"Poem Title: 寄李十二白二十韻

Poem Text:
昔年有狂客，
號爾謫仙人。
筆落驚風雨，
詩成泣鬼神。
聲名從此大，
汨沒一朝伸。
文彩承殊渥，
流傳必絕倫。
龍舟移櫂晚，
獸錦奪袍新。
白日來深殿，
青雲滿後塵。
乞歸優詔許，
遇我宿心親。
未負幽棲志，
兼全寵辱身。
劇談憐野逸，
嗜酒見天真。
醉舞梁園夜，
行歌泗水春。
才高心不展，
道屈善無鄰。
處士禰衡俊，
諸生原憲貧。
稻粱求未足，
薏苡謗何頻。
五嶺炎蒸地，
三危放逐臣。
幾年遭鵩鳥，
獨泣向麒麟。
蘇武先還漢，
黃公豈事秦。
楚筵辭醴日，
梁獄上書辰。
已用當時法，
誰將此義陳。
老吟秋月下，
病起暮江濱。
莫怪恩波隔，
乘槎與問津。

Creation Date: 759年
Location: CN6205
Poem Type: 排律",364,Du Fu (杜甫),759年,寄李十二白二十韻,排律,Classical Chinese,True,True,,
dufu_chunk_1976,dufu_31369,allusions_context,"Poem: 寄李十二白二十韻

Literary Allusions and References:
  黃公
  乘槎
  蘇武
  仲尼窮
  楚筵辭醴
  薏苡謗
  原憲貧
  梁獄上書
  禰衡俊
  遭鵩鳥
  三危",114,Du Fu (杜甫),759年,寄李十二白二十韻,排律,Classical Chinese,,,11.0,
dufu_chunk_1977,dufu_31369,annotations_context,"Poem: 寄李十二白二十韻

Scholarly Annotations:
  一作聞
  一作遂
  一作戲
  時白流夜郎
  一作立
  一作不獨泣
  一作議
  一作得",90,Du Fu (杜甫),759年,寄李十二白二十韻,排律,Classical Chinese,,,,8.0
dufu_chunk_1978,dufu_31611,poem_content,"Poem Title: 建都十二韻

Poem Text:
蒼生未蘇息，
胡馬半乾坤。
議在雲臺上，
誰扶黃屋尊。
建都分魏闕，
下詔闢荆門。
恐失東人望，
其如西極存。
時危當雪恥，
計大豈輕論。
雖倚三階正，
終愁萬國飜。
牽裾恨不死，
漏網荷殊恩。
永負漢庭哭，
遙憐湘水魂。
窮冬客江劒，
隨事有田園。
風斷青蒲節，
霜埋翠竹根。
衣冠空穰穰，
關輔久昏昏。
願枉長安日，
光輝照北原。

Creation Date: 760年
Location: CN5101
Poem Type: 排律",249,Du Fu (杜甫),760年,建都十二韻,排律,Classical Chinese,True,True,,
dufu_chunk_1979,dufu_31611,allusions_context,"Poem: 建都十二韻

Literary Allusions and References:
  長安日
  湘水魂
  漢庭哭
  黃屋
  漏網
  牽裾",80,Du Fu (杜甫),760年,建都十二韻,排律,Classical Chinese,,,6.0,
dufu_chunk_1980,dufu_31611,annotations_context,"Poem: 建都十二韻

Scholarly Annotations:
  一作劒外
  一作遠
  一作唯駐，一作願駐
  錢謙益曰：“此詩因建南都而追思分鎮之事也。初，房琯建分鎮討賊之議，肅宗以此惡琯，貶之。後從呂諲請，置南都于荆州。甫聞建都之詔，追惜琯議，牽裾以下，自敍移官之事，蓋甫之移官以救琯，而琯之得罪以分鎮，故牽連及之。是歲七月，上皇移幸西內，九月置南都，革南京爲蜀郡，荆州、蜀都，一置一革，甫心痛之，而不敢訟言也。”",216,Du Fu (杜甫),760年,建都十二韻,排律,Classical Chinese,,,,4.0
dufu_chunk_1981,dufu_31319,poem_content,"Poem Title: 奉和嚴中丞西城晚眺十韻

Poem Text:
汲黯匡君切，
廉頗出將頻。
直詞才不世，
雄略動如神。
政簡移風速，
詩清立意新。
層城臨暇景，
絕域望餘春。
旗尾蛟龍會，
樓頭燕雀馴。
地平江動蜀，
天闊樹浮秦。
帝念深分閫，
軍須遠算緡。
花羅封蛺蝶，
瑞錦送麒麟。
辭第輸高義，
觀圖憶古人。
征南多興緒，
事業闇相親。

Creation Date: 762年
Location: CN5101
Poem Type: 排律",227,Du Fu (杜甫),762年,奉和嚴中丞西城晚眺十韻,排律,Classical Chinese,True,True,,
dufu_chunk_1982,dufu_31319,allusions_context,"Poem: 奉和嚴中丞西城晚眺十韻

Literary Allusions and References:
  辭第
  分閫
  汲黯匡君
  廉頗
  征南",80,Du Fu (杜甫),762年,奉和嚴中丞西城晚眺十韻,排律,Classical Chinese,,,5.0,
dufu_chunk_1983,dufu_31319,annotations_context,"Poem: 奉和嚴中丞西城晚眺十韻

Scholarly Annotations:
  一作用
  一作媚",53,Du Fu (杜甫),762年,奉和嚴中丞西城晚眺十韻,排律,Classical Chinese,,,,2.0
dufu_chunk_1984,dufu_31323,poem_content,"Poem Title: 奉送嚴公入朝十韻

Poem Text:
鼎湖瞻望遠，
象闕憲章新。
四海猶多難，
中原憶舊臣。
與時安反側，
自昔有經綸。
感激張天步，
從容靜塞塵。
南圖迴羽翮，
北極捧星辰。
漏鼓還思晝，
宮鶯罷囀春。
空留玉帳術，
愁殺錦城人。
閣道通丹地，
江潭隱白蘋。
此生那老蜀，
不死會歸秦。
公若登台輔，
臨危莫愛身。

Creation Date: 762年
Location: CN5101
Poem Type: 排律",224,Du Fu (杜甫),762年,奉送嚴公入朝十韻,排律,Classical Chinese,True,True,,
dufu_chunk_1985,dufu_31323,allusions_context,"Poem: 奉送嚴公入朝十韻

Literary Allusions and References:
  南圖
  鼎湖",60,Du Fu (杜甫),762年,奉送嚴公入朝十韻,排律,Classical Chinese,,,2.0,
dufu_chunk_1986,dufu_31323,annotations_context,"Poem: 奉送嚴公入朝十韻

Scholarly Annotations:
  時因二聖山陵，召嚴武爲橋道使
  李靖有《玉帳經》一卷",68,Du Fu (杜甫),762年,奉送嚴公入朝十韻,排律,Classical Chinese,,,,2.0
dufu_chunk_1987,dufu_31343,poem_content,"Poem Title: 送嚴侍郎到綿州同登杜使君江樓

Poem Text:
野興每難盡，
江樓延賞心。
歸朝送使節，
落景惜登臨。
稍稍煙集渚，
微微風動襟。
重船依淺瀨，
輕鳥度層陰。
檻峻背幽谷，
窗虛交茂林。
燈光散遠近，
月彩靜高深。
城擁朝來客，
天橫醉後參。
窮途衰謝意，
苦調短長吟。
此會共能幾，
諸孫賢至今。
不勞朱戶閉，
自待白河沈。

Creation Date: 762年
Location: CN5107
Poem Type: 排律",230,Du Fu (杜甫),762年,送嚴侍郎到綿州同登杜使君江樓,排律,Classical Chinese,False,True,,
dufu_chunk_1988,dufu_31343,annotations_context,"Poem: 送嚴侍郎到綿州同登杜使君江樓

Scholarly Annotations:
  得心字
  一作花
  指杜使君",63,Du Fu (杜甫),762年,送嚴侍郎到綿州同登杜使君江樓,排律,Classical Chinese,,,,3.0
dufu_chunk_1989,dufu_31346,poem_content,"Poem Title: 送梓州李使君之任

Poem Text:
籍甚黃丞相，
能名自潁川。
近看除刺史，
還喜得吾賢。
五馬何時到，
雙魚會早傳。
老思筇竹杖，
冬要錦衾眠。
不作臨岐恨，
惟聽舉最先。
火雲揮汗日，
山驛醒心泉。
遇害陳公殞，
於今蜀道憐。
君行射洪縣，
爲我一潸然。

Creation Date: 762年
Location: CN5107
Poem Type: 排律",196,Du Fu (杜甫),762年,送梓州李使君之任,排律,Classical Chinese,True,True,,
dufu_chunk_1990,dufu_31346,allusions_context,"Poem: 送梓州李使君之任

Literary Allusions and References:
  黃潁川
  舉最先
  五馬",67,Du Fu (杜甫),762年,送梓州李使君之任,排律,Classical Chinese,,,3.0,
dufu_chunk_1991,dufu_31346,annotations_context,"Poem: 送梓州李使君之任

Scholarly Annotations:
  原注：故陳拾遺，射洪人也，篇末有云。
  一作杖挂
  陳子昂爲縣令段簡所辱，收繫獄中而卒",86,Du Fu (杜甫),762年,送梓州李使君之任,排律,Classical Chinese,,,,3.0
dufu_chunk_1992,dufu_31362,poem_content,"Poem Title: 陪章留後侍御宴南樓

Poem Text:
絕域長夏晚，
茲樓清宴同。
朝廷燒棧北，
鼓角滿天東。
屢食將軍第，
仍騎御史驄。
本無丹竈術，
那免白頭翁。
寇盜狂歌外，
形骸痛飲中。
野雲低渡水，
簷雨細隨風。
出號江城黑，
題詩蠟炬紅。
此身醒復醉，
不擬哭途窮。

Creation Date: 763年
Location: CN510722
Poem Type: 排律",199,Du Fu (杜甫),763年,陪章留後侍御宴南樓,排律,Classical Chinese,True,True,,
dufu_chunk_1993,dufu_31362,allusions_context,"Poem: 陪章留後侍御宴南樓

Literary Allusions and References:
  哭途窮
  御史驄
  燒棧",68,Du Fu (杜甫),763年,陪章留後侍御宴南樓,排律,Classical Chinese,,,3.0,
dufu_chunk_1994,dufu_31362,annotations_context,"Poem: 陪章留後侍御宴南樓

Scholarly Annotations:
  得風字
  廣德二年，吐蕃入大震關
  一作漏天，僰道有大小漏天
  一作邸
  一作驕
  一作訣
  一作燭",98,Du Fu (杜甫),763年,陪章留後侍御宴南樓,排律,Classical Chinese,,,,7.0
dufu_chunk_1995,dufu_31345,poem_content,"Poem Title: 送陵州路使君赴任

Poem Text:
王室比多難，
高官皆武臣。
幽燕通使者，
岳牧用詞人。
國待賢良急，
君當拔擢新。
佩刀成氣象，
行蓋出風塵。
戰伐乾坤破，
瘡痍府庫貧。
衆僚宜潔白，
萬役但平均。
霄漢瞻佳士，
泥途任此身。
秋天正搖落，
迴首大江濱。

Creation Date: 763年
Location: CN510722
Poem Type: 排律",198,Du Fu (杜甫),763年,送陵州路使君赴任,排律,Classical Chinese,True,True,,
dufu_chunk_1996,dufu_31345,allusions_context,"Poem: 送陵州路使君赴任

Literary Allusions and References:
  佩刀
  岳牧",60,Du Fu (杜甫),763年,送陵州路使君赴任,排律,Classical Chinese,,,2.0,
dufu_chunk_1997,dufu_31345,annotations_context,"Poem: 送陵州路使君赴任

Scholarly Annotations:
  一作之
  一作此
  時多以武將領刺史
  一作物役
  一作家事",75,Du Fu (杜甫),763年,送陵州路使君赴任,排律,Classical Chinese,,,,5.0
dufu_chunk_1998,dufu_31297,poem_content,"Poem Title: 傷春五首

Poem Text:
天下兵雖滿，
春光日自濃。
西京疲百戰，
北闕任羣兇。
關塞三千里，
煙花一萬重。
蒙塵清路急，
御宿且誰供。
殷復前王道，
周遷舊國容。
蓬萊足雲氣，
應合總從龍。

Creation Date: 764年
Location: CN511381
Poem Type: 排律",166,Du Fu (杜甫),764年,傷春五首,排律,Classical Chinese,False,True,,
dufu_chunk_1999,dufu_31297,annotations_context,"Poem: 傷春五首

Scholarly Annotations:
  原注：巴閬僻遠，傷春罷，始知春前已收官闕。
  一作青春
  一作有
  廣德元年，吐蕃陷京師，代宗幸華州，百官奔散，無復供擬",100,Du Fu (杜甫),764年,傷春五首,排律,Classical Chinese,,,,4.0
dufu_chunk_2000,dufu_31298,poem_content,"Poem Title: 傷春五首

Poem Text:
鸎入新年語，
花開滿故枝。
天青風捲幔，
草碧水通池。
牢落官軍速，
蕭條萬事危。
鬢毛元自白，
淚點向來垂。
不是無兄弟，
其如有別離。
巴山春色靜，
北望轉逶迤。

Creation Date: 764年
Location: CN511381
Poem Type: 排律",166,Du Fu (杜甫),764年,傷春五首,排律,Classical Chinese,False,True,,
dufu_chunk_2001,dufu_31298,annotations_context,"Poem: 傷春五首

Scholarly Annotations:
  原注：巴閬僻遠，傷春罷，始知春前已收官闕。
  一作清
  一作連
  一作遠",76,Du Fu (杜甫),764年,傷春五首,排律,Classical Chinese,,,,4.0
dufu_chunk_2002,dufu_31299,poem_content,"Poem Title: 傷春五首

Poem Text:
日月還相鬬，
星辰屢合圍。
不成誅執法，
焉得變危機。
大角纏兵氣，
鉤陳出帝畿。
煙塵昏御道，
耆舊把天衣。
行在諸軍闕，
來朝大將稀。
賢多隱屠釣，
王肯載同歸。

Creation Date: 764年
Location: CN511381
Poem Type: 排律",166,Du Fu (杜甫),764年,傷春五首,排律,Classical Chinese,True,True,,
dufu_chunk_2003,dufu_31299,allusions_context,"Poem: 傷春五首

Literary Allusions and References:
  屠釣
  大角
  日月相鬥
  載同歸
  星辰合圍",76,Du Fu (杜甫),764年,傷春五首,排律,Classical Chinese,,,5.0,
dufu_chunk_2004,dufu_31299,annotations_context,"Poem: 傷春五首

Scholarly Annotations:
  原注：巴閬僻遠，傷春罷，始知春前已收官闕。
  一作亦屢
  指程元振輩
  一作固無牽白馬，幾至著青衣",89,Du Fu (杜甫),764年,傷春五首,排律,Classical Chinese,,,,4.0
dufu_chunk_2005,dufu_31300,poem_content,"Poem Title: 傷春五首

Poem Text:
再有朝廷亂，
難知消息真。
近傳王在洛，
復道使歸秦。
奪馬悲公主，
登車泣貴嬪。
蕭關迷北上，
滄海欲東巡。
敢料安危體，
猶多老大臣。
豈無嵇紹血，
霑灑屬車塵。

Creation Date: 764年
Location: CN511381
Poem Type: 排律",166,Du Fu (杜甫),764年,傷春五首,排律,Classical Chinese,True,True,,
dufu_chunk_2006,dufu_31300,allusions_context,"Poem: 傷春五首

Literary Allusions and References:
  登車泣貴嬪
  蕭關北上",61,Du Fu (杜甫),764年,傷春五首,排律,Classical Chinese,,,2.0,
dufu_chunk_2007,dufu_31300,annotations_context,"Poem: 傷春五首

Scholarly Annotations:
  原注：巴閬僻遠，傷春罷，始知春前已收官闕。
  一作聞
  一作通
  一作得",76,Du Fu (杜甫),764年,傷春五首,排律,Classical Chinese,,,,4.0
dufu_chunk_2008,dufu_31301,poem_content,"Poem Title: 傷春五首

Poem Text:
聞說初東幸，
孤兒却走多。
難分太倉粟，
競棄魯陽戈。
胡虜登前殿，
王公出御河。
得無中夜舞，
誰憶大風歌。
春色生烽燧，
幽人泣薜蘿。
君臣重修德，
猶足見時和。

Creation Date: 764年
Location: CN511381
Poem Type: 排律",166,Du Fu (杜甫),764年,傷春五首,排律,Classical Chinese,True,True,,
dufu_chunk_2009,dufu_31301,allusions_context,"Poem: 傷春五首

Literary Allusions and References:
  魯陽戈
  大風歌
  中夜舞",64,Du Fu (杜甫),764年,傷春五首,排律,Classical Chinese,,,3.0,
dufu_chunk_2010,dufu_31301,annotations_context,"Poem: 傷春五首

Scholarly Annotations:
  原注：巴閬僻遠，傷春罷，始知春前已收官闕。
  一作忍爲
  一作宜",71,Du Fu (杜甫),764年,傷春五首,排律,Classical Chinese,,,,3.0
dufu_chunk_2011,dufu_31337,poem_content,"Poem Title: 春歸

Poem Text:
苔徑臨江竹，
茅簷覆地花。
別來頻甲子，
倏忽又春華。
倚杖看孤石，
傾壺就淺沙。
遠鷗浮水靜，
輕鷰受風斜。
世路雖多梗，
吾生亦有涯。
此身醒復醉，
乘興即爲家。

Creation Date: 764年
Location: CN5101
Poem Type: 排律",162,Du Fu (杜甫),764年,春歸,排律,Classical Chinese,False,True,,
dufu_chunk_2012,dufu_31337,annotations_context,"Poem: 春歸

Scholarly Annotations:
  一作歸到
  一作且應",46,Du Fu (杜甫),764年,春歸,排律,Classical Chinese,,,,2.0
dufu_chunk_2013,dufu_31843,poem_content,"Poem Title: 贈王二十四侍御契四十韻

Poem Text:
往往雖相見，
飄飄媿此身。
不關輕紱冕，
俱是避風塵。
一別星橋夜，
三移斗柄春。
敗亡非赤壁，
奔走爲黃巾。
子去何瀟灑，
余藏異隱淪。
書成無過雁，
衣故有縣鶉。
恐懼行裝數，
伶俜臥疾頻。
曉鸎工迸淚，
秋月解傷神。
會面嗟黧黑，
含悽話苦辛。
接輿還入楚，
王粲不歸秦。
錦里殘丹竈，
花溪得釣綸。
消中祗自惜，
晚起索誰親。
伏柱聞周史，
乘槎有漢臣。
鴛鴻不易狎，
龍虎未宜馴。
客則挂冠至，
交非傾蓋新。
由來意氣合，
直取性情真。
浪跡同生死，
無心恥賤貧。
偶然存蔗芋，
幸各對松筠。
麤飯依他日，
窮愁怪此辰。
女長裁褐穩，
男大卷書勻。
漰口江如練，
蠶崖雪似銀。
名園當翠巘，
野棹沒青蘋。
屢喜王侯宅，
時邀江海人。
追隨不覺晚，
欵曲動彌旬。
但使芝蘭秀，
何煩棟宇鄰。
山陽無俗物，
鄭驛正留賓。
出入並鞍馬，
光輝參席珍。
重遊先主廟，
更歷少城闉。
石鏡通幽魄，
琴臺隱絳唇。
送終惟糞土，
結愛獨荆榛。
置酒高林下，
觀碁積水濱。
區區甘累趼，
稍稍息勞筋。
網聚粘圓鯽，
絲繁煮細蓴。
長歌敲柳癭，
小睡憑藤輪。
農月須知課，
田家敢忘勤。
浮生難去食，
良會惜清晨。
列國兵戈暗，
今王德教淳。
要聞除䝟貐，
休作畫麒麟。
洗眼看輕薄，
虛懷任屈伸。
莫令膠漆地，
萬古重雷陳。

Creation Date: 764年
Location: CN5101
Poem Type: 排律",647,Du Fu (杜甫),764年,贈王二十四侍御契四十韻,排律,Classical Chinese,True,True,,
dufu_chunk_2014,dufu_31843,allusions_context,"Poem: 贈王二十四侍御契四十韻

Literary Allusions and References:
  乘槎
  傾蓋
  膠漆
  挂冠
  赤壁
  接輿
  縣鶉
  敲柳癭
  黃巾
  王粲不歸秦
  俗物
  席上儒
  猰貐
  鄭驛",128,Du Fu (杜甫),764年,贈王二十四侍御契四十韻,排律,Classical Chinese,,,14.0,
dufu_chunk_2015,dufu_31843,annotations_context,"Poem: 贈王二十四侍御契四十韻

Scholarly Annotations:
  王契，字佐卿，京兆人，元結有送契之西蜀序。
  一作但
  一作爾
  一作病
  一作宵
  一作似
  一作即
  一作堋，蜀人以堰爲堋
  一作逢
  一作須

... and 2 more annotations",154,Du Fu (杜甫),764年,贈王二十四侍御契四十韻,排律,Classical Chinese,,,,12.0
dufu_chunk_2016,dufu_31373,poem_content,"Poem Title: 寄董卿嘉榮十韻

Poem Text:
聞道君牙帳，
防秋近赤霄。
下臨千雪嶺，
却背五繩橋。
海內久戎服，
京師今晏朝。
犬羊曾爛熳，
宮闕尚蕭條。
猛將宜嘗膽，
龍泉必在腰。
黃圖遭污辱，
月窟可焚燒。
會取干戈利，
無令斥候驕。
居然雙捕虜，
自是一嫖姚。
落日思輕騎，
高天憶射雕。
雲臺畫形像，
皆爲掃氛妖。

Creation Date: 764年
Location: CN5101
Poem Type: 排律",223,Du Fu (杜甫),764年,寄董卿嘉榮十韻,排律,Classical Chinese,True,True,,
dufu_chunk_2017,dufu_31373,allusions_context,"Poem: 寄董卿嘉榮十韻

Literary Allusions and References:
  嘗膽
  捕虜
  嫖姚
  射雕
  月窟
  雲臺",79,Du Fu (杜甫),764年,寄董卿嘉榮十韻,排律,Classical Chinese,,,6.0,
dufu_chunk_2018,dufu_31373,annotations_context,"Poem: 寄董卿嘉榮十韻

Scholarly Annotations:
  一作仞雪
  一作秋",50,Du Fu (杜甫),764年,寄董卿嘉榮十韻,排律,Classical Chinese,,,,2.0
dufu_chunk_2019,dufu_31366,poem_content,"Poem Title: 寄司馬山人十二韻

Poem Text:
關內昔分袂，
天邊今轉蓬。
驅馳不可說，
談笑偶然同。
道術曾留意，
先生早擊蒙。
家家迎薊子，
處處識壺公。
長嘯峨嵋北，
潛行玉壘東。
有時騎猛虎，
虛室使仙童。
髮少何勞白，
顏衰肯更紅。
望雲悲轗軻，
畢景羨沖融。
喪亂形仍役，
淒涼信不通。
懸旌要路口，
倚劒短亭中。
永作殊方客，
殘生一老翁。
相哀骨可換，
亦遣馭清風。

Creation Date: 764年
Location: CN5101
Poem Type: 排律",252,Du Fu (杜甫),764年,寄司馬山人十二韻,排律,Classical Chinese,True,False,,
dufu_chunk_2020,dufu_31366,allusions_context,"Poem: 寄司馬山人十二韻

Literary Allusions and References:
  倚劒
  壺公
  擊蒙
  薊子",70,Du Fu (杜甫),764年,寄司馬山人十二韻,排律,Classical Chinese,,,4.0,
dufu_chunk_2021,dufu_31370,poem_content,"Poem Title: 寄李十四員外布十二韻

Poem Text:
名參漢望苑，
職述景題輿。
巫峽將之郡，
荆門好附書。
遠行無自苦，
內熱比何如。
正是炎天闊，
那堪野館疎。
黃牛平駕浪，
畫鷁上凌虛。
試待盤渦歇，
方期解纜初。
悶能過小徑，
自爲摘嘉蔬。
渚柳元幽僻，
村花不掃除。
宿陰繁素柰，
過雨亂紅蕖。
寂寂夏先晚，
泠泠風有餘。
江清心可瑩，
竹冷髮堪梳。
直作移巾几，
秋帆發弊廬。
Poem Type: 排律",216,Du Fu (杜甫),Unknown,寄李十四員外布十二韻,排律,Classical Chinese,True,True,,
dufu_chunk_2022,dufu_31370,allusions_context,"Poem: 寄李十四員外布十二韻

Literary Allusions and References:
  題輿
  望苑",62,Du Fu (杜甫),Unknown,寄李十四員外布十二韻,排律,Classical Chinese,,,2.0,
dufu_chunk_2023,dufu_31370,annotations_context,"Poem: 寄李十四員外布十二韻

Scholarly Annotations:
  原注：新除司議郎，兼萬州別駕，雖尚伏枕，已聞理裝。
  漢武爲太子置博望苑以通賓客
  周景爲陳蕃題輿
  一作日
  一作宜",106,Du Fu (杜甫),Unknown,寄李十四員外布十二韻,排律,Classical Chinese,,,,5.0
dufu_chunk_2024,dufu_31296,poem_content,"Poem Title: 立秋雨院中有作

Poem Text:
山雲行絕塞，
大火復西流。
飛雨動華屋，
蕭蕭梁棟秋。
窮途媿知己，
暮齒借前籌。
已費清晨謁，
那成長者謀。
解衣開北戶，
高枕對南樓。
樹濕風涼進，
江喧水氣浮。
禮寬心有適，
節爽病微瘳。
主將歸調鼎，
吾還訪舊丘。

Creation Date: 764年
Location: CN5101
Poem Type: 排律",195,Du Fu (杜甫),764年,立秋雨院中有作,排律,Classical Chinese,True,True,,
dufu_chunk_2025,dufu_31296,allusions_context,"Poem: 立秋雨院中有作

Literary Allusions and References:
  調鼎
  借前籌",60,Du Fu (杜甫),764年,立秋雨院中有作,排律,Classical Chinese,,,2.0,
dufu_chunk_2026,dufu_31296,annotations_context,"Poem: 立秋雨院中有作

Scholarly Annotations:
  一本有日字",45,Du Fu (杜甫),764年,立秋雨院中有作,排律,Classical Chinese,,,,1.0
dufu_chunk_2027,dufu_31315,poem_content,"Poem Title: 到村

Poem Text:
碧澗雖多雨，
秋沙先少泥。
蛟龍引子過，
荷芰逐花低。
老去參戎幕，
歸來散馬蹄。
稻粱須就列，
榛草即相迷。
蓄積思江漢，
疎頑惑町畦。
稍酬知己分，
還入故林棲。

Creation Date: 764年
Location: CN5101
Poem Type: 排律",162,Du Fu (杜甫),764年,到村,排律,Classical Chinese,True,True,,
dufu_chunk_2028,dufu_31315,allusions_context,"Poem: 到村

Literary Allusions and References:
  蛟龍引子",51,Du Fu (杜甫),764年,到村,排律,Classical Chinese,,,1.0,
dufu_chunk_2029,dufu_31315,annotations_context,"Poem: 到村

Scholarly Annotations:
  去聲，一作亦
  一作頑疎
  一作感
  一作暫",60,Du Fu (杜甫),764年,到村,排律,Classical Chinese,,,,4.0
dufu_chunk_2030,dufu_31388,poem_content,"Poem Title: 遣悶奉呈嚴公二十韻

Poem Text:
白水魚竿客，
清秋鶴髮翁。
胡爲來幕下，
秪合在舟中。
黃卷真如律，
青袍也自公。
老妻憂坐痹，
幼女問頭風。
平地專欹倒，
分曹失異同。
禮甘衰力就，
義忝上官通。
疇昔論詩蚤，
光輝仗鉞雄。
寬容存性拙，
剪拂念途窮。
露裛思藤架，
煙霏想桂叢。
信然龜觸網，
直作鳥窺籠。
西嶺紆村北，
南江遶舍東。
竹皮寒舊翠，
椒實雨新紅。
浪簸船應坼，
杯乾甕即空。
藩籬生野徑，
斤斧任樵童。
束縛酬知己，
蹉跎効小忠。
周防期稍稍，
太簡遂悤悤。
曉入朱扉啓，
昏歸畫角終。
不成尋別業，
未敢息微躬。
烏鵲愁銀漢，
駑駘怕錦幪。
會希全物色，
時放倚梧桐。

Creation Date: 764年
Location: CN5101
Poem Type: 排律",365,Du Fu (杜甫),764年,遣悶奉呈嚴公二十韻,排律,Classical Chinese,True,True,,
dufu_chunk_2031,dufu_31388,allusions_context,"Poem: 遣悶奉呈嚴公二十韻

Literary Allusions and References:
  桂叢
  圓鑿方枘
  龜觸網
  倚梧桐",75,Du Fu (杜甫),764年,遣悶奉呈嚴公二十韻,排律,Classical Chinese,,,4.0,
dufu_chunk_2032,dufu_31388,annotations_context,"Poem: 遣悶奉呈嚴公二十韻

Scholarly Annotations:
  一本有鄭字
  一作居
  音祕，濕病也",62,Du Fu (杜甫),764年,遣悶奉呈嚴公二十韻,排律,Classical Chinese,,,,3.0
dufu_chunk_2033,dufu_31318,poem_content,"Poem Title: 奉觀嚴鄭公廳事岷山沱江畫圖十韻

Poem Text:
沱水流中座，
岷山到此堂。
白波吹粉壁，
青嶂插雕梁。
直訝杉松冷，
兼疑菱荇香。
雪雲虛點綴，
沙草得微茫。
嶺鴈隨毫末，
川蜺飲練光。
霏紅洲蘂亂，
拂黛石蘿長。
暗谷非關雨，
丹楓不爲霜。
秋成玄圃外，
景物洞庭旁。
繪事功殊絕，
幽襟興激昂。
從來謝太傅，
丘壑道難忘。

Creation Date: 764年
Location: CN5101
Poem Type: 排律",231,Du Fu (杜甫),764年,奉觀嚴鄭公廳事岷山沱江畫圖十韻,排律,Classical Chinese,True,True,,
dufu_chunk_2034,dufu_31318,allusions_context,"Poem: 奉觀嚴鄭公廳事岷山沱江畫圖十韻

Literary Allusions and References:
  謝太傅",63,Du Fu (杜甫),764年,奉觀嚴鄭公廳事岷山沱江畫圖十韻,排律,Classical Chinese,,,1.0,
dufu_chunk_2035,dufu_31318,annotations_context,"Poem: 奉觀嚴鄭公廳事岷山沱江畫圖十韻

Scholarly Annotations:
  得忘字
  一作臨
  一作對，一作赴
  一作北
  一作侵
  一作谷暗
  一作楓丹
  一作城",99,Du Fu (杜甫),764年,奉觀嚴鄭公廳事岷山沱江畫圖十韻,排律,Classical Chinese,,,,8.0
dufu_chunk_2036,dufu_31389,poem_content,"Poem Title: 弊廬遣興奉寄嚴公

Poem Text:
野水平橋路，
春沙映竹村。
風輕粉蝶喜，
花暖蜜蜂喧。
把酒宜深酌，
題詩好細論。
府中瞻暇日，
江上憶詞源。
跡忝朝廷舊，
情依節制尊。
還思長者轍，
恐避席爲門。

Creation Date: 765年
Location: CN5101
Poem Type: 排律",168,Du Fu (杜甫),765年,弊廬遣興奉寄嚴公,排律,Classical Chinese,True,True,,
dufu_chunk_2037,dufu_31389,allusions_context,"Poem: 弊廬遣興奉寄嚴公

Literary Allusions and References:
  席門",55,Du Fu (杜甫),765年,弊廬遣興奉寄嚴公,排律,Classical Chinese,,,1.0,
dufu_chunk_2038,dufu_31389,annotations_context,"Poem: 弊廬遣興奉寄嚴公

Scholarly Annotations:
  一作且
  一作寄",50,Du Fu (杜甫),765年,弊廬遣興奉寄嚴公,排律,Classical Chinese,,,,2.0
dufu_chunk_2039,dufu_31316,poem_content,"Poem Title: 奉漢中王手札

Poem Text:
國有乾坤大，
王今叔父尊。
剖符來蜀道，
歸蓋取荆門。
峽險通舟過，
江長注海奔。
主人留上客，
避暑得名園。
前後緘書報，
分明饌玉恩。
天雲浮絕壁，
風竹在華軒。
已覺良宵永，
何看駭浪翻。
入期朱邸雪，
朝傍紫微垣。
枚乘文章老，
河間禮樂存。
悲秋宋玉宅，
失路武陵源。
淹薄俱崖口，
東西異石根。
夷音迷咫尺，
鬼物傍黃昏。
犬馬誠爲戀，
狐貍不足論。
從容草奏罷，
宿昔奉清罇。

Creation Date: 766年
Location: CN500236
Poem Type: 排律",280,Du Fu (杜甫),766年,奉漢中王手札,排律,Classical Chinese,True,True,,
dufu_chunk_2040,dufu_31316,allusions_context,"Poem: 奉漢中王手札

Literary Allusions and References:
  悲秋
  武陵源
  狐貍不足論
  河間禮樂
  枚乘",79,Du Fu (杜甫),766年,奉漢中王手札,排律,Classical Chinese,,,5.0,
dufu_chunk_2041,dufu_31316,annotations_context,"Poem: 奉漢中王手札

Scholarly Annotations:
  一作峻
  一作涼
  一作逸
  一作倚",60,Du Fu (杜甫),766年,奉漢中王手札,排律,Classical Chinese,,,,4.0
dufu_chunk_2042,dufu_31395,poem_content,"Poem Title: 贈崔十三評事公輔

Poem Text:
飄飄西極馬，
來自渥洼池。
颯飁定山桂，
低徊風雨枝。
我聞龍正直，
道屈爾何爲。
且有元戎命，
悲歌識者誰。
官聯辭宂長，
行路洗欹危。
脫劒主人贈，
去帆春色隨。
陰沈鐵鳳闕，
教練羽林兒。
天子朝侵早，
雲臺仗數移。
分軍應供給，
百姓日支離。
黠吏因封己，
公才或守雌。
燕王買駿骨，
渭老得熊羆。
活國名公在，
拜壇羣寇疑。
冰壺動瑤碧，
野水失蛟螭。
入幕諸彥集，
渴賢高選宜。
鶱騰坐可致，
九萬起於斯。
復進出矛戟，
昭然開鼎彝。
會看之子貴，
歎及老夫衰。
豈但江曾決，
還思霧一披。
暗塵生古鏡，
拂匣照西施。
舅氏多人物，
無慙困翮垂。

Creation Date: 766年
Location: CN500236
Poem Type: 排律",366,Du Fu (杜甫),766年,贈崔十三評事公輔,排律,Classical Chinese,True,True,,
dufu_chunk_2043,dufu_31395,allusions_context,"Poem: 贈崔十三評事公輔

Literary Allusions and References:
  九萬扶搖
  買駿骨
  得熊羆
  西施
  霧一披
  矛戟
  守雌
  渥洼種",96,Du Fu (杜甫),766年,贈崔十三評事公輔,排律,Classical Chinese,,,8.0,
dufu_chunk_2044,dufu_31395,annotations_context,"Poem: 贈崔十三評事公輔

Scholarly Annotations:
  一作颻
  一作寒，一作鄧
  一作知
  一作賈
  一作聚",72,Du Fu (杜甫),766年,贈崔十三評事公輔,排律,Classical Chinese,,,,5.0
dufu_chunk_2045,dufu_31308,poem_content,"Poem Title: 西閣二首

Poem Text:
巫山小搖落，
碧色見松林。
百鳥各相命，
孤雲無自心。
層軒俯江壁，
要路亦高深。
朱紱猶紗帽，
新詩近玉琴。
功名不早立，
衰病謝知音。
哀世非王粲，
終然學越吟。

Creation Date: 766年
Location: CN500236,西阁
Poem Type: 排律",169,Du Fu (杜甫),766年,西閣二首,排律,Classical Chinese,True,True,,
dufu_chunk_2046,dufu_31308,allusions_context,"Poem: 西閣二首

Literary Allusions and References:
  越吟",51,Du Fu (杜甫),766年,西閣二首,排律,Classical Chinese,,,1.0,
dufu_chunk_2047,dufu_31308,annotations_context,"Poem: 西閣二首

Scholarly Annotations:
  一作是
  一作非
  一作無
  一作朝",58,Du Fu (杜甫),766年,西閣二首,排律,Classical Chinese,,,,4.0
dufu_chunk_2048,dufu_31309,poem_content,"Poem Title: 西閣二首

Poem Text:
嬾心似江水，
日夜向滄洲。
不道含香賤，
其如鑷白休。
經過調碧柳，
蕭索倚朱樓。
畢娶何時竟，
消中得自由。
豪華看古往，
服食寄冥搜。
詩盡人間興，
兼須入海求。

Creation Date: 766年
Location: CN500236,西阁
Poem Type: 排律",169,Du Fu (杜甫),766年,西閣二首,排律,Classical Chinese,True,True,,
dufu_chunk_2049,dufu_31309,allusions_context,"Poem: 西閣二首

Literary Allusions and References:
  入海求
  畢娶
  含香
  鑷白",67,Du Fu (杜甫),766年,西閣二首,排律,Classical Chinese,,,4.0,
dufu_chunk_2050,dufu_31309,annotations_context,"Poem: 西閣二首

Scholarly Annotations:
  一作凋
  一作瑟
  一作榮",52,Du Fu (杜甫),766年,西閣二首,排律,Classical Chinese,,,,3.0
dufu_chunk_2051,dufu_31292,poem_content,"Poem Title: 東屯月夜

Poem Text:
抱疾漂萍老，
防邊舊穀屯。
春農親異俗，
歲月在衡門。
青女霜楓重，
黃牛峽水喧。
泥留虎鬬跡，
月挂客愁村。
喬木澄稀影，
輕雲倚細根。
數驚聞雀噪，
暫睡想猨蹲。
日轉東方白，
風來北斗昏。
天寒不成寢，
無夢寄歸魂。

Creation Date: 767年
Location: CN500236,东屯
Poem Type: 排律",197,Du Fu (杜甫),767年,東屯月夜,排律,Classical Chinese,True,True,,
dufu_chunk_2052,dufu_31292,allusions_context,"Poem: 東屯月夜

Literary Allusions and References:
  青女
  衡門",56,Du Fu (杜甫),767年,東屯月夜,排律,Classical Chinese,,,2.0,
dufu_chunk_2053,dufu_31292,annotations_context,"Poem: 東屯月夜

Scholarly Annotations:
  一作有",40,Du Fu (杜甫),767年,東屯月夜,排律,Classical Chinese,,,,1.0
dufu_chunk_2054,dufu_31277,poem_content,"Poem Title: 上白帝城二首

Poem Text:
江城含變態，
一上一回新。
天欲今朝雨，
山歸萬古春。
英雄餘事業，
衰邁久風塵。
取醉他鄉客，
相逢故國人。
兵戈猶擁蜀，
賦斂強輸秦。
不是煩形勝，
深慙畏損神。

Creation Date: 766年
Location: CN500236
Poem Type: 排律",168,Du Fu (杜甫),766年,上白帝城二首,排律,Classical Chinese,False,True,,
dufu_chunk_2055,dufu_31277,annotations_context,"Poem: 上白帝城二首

Scholarly Annotations:
  一作尚
  一作愁",48,Du Fu (杜甫),766年,上白帝城二首,排律,Classical Chinese,,,,2.0
dufu_chunk_2056,dufu_31278,poem_content,"Poem Title: 上白帝城二首

Poem Text:
白帝空祠廟，
孤雲自往來。
江山城宛轉，
棟宇客裴回。
勇略今何在，
當年亦壯哉。
後人將酒肉，
虛殿日塵埃。
谷鳥鳴還過，
林花落又開。
多慙病無力，
騎馬入青苔。

Creation Date: 766年
Location: CN500236
Poem Type: 排律",168,Du Fu (杜甫),766年,上白帝城二首,排律,Classical Chinese,False,False,,
dufu_chunk_2057,dufu_31379,poem_content,"Poem Title: 謁先主廟

Poem Text:
慘淡風雲會，
乘時各有人。
力侔分社稷，
志屈偃經綸。
復漢留長策，
中原仗老臣。
雜耕心未已，
歐血事酸辛。
霸氣西南歇，
雄圖曆數屯。
錦江元過楚，
劒閣復通秦。
舊俗存祠廟，
空山立鬼神。
虛簷交鳥道，
枯木半龍鱗。
竹送清溪月，
苔移玉座春。
閭閻兒女換，
歌舞歲時新。
絕域歸舟遠，
荒城繫馬頻。
如何對搖落，
況乃久風塵。
孰與關張並，
功臨耿鄧親。
應天才不小，
得士契無鄰。
遲暮堪帷幄，
飄零且釣緡。
向來憂國淚，
寂寞灑衣巾。

Creation Date: 766年
Location: CN500236
Poem Type: 排律",306,Du Fu (杜甫),766年,謁先主廟,排律,Classical Chinese,True,True,,
dufu_chunk_2058,dufu_31379,allusions_context,"Poem: 謁先主廟

Literary Allusions and References:
  耿鄧",51,Du Fu (杜甫),766年,謁先主廟,排律,Classical Chinese,,,1.0,
dufu_chunk_2059,dufu_31379,annotations_context,"Poem: 謁先主廟

Scholarly Annotations:
  劉昭烈廟在奉節縣東六里。
  嘔同
  雜耕、嘔血皆諸葛亮事
  一作泣
  一作扶
  一作過
  一作青
  一作勢
  一作斷
  一作土",109,Du Fu (杜甫),766年,謁先主廟,排律,Classical Chinese,,,,10.0
dufu_chunk_2060,dufu_31361,poem_content,"Poem Title: 陪諸公上白帝城宴越公堂之作

Poem Text:
此堂存古製，
城上俯江郊。
落構垂雲雨，
荒階蔓草茅。
柱穿蜂溜蜜，
棧缺燕添巢。
坐接春杯氣，
心傷豔蘂梢。
英靈如過隙，
宴衎願投膠。
莫問東流水，
生涯未即拋。

Creation Date: 766年
Location: CN500236
Poem Type: 排律",175,Du Fu (杜甫),766年,陪諸公上白帝城宴越公堂之作,排律,Classical Chinese,True,True,,
dufu_chunk_2061,dufu_31361,allusions_context,"Poem: 陪諸公上白帝城宴越公堂之作

Literary Allusions and References:
  過隙",60,Du Fu (杜甫),766年,陪諸公上白帝城宴越公堂之作,排律,Classical Chinese,,,1.0,
dufu_chunk_2062,dufu_31361,annotations_context,"Poem: 陪諸公上白帝城宴越公堂之作

Scholarly Annotations:
  一本有頭字，一本有樓字
  越公楊素所建
  一作水清淺",74,Du Fu (杜甫),766年,陪諸公上白帝城宴越公堂之作,排律,Classical Chinese,,,,3.0
dufu_chunk_2063,dufu_31357,poem_content,"Poem Title: 諸葛廟

Poem Text:
久遊巴子國，
屢入武侯祠。
竹日斜虛寢，
溪風滿薄帷。
君臣當共濟，
賢聖亦同時。
翊戴歸先主，
幷吞更出師。
蟲虵穿畫壁，
巫覡醉蛛絲。
歘憶吟梁父，
躬耕也未遲。

Creation Date: 767年
Location: CN500236
Poem Type: 排律",165,Du Fu (杜甫),767年,諸葛廟,排律,Classical Chinese,True,True,,
dufu_chunk_2064,dufu_31357,allusions_context,"Poem: 諸葛廟

Literary Allusions and References:
  巴子國",51,Du Fu (杜甫),767年,諸葛廟,排律,Classical Chinese,,,1.0,
dufu_chunk_2065,dufu_31357,annotations_context,"Poem: 諸葛廟

Scholarly Annotations:
  一作起",39,Du Fu (杜甫),767年,諸葛廟,排律,Classical Chinese,,,,1.0
dufu_chunk_2066,dufu_31289,poem_content,"Poem Title: 天池

Poem Text:
天池馬不到，
嵐壁鳥纔通。
百頃青雲杪，
層波白石中。
鬱紆騰秀氣，
蕭瑟浸寒空。
直對巫山出，
兼疑夏禹功。
魚龍開闢有，
菱芡古今同。
聞道奔雷黑，
初看浴日紅。
飄零神女雨，
斷續楚王風。
欲問支機石，
如臨獻寶宮。
九秋驚鴈序，
萬里狎漁翁。
更是無人處，
誅茅任薄躬。

Creation Date: 767年
Location: CN500236
Poem Type: 排律",220,Du Fu (杜甫),767年,天池,排律,Classical Chinese,True,True,,
dufu_chunk_2067,dufu_31289,allusions_context,"Poem: 天池

Literary Allusions and References:
  楚王風
  支機石
  誅茅
  獻寶",66,Du Fu (杜甫),767年,天池,排律,Classical Chinese,,,4.0,
dufu_chunk_2068,dufu_31289,annotations_context,"Poem: 天池

Scholarly Annotations:
  一作峽
  一作芰
  一作豐
  一作樵童
  一作勞",63,Du Fu (杜甫),767年,天池,排律,Classical Chinese,,,,5.0
dufu_chunk_2069,dufu_31363,poem_content,"Poem Title: 偶題

Poem Text:
文章千古事，
得失寸心知。
作者皆殊列，
名聲豈浪垂。
騷人嗟不見，
漢道盛於斯。
前輩飛騰入，
餘波綺麗爲。
後賢兼舊列，
歷代各清規。
法自儒家有，
心從弱歲疲。
永懷江左逸，
多病鄴中奇。
騄驥皆良馬，
騏驎帶好兒。
車輪徒已斵，
堂構惜仍虧。
漫作潛夫論，
虛傳幼婦碑。
緣情慰漂蕩，
抱疾屢遷移。
經濟慙長策，
飛棲假一枝。
塵沙傍蜂蠆，
江峽繞蛟螭。
蕭瑟唐虞遠，
聯翩楚漢危。
聖朝兼盜賊，
異俗更喧卑。
鬱鬱星辰劒，
蒼蒼雲雨池。
兩都開幕府，
萬宇插軍麾。
南海殘銅柱，
東風避月支。
音書恨烏鵲，
號怒怪熊羆。
稼穡分詩興，
柴荆學土宜。
故山迷白閣，
秋水隱黃陂。
不敢要佳句，
愁來賦別離。

Creation Date: 766年
Location: CN500236
Poem Type: 排律",388,Du Fu (杜甫),766年,偶題,排律,Classical Chinese,True,True,,
dufu_chunk_2070,dufu_31363,allusions_context,"Poem: 偶題

Literary Allusions and References:
  幼婦碑
  恨烏鵲
  潛夫論
  斫輪",67,Du Fu (杜甫),766年,偶題,排律,Classical Chinese,,,4.0,
dufu_chunk_2071,dufu_31363,annotations_context,"Poem: 偶題

Scholarly Annotations:
  一作制，一作利，一作例
  一作謝
  一作肯
  一作詞
  一作憶
  一作皇",76,Du Fu (杜甫),766年,偶題,排律,Classical Chinese,,,,6.0
dufu_chunk_2072,dufu_31674,poem_content,"Poem Title: 秋日夔府詠懷奉寄鄭監李賓客一百韻

Poem Text:
絕塞烏蠻北，
孤城白帝邊。
飄零仍百里，
消渴已三年。
雄劒鳴開匣，
羣書滿繫船。
亂離心不展，
衰謝日蕭然。
筋力妻孥問，
菁華歲月遷。
登臨多物色，
陶冶賴詩篇。
峽束滄江起，
巖排石樹圓。
拂雲霾楚氣，
朝海蹴吳天。
煮井爲鹽速，
燒畬度地偏。
有時驚疊嶂，
何處覓平川。
鸂鶒雙雙舞，
獼猿壘壘懸。
碧蘿長似帶，
錦石小如錢。
春草何曾歇，
寒花亦可憐。
獵人吹戍火，
野店引山泉。
喚起搔頭急，
扶行幾屐穿。
兩京猶薄產，
四海絕隨肩。
幕府初交辟，
郎官幸備員。
瓜時猶旅寓，
萍泛苦夤緣。
藥餌虛狼藉，
秋風灑靜便。
開襟驅瘴癘，
明目掃雲煙。
高宴諸侯禮，
佳人上客前。
哀箏傷老大，
華屋豔神仙。
南內開元曲，
常時弟子傳。
法歌聲變轉，
滿座涕潺湲。
弔影夔州僻，
回腸杜曲煎。
即今龍廄水，
莫帶犬戎羶。
耿賈扶王室，
蕭曹拱御筵。
乘威滅蜂蠆，
戮力効鷹鸇。
舊物森猶在，
凶徒惡未悛。
國須行戰伐，
人憶止戈鋋。
奴僕何知禮，
恩榮錯與權。
胡星一彗孛，
黔首逐拘攣。
哀痛絲綸切，
煩苛法令蠲。
業成陳始王，
兆喜出於畋。
宮禁經綸密，
台階翊戴全。
熊羆載呂望，
鴻雁美周宣。
側聽中興主，
長吟不世賢。
音徽一柱數，
道里下牢千。
鄭李光時論，
文章並我先。
陰何尚清省，
沈宋歘聯翩。
律比崑崙竹，
音知燥濕弦。
風流俱善價，
愜當久忘筌。
置驛常如此，
登龍蓋有焉。
雖云隔禮數，
不敢墜周旋。
高視收人表，
虛心味道玄。
馬來皆汗血，
鶴唳必青田。
羽翼商山起，
蓬萊漢閣連。
管寧紗帽淨，
江令錦袍鮮。
東郡時題壁，
南湖日扣舷。
遠遊凌絕境，
佳句染華牋。
每欲孤飛去，
徒爲百慮牽。
生涯已寥落，
國步乃迍邅。
衾枕成蕪沒，
池塘作棄捐。
別離憂怛怛，
伏臘涕漣漣。
露菊班豐鎬，
秋蔬影澗瀍。
共誰論昔事，
幾處有新阡。
富貴空迴首，
喧爭嬾著鞭。
兵戈塵漠漠，
江漢月娟娟。
局促看秋燕，
蕭疎聽晚蟬。
雕蟲蒙記憶，
烹鯉問沈綿。
卜羨君平杖，
偷存子敬氈。
囊虛把釵釧，
米盡坼花鈿。
甘子陰涼葉，
茅齋八九椽。
陣圖沙北岸，
市暨瀼西巔。
羈絆心常折，
棲遲病即痊。
紫收岷嶺芋，
白種陸池蓮。
色好梨勝頰，
穰多栗過拳。
勅廚唯一味，
求飽或三鱣。
兒去看魚笱，
人來坐馬韉。
縛柴門窄窄，
通竹溜涓涓。
塹抵公畦稜，
村依野廟壖。
缺籬將棘拒，
倒石賴藤纏。
借問頻朝謁，
何如穩醉眠。
誰云行不逮，
自覺坐能堅。
霧雨銀章澀，
馨香粉署妍。
紫鸞無近遠，
黃雀任翩翾。
困學違從衆，
明公各勉旃。
聲華夾宸極，
早晚到星躔。
懇諫留匡鼎，
諸儒引服虔。
不逢輸鯁直，
會是正陶甄。
宵旰憂虞軫，
黎元疾苦駢。
雲臺終日畫，
青簡爲誰編。
行路難何有，
招尋興已專。
由來具飛檝，
蹔擬控鳴弦。
身許雙峰寺，
門求七祖禪。
落帆追宿昔，
衣褐向真詮。
安石名高晉，
昭王客赴燕。
途中非阮籍，
查上似張騫。
披拂雲寧在，
淹留景不延。
風期終破浪，
水怪莫飛涎。
他日辭神女，
傷春怯杜鵑。
淡交隨聚散，
澤國繞迴旋。
本自依迦葉，
何曾藉偓佺。
鑪峯生轉盻，
橘井尚高褰。
東走窮歸鶴，
南征盡跕鳶。
晚聞多妙教，
卒踐塞前愆。
顧凱丹青列，
頭陀琬琰鐫。
衆香深黯黯，
幾地肅芊芊。
勇猛爲心極，
清羸任體孱。
金蓖空刮眼，
鏡象未離銓。

Creation Date: 767年
Location: CN500236,瀼西
Poem Type: 排律",1497,Du Fu (杜甫),767年,秋日夔府詠懷奉寄鄭監李賓客一百韻,排律,Classical Chinese,True,True,,
dufu_chunk_2073,dufu_31674,allusions_context,"Poem: 秋日夔府詠懷奉寄鄭監李賓客一百韻

Literary Allusions and References:
  哀途窮
  安石
  查上
  著鞭
  熊羆
  君平
  神女
  烹鯉
  子敬氈
  善價
  忘筌
  登龍
  雕蟲
  跕鳶
  服虔
  耿賈
  管寧
  鴻雁
  江令錦袍
  栗過拳
  匡鼎
  伶倫
  陸池蓮
  岷嶺芋
  蓬山
  青田鶴
  偓佺
  蕭曹
  効鷹鸇
  陰何
  雲臺
  燥濕弦
  置驛",233,Du Fu (杜甫),767年,秋日夔府詠懷奉寄鄭監李賓客一百韻,排律,Classical Chinese,,,33.0,
dufu_chunk_2074,dufu_31674,annotations_context,"Poem: 秋日夔府詠懷奉寄鄭監李賓客一百韻

Scholarly Annotations:
  審
  之芳
  鄭審官祕書少監，時謫貶江陵，李之芳留吐蕃歸，拜禮部尚書，改太子賓客。
  一作所向皆窮轍，餘生日繫船
  一作轉
  一作蒼
  一作古
  石楠也
  一作潮
  一作襯

... and 42 more annotations",173,Du Fu (杜甫),767年,秋日夔府詠懷奉寄鄭監李賓客一百韻,排律,Classical Chinese,,,,52.0
dufu_chunk_2075,dufu_31393,poem_content,"Poem Title: 贈李八祕書別三十韻

Poem Text:
往時中補右，
扈蹕上元初。
反氣凌行在，
妖星下直廬。
六龍瞻漢闕，
萬騎略姚墟。
玄朔迴天步，
神都憶帝車。
一戎纔汗馬，
百姓免爲魚。
通籍蟠螭印，
差肩列鳳輿。
事殊迎代邸，
喜異賞朱虛。
寇盜方歸順，
乾坤欲晏如。
不才同補衮，
奉詔許牽裾。
鴛鷺叨雲閣，
麒麟滯玉除。
文園多病後，
中散舊交疎。
飄泊哀相見，
平生意有餘。
風煙巫峽遠，
臺榭楚宮虛。
觸目非論故，
新文尚起予。
清秋凋碧柳，
別浦落紅蕖。
消息多旗幟，
經過嘆里閭。
戰連唇齒國，
軍急羽毛書。
幕府籌頻問，
山家藥正鋤。
台星入朝謁，
使節有吹噓。
西蜀災長弭，
南翁憤始攄。
對敭抏士卒，
乾沒費倉儲。
勢藉兵須用，
功無禮忽諸。
御鞍金騕褭，
宮硯玉蟾蜍。
拜舞銀鉤落，
恩波錦帕舒。
此行非不濟，
良友昔相於。
去斾依顏色，
沿流想疾徐。
沈綿疲井臼，
倚薄似樵漁。
乞米煩佳客，
鈔詩聽小胥。
杜陵斜晚照，
潏水帶寒淤。
莫話清溪髮，
蕭蕭白暎梳。

Creation Date: 767年9月
Location: CN500236,瀼西
Poem Type: 排律",512,Du Fu (杜甫),767年9月,贈李八祕書別三十韻,排律,Classical Chinese,True,True,,
dufu_chunk_2076,dufu_31393,allusions_context,"Poem: 贈李八祕書別三十韻

Literary Allusions and References:
  補衮
  唇齒國
  迎代邸
  中散舊交疎
  起予
  牽裾
  賞朱虛
  文園
  妖星
  一戎",107,Du Fu (杜甫),767年9月,贈李八祕書別三十韻,排律,Classical Chinese,,,10.0,
dufu_chunk_2077,dufu_31393,annotations_context,"Poem: 贈李八祕書別三十韻

Scholarly Annotations:
  一作公
  錢謙益注：“中補右者，必李祕書是時官右補闕，屬中書省，故云。上元初，謂上之元初，非若寄題草堂詩經營上元始也。”
  一作殿
  一作集
  一作媯
  舜居安原，名媯墟，亦名姚墟，在漢中西城縣西北。時肅宗在鳳翔，與漢中接壤
  一作巡
  一作石渠
  一作除
  原注：山劒元帥杜相公，初屈幕府參籌畫，相公朝謁，今赴後期也

... and 4 more annotations",238,Du Fu (杜甫),767年9月,贈李八祕書別三十韻,排律,Classical Chinese,,,,14.0
dufu_chunk_2078,dufu_31367,poem_content,"Poem Title: 寄劉峽州伯華使君四十韻

Poem Text:
峽內多雲雨，
秋來尚鬱蒸。
遠山朝白帝，
深水謁彝陵。
遲暮嗟爲客，
西南喜得朋。
哀猨更起坐，
落雁失飛騰。
伏枕思瓊樹，
臨軒對玉繩。
青松寒不落，
碧海闊逾澄。
昔歲文爲理，
羣公價盡增。
家聲同令聞，
時論以儒稱。
太后當朝肅，
多才接跡昇。
翠虛捎魍魎，
丹極上鵾鵬。
宴引春壺滿，
恩分夏簟冰。
彫章五色筆，
紫殿九華燈。
學並盧王敏，
書偕褚薛能。
老兄真不墜，
小子獨無承。
近有風流作，
聊從月繼徵。
放蹄知赤驥，
捩翅服蒼鷹。
卷軸來何晚，
襟懷庶可憑。
會期吟諷數，
益破旅愁凝。
雕刻初誰料，
纖毫欲自矜。
神融躡飛動，
戰勝洗侵凌。
妙取筌蹄棄，
高宜百萬層。
白頭遺恨在，
青竹幾人登。
迴首追談笑，
勞歌跼寢興。
年華紛已矣，
世故莽相仍。
刺史諸侯貴，
郎官列宿應。
潘生驂閣遠，
黃霸璽書增。
乳贙號攀石，
飢鼯訴落藤。
藥囊親道士，
灰劫問胡僧。
憑久烏皮折，
簪稀白帽稜。
林居看蟻穴，
野食行魚罾。
筋力交彫喪，
飄零免戰兢。
皆爲百里宰，
正似六安丞。
姹女縈新裹，
丹砂冷舊秤。
但求椿壽永，
莫慮杞天崩。
鍊骨調情性，
張兵撓棘矜。
養生終自惜，
伐數必全懲。
政術甘疎誕，
詞場媿服膺。
展懷詩誦魯，
割愛酒如澠。
咄咄寧書字，
冥冥欲避矰。
江湖多白鳥，
天地有青蠅。

Creation Date: 767年
Location: CN500236,瀼西
Poem Type: 排律",652,Du Fu (杜甫),767年,寄劉峽州伯華使君四十韻,排律,Classical Chinese,True,True,,
dufu_chunk_2079,dufu_31367,allusions_context,"Poem: 寄劉峽州伯華使君四十韻

Literary Allusions and References:
  潘生驂閣
  椿壽
  青蠅
  五色筆
  咄咄
  赤驥
  筌蹄棄
  黃霸璽書增
  酒如澠
  列宿
  六安丞
  瓊樹
  杞天
  西南失朋",134,Du Fu (杜甫),767年,寄劉峽州伯華使君四十韻,排律,Classical Chinese,,,14.0,
dufu_chunk_2080,dufu_31367,annotations_context,"Poem: 寄劉峽州伯華使君四十韻

Scholarly Annotations:
  一作天
  一作出
  一作勞
  劉允濟與王勃齊名，又與杜審言同仕則天朝，蓋伯華之祖父也
  一作臨
  一作酒
  照鄰
  勃
  遂良
  稷

... and 15 more annotations",148,Du Fu (杜甫),767年,寄劉峽州伯華使君四十韻,排律,Classical Chinese,,,,25.0
dufu_chunk_2081,dufu_31852,poem_content,"Poem Title: 夔府書懷四十韻

Poem Text:
昔罷河西尉，
初興薊北師。
不才名位晚，
敢恨省郎遲。
扈聖崆峒日，
端居灧澦時。
萍流仍汲引，
樗散尚恩慈。
遂阻雲臺宿，
常懷湛露詩。
翠華森遠矣，
白首颯淒其。
拙被林泉滯，
生逢酒賦欺。
文園終寂寞，
漢閣自磷緇。
病隔君臣議，
慚紆德澤私。
揚鑣驚主辱，
拔劒撥年衰。
社稷經綸地，
風雲際會期。
血流紛在眼，
涕灑亂交頤。
四瀆樓船汎，
中原鼓角悲。
賊壕連白翟，
戰瓦落丹墀。
先帝嚴靈寢，
宗臣切受遺。
恆山猶突騎，
遼海競張旗。
田父嗟膠漆，
行人避蒺藜。
總戎存大體，
降將餙卑詞。
楚貢何年絕，
堯封舊俗疑。
長吁翻北寇，
一望卷西夷。
不必陪玄圃，
超然待具茨。
凶兵鑄農器，
講殿闢書帷。
廟算高難測，
天憂實在茲。
形容真潦倒，
荅效莫支持。
使者分王命，
羣公各典司。
恐乖均賦斂，
不似問瘡痍。
萬里煩供給，
孤城最怨思。
綠林寧小患，
雲夢欲難追。
即事須嘗膽，
蒼生可察眉。
議堂猶集鳳，
正觀是元龜。
處處喧飛檄，
家家急競錐。
蕭車安不定，
蜀使下何之。
釣瀨疎墳籍，
耕巖進弈棊。
地蒸餘破扇，
冬煖更纖絺。
豺遘哀登楚，
麟傷泣象尼。
衣冠迷適越，
藻繪憶遊睢。
賞月延秋桂，
傾陽逐露葵。
大庭終反樸，
京觀且僵尸。
高枕虛眠晝，
哀歌欲和誰。
南宮載勳業，
凡百慎交綏。

Creation Date: 766年
Location: CN500236
Poem Type: 排律",645,Du Fu (杜甫),766年,夔府書懷四十韻,排律,Classical Chinese,True,True,,
dufu_chunk_2082,dufu_31852,allusions_context,"Poem: 夔府書懷四十韻

Literary Allusions and References:
  嘗膽
  仲尼窮
  大庭
  登楚
  釣瀨
  上書囊
  具茨
  膠漆
  酒賦
  綠林
  適越
  天憂
  文園
  蕭車
  遊睢
  蜀使
  雲夢
  湛露",141,Du Fu (杜甫),766年,夔府書懷四十韻,排律,Classical Chinese,,,18.0,
dufu_chunk_2083,dufu_31852,annotations_context,"Poem: 夔府書懷四十韻

Scholarly Annotations:
  一作靈
  一作伯
  鄒陽爲酒賦
  一作識
  晉文公攮夷狄，居西河圁洛間，號白翟、赤翟
  一作虛
  肅宗收京哭廟
  郭子儀受遺詔，委以河東軍事
  用以爲弓
  安史餘黨

... and 9 more annotations",159,Du Fu (杜甫),766年,夔府書懷四十韻,排律,Classical Chinese,,,,19.0
dufu_chunk_2084,dufu_31302,poem_content,"Poem Title: 傷秋

Poem Text:
林僻來人少，
山長去鳥微。
高秋收畫扇，
久客掩荆扉。
嬾慢頭時櫛，
艱難帶減圍。
將軍猶汗馬，
天子尚戎衣。
白蔣風飆脆，
殷檉曉夜稀。
何年減豺虎，
似有故園歸。

Creation Date: 767年9月
Location: CN500236,东屯
Poem Type: 排律",169,Du Fu (杜甫),767年9月,傷秋,排律,Classical Chinese,True,True,,
dufu_chunk_2085,dufu_31302,allusions_context,"Poem: 傷秋

Literary Allusions and References:
  帶減圍",50,Du Fu (杜甫),767年9月,傷秋,排律,Classical Chinese,,,1.0,
dufu_chunk_2086,dufu_31302,annotations_context,"Poem: 傷秋

Scholarly Annotations:
  一作村
  一作藏羽
  一作思
  一作滅",57,Du Fu (杜甫),767年9月,傷秋,排律,Classical Chinese,,,,4.0
dufu_chunk_2087,dufu_31335,poem_content,"Poem Title: 南極

Poem Text:
南極青山衆，
西江白谷分。
古城疏落木，
荒戍密寒雲。
歲月虵常見，
風飆虎或聞。
近身皆鳥道，
殊俗自人羣。
睥睨登哀柝，
矛弧照夕曛。
亂離多醉尉，
愁殺李將軍。

Creation Date: 766年
Location: CN500236
Poem Type: 排律",164,Du Fu (杜甫),766年,南極,排律,Classical Chinese,True,True,,
dufu_chunk_2088,dufu_31335,allusions_context,"Poem: 南極

Literary Allusions and References:
  醉尉",49,Du Fu (杜甫),766年,南極,排律,Classical Chinese,,,1.0,
dufu_chunk_2089,dufu_31335,annotations_context,"Poem: 南極

Scholarly Annotations:
  一作忽
  一作蝥",44,Du Fu (杜甫),766年,南極,排律,Classical Chinese,,,,2.0
dufu_chunk_2090,dufu_31331,poem_content,"Poem Title: 宗武生日

Poem Text:
小子何時見，
高秋此日生。
自從都邑語，
已伴老夫名。
詩是吾家事，
人傳世上情。
熟精文選理，
休覓綵衣輕。
凋瘵筵初秩，
欹斜坐不成。
流霞分片片，
涓滴就徐傾。

Creation Date: 762年
Location: CN510623
Poem Type: 排律",166,Du Fu (杜甫),762年,宗武生日,排律,Classical Chinese,True,True,,
dufu_chunk_2091,dufu_31331,allusions_context,"Poem: 宗武生日

Literary Allusions and References:
  綵衣
  流霞",56,Du Fu (杜甫),762年,宗武生日,排律,Classical Chinese,,,2.0,
dufu_chunk_2092,dufu_31331,annotations_context,"Poem: 宗武生日

Scholarly Annotations:
  一作律
  一作飛
  一作幾",52,Du Fu (杜甫),762年,宗武生日,排律,Classical Chinese,,,,3.0
dufu_chunk_2093,dufu_31275,poem_content,"Poem Title: 又示宗武

Poem Text:
覓句新知律，
攤書解滿牀。
試吟青玉案，
莫羨紫羅囊。
假日從時飲，
明年共我長。
應須飽經術，
已似愛文章。
十五男兒志，
三千弟子行。
曾參與游夏，
達者得升堂。

Creation Date: 768年1月1日
Location: CN500236,东屯
Poem Type: 排律",173,Du Fu (杜甫),768年1月1日,又示宗武,排律,Classical Chinese,True,True,,
dufu_chunk_2094,dufu_31275,allusions_context,"Poem: 又示宗武

Literary Allusions and References:
  青玉案
  游夏
  曾參
  紫羅囊",68,Du Fu (杜甫),768年1月1日,又示宗武,排律,Classical Chinese,,,4.0,
dufu_chunk_2095,dufu_31275,annotations_context,"Poem: 又示宗武

Scholarly Annotations:
  一作帶
  一作暇",46,Du Fu (杜甫),768年1月1日,又示宗武,排律,Classical Chinese,,,,2.0
dufu_chunk_2096,dufu_31274,poem_content,"Poem Title: 九日五首

Poem Text:
故里樊川菊，
登高素滻源。
他時一笑後，
今日幾人存。
巫峽蟠江路，
終南對國門。
繫舟身萬里，
伏枕淚雙痕。
爲客裁烏帽，
從兒具綠尊。
佳辰對羣盜，
愁絕更誰論。

Creation Date: 767年9月9日
Location: CN500236
Poem Type: 排律",170,Du Fu (杜甫),767年9月9日,九日五首,排律,Classical Chinese,False,True,,
dufu_chunk_2097,dufu_31274,annotations_context,"Poem: 九日五首

Scholarly Annotations:
  吳若本注：“闕一首。”趙次公以“風急天高”一首足之，云未嘗闕。
  一作醉
  一作帶
  一作堪",86,Du Fu (杜甫),767年9月9日,九日五首,排律,Classical Chinese,,,,4.0
dufu_chunk_2098,dufu_31365,poem_content,"Poem Title: 寄韋有夏郎中

Poem Text:
省郎憂病士，
書信有柴胡。
飲子頻通汗，
懷君想報珠。
親知天畔少，
藥味峽中無。
歸楫生衣臥，
春鷗洗翅呼。
猶聞上急水，
早作取平途。
萬里皇華使，
爲僚記腐儒。

Creation Date: 766年
Location: CN500236
Poem Type: 排律",168,Du Fu (杜甫),766年,寄韋有夏郎中,排律,Classical Chinese,True,True,,
dufu_chunk_2099,dufu_31365,allusions_context,"Poem: 寄韋有夏郎中

Literary Allusions and References:
  報珠",53,Du Fu (杜甫),766年,寄韋有夏郎中,排律,Classical Chinese,,,1.0,
dufu_chunk_2100,dufu_31365,annotations_context,"Poem: 寄韋有夏郎中

Scholarly Annotations:
  顏真卿東方朔碑陰，有朝城主簿韋有夏，疑即此。",61,Du Fu (杜甫),766年,寄韋有夏郎中,排律,Classical Chinese,,,,1.0
dufu_chunk_2101,dufu_31338,poem_content,"Poem Title: 柳司馬至

Poem Text:
有使歸三峽，
相過問兩京。
函關猶出將，
渭水更屯兵。
設備邯鄲道，
和親邏些城。
幽燕唯鳥去，
商洛少人行。
衰謝身何補，
蕭條病轉嬰。
霜天到宮闕，
戀主寸心明。

Creation Date: 767年
Location: CN500236,东屯
Poem Type: 排律",169,Du Fu (杜甫),767年,柳司馬至,排律,Classical Chinese,True,True,,
dufu_chunk_2102,dufu_31338,allusions_context,"Poem: 柳司馬至

Literary Allusions and References:
  邯鄲道",52,Du Fu (杜甫),767年,柳司馬至,排律,Classical Chinese,,,1.0,
dufu_chunk_2103,dufu_31338,annotations_context,"Poem: 柳司馬至

Scholarly Annotations:
  一作自
  吐蕃號其國都爲邏些城",53,Du Fu (杜甫),767年,柳司馬至,排律,Classical Chinese,,,,2.0
dufu_chunk_2104,dufu_31347,poem_content,"Poem Title: 送覃二判官

Poem Text:
先帝弓劒遠，
小臣餘此生。
蹉跎病江漢，
不復謁承明。
餞爾白頭日，
永懷丹鳳城。
遲遲戀屈宋，
渺渺臥荆衡。
魂斷航舸失，
天寒沙水清。
肺肝若稍愈，
亦上赤霄行。

Creation Date: 768年
Location: CN421024
Poem Type: 排律",167,Du Fu (杜甫),768年,送覃二判官,排律,Classical Chinese,True,True,,
dufu_chunk_2105,dufu_31347,allusions_context,"Poem: 送覃二判官

Literary Allusions and References:
  屈宋
  弓劒",57,Du Fu (杜甫),768年,送覃二判官,排律,Classical Chinese,,,2.0,
dufu_chunk_2106,dufu_31347,annotations_context,"Poem: 送覃二判官

Scholarly Annotations:
  一作皇",41,Du Fu (杜甫),768年,送覃二判官,排律,Classical Chinese,,,,1.0
dufu_chunk_2107,dufu_31311,poem_content,"Poem Title: 別蘇徯

Poem Text:
故人有遊子，
棄擲傍天隅。
他日憐才命，
居然屈壯圖。
十年猶塌翼，
絕倒爲驚吁。
消渴今如在，
提攜媿老夫。
豈知臺閣舊，
先拂鳳皇雛。
得實飜蒼竹，
棲枝把翠梧。
北辰當宇宙，
南岳據江湖。
國帶風塵色，
兵張虎豹符。
數論封內事，
揮發府中趨。
贈爾秦人策，
莫鞭轅下駒。

Creation Date: 767年
Location: CN500236,瀼西
Poem Type: 排律",224,Du Fu (杜甫),767年,別蘇徯,排律,Classical Chinese,True,True,,
dufu_chunk_2108,dufu_31311,allusions_context,"Poem: 別蘇徯

Literary Allusions and References:
  轅下駒
  鳳雛
  秦人策",62,Du Fu (杜甫),767年,別蘇徯,排律,Classical Chinese,,,3.0,
dufu_chunk_2109,dufu_31311,annotations_context,"Poem: 別蘇徯

Scholarly Annotations:
  原注：赴湖南幕。
  一作此
  一作洗
  一作食
  一作汝",68,Du Fu (杜甫),767年,別蘇徯,排律,Classical Chinese,,,,5.0
dufu_chunk_2110,dufu_31317,poem_content,"Poem Title: 奉漢中王手札報韋侍御蕭尊師亡

Poem Text:
秋日蕭韋逝，
淮王報峽中。
少年疑柱史，
多術怪仙公。
不但時人惜，
祗應吾道窮。
一哀侵疾病，
相識自兒童。
處處鄰家笛，
飄飄客子蓬。
強吟懷舊賦，
已作白頭翁。

Creation Date: 766年
Location: CN500236
Poem Type: 排律",176,Du Fu (杜甫),766年,奉漢中王手札報韋侍御蕭尊師亡,排律,Classical Chinese,True,True,,
dufu_chunk_2111,dufu_31317,allusions_context,"Poem: 奉漢中王手札報韋侍御蕭尊師亡

Literary Allusions and References:
  吾道窮
  鄰家笛",68,Du Fu (杜甫),766年,奉漢中王手札報韋侍御蕭尊師亡,排律,Classical Chinese,,,2.0,
dufu_chunk_2112,dufu_31317,annotations_context,"Poem: 奉漢中王手札報韋侍御蕭尊師亡

Scholarly Annotations:
  一作小",50,Du Fu (杜甫),766年,奉漢中王手札報韋侍御蕭尊師亡,排律,Classical Chinese,,,,1.0
dufu_chunk_2113,dufu_31352,poem_content,"Poem Title: 哭王彭州掄

Poem Text:
執友驚淪沒，
斯人已寂寥。
新文生沈謝，
異骨降松喬。
北部初高選，
東堂早見招。
蛟龍纏倚劒，
鸞鳳夾吹簫。
歷職漢庭久，
中年胡馬驕。
兵戈闇兩觀，
寵辱事三朝。
蜀路江干窄，
彭門地里遙。
解龜生碧草，
諫獵阻清霄。
頃壯戎麾出，
叨陪幕府要。
將軍臨氣候，
猛士寒風飆。
井漏泉誰汲，
烽疎火不燒。
前籌自多暇，
隱几接終朝。
翠石俄雙表，
寒松竟後凋。
贈詩焉敢墜，
染翰欲無聊。
再哭經過罷，
離魂去住銷。
之官方玉折，
寄葬與萍漂。
曠望渥洼道，
霏微河漢橋。
夫人先即世，
令子各清標。
巫峽長雲雨，
秦城近斗杓。
馮唐毛髮白，
歸興日蕭蕭。

Creation Date: 766年
Location: CN500236
Poem Type: 排律",363,Du Fu (杜甫),766年,哭王彭州掄,排律,Classical Chinese,True,True,,
dufu_chunk_2114,dufu_31352,allusions_context,"Poem: 哭王彭州掄

Literary Allusions and References:
  一旦為龍
  巫峽
  諫獵
  吹簫
  松喬
  猛士
  前籌
  馮唐
  渥洼種
  沈謝",100,Du Fu (杜甫),766年,哭王彭州掄,排律,Classical Chinese,,,10.0,
dufu_chunk_2115,dufu_31352,annotations_context,"Poem: 哭王彭州掄

Scholarly Annotations:
  一作聞
  一作干戈
  一作關
  一作理
  一作渫，一作滿
  一作多自
  一作假",83,Du Fu (杜甫),766年,哭王彭州掄,排律,Classical Chinese,,,,7.0
dufu_chunk_2116,dufu_31290,poem_content,"Poem Title: 太歲日

Poem Text:
楚岸行將老，
巫山坐復春。
病多猶是客，
謀拙竟何人。
閶闔開黃道，
衣冠拜紫宸。
榮光懸日月，
賜與出金銀。
愁寂鴛行斷，
參差虎穴鄰。
西江元下蜀，
北斗故臨秦。
散地逾高枕，
生涯脫要津。
天邊梅柳樹，
相見幾回新。

Creation Date: 768年1月3日
Location: CN500236,东屯
Poem Type: 排律",200,Du Fu (杜甫),768年1月3日,太歲日,排律,Classical Chinese,True,True,,
dufu_chunk_2117,dufu_31290,allusions_context,"Poem: 太歲日

Literary Allusions and References:
  榮光
  鴛行",55,Du Fu (杜甫),768年1月3日,太歲日,排律,Classical Chinese,,,2.0,
dufu_chunk_2118,dufu_31290,annotations_context,"Poem: 太歲日

Scholarly Annotations:
  大曆三年，歲次戊申，正月丙午朔，三日爲戊申日，乃太歲日也。
  唐制相當於是日慶賀",77,Du Fu (杜甫),768年1月3日,太歲日,排律,Classical Chinese,,,,2.0
dufu_chunk_2119,dufu_31288,poem_content,"Poem Title: 元日示宗武

Poem Text:
汝啼吾手戰，
吾笑汝身長。
處處逢正月，
迢迢滯遠方。
飄零還柏酒，
衰病只藜牀。
訓喻青衿子，
名慙白首郎。
賦詩猶落筆，
獻壽更稱觴。
不見江東弟，
高歌淚數行。

Creation Date: 768年1月1日
Location: CN500236,东屯
Poem Type: 排律",174,Du Fu (杜甫),768年1月1日,元日示宗武,排律,Classical Chinese,True,True,,
dufu_chunk_2120,dufu_31288,allusions_context,"Poem: 元日示宗武

Literary Allusions and References:
  白首為郎
  青衿",59,Du Fu (杜甫),768年1月1日,元日示宗武,排律,Classical Chinese,,,2.0,
dufu_chunk_2121,dufu_31288,annotations_context,"Poem: 元日示宗武

Scholarly Annotations:
  一作葉
  一作諭
  原注：第五弟豐漂泊江左，近無消息",66,Du Fu (杜甫),768年1月1日,元日示宗武,排律,Classical Chinese,,,,3.0
dufu_chunk_2122,dufu_31314,poem_content,"Poem Title: 遠懷舍弟穎觀等

Poem Text:
陽翟空知處，
荆南近得書。
積年仍遠別，
多難不安居。
江漢春風起，
冰霜昨夜除。
雲天猶錯莫，
花萼尚蕭疎。
對酒都疑夢，
吟詩正憶渠。
舊時元日會，
鄉黨羨吾廬。

Creation Date: 768年1月1日
Location: CN500236,东屯
Poem Type: 排律",176,Du Fu (杜甫),768年1月1日,遠懷舍弟穎觀等,排律,Classical Chinese,False,False,,
dufu_chunk_2123,dufu_31378,poem_content,"Poem Title: 續得觀書迎就當陽居止正月中旬定出三峽

Poem Text:
自汝到荆府，
書來數喚吾。
頌椒添諷詠，
禁火卜歡娛。
舟楫因人動，
形骸用杖扶。
天旋夔子國，
春近岳陽湖。
發日排南喜，
傷神散北吁。
飛鳴還接翅，
行序密銜蘆。
俗薄江山好，
時危草木蘇。
馮唐雖晚達，
終覬在皇都。

Creation Date: 768年1月1日
Location: CN500236,东屯
Poem Type: 排律",215,Du Fu (杜甫),768年1月1日,續得觀書迎就當陽居止正月中旬定出三峽,排律,Classical Chinese,True,True,,
dufu_chunk_2124,dufu_31378,allusions_context,"Poem: 續得觀書迎就當陽居止正月中旬定出三峽

Literary Allusions and References:
  頌椒
  馮唐
  銜蘆",75,Du Fu (杜甫),768年1月1日,續得觀書迎就當陽居止正月中旬定出三峽,排律,Classical Chinese,,,3.0,
dufu_chunk_2125,dufu_31378,annotations_context,"Poem: 續得觀書迎就當陽居止正月中旬定出三峽

Scholarly Annotations:
  一作呼",54,Du Fu (杜甫),768年1月1日,續得觀書迎就當陽居止正月中旬定出三峽,排律,Classical Chinese,,,,1.0
dufu_chunk_2126,dufu_31336,poem_content,"Poem Title: 將別巫峽贈南卿兄瀼西果園四十畝

Poem Text:
苔竹素所好，
萍蓬無定居。
遠遊長兒子，
幾地別林廬。
雜蘂紅相對，
他時錦不如。
具舟將出峽，
巡圃念攜鋤。
正月喧鶯末，
茲辰放鷁初。
雪籬梅可折，
風榭柳微舒。
託贈卿家有，
因歌野興疎。
殘生逗江漢，
何處狎樵漁。

Creation Date: 768年
Location: CN500236,东屯
Poem Type: 排律",208,Du Fu (杜甫),768年,將別巫峽贈南卿兄瀼西果園四十畝,排律,Classical Chinese,False,True,,
dufu_chunk_2127,dufu_31336,annotations_context,"Poem: 將別巫峽贈南卿兄瀼西果園四十畝

Scholarly Annotations:
  一作不
  一作未
  一作逼",63,Du Fu (杜甫),768年,將別巫峽贈南卿兄瀼西果園四十畝,排律,Classical Chinese,,,,3.0
dufu_chunk_2128,dufu_31340,poem_content,"Poem Title: 送大理封主簿五郎親事不合却赴通州主簿前閬州賢子余與主簿平章鄭氏女子垂欲納鄭氏伯父京書至女子已前許他族親事遂停

Poem Text:
禁臠去東牀，
趨庭赴北堂。
風波空遠涉，
琴瑟幾虛張。
渥水出騏驥，
崑山生鳳皇。
兩家誠款款，
中道許蒼蒼。
頗謂秦晉匹，
從來王謝郎。
青春動才調，
白首缺輝光。
玉潤終孤立，
珠明得闇藏。
餘寒折花卉，
恨別滿江鄉。

Creation Date: 768年
Location: CN500236,东屯
Poem Type: 排律",247,Du Fu (杜甫),768年,送大理封主簿五郎親事不合却赴通州主簿前閬州賢子余與主簿平章鄭氏女子垂欲納鄭氏伯父京書至女子已前許他族親事遂停,排律,Classical Chinese,True,True,,
dufu_chunk_2129,dufu_31340,allusions_context,"Poem: 送大理封主簿五郎親事不合却赴通州主簿前閬州賢子余與主簿平章鄭氏女子垂欲納鄭氏伯父京書至女子已前許他族親事遂停

Literary Allusions and References:
  北堂
  東牀
  王謝
  趨庭
  禁臠
  秦晉匹
  琴瑟
  玉潤",137,Du Fu (杜甫),768年,送大理封主簿五郎親事不合却赴通州主簿前閬州賢子余與主簿平章鄭氏女子垂欲納鄭氏伯父京書至女子已前許他族親事遂停,排律,Classical Chinese,,,8.0,
dufu_chunk_2130,dufu_31340,annotations_context,"Poem: 送大理封主簿五郎親事不合却赴通州主簿前閬州賢子余與主簿平章鄭氏女子垂欲納鄭氏伯父京書至女子已前許他族親事遂停

Scholarly Annotations:
  一有采字
  原注：音洎",99,Du Fu (杜甫),768年,送大理封主簿五郎親事不合却赴通州主簿前閬州賢子余與主簿平章鄭氏女子垂欲納鄭氏伯父京書至女子已前許他族親事遂停,排律,Classical Chinese,,,,2.0
dufu_chunk_2131,dufu_31287,poem_content,"Poem Title: 大曆三年春白帝城放船出瞿塘峽久居夔府將適江陵漂泊有詩凡四十韻

Poem Text:
老向巴人裏，
今辭楚塞隅。
入舟飜不樂，
解纜獨長吁。
窄轉深啼狖，
虛隨亂浴鳧。
石苔凌几杖，
空翠撲肌膚。
疊壁排霜劒，
奔泉濺水珠。
杳冥藤上下，
濃澹樹榮枯。
神女峰娟妙，
昭君宅有無。
曲留明怨惜，
夢盡失歡娛。
擺闔盤渦沸，
欹斜激浪輸。
風雷纏地脈，
冰雪耀天衢。
鹿角真走險，
狼頭如跋胡。
惡灘寧變色，
高臥負微軀。
書史全傾撓，
裝囊半壓濡。
生涯臨臬兀，
死地脫斯須。
不有平川決，
焉知衆壑趨。
乾坤霾漲海，
雨露洗春蕪。
鷗鳥牽絲颺，
驪龍濯錦紆。
落霞沈綠綺，
殘月壞金樞。
泥筍苞初荻，
沙茸出小蒲。
雁兒爭水馬，
燕子逐檣烏。
絕島容煙霧，
環洲納曉晡。
前聞辨陶牧，
轉眄拂宜都。
縣郭南畿好，
津亭北望孤。
勞心依憩息，
朗詠劃昭蘇。
意遣樂還笑，
衰迷賢與愚。
飄蕭將素髮，
汨沒聽洪鑪。
丘壑曾忘返，
文章敢自誣。
此生遭聖代，
誰分哭窮途。
臥疾淹爲客，
蒙恩早厠儒。
廷爭酬造化，
樸直乞江湖。
灧澦險相迫，
滄浪深可逾。
浮名尋已已，
嬾計却區區。
喜近天皇寺，
先披古畫圖。
應經帝子渚，
同泣舜蒼梧。
朝士兼戎服，
君王按湛盧。
旄頭初俶擾，
鶉首麗泥塗。
甲卒身雖貴，
書生道固殊。
出塵皆野鶴，
歷塊匪轅駒。
伊呂終難降，
韓彭不易呼。
五雲高太甲，
六月曠摶扶。
回首黎元病，
爭權將帥誅。
山林託疲苶，
未必免崎嶇。

Creation Date: 768年
Location: CN4205
Poem Type: 排律",694,Du Fu (杜甫),768年,大曆三年春白帝城放船出瞿塘峽久居夔府將適江陵漂泊有詩凡四十韻,排律,Classical Chinese,True,True,,
dufu_chunk_2132,dufu_31287,allusions_context,"Poem: 大曆三年春白帝城放船出瞿塘峽久居夔府將適江陵漂泊有詩凡四十韻

Literary Allusions and References:
  摶扶
  哭窮途
  跋胡
  轅駒
  歷塊
  夢盡失歡
  湛盧",110,Du Fu (杜甫),768年,大曆三年春白帝城放船出瞿塘峽久居夔府將適江陵漂泊有詩凡四十韻,排律,Classical Chinese,,,7.0,
dufu_chunk_2133,dufu_31287,annotations_context,"Poem: 大曆三年春白帝城放船出瞿塘峽久居夔府將適江陵漂泊有詩凡四十韻

Scholarly Annotations:
  一作落
  一作別
  一作趨
  原注：鹿角、狼頭具灘名
  一作快
  《山海經》：“諸毘之水，中多水馬。”即《江賦》𩣡馬也
  《登樓賦》：“北彌陶牧。”陶，鄉名，郭外爲牧
  原注：路入松滋縣
  原注：此寺有晉右軍書，張僧繇畫孔子洎顏子十哲形像
  太甲疑六甲一星之名",202,Du Fu (杜甫),768年,大曆三年春白帝城放船出瞿塘峽久居夔府將適江陵漂泊有詩凡四十韻,排律,Classical Chinese,,,,10.0
dufu_chunk_2134,dufu_31538,poem_content,"Poem Title: 行次古城店泛江作不揆鄙拙奉呈江陵幕府諸公

Poem Text:
老年常道路，
遲日復山川。
白屋花開裏，
孤城麥秀邊。
濟江元自闊，
下水不勞牽。
風蝶勤依槳，
春鷗嬾避船。
王門高德業，
幕府盛才賢。
行色兼多病，
蒼茫泛愛前。

Creation Date: 768年3月
Location: CN421024
Poem Type: 排律",184,Du Fu (杜甫),768年3月,行次古城店泛江作不揆鄙拙奉呈江陵幕府諸公,排律,Classical Chinese,False,False,,
dufu_chunk_2135,dufu_31324,poem_content,"Poem Title: 奉送蘇州李二十五長史丈之任

Poem Text:
星坼台衡地，
曾爲人所憐。
公侯終必復，
經術昔相傳。
食德見從事，
克家何妙年。
一毛生鳳穴，
三尺獻龍泉。
赤壁浮春暮，
姑蘇落海邊。
客間頭最白，
惆悵此離筵。

Creation Date: 768年
Location: CN421024
Poem Type: 排律",175,Du Fu (杜甫),768年,奉送蘇州李二十五長史丈之任,排律,Classical Chinese,True,True,,
dufu_chunk_2136,dufu_31324,allusions_context,"Poem: 奉送蘇州李二十五長史丈之任

Literary Allusions and References:
  坼台衡
  得鳳
  公侯復",72,Du Fu (杜甫),768年,奉送蘇州李二十五長史丈之任,排律,Classical Chinese,,,3.0,
dufu_chunk_2137,dufu_31324,annotations_context,"Poem: 奉送蘇州李二十五長史丈之任

Scholarly Annotations:
  用張華事
  李是適之之後
  一作竟",65,Du Fu (杜甫),768年,奉送蘇州李二十五長史丈之任,排律,Classical Chinese,,,,3.0
dufu_chunk_2138,dufu_31391,poem_content,"Poem Title: 暮春江陵送馬大卿公恩命追赴闕下

Poem Text:
自古求忠孝，
名家信有之。
吾賢富才術，
此道未磷緇。
玉府標孤映，
霜蹄去不疑。
激揚音韻徹，
籍甚衆多推。
潘陸應同調，
孫吳亦異時。
北辰徵事業，
南紀赴恩私。
卿月升金掌，
王春度玉墀。
熏風行應律，
湛露即歌詩。
天意高難問，
人情老易悲。
尊前江漢闊，
後會且深期。

Creation Date: 768年3月
Location: CN421024
Poem Type: 排律",235,Du Fu (杜甫),768年3月,暮春江陵送馬大卿公恩命追赴闕下,排律,Classical Chinese,True,False,,
dufu_chunk_2139,dufu_31391,allusions_context,"Poem: 暮春江陵送馬大卿公恩命追赴闕下

Literary Allusions and References:
  熏風
  金掌
  磷緇
  潘陸
  孫吳
  湛露",87,Du Fu (杜甫),768年3月,暮春江陵送馬大卿公恩命追赴闕下,排律,Classical Chinese,,,6.0,
dufu_chunk_2140,dufu_31451,poem_content,"Poem Title: 水宿遣興奉呈羣公

Poem Text:
魯鈍仍多病，
逢迎遠復迷。
耳聾須畫字，
髮短不勝蓖。
澤國雖勤雨，
炎天竟淺泥。
小江還積浪，
弱纜且長堤。
歸路非關北，
行舟却向西。
暮年漂泊恨，
今夕亂離啼。
童稚頻書札，
盤餐詎糝藜。
我行何到此，
物理直難齊。
高枕飜星月，
嚴城疊鼓鞞。
風號聞虎豹，
水宿伴鳧鷖。
異縣驚虛往，
同人惜解攜。
蹉跎長泛鷁，
展轉屢鳴雞。
嶷嶷瑚璉器，
陰陰桃李蹊。
餘波期救涸，
費日苦輕齎。
支策門闌邃，
肩輿羽翮低。
自傷甘賤役，
誰愍強幽棲。
巨海能無釣，
浮雲亦有梯。
勳庸思樹立，
語默可端倪。
贈粟囷應指，
登橋柱必題。
丹心老未折，
時訪武陵溪。

Creation Date: 768年
Location: CN421024
Poem Type: 排律",366,Du Fu (杜甫),768年,水宿遣興奉呈羣公,排律,Classical Chinese,True,True,,
dufu_chunk_2141,dufu_31451,allusions_context,"Poem: 水宿遣興奉呈羣公

Literary Allusions and References:
  一釣飽千里
  乘駟馬
  桃李蹊
  瑚璉器
  詎糝藜
  指囷",87,Du Fu (杜甫),768年,水宿遣興奉呈羣公,排律,Classical Chinese,,,6.0,
dufu_chunk_2142,dufu_31451,annotations_context,"Poem: 水宿遣興奉呈羣公

Scholarly Annotations:
  一作久客
  一作具
  一作杖",57,Du Fu (杜甫),768年,水宿遣興奉呈羣公,排律,Classical Chinese,,,,3.0
dufu_chunk_2143,dufu_31320,poem_content,"Poem Title: 奉賀陽城郡王太夫人恩命加鄧國太夫人

Poem Text:
衛幕銜恩重，
潘輿送喜頻。
濟時瞻上將，
錫號戴慈親。
富貴當如此，
尊榮邁等倫。
郡依封土舊，
國與大名新。
紫誥鸞迴紙，
清朝燕賀人。
遠傳冬筍味，
更覺綵衣春。
奕葉班姑史，
芬芳孟母鄰。
義方兼有訓，
詞翰兩如神。
委曲承顏體，
騫飛報主身。
可憐忠與孝，
雙美畫騏麟。

Creation Date: 767年6月
Location: CN500236
Poem Type: 排律",237,Du Fu (杜甫),767年6月,奉賀陽城郡王太夫人恩命加鄧國太夫人,排律,Classical Chinese,True,True,,
dufu_chunk_2144,dufu_31320,allusions_context,"Poem: 奉賀陽城郡王太夫人恩命加鄧國太夫人

Literary Allusions and References:
  班姑史
  綵衣
  潘輿
  孟母鄰
  冬筍
  儀形當漢閣
  衛幕",99,Du Fu (杜甫),767年6月,奉賀陽城郡王太夫人恩命加鄧國太夫人,排律,Classical Chinese,,,7.0,
dufu_chunk_2145,dufu_31320,annotations_context,"Poem: 奉賀陽城郡王太夫人恩命加鄧國太夫人

Scholarly Annotations:
  一作城陽
  原注：陽城郡王，衛伯玉也。
  一作映",76,Du Fu (杜甫),767年6月,奉賀陽城郡王太夫人恩命加鄧國太夫人,排律,Classical Chinese,,,,3.0
dufu_chunk_2146,dufu_31305,poem_content,"Poem Title: 江陵望幸

Poem Text:
雄都元壯麗，
望幸歘威神。
地利西通蜀，
天文北照秦。
風煙含越鳥，
舟楫控吳人。
未枉周王駕，
終期漢武巡。
甲兵分聖旨，
居守付宗臣。
早發雲臺杖，
恩波起涸鱗。

Creation Date: 763年
Location: CN511381
Poem Type: 排律",166,Du Fu (杜甫),763年,江陵望幸,排律,Classical Chinese,True,True,,
dufu_chunk_2147,dufu_31305,allusions_context,"Poem: 江陵望幸

Literary Allusions and References:
  涸鱗
  漢武巡
  雄都壯麗
  雲臺仗
  周王駕",76,Du Fu (杜甫),763年,江陵望幸,排律,Classical Chinese,,,5.0,
dufu_chunk_2148,dufu_31305,annotations_context,"Poem: 江陵望幸

Scholarly Annotations:
  肅宗上元元年，置南都於荆州，號江陵府，以呂諲爲尹。尋罷，廣德元年，復以衛伯玉尹爲江陵。
  一作路",86,Du Fu (杜甫),763年,江陵望幸,排律,Classical Chinese,,,,2.0
dufu_chunk_2149,dufu_31387,poem_content,"Poem Title: 遣悶

Poem Text:
地闊平沙岸，
舟虛小洞房。
使塵來驛道，
城日避烏檣。
暑雨留蒸濕，
江風借夕涼。
行雲星隱見，
疊浪月光芒。
螢鑒緣帷徹，
蛛絲罥鬢長。
哀箏猶凭几，
鳴笛竟霑裳。
倚著如秦贅，
過逢類楚狂。
氣衝看劒匣，
穎脫撫錐囊。
妖孽關東臭，
兵戈隴右創。
時清疑武略，
世亂跼文場。
餘力浮於海，
端憂問彼蒼。
百年從萬事，
故國耿難忘。

Creation Date: 768年
Location: CN421024
Poem Type: 排律",248,Du Fu (杜甫),768年,遣悶,排律,Classical Chinese,False,True,,
dufu_chunk_2150,dufu_31387,annotations_context,"Poem: 遣悶

Scholarly Annotations:
  一作牆
  同着",43,Du Fu (杜甫),768年,遣悶,排律,Classical Chinese,,,,2.0
dufu_chunk_2151,dufu_31306,poem_content,"Poem Title: 舟出江陵南浦奉寄鄭少尹

Poem Text:
更欲投何處，
飄然去此都。
形骸元土木，
舟檝復江湖。
社稷纏妖氣，
干戈送老儒。
百年同棄物，
萬國盡窮途。
雨洗平沙靜，
天銜闊岸紆。
鳴螿隨泛梗，
別燕赴秋菰。
棲託難高臥，
飢寒迫向隅。
寂寥相喣沫，
浩蕩報恩珠。
溟漲鯨波動，
衡陽雁影徂。
南征問懸榻，
東逝想乘桴。
濫竊商歌聽，
時憂卞泣誅。
經過憶鄭驛，
斟酌旅情孤。

Creation Date: 768年
Location: CN421024
Poem Type: 排律",257,Du Fu (杜甫),768年,舟出江陵南浦奉寄鄭少尹,排律,Classical Chinese,True,True,,
dufu_chunk_2152,dufu_31306,allusions_context,"Poem: 舟出江陵南浦奉寄鄭少尹

Literary Allusions and References:
  卞泣
  報恩珠
  懸榻
  乘桴海上
  商歌
  以沫相濡
  土木形骸
  鄭驛",100,Du Fu (杜甫),768年,舟出江陵南浦奉寄鄭少尹,排律,Classical Chinese,,,8.0,
dufu_chunk_2153,dufu_31306,annotations_context,"Poem: 舟出江陵南浦奉寄鄭少尹

Scholarly Annotations:
  一本有中字
  審",53,Du Fu (杜甫),768年,舟出江陵南浦奉寄鄭少尹,排律,Classical Chinese,,,,2.0
dufu_chunk_2154,dufu_31339,poem_content,"Poem Title: 秋日荆南述懷三十韻

Poem Text:
昔承推獎分，
媿匪挺生材。
遲暮宮臣忝，
艱危衮職陪。
揚鑣隨日馭，
折檻出雲臺。
罪戾寬猶活，
干戈塞未開。
星霜玄鳥變，
身世白駒催。
伏枕因超忽，
扁舟任往來。
九鑽巴噀火，
三蟄楚祠雷。
望帝傳應實，
昭王問不迴。
蛟螭深作橫，
豺虎亂雄猜。
素業行已矣，
浮名安在哉？
琴烏曲怨憤，
庭鶴舞摧頹。
秋雨漫湘水，
陰風過嶺梅。
苦搖求食尾，
常曝報恩顋。
結舌防讒柄，
探腸有禍胎。
蒼茫步兵哭，
展轉仲宣哀。
飢籍家家米，
愁徵處處杯。
休爲貧士歎，
任受衆人咍。
得喪初難識，
榮枯劃易該。
差池分組冕，
合沓起蒿萊。
不必伊周地，
皆知屈宋才。
漢庭和異域，
晉史坼中台。
霸業尋常體，
忠臣忌諱災。
羣公紛戮力，
聖慮窅裴回。
數見銘鍾鼎，
真宜法斗魁。
願聞鋒鏑鑄，
莫使棟梁摧。
盤石圭多翦，
凶門轂少推。
垂旒資穆穆，
祝網但恢恢。
赤雀飜然至，
黃龍詎假媒。
賢非夢傅野，
隱類鑿顏坯。
自古江湖客，
冥心苦死灰。

Creation Date: 768年
Location: CN421024
Poem Type: 排律",507,Du Fu (杜甫),768年,秋日荆南述懷三十韻,排律,Classical Chinese,True,True,,
dufu_chunk_2155,dufu_31339,allusions_context,"Poem: 秋日荆南述懷三十韻

Literary Allusions and References:
  步兵哭
  白駒催
  報恩珠
  望帝
  坼中台
  一葉桐
  折檻
  赤雀
  仲宣哀
  分閫
  鋒鏑鑄
  夢傅野
  鶴舞
  黃龍
  祝網
  嶺梅
  暴泥
  問不迴
  凶門
  搖尾
  鑿顏坯",166,Du Fu (杜甫),768年,秋日荆南述懷三十韻,排律,Classical Chinese,,,21.0,
dufu_chunk_2156,dufu_31339,annotations_context,"Poem: 秋日荆南述懷三十韻

Scholarly Annotations:
  一作鞭
  首句起至此，追憶與房琯牽連罷斥事
  一作水
  一作竹
  入聲，一作藉
  一作登
  一作睿
  一作不",103,Du Fu (杜甫),768年,秋日荆南述懷三十韻,排律,Classical Chinese,,,,8.0
dufu_chunk_2157,dufu_31673,poem_content,"Poem Title: 秋日荆南送石首薛明府辭滿告別奉寄薛尚書頌德敍懷斐然之作三十韻

Poem Text:
南征爲客久，
西候別君初。
歲滿歸鳧舄，
秋來把雁書。
荆門留美化，
姜被就離居。
聞道和親入，
垂名報國餘。
連枝不日竝，
八座幾時除。
往者胡星孛，
恭惟漢網疎。
風塵相澒洞，
天地一丘墟。
殿瓦鴛鴦坼，
宮簾翡翠虛。
鉤陳摧徼道，
槍櫐失儲胥。
文物陪巡守，
親賢病拮据。
公時呵䝟貐，
首唱却鯨魚。
勢愜宗蕭相，
材非一范雎。
屍填太行道，
血走浚儀渠。
滏口師仍會，
函關憤已攄。
紫微臨大角，
皇極正乘輿。
賞從頻峨冕，
殊私再直廬。
豈惟高衛霍，
曾是接應徐。
降集飜翔鳳，
追攀絕衆狙。
侍臣雙宋玉，
戰策兩穰苴。
鑒澈勞懸鏡，
荒蕪已荷鋤。
嚮來披述作，
重此憶吹噓。
白髮甘凋喪，
青雲亦卷舒。
經綸功不朽，
跋涉體何如。
應訝耽湖橘，
常餐占野蔬。
十年嬰藥餌，
萬里狎樵漁。
揚子淹投閣，
鄒生惜曳裾。
但驚飛熠耀，
不記改蟾蜍。
煙雨封巫峽，
江淮略孟諸。
湯池雖險固，
遼海尚填淤。
努力輸肝膽，
休煩獨起予。

Creation Date: 768年
Location: CN421024
Poem Type: 排律",528,Du Fu (杜甫),768年,秋日荆南送石首薛明府辭滿告別奉寄薛尚書頌德敍懷斐然之作三十韻,排律,Classical Chinese,True,True,,
dufu_chunk_2158,dufu_31673,allusions_context,"Poem: 秋日荆南送石首薛明府辭滿告別奉寄薛尚書頌德敍懷斐然之作三十韻

Literary Allusions and References:
  蟾蜍
  曳裾
  鳧舄
  范雎
  姜被
  湯池
  鯨魚
  起予
  穰苴
  賞從
  宋玉
  投閣
  衛霍
  蕭丞相
  猰貐
  應徐",153,Du Fu (杜甫),768年,秋日荆南送石首薛明府辭滿告別奉寄薛尚書頌德敍懷斐然之作三十韻,排律,Classical Chinese,,,16.0,
dufu_chunk_2159,dufu_31673,annotations_context,"Poem: 秋日荆南送石首薛明府辭滿告別奉寄薛尚書頌德敍懷斐然之作三十韻

Scholarly Annotations:
  景仙
  景仙出使吐蕃，同論泣陵入朝
  長楊賦，木擁槍櫐，即柵也
  一作狩
  原注：郭令公
  原注：諸名將
  追述景仙守扶風事
  一作恩
  原注：公舊執金吾，新授羽林，前後二將軍
  原注：石首處見公新文一卷，卷一作通

... and 1 more annotations",207,Du Fu (杜甫),768年,秋日荆南送石首薛明府辭滿告別奉寄薛尚書頌德敍懷斐然之作三十韻,排律,Classical Chinese,,,,11.0
dufu_chunk_2160,dufu_31355,poem_content,"Poem Title: 哭李尚書

Poem Text:
漳濱與蒿里，
逝水竟同年。
欲挂留徐劒，
猶迴憶戴船。
相知成白首，
此別間黃泉。
風雨嗟何及，
江湖涕泫然。
修文將管輅，
奉使失張騫。
史閣行人在，
詩家秀句傳。
客亭鞍馬絕，
旅櫬網蟲懸。
復魄昭丘遠，
歸魂素滻偏。
樵蘇封葬地，
喉舌罷朝天。
秋色凋春草，
王孫若箇邊。

Creation Date: 768年
Location: CN421022
Poem Type: 排律",222,Du Fu (杜甫),768年,哭李尚書,排律,Classical Chinese,True,True,,
dufu_chunk_2161,dufu_31355,allusions_context,"Poem: 哭李尚書

Literary Allusions and References:
  留徐劒
  憶戴船
  張騫
  風雨晦
  管輅
  喉舌
  漳濱臥
  王孫何在",92,Du Fu (杜甫),768年,哭李尚書,排律,Classical Chinese,,,8.0,
dufu_chunk_2162,dufu_31355,annotations_context,"Poem: 哭李尚書

Scholarly Annotations:
  之芳
  一作把
  一作塊",51,Du Fu (杜甫),768年,哭李尚書,排律,Classical Chinese,,,,3.0
dufu_chunk_2163,dufu_31377,poem_content,"Poem Title: 移居公安敬贈衛大郎

Poem Text:
衛侯不易得，
余病汝知之。
雅量涵高遠，
清襟照等夷。
平生感意氣，
少小愛文辭。
河海由來合，
風雲若有期。
形容勞宇宙，
質樸謝軒墀。
自古幽人泣，
留年壯士悲。
水煙通徑草，
秋露接園葵。
入邑豺狼鬬，
傷弓鳥雀飢。
白頭供宴語，
烏几伴棲遲。
交態遭輕薄，
今朝豁所思。

Creation Date: 768年
Location: CN421022
Poem Type: 排律",227,Du Fu (杜甫),768年,移居公安敬贈衛大郎,排律,Classical Chinese,False,True,,
dufu_chunk_2164,dufu_31377,annotations_context,"Poem: 移居公安敬贈衛大郎

Scholarly Annotations:
  鈞",43,Du Fu (杜甫),768年,移居公安敬贈衛大郎,排律,Classical Chinese,,,,1.0
dufu_chunk_2165,dufu_31396,poem_content,"Poem Title: 贈虞十五司馬

Poem Text:
遠師虞祕監，
今喜識玄孫。
形像丹青逼，
家聲器宇存。
淒涼憐筆勢，
浩蕩問詞源。
爽氣金天豁，
清談玉露繁。
佇鳴南岳鳳，
欲化北溟鯤。
交態知浮俗，
儒流不異門。
過逢聯客位，
日夜倒芳尊。
沙岸風吹葉，
雲江月上軒。
百年嗟已半，
四座敢辭喧。
書籍終相與，
青山隔故園。

Creation Date: 761年
Location: CN5101
Poem Type: 排律",222,Du Fu (杜甫),761年,贈虞十五司馬,排律,Classical Chinese,True,False,,
dufu_chunk_2166,dufu_31396,allusions_context,"Poem: 贈虞十五司馬

Literary Allusions and References:
  仲宣受書",55,Du Fu (杜甫),761年,贈虞十五司馬,排律,Classical Chinese,,,1.0,
dufu_chunk_2167,dufu_31310,poem_content,"Poem Title: 過南岳入洞庭湖

Poem Text:
洪波忽爭道，
岸轉異江湖。
鄂渚分雲樹，
衡山引舳艫。
翠牙穿裛槳，
碧節上寒蒲。
病渴身何去，
春生力更無。
壤童犂雨雪，
漁屋架泥塗。
欹側風帆滿，
微冥水驛孤。
悠悠迴赤壁，
浩浩略蒼梧。
帝子留遺恨，
曹公屈壯圖。
聖朝光御極，
殘孽駐艱虞。
才淑隨廝養，
名賢隱鍛鑪。
邵平元入漢，
張翰後歸吳。
莫怪啼痕數，
危檣逐夜烏。

Creation Date: 769年
Location: CN4306
Poem Type: 排律",251,Du Fu (杜甫),769年,過南岳入洞庭湖,排律,Classical Chinese,True,True,,
dufu_chunk_2168,dufu_31310,allusions_context,"Poem: 過南岳入洞庭湖

Literary Allusions and References:
  張翰
  隱鍛鑪
  邵平
  隨廝養",71,Du Fu (杜甫),769年,過南岳入洞庭湖,排律,Classical Chinese,,,4.0,
dufu_chunk_2169,dufu_31310,annotations_context,"Poem: 過南岳入洞庭湖

Scholarly Annotations:
  一作蔣
  一作吐",49,Du Fu (杜甫),769年,過南岳入洞庭湖,排律,Classical Chinese,,,,2.0
dufu_chunk_2170,dufu_31295,poem_content,"Poem Title: 北風

Poem Text:
春生南國瘴，
氣待北風蘇。
向晚霾殘日，
初宵鼓大鑪。
爽攜卑濕地，
聲拔洞庭湖。
萬里魚龍伏，
三更鳥獸呼。
滌除貪破浪，
愁絕付摧枯。
執熱沈沈在，
凌寒往往須。
且知寬疾肺，
不敢恨危途。
再宿煩舟子，
衰容問僕夫。
今晨非盛怒，
便道即長驅。
隱几看帆席，
雲山湧坐隅。

Creation Date: 769年
Location: CN430121
Poem Type: 排律",220,Du Fu (杜甫),769年,北風,排律,Classical Chinese,True,True,,
dufu_chunk_2171,dufu_31295,allusions_context,"Poem: 北風

Literary Allusions and References:
  大鑪
  盛怒",54,Du Fu (杜甫),769年,北風,排律,Classical Chinese,,,2.0,
dufu_chunk_2172,dufu_31295,annotations_context,"Poem: 北風

Scholarly Annotations:
  原注：新康江口信宿方行。
  一作却",53,Du Fu (杜甫),769年,北風,排律,Classical Chinese,,,,2.0
dufu_chunk_2173,dufu_31322,poem_content,"Poem Title: 奉送王信州崟北歸

Poem Text:
朝廷防盜賊，
供給愍誅求。
下詔選郎署，
傳聲能典州。
蒼生今日困，
天子嚮時憂。
井屋有煙起，
瘡痍無血流。
壤歌唯海甸，
畫角自山樓。
白髮寐常早，
荒榛農復秋。
解龜踰臥轍，
遣騎覓扁舟。
徐榻不知倦，
潁川何以酬。
塵生彤管筆，
寒膩黑貂裘。
高義終焉在，
斯文去矣休。
別離同雨散，
行止各雲浮。
林熱鳥開口，
江渾魚掉頭。
尉佗雖北拜，
太史尚南留。
軍旅應都息，
寰區要盡收。
九重思諫諍，
八極念懷柔。
徙倚瞻王室，
從容仰廟謀。
故人持雅論，
絕塞豁窮愁。
復見陶唐理，
甘爲汗漫遊。

Creation Date: 767年
Location: CN500236,瀼西
Poem Type: 排律",341,Du Fu (杜甫),767年,奉送王信州崟北歸,排律,Classical Chinese,True,True,,
dufu_chunk_2174,dufu_31322,allusions_context,"Poem: 奉送王信州崟北歸

Literary Allusions and References:
  黑貂裘
  徐榻
  壤歌
  孝廉船
  臥轍
  周南太史公
  尉佗",90,Du Fu (杜甫),767年,奉送王信州崟北歸,排律,Classical Chinese,,,7.0,
dufu_chunk_2175,dufu_31322,annotations_context,"Poem: 奉送王信州崟北歸

Scholarly Annotations:
  一作典信
  一作起
  一作能
  一作老塵
  當是指催旰輩",73,Du Fu (杜甫),767年,奉送王信州崟北歸,排律,Classical Chinese,,,,5.0
dufu_chunk_2176,dufu_31281,poem_content,"Poem Title: 千秋節有感二首

Poem Text:
自罷千秋節，
頻傷八月來。
先朝常宴會，
壯觀已塵埃。
鳳紀編生日，
龍池塹劫灰。
湘川新涕淚，
秦樹遠樓臺。
寶鏡羣臣得，
金吾萬國迴。
衢尊不重飲，
白首獨餘哀。

Creation Date: 769年8月5日
Location: CN430121
Poem Type: 排律",173,Du Fu (杜甫),769年8月5日,千秋節有感二首,排律,Classical Chinese,True,True,,
dufu_chunk_2177,dufu_31281,allusions_context,"Poem: 千秋節有感二首

Literary Allusions and References:
  劫灰
  衢尊",59,Du Fu (杜甫),769年8月5日,千秋節有感二首,排律,Classical Chinese,,,2.0,
dufu_chunk_2178,dufu_31281,annotations_context,"Poem: 千秋節有感二首

Scholarly Annotations:
  八月二日爲明皇千秋節。",51,Du Fu (杜甫),769年8月5日,千秋節有感二首,排律,Classical Chinese,,,,1.0
dufu_chunk_2179,dufu_31282,poem_content,"Poem Title: 千秋節有感二首

Poem Text:
御氣雲樓敞，
含風綵仗高。
仙人張內樂，
王母獻宮桃。
羅襪紅蕖豔，
金羈白雪毛。
舞階銜壽酒，
走索背秋毫。
聖主他年貴，
邊心此日勞。
桂江流向北，
滿眼送波濤。

Creation Date: 769年8月5日
Location: CN430121
Poem Type: 排律",173,Du Fu (杜甫),769年8月5日,千秋節有感二首,排律,Classical Chinese,True,True,,
dufu_chunk_2180,dufu_31282,allusions_context,"Poem: 千秋節有感二首

Literary Allusions and References:
  一子千年見",57,Du Fu (杜甫),769年8月5日,千秋節有感二首,排律,Classical Chinese,,,1.0,
dufu_chunk_2181,dufu_31282,annotations_context,"Poem: 千秋節有感二首

Scholarly Annotations:
  八月二日爲明皇千秋節。",51,Du Fu (杜甫),769年8月5日,千秋節有感二首,排律,Classical Chinese,,,,1.0
dufu_chunk_2182,dufu_31383,poem_content,"Poem Title: 湖中送敬十使君適廣陵

Poem Text:
相見各頭白，
其如離別何。
幾年一會面，
今日復悲歌。
少壯樂難得，
歲寒心匪他。
氣纏霜匣滿，
冰置玉壺多。
遭亂實漂泊，
濟時曾琢磨。
形容吾校老，
膽力爾誰過。
秋晚岳增翠，
風高湖湧波。
鶱騰訪知己，
淮海莫蹉跎。

Creation Date: 769年
Location: CN430121
Poem Type: 排律",200,Du Fu (杜甫),769年,湖中送敬十使君適廣陵,排律,Classical Chinese,True,True,,
dufu_chunk_2183,dufu_31383,allusions_context,"Poem: 湖中送敬十使君適廣陵

Literary Allusions and References:
  氣纏霜匣",59,Du Fu (杜甫),769年,湖中送敬十使君適廣陵,排律,Classical Chinese,,,1.0,
dufu_chunk_2184,dufu_31383,annotations_context,"Poem: 湖中送敬十使君適廣陵

Scholarly Annotations:
  一作南",46,Du Fu (杜甫),769年,湖中送敬十使君適廣陵,排律,Classical Chinese,,,,1.0
dufu_chunk_2185,dufu_31351,poem_content,"Poem Title: 重送劉十弟判官

Poem Text:
分源豕韋派，
別浦雁賓秋。
年事推兄忝，
人才覺弟優。
經過辨豐劒，
意氣逐吳鉤。
垂翅徒衰老，
先鞭不滯留。
本枝凌歲晚，
高義豁窮愁。
他日臨江待，
長沙舊驛樓。

Creation Date: 769年
Location: CN430121
Poem Type: 排律",169,Du Fu (杜甫),769年,重送劉十弟判官,排律,Classical Chinese,True,True,,
dufu_chunk_2186,dufu_31351,allusions_context,"Poem: 重送劉十弟判官

Literary Allusions and References:
  豐劒
  先鞭
  垂翅
  分源豕韋",71,Du Fu (杜甫),769年,重送劉十弟判官,排律,Classical Chinese,,,4.0,
dufu_chunk_2187,dufu_31351,annotations_context,"Poem: 重送劉十弟判官

Scholarly Annotations:
  言劉、杜同出也。范宣子曰：“在商爲豕韋氏，在周爲唐杜氏。”",69,Du Fu (杜甫),769年,重送劉十弟判官,排律,Classical Chinese,,,,1.0
dufu_chunk_2188,dufu_31329,poem_content,"Poem Title: 奉贈盧五丈參謀

Poem Text:
恭惟同自出，
妙選異高標。
入幕知孫楚，
披襟得鄭僑。
丈人藉才地，
門閥冠雲霄。
老矣逢迎拙，
相於契託饒。
賜錢傾府待，
爭米駐船遙。
鄰好艱難薄，
氓心杼軸焦。
客星空伴使，
寒水不成潮。
素髮乾垂領，
銀章破在腰。
說詩能累夜，
醉酒或連朝。
藻翰惟牽率，
湖山合動搖。
時清非造次，
興盡却蕭條。
天子多恩澤，
蒼生轉寂寥。
休傳鹿是馬，
莫信鵩如鴞。
未解依依袂，
還斟泛泛瓢。
流年疲蟋蟀，
體物幸鷦鷯。
辜負滄州願，
誰云晚見招。

Creation Date: 769年
Location: CN430121
Poem Type: 排律",309,Du Fu (杜甫),769年,奉贈盧五丈參謀,排律,Classical Chinese,True,True,,
dufu_chunk_2189,dufu_31329,allusions_context,"Poem: 奉贈盧五丈參謀

Literary Allusions and References:
  客星
  鷦鷯
  鹿是馬
  鵩如鴞
  孫楚
  鄭僑",81,Du Fu (杜甫),769年,奉贈盧五丈參謀,排律,Classical Chinese,,,6.0,
dufu_chunk_2190,dufu_31329,annotations_context,"Poem: 奉贈盧五丈參謀

Scholarly Annotations:
  琚。原注：時丈人使自江陵，在長沙待恩旨，先支率錢米。
  甫祖母盧氏，即所誌范陽太君者
  一作貯
  一作甿
  一作爲
  一作孤",107,Du Fu (杜甫),769年,奉贈盧五丈參謀,排律,Classical Chinese,,,,6.0
dufu_chunk_2191,dufu_31384,poem_content,"Poem Title: 登舟將適漢陽

Poem Text:
春宅棄汝去，
秋帆催客歸。
庭蔬尚在眼，
浦浪已吹衣。
生理飄蕩拙，
有心遲暮違。
中原戎馬盛，
遠道素書稀。
塞雁與時集，
檣烏終歲飛。
鹿門自此往，
永息漢陰機。

Creation Date: 769年
Location: CN430121
Poem Type: 排律",168,Du Fu (杜甫),769年,登舟將適漢陽,排律,Classical Chinese,False,False,,
dufu_chunk_2192,dufu_31341,poem_content,"Poem Title: 送盧十四弟侍御護韋尚書靈櫬歸上都二十韻

Poem Text:
素幕渡江遠，
朱幡登陸微。
悲鳴駟馬顧，
失涕萬人揮。
參佐哭辭畢，
門闌誰送歸。
從公伏事久，
之子俊才稀。
長路更執紼，
此心猶倒衣。
感恩義不小，
懷舊禮無違。
墓待龍驤詔，
臺迎獬豸威。
深衷見士則，
雅論在兵機。
戎狄乘妖氣，
塵沙落禁闈。
往年朝謁斷，
他日埽除非。
但促銅壺箭，
休添玉帳旂。
動詢黃閣老，
肯慮白登圍。
萬姓瘡痍合，
羣凶嗜慾肥。
刺規多諫諍，
端拱自光輝。
儉約前王體，
風流後代希。
對敭期特達，
衰朽再芳菲。
空裏愁書字，
山中疾采薇。
撥杯要忽罷，
抱被宿何依。
眼冷看征蓋，
兒扶立釣磯。
清霜洞庭葉，
故就別時飛。

Creation Date: 769年
Location: CN430121
Poem Type: 排律",377,Du Fu (杜甫),769年,送盧十四弟侍御護韋尚書靈櫬歸上都二十韻,排律,Classical Chinese,True,True,,
dufu_chunk_2193,dufu_31341,allusions_context,"Poem: 送盧十四弟侍御護韋尚書靈櫬歸上都二十韻

Literary Allusions and References:
  冠豸
  采薇
  向空書咄咄
  倒衣
  龍驤塋
  白登圍",96,Du Fu (杜甫),769年,送盧十四弟侍御護韋尚書靈櫬歸上都二十韻,排律,Classical Chinese,,,6.0,
dufu_chunk_2194,dufu_31341,annotations_context,"Poem: 送盧十四弟侍御護韋尚書靈櫬歸上都二十韻

Scholarly Annotations:
  之晉
  一作整
  一作雄",66,Du Fu (杜甫),769年,送盧十四弟侍御護韋尚書靈櫬歸上都二十韻,排律,Classical Chinese,,,,3.0
dufu_chunk_2195,dufu_31353,poem_content,"Poem Title: 哭韋大夫之晉

Poem Text:
悽愴郇瑕色，
差池弱冠年。
丈人叨禮數，
文律早周旋。
臺閣黃圖裏，
簪裾紫蓋邊。
尊榮真不忝，
端雅獨翛然。
貢喜音容間，
馮招病疾纏。
南過駭倉卒，
北思悄聯緜。
鵩鳥長沙諱，
犀牛蜀郡憐。
素車猶慟哭，
寶劒欲高懸。
漢道中興盛，
韋經亞相傳。
沖融標世業，
磊落映時賢。
城府深朱夏，
江湖眇霽天。
綺樓關樹頂，
飛旐汎堂前。
帟幕疑風燕，
笳簫急暮蟬。
興殘虛白室，
跡斷孝廉船。
童孺交遊盡，
喧卑俗事牽。
老來多涕淚，
情在強詩篇。
誰寄方隅理，
朝難將帥權。
春秋褒貶例，
名器重雙全。

Creation Date: 769年
Location: CN4304
Poem Type: 排律",334,Du Fu (杜甫),769年,哭韋大夫之晉,排律,Classical Chinese,True,True,,
dufu_chunk_2196,dufu_31353,allusions_context,"Poem: 哭韋大夫之晉

Literary Allusions and References:
  人情掛劍
  素車
  塵冠不譚
  馮招
  黃圖
  孝廉船
  占鵩
  犀牛
  虛白室",99,Du Fu (杜甫),769年,哭韋大夫之晉,排律,Classical Chinese,,,9.0,
dufu_chunk_2197,dufu_31353,annotations_context,"Poem: 哭韋大夫之晉

Scholarly Annotations:
  一作邑，一作地
  一作大，一作士
  左思詩：“馮公豈不偉，白首不見招。”
  一作高
  音亦
  一作旋",94,Du Fu (杜甫),769年,哭韋大夫之晉,排律,Classical Chinese,,,,6.0
dufu_chunk_2198,dufu_31294,poem_content,"Poem Title: 冬晚送長孫漸舍人歸州

Poem Text:
參卿休坐幄，
蕩子不還鄉。
南客瀟湘外，
西戎鄠杜旁。
衰年傾蓋晚，
費日繫舟長。
會面思來札，
銷魂逐去檣。
雲晴鷗更舞，
風逆雁無行。
匣裏雌雄劒，
吹毛任選將。

Creation Date: 769年
Location: CN430121
Poem Type: 排律",172,Du Fu (杜甫),769年,冬晚送長孫漸舍人歸州,排律,Classical Chinese,True,True,,
dufu_chunk_2199,dufu_31294,allusions_context,"Poem: 冬晚送長孫漸舍人歸州

Literary Allusions and References:
  傾蓋
  參卿",62,Du Fu (杜甫),769年,冬晚送長孫漸舍人歸州,排律,Classical Chinese,,,2.0,
dufu_chunk_2200,dufu_31294,annotations_context,"Poem: 冬晚送長孫漸舍人歸州

Scholarly Annotations:
  參謀也",46,Du Fu (杜甫),769年,冬晚送長孫漸舍人歸州,排律,Classical Chinese,,,,1.0
dufu_chunk_2201,dufu_31390,poem_content,"Poem Title: 暮冬送蘇四郎徯兵曹適桂州

Poem Text:
飄飄蘇季子，
六印佩何遲。
早作諸侯客，
兼工古體詩。
爾賢埋照久，
余病長年悲。
盧綰須征日，
樓蘭要斬時。
歲陽初盛動，
王化久磷緇。
爲入蒼梧廟，
看雲哭九疑。
Poem Type: 排律",134,Du Fu (杜甫),Unknown,暮冬送蘇四郎徯兵曹適桂州,排律,Classical Chinese,True,False,,
dufu_chunk_2202,dufu_31390,allusions_context,"Poem: 暮冬送蘇四郎徯兵曹適桂州

Literary Allusions and References:
  刺樓蘭
  六印
  磷緇
  盧綰須徵
  埋照",82,Du Fu (杜甫),Unknown,暮冬送蘇四郎徯兵曹適桂州,排律,Classical Chinese,,,5.0,
dufu_chunk_2203,dufu_31291,poem_content,"Poem Title: 風疾舟中伏枕書懷三十六韻奉呈湖南親友

Poem Text:
軒轅休製律，
虞舜罷彈琴。
尚錯雄鳴管，
猶傷半死心。
聖賢名古邈，
羇旅病年侵。
舟泊常依震，
湖平早見參。
如聞馬融笛，
若倚仲宣襟。
故國悲寒望，
羣雲慘歲陰。
水鄉霾白屋，
楓岸疊青岑。
鬱鬱冬炎瘴，
濛濛雨滯淫。
鼓迎非祭鬼，
彈落似鴞禽。
興盡纔無悶，
愁來遽不禁。
生涯相汨沒，
時物自蕭森。
疑惑尊中弩，
淹留冠上簪。
牽裾驚魏帝，
投閣爲劉歆。
狂走終奚適，
微才謝所欽。
吾安藜不糝，
汝貴玉爲琛。
烏几重重縛，
鶉衣寸寸鍼。
哀傷同庾信，
述作異陳琳。
十暑岷山葛，
三霜楚戶砧。
叨陪錦帳座，
久放白頭吟。
反樸時難遇，
忘機陸易沈。
應過數粒食，
得近四知金。
春草封歸恨，
源花費獨尋。
轉蓬憂悄悄，
行藥病涔涔。
瘞夭追潘岳，
持危覓鄧林。
蹉跎飜學步，
感激在知音。
却假蘇張舌，
高誇周宋鐔。
納流迷浩汗，
峻址得嶔崟。
城府開清旭，
松筠起碧潯。
披顏爭倩倩，
逸足競駸駸。
朗鑒存愚直，
皇天實照臨。
公孫仍恃險，
侯景未生擒。
書信中原闊，
干戈北斗深。
畏人千里井，
問俗九州箴。
戰血流依舊，
軍聲動至今。
葛洪尸定解，
許靖力還任。
家事丹砂訣，
無成涕作霖。

Creation Date: 770年
Location: CN430481
Poem Type: 排律",600,Du Fu (杜甫),770年,風疾舟中伏枕書懷三十六韻奉呈湖南親友,排律,Classical Chinese,True,True,,
dufu_chunk_2204,dufu_31291,allusions_context,"Poem: 風疾舟中伏枕書懷三十六韻奉呈湖南親友

Literary Allusions and References:
  傷心庾開府
  半死心
  尊中弩
  源花
  陳琳
  馬融笛
  鶉衣
  鄧林
  葛洪
  公孫恃險
  學步
  侯景未擒
  錦帳
  藜不糝
  陸沉
  潘岳瘞夭
  牽裾
  四知金
  蘇張舌
  投閣
  許靖
  玉爲琛
  仲宣襟
  周宋鐔",198,Du Fu (杜甫),770年,風疾舟中伏枕書懷三十六韻奉呈湖南親友,排律,Classical Chinese,,,24.0,
dufu_chunk_2205,dufu_31291,annotations_context,"Poem: 風疾舟中伏枕書懷三十六韻奉呈湖南親友

Scholarly Annotations:
  四句言風疾
  一作半
  一作蜃
  一作壘
  一作方
  一作正
  鐔，劒鼻也。莊子：天子之劒，以周、宋爲鐔，韓、魏爲鋏
  一作篁
  一作難",127,Du Fu (杜甫),770年,風疾舟中伏枕書懷三十六韻奉呈湖南親友,排律,Classical Chinese,,,,9.0
dufu_chunk_2206,dufu_31330,poem_content,"Poem Title: 奉贈蕭二十使君

Poem Text:
昔在嚴公幕，
俱爲蜀使臣。
艱危參大府，
前後間清塵。
起草鳴先路，
乘槎動要津。
王鳧聊暫出，
蕭雉只相馴。
終始任安義，
荒蕪孟母鄰。
聯翩匍匐禮，
意氣死生親。
張老存家事，
嵇康有故人。
食恩慙鹵莽，
鏤骨抱酸辛。
巢許山林志，
夔龍廊廟珍。
鵬圖乃矯翼，
熊軾且移輪。
磊落衣冠地，
蒼茫土木身。
塤篪鳴自合，
金石瑩逾新。
重憶羅江外，
同遊錦水濱。
結歡隨過隙，
懷舊益霑巾。
曠絕含香舍，
稽留伏枕辰。
停驂雙闕早，
迴雁五湖春。
不達長卿病，
從來原憲貧。
監河受貸粟，
一起轍中鱗。

Creation Date: 770年
Location: CN430121
Poem Type: 排律",337,Du Fu (杜甫),770年,奉贈蕭二十使君,排律,Classical Chinese,True,True,,
dufu_chunk_2207,dufu_31330,allusions_context,"Poem: 奉贈蕭二十使君

Literary Allusions and References:
  乘槎
  過隙
  長卿病
  轍中鱗
  孟母鄰
  巢許
  含香
  熊軾
  嵇康有故人
  夔龍
  原憲貧
  匍匐禮
  清塵
  任安
  蕭雉
  塤篪
  張老",142,Du Fu (杜甫),770年,奉贈蕭二十使君,排律,Classical Chinese,,,17.0,
dufu_chunk_2208,dufu_31330,annotations_context,"Poem: 奉贈蕭二十使君

Scholarly Annotations:
  原注：嚴再領成都，余復參幕府
  原注：嚴公歿後，老母在堂，使君溫凊之問，甘脆之禮，名數若己之庭闈焉。太夫人頃逝，喪事又首渚孫主典，撫孤之情，不減骨肉，則膠漆之契可知矣
  晉大夫張孟，語稱張老",137,Du Fu (杜甫),770年,奉贈蕭二十使君,排律,Classical Chinese,,,,3.0
dufu_chunk_2209,dufu_31321,poem_content,"Poem Title: 奉送二十三舅錄事之攝郴州

Poem Text:
賢良歸盛族，
吾舅盡知名。
徐庶高交友，
劉牢出外甥。
泥塗豈珠玉，
環堵但柴荆。
衰老悲人世，
驅馳厭甲兵。
氣春江上別，
淚血渭陽情。
舟鷁排風影，
林烏反哺聲。
永嘉多北至，
句漏且南征。
必見公侯復，
終聞盜賊平。
郴州頗涼冷，
橘井尚淒清。
從役何蠻貊，
居官志在行。

Creation Date: 770年
Location: CN430121
Poem Type: 排律",230,Du Fu (杜甫),770年,奉送二十三舅錄事之攝郴州,排律,Classical Chinese,True,True,,
dufu_chunk_2210,dufu_31321,allusions_context,"Poem: 奉送二十三舅錄事之攝郴州

Literary Allusions and References:
  公侯復
  勾漏令
  桔井
  劉牢出外甥
  徐庶
  珠玉",89,Du Fu (杜甫),770年,奉送二十三舅錄事之攝郴州,排律,Classical Chinese,,,6.0,
dufu_chunk_2211,dufu_31321,annotations_context,"Poem: 奉送二十三舅錄事之攝郴州

Scholarly Annotations:
  崔偉
  庶與崔州平善，蓋以州平比偉
  一作事",69,Du Fu (杜甫),770年,奉送二十三舅錄事之攝郴州,排律,Classical Chinese,,,,3.0
dufu_chunk_2212,dufu_31349,poem_content,"Poem Title: 送魏二十四司直充嶺南掌選崔郎中判官兼寄韋韶州

Poem Text:
選曹分五嶺，
使者歷三湘。
才美膺推薦，
君行佐紀綱。
佳聲斯共遠，
雅節在周防。
明白山濤鑒，
嫌疑陸賈裝。
故人湖外少，
春日嶺南長。
憑報韶州牧，
新詩昨寄將。

Creation Date: 770年
Location: CN430121
Poem Type: 排律",184,Du Fu (杜甫),770年,送魏二十四司直充嶺南掌選崔郎中判官兼寄韋韶州,排律,Classical Chinese,True,True,,
dufu_chunk_2213,dufu_31349,allusions_context,"Poem: 送魏二十四司直充嶺南掌選崔郎中判官兼寄韋韶州

Literary Allusions and References:
  陸賈裝
  山濤",75,Du Fu (杜甫),770年,送魏二十四司直充嶺南掌選崔郎中判官兼寄韋韶州,排律,Classical Chinese,,,2.0,
dufu_chunk_2214,dufu_31349,annotations_context,"Poem: 送魏二十四司直充嶺南掌選崔郎中判官兼寄韋韶州

Scholarly Annotations:
  嶺南交、黔等州，得任土人，以郎中、御史充使選補，謂之南選。
  一作期
  一作不
  一作夜",102,Du Fu (杜甫),770年,送魏二十四司直充嶺南掌選崔郎中判官兼寄韋韶州,排律,Classical Chinese,,,,4.0
dufu_chunk_2215,dufu_31303,poem_content,"Poem Title: 同豆盧峰知字韻

Poem Text:
煉金歐冶子，
噴玉大宛兒。
符彩高無敵，
聰明達所爲。
夢蘭他日應，
折桂早年知。
爛漫通經術，
光芒刷羽儀。
謝庭瞻不遠，
潘省會於斯。
倡和將雛曲，
田翁號鹿皮。

Creation Date: 770年
Location: CN430121
Poem Type: 排律",169,Du Fu (杜甫),770年,同豆盧峰知字韻,排律,Classical Chinese,True,True,,
dufu_chunk_2216,dufu_31303,allusions_context,"Poem: 同豆盧峰知字韻

Literary Allusions and References:
  潘省
  謝庭
  夢蘭
  將雛曲
  折桂
  鹿皮翁
  歐冶子
  噴玉",92,Du Fu (杜甫),770年,同豆盧峰知字韻,排律,Classical Chinese,,,8.0,
dufu_chunk_2217,dufu_31303,annotations_context,"Poem: 同豆盧峰知字韻

Scholarly Annotations:
  一本作同豆盧峰貽主客李員外子棐知字韻。",59,Du Fu (杜甫),770年,同豆盧峰知字韻,排律,Classical Chinese,,,,1.0
dufu_chunk_2218,dufu_31304,poem_content,"Poem Title: 迴櫂

Poem Text:
宿昔試安命，
自私猶畏天。
勞生繫一物，
爲客費多年。
衡岳江湖大，
蒸池疫癘偏。
散才嬰薄俗，
有跡負前賢。
巾拂那關眼，
缾罍易滿船。
火雲滋垢膩，
凍雨裛沈緜。
強飯蓴添滑，
端居茗續煎。
清思漢水上，
涼憶峴山巔。
順浪飜堪倚，
迴帆又省牽。
吾家碑不昧，
王氏井依然。
几杖將衰齒，
茅茨寄短椽。
灌園曾取適，
遊寺可終焉。
遂性同漁父，
成名異魯連。
篙師煩爾送，
朱夏及寒泉。

Creation Date: 769年
Location: CN4304
Poem Type: 排律",274,Du Fu (杜甫),769年,迴櫂,排律,Classical Chinese,True,True,,
dufu_chunk_2219,dufu_31304,allusions_context,"Poem: 迴櫂

Literary Allusions and References:
  漁父
  灌園
  魯連
  終焉",64,Du Fu (杜甫),769年,迴櫂,排律,Classical Chinese,,,4.0,
dufu_chunk_2220,dufu_31304,annotations_context,"Poem: 迴櫂

Scholarly Annotations:
  一作世
  蒸水在衡陽城北
  一作舊
  一作塵
  杜預碑
  一作功",72,Du Fu (杜甫),769年,迴櫂,排律,Classical Chinese,,,,6.0
dufu_chunk_2221,dufu_31279,poem_content,"Poem Title: 與嚴二郎奉禮別

Poem Text:
別君誰暖眼，
將老病纏身。
出涕同斜日，
臨風看去塵。
商歌還入夜，
巴俗自爲鄰。
尚媿微軀在，
遙聞盛禮新。
山東羣盜散，
闕下受降頻。
諸將歸應盡，
題書報旅人。

Creation Date: 763年
Location: CN511381
Poem Type: 排律",169,Du Fu (杜甫),763年,與嚴二郎奉禮別,排律,Classical Chinese,True,False,,
dufu_chunk_2222,dufu_31279,allusions_context,"Poem: 與嚴二郎奉禮別

Literary Allusions and References:
  商歌",54,Du Fu (杜甫),763年,與嚴二郎奉禮別,排律,Classical Chinese,,,1.0,
dufu_chunk_2223,dufu_31397,poem_content,"Poem Title: 贈裴南部聞袁判官自來欲有按問

Poem Text:
塵滿萊蕪甑，
堂橫單父琴。
人皆知飲水，
公輩不偷金。
梁獄書因上，
秦臺鏡欲臨。
獨醒時所嫉，
羣小謗能深。
即出黃沙在，
何須白髮侵。
使君傳舊德，
已見直繩心。

Creation Date: 763年
Location: CN511381
Poem Type: 排律",176,Du Fu (杜甫),763年,贈裴南部聞袁判官自來欲有按問,排律,Classical Chinese,True,True,,
dufu_chunk_2224,dufu_31397,allusions_context,"Poem: 贈裴南部聞袁判官自來欲有按問

Literary Allusions and References:
  獨醒
  不偷金
  單父琴
  萊蕪甑
  秦臺鏡
  黃沙
  梁獄書
  飲水",101,Du Fu (杜甫),763年,贈裴南部聞袁判官自來欲有按問,排律,Classical Chinese,,,8.0,
dufu_chunk_2225,dufu_31397,annotations_context,"Poem: 贈裴南部聞袁判官自來欲有按問

Scholarly Annotations:
  一本以下作原注
  一作應作",61,Du Fu (杜甫),763年,贈裴南部聞袁判官自來欲有按問,排律,Classical Chinese,,,,2.0
dufu_chunk_2226,dufu_31360,poem_content,"Poem Title: 陪鄭公秋晚北池臨眺

Poem Text:
北池雲水闊，
華館闢秋風。
獨鶴元依渚，
衰荷且映空。
采菱寒刺上，
蹋藕野泥中。
素檝分曹往，
金盤小徑通。
萋萋露草碧，
片片晚旗紅。
杯酒霑津吏，
衣裳與釣翁。
異方初豔菊，
故里亦高桐。
搖落關山思，
淹留戰伐功。
嚴城殊未掩，
清宴已知終。
何補參卿事，
歡娛到薄躬。

Creation Date: 764年
Location: CN5101
Poem Type: 排律",225,Du Fu (杜甫),764年,陪鄭公秋晚北池臨眺,排律,Classical Chinese,True,True,,
dufu_chunk_2227,dufu_31360,allusions_context,"Poem: 陪鄭公秋晚北池臨眺

Literary Allusions and References:
  參卿
  酒霑津吏",63,Du Fu (杜甫),764年,陪鄭公秋晚北池臨眺,排律,Classical Chinese,,,2.0,
dufu_chunk_2228,dufu_31360,annotations_context,"Poem: 陪鄭公秋晚北池臨眺

Scholarly Annotations:
  一作軍乏",46,Du Fu (杜甫),764年,陪鄭公秋晚北池臨眺,排律,Classical Chinese,,,,1.0
dufu_chunk_2229,dufu_31354,poem_content,"Poem Title: 哭台州鄭司戶蘇少監

Poem Text:
故舊誰憐我，
平生鄭與蘇。
存亡不重見，
喪亂獨前途。
豪俊何人在，
文章埽地無。
羇遊萬里闊，
凶問一年俱。
白首中原上，
清秋大海隅。
夜臺當北斗，
泉路著東吳。
得罪台州去，
時危棄碩儒。
移官蓬閣後，
穀貴沒潛夫。
流慟嗟何及，
銜冤有是夫。
道消詩興廢，
心息酒爲徒。
許與才雖薄，
追誰跡未拘。
班揚名甚盛，
嵇阮逸相須。
會取君臣合，
寧銓品命殊。
賢良不必展，
廊廟偶然趨。
勝決風塵際，
功安造化鑪。
從容拘舊學，
慘澹閟陰符。
擺落嫌疑久，
哀傷志力輸。
俗依緜谷異，
客對雪山孤。
童稚思諸子，
交朋列友于。
情乖清酒送，
望絕撫墳呼。
瘧病餐巴水，
瘡痍老蜀都。
飄零迷哭處，
天地日榛蕪。

Creation Date: 764年
Location: CN5101
Poem Type: 排律",393,Du Fu (杜甫),764年,哭台州鄭司戶蘇少監,排律,Classical Chinese,True,True,,
dufu_chunk_2230,dufu_31354,allusions_context,"Poem: 哭台州鄭司戶蘇少監

Literary Allusions and References:
  班揚
  嵇阮
  潛夫
  文章埽地",73,Du Fu (杜甫),764年,哭台州鄭司戶蘇少監,排律,Classical Chinese,,,4.0,
dufu_chunk_2231,dufu_31354,annotations_context,"Poem: 哭台州鄭司戶蘇少監

Scholarly Annotations:
  一作人誰
  一作窅
  一作詢
  一作痢
  右二十七篇，朝奉大夫員安宇所收",82,Du Fu (杜甫),764年,哭台州鄭司戶蘇少監,排律,Classical Chinese,,,,5.0
dufu_chunk_2232,dufu_31356,poem_content,"Poem Title: 夏夜李尚書筵送宇文石首赴縣聯句

Poem Text:
愛客尚書貴，
之官宅相賢。
酒香傾坐側，
帆影駐江邊。
翟表郎官瑞，
鳧看令宰仙。
雨稀雲葉斷，
夜久燭花偏。
數語敧紗帽，
高文擲彩箋。
興饒行處樂，
離惜醉中眠。
單父長多暇，
河陽實少年。
客居逢自出，
爲別幾悽然。

Creation Date: 768年
Location: CN421024
Poem Type: 排律",205,Du Fu (杜甫),768年,夏夜李尚書筵送宇文石首赴縣聯句,排律,Classical Chinese,False,True,,
dufu_chunk_2233,dufu_31356,annotations_context,"Poem: 夏夜李尚書筵送宇文石首赴縣聯句

Scholarly Annotations:
  甫
  之芳
  彧
  甫
  之芳
  彧
  甫
  之芳",80,Du Fu (杜甫),768年,夏夜李尚書筵送宇文石首赴縣聯句,排律,Classical Chinese,,,,8.0
dufu_chunk_2234,dufu_31392,poem_content,"Poem Title: 題鄭十八著作虔

Poem Text:
台州地闊海冥冥，
雲水長和島嶼青。
亂後故人雙別淚，
春深逐客一浮萍。
酒酣嬾舞誰相拽，
詩罷能吟不復聽。
第五橋東流恨水，
皇陂岸北結愁亭。
賈生對鵩傷王傅，
蘇武看羊陷賊庭。
可念此翁懷直道，
也霑新國用輕刑。
禰衡實恐遭江夏，
方朔虛傳是歲星。
窮巷悄然車馬絕，
案頭乾死讀書螢。

Creation Date: 758年
Location: CN6101
Poem Type: 排律",227,Du Fu (杜甫),758年,題鄭十八著作虔,排律,Classical Chinese,True,True,,
dufu_chunk_2235,dufu_31392,allusions_context,"Poem: 題鄭十八著作虔

Literary Allusions and References:
  讀書螢
  蘇武看羊
  遭江夏
  賈生對鵩
  歲星",80,Du Fu (杜甫),758年,題鄭十八著作虔,排律,Classical Chinese,,,5.0,
dufu_chunk_2236,dufu_31392,annotations_context,"Poem: 題鄭十八著作虔

Scholarly Annotations:
  一作丈
  一作僻
  一作繾綣
  一作飄颻
  一作心，一作公
  一作常
  一作一朝",86,Du Fu (杜甫),758年,題鄭十八著作虔,排律,Classical Chinese,,,,7.0
dufu_chunk_2237,dufu_31381,poem_content,"Poem Title: 寒雨朝行視園樹

Poem Text:
柴門雜樹向千株，
丹橘黃甘此地無。
江上今朝寒雨歇，
籬中秀色畫屏紆。
桃蹊李徑年雖故，
梔子紅椒豔復殊。
鏁石藤稍元自落，
倚天松骨見來枯。
林香出實垂將盡，
葉蔕辭枝不重蘇。
愛日恩光蒙借貸，
清霜殺氣得憂虞。
衰顏更覓藜床坐，
緩步仍須竹杖扶。
散騎未知雲閣處，
啼猨僻在楚山隅。

Creation Date: 767年
Location: CN500236,瀼西
Poem Type: 排律",232,Du Fu (杜甫),767年,寒雨朝行視園樹,排律,Classical Chinese,True,True,,
dufu_chunk_2238,dufu_31381,allusions_context,"Poem: 寒雨朝行視園樹

Literary Allusions and References:
  安仁省
  桃蹊李徑",62,Du Fu (杜甫),767年,寒雨朝行視園樹,排律,Classical Chinese,,,2.0,
dufu_chunk_2239,dufu_31381,annotations_context,"Poem: 寒雨朝行視園樹

Scholarly Annotations:
  一作擁
  一作北
  一作邊新
  一作古
  一作到
  一作離
  一作柯
  一作動",86,Du Fu (杜甫),767年,寒雨朝行視園樹,排律,Classical Chinese,,,,8.0
dufu_chunk_2240,dufu_31375,poem_content,"Poem Title: 清明二首

Poem Text:
朝來新火起新煙，
湖色春光淨客船。
繡羽銜花他自得，
紅顏騎竹我無緣。
胡童結束還難有，
楚女腰肢亦可憐。
不見定王城舊處，
長懷賈傅井依然。
虛霑焦舉爲寒食，
實藉嚴君賣卜錢。
鐘鼎山林各天性，
濁醪粗飯任吾年。

Creation Date: 769年
Location: CN430121
Poem Type: 排律",190,Du Fu (杜甫),769年,清明二首,排律,Classical Chinese,True,True,,
dufu_chunk_2241,dufu_31375,allusions_context,"Poem: 清明二首

Literary Allusions and References:
  嚴君賣卜
  楚女腰
  周舉為寒食",67,Du Fu (杜甫),769年,清明二首,排律,Classical Chinese,,,3.0,
dufu_chunk_2242,dufu_31375,annotations_context,"Poem: 清明二首

Scholarly Annotations:
  一作衝
  漢長沙定王發封此
  宜作周",57,Du Fu (杜甫),769年,清明二首,排律,Classical Chinese,,,,3.0
dufu_chunk_2243,dufu_31376,poem_content,"Poem Title: 清明二首

Poem Text:
此身飄泊苦西東，
右臂偏枯半耳聾。
寂寂繫舟雙下淚，
悠悠伏枕左書空。
十年蹴鞠將雛遠，
萬里鞦韆習俗同。
旅雁上雲歸紫塞，
家人鑽火用青楓。
秦城樓閣煙花裏，
漢主山河錦繡中。
風水春來洞庭闊，
白蘋愁殺白頭翁。

Creation Date: 769年
Location: CN430121
Poem Type: 排律",190,Du Fu (杜甫),769年,清明二首,排律,Classical Chinese,True,True,,
dufu_chunk_2244,dufu_31376,allusions_context,"Poem: 清明二首

Literary Allusions and References:
  書空
  紫塞",56,Du Fu (杜甫),769年,清明二首,排律,Classical Chinese,,,2.0,
dufu_chunk_2245,dufu_31376,annotations_context,"Poem: 清明二首

Scholarly Annotations:
  一作鶯
  一作春去",47,Du Fu (杜甫),769年,清明二首,排律,Classical Chinese,,,,2.0
dufu_chunk_2246,dufu_31606,poem_content,"Poem Title: 奉贈韋左丞丈二十二韻

Poem Text:
紈袴不餓死，
儒冠多誤身。
丈人試靜聽，
賤子請具陳。
甫昔少年日，
早充觀國賓。
讀書破萬卷，
下筆如有神。
賦料揚雄敵，
詩看子建親。
李邕求識面，
王翰願卜鄰。
自謂頗挺出，
立登要路津。
致君堯舜上，
再使風俗淳。
此意竟蕭條，
行歌非隱淪。
騎驢三十載，
旅食京華春。
朝扣富兒門，
暮隨肥馬塵。
殘杯與冷炙，
到處潛悲辛。
主上頃見徵，
歘然欲求伸。
青冥却垂翅，
蹭蹬無縱鱗。
甚媿丈人厚，
甚知丈人真。
每於百僚上，
猥誦佳句新。
竊效貢公喜，
難甘原憲貧。
焉能心怏怏，
秪是走踆踆。
今欲東入海，
即將西去秦。
尚憐終南山，
回首清渭濱。
常擬報一飯，
況懷辭大臣。
白鷗沒浩蕩，
萬里誰能馴。

Creation Date: 752年
Location: CN6101
Poem Type: 古風",394,Du Fu (杜甫),752年,奉贈韋左丞丈二十二韻,古風,Classical Chinese,True,True,,
dufu_chunk_2247,dufu_31606,allusions_context,"Poem: 奉贈韋左丞丈二十二韻

Literary Allusions and References:
  貢公喜
  觀國賓
  殘杯冷炙
  報一飯
  原憲貧
  行歌
  子雲
  要路津
  致君堯舜
  子建",111,Du Fu (杜甫),752年,奉贈韋左丞丈二十二韻,古風,Classical Chinese,,,10.0,
dufu_chunk_2248,dufu_31606,annotations_context,"Poem: 奉贈韋左丞丈二十二韻

Scholarly Annotations:
  韋濟，天寶七年爲河南尹，遷尚書左丞。
  一作妙
  一作爲
  一作客
  天寶中，詔徵天下士有一藝者，皆得詣京師就選。李林甫抑之，奏令考試，遂無一人得第者
  一作波",128,Du Fu (杜甫),752年,奉贈韋左丞丈二十二韻,古風,Classical Chinese,,,,6.0
dufu_chunk_2249,dufu_31696,poem_content,"Poem Title: 送高三十五書記

Poem Text:
崆峒小麥熟，
且願休王師。
請公問主將，
焉用窮荒爲。
飢鷹未飽肉，
側翅隨人飛。
高生跨鞍馬，
有似幽幷兒。
脫身簿尉中，
始與捶楚辭。
借問今何官，
觸熱向武威。
答云一書記，
所媿國士知。
人實不易知，
更須慎其儀。
十年出幕府，
自可持旌麾。
此行既特達，
足以慰所思。
男兒功名遂，
亦在老大時。
常恨結驩淺，
各在天一涯。
又如參與商，
慘慘中腸悲。
驚風吹鴻鵠，
不得相追隨。
黃塵翳沙漠，
念子何當歸。
邊城有餘力，
早寄從軍詩。

Creation Date: 753年
Location: CN6101
Poem Type: 古風",307,Du Fu (杜甫),753年,送高三十五書記,古風,Classical Chinese,False,True,,
dufu_chunk_2250,dufu_31696,annotations_context,"Poem: 送高三十五書記

Scholarly Annotations:
  高適，渤海人。解褐爲封丘尉，不就。客遊河西，哥舒翰奇之，表爲書記。
  一作吾
  積石軍每歲麥熟，吐蕃穫之，邊人呼爲吐蕃麥莊。天寶六年，哥舒翰掩擊大破之，後不敢復至。八載，又克其石堡城。然自此用兵河西不已，故追言戒之，欲適告翰也
  一作幷州
  唐簿尉有罪，輒受鞭韃
  一作言
  一作尤
  一作宜
  一作旗
  一作亦足慰遠思

... and 3 more annotations",237,Du Fu (杜甫),753年,送高三十五書記,古風,Classical Chinese,,,,13.0
dufu_chunk_2251,dufu_31847,poem_content,"Poem Title: 贈李白

Poem Text:
二年客東都，
所歷厭機巧。
野人對羶腥，
蔬食常不飽。
豈無青精飯，
使我顏色好。
苦乏大藥資，
山林迹如掃。
李侯金閨彥，
脫身事幽討。
亦有梁宋遊，
方期拾瑤草。

Creation Date: 744年
Location: CN4103
Poem Type: 古風",163,Du Fu (杜甫),744年,贈李白,古風,Classical Chinese,True,True,,
dufu_chunk_2252,dufu_31847,allusions_context,"Poem: 贈李白

Literary Allusions and References:
  金閨彥
  青精飯",57,Du Fu (杜甫),744年,贈李白,古風,Classical Chinese,,,2.0,
dufu_chunk_2253,dufu_31847,annotations_context,"Poem: 贈李白

Scholarly Annotations:
  一作籸，一作䭀
  一作買
  一作深
  一作未",61,Du Fu (杜甫),744年,贈李白,古風,Classical Chinese,,,,4.0
dufu_chunk_2254,dufu_31782,poem_content,"Poem Title: 遊龍門奉先寺

Poem Text:
已從招提遊，
更宿招提境。
陰壑生虛籟，
月林散清影。
天闕象緯逼，
雲臥衣裳冷。
欲覺聞晨鐘，
令人發深省。

Creation Date: 741年
Location: CN4103
Poem Type: 古風",138,Du Fu (杜甫),741年,遊龍門奉先寺,古風,Classical Chinese,False,True,,
dufu_chunk_2255,dufu_31782,annotations_context,"Poem: 遊龍門奉先寺

Scholarly Annotations:
  龍門即伊闕，一名闕口，在河南府北四十里。
  一作靈
  一作闊，一作閱，一作開",79,Du Fu (杜甫),741年,遊龍門奉先寺,古風,Classical Chinese,,,,3.0
dufu_chunk_2256,dufu_31759,poem_content,"Poem Title: 望嶽

Poem Text:
岱宗夫如何，
齊魯青未了。
造化鍾神秀，
陰陽割昏曉。
盪胷生層雲，
決眥入歸鳥。
會當凌絕頂，
一覽衆山小。

Creation Date: 736年
Location: CN3709,泰山
Poem Type: 古風",137,Du Fu (杜甫),736年,望嶽,古風,Classical Chinese,False,False,,
dufu_chunk_2257,dufu_31498,poem_content,"Poem Title: 同李太守登歷下古城員外新亭

Poem Text:
新亭結搆罷，
隱見清湖陰。
跡籍臺觀舊，
氣溟海嶽深。
圓荷想自昔，
遺堞感至今。
芳宴此時具，
哀絲千古心。
主稱壽尊客，
筵秩宴北林。
不阻蓬蓽興，
得兼梁甫吟。

Creation Date: 745年
Location: CN3701
Poem Type: 古風",173,Du Fu (杜甫),745年,同李太守登歷下古城員外新亭,古風,Classical Chinese,False,True,,
dufu_chunk_2258,dufu_31498,annotations_context,"Poem: 同李太守登歷下古城員外新亭

Scholarly Annotations:
  亭對鵲湖。原註：時李之芳自尚書郎出齊州，置此亭。
  一作冥
  一作俱
  一作絃
  一作密
  一作兼得",101,Du Fu (杜甫),745年,同李太守登歷下古城員外新亭,古風,Classical Chinese,,,,6.0
dufu_chunk_2259,dufu_31475,poem_content,"Poem Title: 玄都壇歌寄元逸人

Poem Text:
故人昔隱東蒙峰，
已佩含景蒼精龍。
故人今居子午谷，
獨在陰崖結茅屋。
屋前太古玄都壇，
青石漠漠常風寒。
子規夜啼山竹裂，
王母晝下雲旗翻。
知君此計成長往，
芝草琅玕日應長。
鐵鏁高垂不可攀，
致身福地何蕭爽。

Creation Date: 752年
Location: CN6101
Poem Type: 古風",192,Du Fu (杜甫),752年,玄都壇歌寄元逸人,古風,Classical Chinese,True,True,,
dufu_chunk_2260,dufu_31475,allusions_context,"Poem: 玄都壇歌寄元逸人

Literary Allusions and References:
  王母",55,Du Fu (杜甫),752年,玄都壇歌寄元逸人,古風,Classical Chinese,,,1.0,
dufu_chunk_2261,dufu_31475,annotations_context,"Poem: 玄都壇歌寄元逸人

Scholarly Annotations:
  公孫端《劒銘》：“含景吐商。”
  劒之在左，蒼龍象也
  一作並
  一作白
  一作松
  一作蟠
  一作誠
  終南大秦嶺，有采蜜人山行，尋鐘聲而入，至一寺。旁有大竹林一二頃，截竹盛蜜，歸以告戍卒。卒復往取竹，見崖垂鐵鎖長三丈，掣鎖欲上。二虎踞崖大呼，驚怖而返",175,Du Fu (杜甫),752年,玄都壇歌寄元逸人,古風,Classical Chinese,,,,8.0
dufu_chunk_2262,dufu_31436,poem_content,"Poem Title: 今夕行

Poem Text:
今夕何夕歲云徂，
更長燭明不可孤。
咸陽客舍一事無，
相與博塞爲歡娛。
馮陵大叫呼五白，
袒跣不肯成梟盧。
英雄有時亦如此，
邂逅豈即非良圖。
君莫笑劉毅從來布衣願，
家無儋石輸百萬。

Creation Date: 746年
Location: CN6104
Poem Type: 古風",172,Du Fu (杜甫),746年,今夕行,古風,Classical Chinese,True,True,,
dufu_chunk_2263,dufu_31436,allusions_context,"Poem: 今夕行

Literary Allusions and References:
  今夕何夕
  劉毅輸百萬",60,Du Fu (杜甫),746年,今夕行,古風,Classical Chinese,,,2.0,
dufu_chunk_2264,dufu_31436,annotations_context,"Poem: 今夕行

Scholarly Annotations:
  原注：自齊趙西歸至咸陽作。
  一作賭博
  《招魂》：“成梟而牟，呼五白些。”五白：梟、盧、雉，皆博齒也。
  一作牟",96,Du Fu (杜甫),746年,今夕行,古風,Classical Chinese,,,,4.0
dufu_chunk_2265,dufu_30448,poem_content,"Poem Title: 貧交行

Poem Text:
飜手作雲覆手雨，
紛紛輕薄何須數。
君不見管鮑貧時交，
此道今人棄如土。

Creation Date: 752年
Location: CN6101
Poem Type: 古風",116,Du Fu (杜甫),752年,貧交行,古風,Classical Chinese,True,False,,
dufu_chunk_2266,dufu_30448,allusions_context,"Poem: 貧交行

Literary Allusions and References:
  管鮑
  飜手",55,Du Fu (杜甫),752年,貧交行,古風,Classical Chinese,,,2.0,
dufu_chunk_2267,dufu_31553,poem_content,"Poem Title: 兵車行

Poem Text:
車轔轔，
馬蕭蕭，
行人弓箭各在腰。
耶孃妻子走相送，
塵埃不見咸陽橋。
牽衣頓足闌道哭，
哭聲直上干雲霄。
道傍過者問行人，
行人但云點行頻。
或從十五北防河，
便至四十西營田。
去時里正與裹頭，
歸來頭白還戍邊。
邊亭流血成海水，
武皇開邊意未已。
君不聞漢家山東二百州，
千村萬落生荆杞。
縱有健婦把鋤犂，
禾生隴畝無東西。
況復秦兵耐苦戰，
被驅不異犬與雞。
長者雖有問，
役夫敢申恨。
且如今年冬，
未休關西卒。
縣官急索租，
租稅從何出？
信知生男惡，
反是生女好。
生女猶是嫁比鄰，
生男埋沒隨百草。
君不見青海頭，
古來白骨無人收。
新鬼煩冤舊鬼哭，
天陰雨濕聲啾啾。

Creation Date: 751年
Location: CN6101
Poem Type: 古風",372,Du Fu (杜甫),751年,兵車行,古風,Classical Chinese,False,True,,
dufu_chunk_2268,dufu_31553,annotations_context,"Poem: 兵車行

Scholarly Annotations:
  一作橋
  開元十五年，以吐蕃爲邊害。詔隴右、河西兵集臨洮，朔方兵集會州，防秋，至冬初無寇而罷
  唐制，百戶爲一里，里置正一人
  一作猶
  一作庭
  一作我
  唐人稱太宗爲文皇，明皇爲武皇
  太行之東，唐都長安，凡河北諸道，皆為山東
  一作隴
  一作“役夫心益憤，如今縱得休。還爲隴西卒”。《通鑒》：“天寶九載十二月，關西遊奕使王難得擊吐蕃，克五橋，拔樹敦城。”

... and 5 more annotations",253,Du Fu (杜甫),751年,兵車行,古風,Classical Chinese,,,,15.0
dufu_chunk_2269,dufu_31733,poem_content,"Poem Title: 高都護驄馬行

Poem Text:
安西都護胡青驄，
聲價歘然來向東。
此馬臨陣久無敵，
與人一心成大功。
功成惠養隨所致，
飄飄遠自流沙至。
雄姿未受伏櫪恩，
猛氣猶思戰場利。
腕促蹄高如踣鐵，
交河幾蹴曾冰裂。
五花散作雲滿身，
萬里方看汗流血。
長安壯兒不敢騎，
走過掣電傾城知。
青絲絡頭爲君老，
何由却出橫門道。

Creation Date: 749年
Location: CN6101
Poem Type: 古風",226,Du Fu (杜甫),749年,高都護驄馬行,古風,Classical Chinese,False,True,,
dufu_chunk_2270,dufu_31733,annotations_context,"Poem: 高都護驄馬行

Scholarly Annotations:
  高仙芝，開元末爲安西副都護。
  赭白馬賦，願終惠養
  一作搖
  一作踠
  剪鬃爲辮，或三花，或增長花，或云印以三花飛風之字
  長安城北出西頭第一門曰橫門，其外有橫橋",126,Du Fu (杜甫),749年,高都護驄馬行,古風,Classical Chinese,,,,6.0
dufu_chunk_2271,dufu_31439,poem_content,"Poem Title: 天育驃騎歌

Poem Text:
吾聞天子之馬走千里，
今之畫圖無乃是。
是何意態雄且傑，
駿尾蕭梢朔風起。
毛爲綠縹兩耳黃，
眼有紫燄雙瞳方。
矯矯龍性合變化，
卓立天骨森開張。
伊昔太僕張景順，
監牧攻駒閱清峻。
遂令大奴守天育，
別養驥子憐神俊。
當時四十萬匹馬，
張公歎其材盡下。
故獨寫真傳世人，
見之座右久更新。
年多物化空形影，
嗚呼健步無由騁。
如今豈無騕褭與驊騮，
時無王良伯樂死即休。

Creation Date: 754年
Location: CN6101
Poem Type: 古風",267,Du Fu (杜甫),754年,天育驃騎歌,古風,Classical Chinese,True,True,,
dufu_chunk_2272,dufu_31439,allusions_context,"Poem: 天育驃騎歌

Literary Allusions and References:
  伯樂
  驊騮
  天子之馬
  王良
  騕褭",74,Du Fu (杜甫),754年,天育驃騎歌,古風,Classical Chinese,,,5.0,
dufu_chunk_2273,dufu_31439,annotations_context,"Poem: 天育驃騎歌

Scholarly Annotations:
  一本有圖字
  天育，廐名，未詳所出。
  一作騣
  一作驃
  一作然
  一作矮龍性逸
  東坡書作含
  一作考牧攻駒，一作考牧神駒
  漢昌邑王使大奴以衣車載女子。注，奴之尤長大者，此言景順之牧馬奴耳
  一作字

... and 1 more annotations",177,Du Fu (杜甫),754年,天育驃騎歌,古風,Classical Chinese,,,,11.0
dufu_chunk_2274,dufu_31480,poem_content,"Poem Title: 白絲行

Poem Text:
繅絲須長不須白，
越羅蜀錦金粟尺。
象牀玉手亂殷紅，
萬草千花動凝碧。
已悲素質隨時染，
裂下鳴機色相射。
美人細意熨帖平，
裁縫滅盡鍼線迹。
春天衣著爲君舞，
蛺蜨飛來黃鸝語。
落絮游絲亦有情，
隨風照日宜輕舉。
香汗輕塵污顏色，
開新合故置何許。
君不見才士汲引難，
恐懼棄捐忍羈旅。

Creation Date: 752年
Location: CN6101
Poem Type: 古風",224,Du Fu (杜甫),752年,白絲行,古風,Classical Chinese,False,True,,
dufu_chunk_2275,dufu_31480,annotations_context,"Poem: 白絲行

Scholarly Annotations:
  一作牙
  一作改
  一作疑
  一作清
  一作似微污，一作污不著，一作似顏色
  一作相
  一作志",89,Du Fu (杜甫),752年,白絲行,古風,Classical Chinese,,,,7.0
dufu_chunk_2276,dufu_31678,poem_content,"Poem Title: 秋雨歎三首

Poem Text:
雨中百草秋爛死，
階下決明顏色鮮。
著葉滿枝翠羽蓋，
開花無數黃金錢。
涼風蕭蕭吹汝急，
恐汝後時難獨立。
堂上書生空白頭，
臨風三齅馨香泣。

Creation Date: 754年
Location: CN6101
Poem Type: 古風",153,Du Fu (杜甫),754年,秋雨歎三首,古風,Classical Chinese,True,False,,
dufu_chunk_2277,dufu_31678,allusions_context,"Poem: 秋雨歎三首

Literary Allusions and References:
  三齅",52,Du Fu (杜甫),754年,秋雨歎三首,古風,Classical Chinese,,,1.0,
dufu_chunk_2278,dufu_31679,poem_content,"Poem Title: 秋雨歎三首

Poem Text:
闌風長雨秋紛紛，
四海八荒同一雲。
去馬來牛不復辨，
濁涇清渭何當分。
禾頭生耳黍穗黑，
農夫田婦無消息。
城中斗米換衾裯，
相許寧論兩相直。

Creation Date: 754年
Location: CN6101
Poem Type: 古風",153,Du Fu (杜甫),754年,秋雨歎三首,古風,Classical Chinese,True,True,,
dufu_chunk_2279,dufu_31679,allusions_context,"Poem: 秋雨歎三首

Literary Allusions and References:
  不分牛",53,Du Fu (杜甫),754年,秋雨歎三首,古風,Classical Chinese,,,1.0,
dufu_chunk_2280,dufu_31679,annotations_context,"Poem: 秋雨歎三首

Scholarly Annotations:
  一作蘭
  去聲，一作伏，一作仗
  一作東風細雨
  一作萬里
  一作木
  一作父
  一作抱",88,Du Fu (杜甫),754年,秋雨歎三首,古風,Classical Chinese,,,,7.0
dufu_chunk_2281,dufu_31680,poem_content,"Poem Title: 秋雨歎三首

Poem Text:
長安布衣誰比數，
反鏁衡門守環堵。
老夫不出長蓬蒿，
穉子無憂走風雨。
雨聲颼颼催早寒，
胡雁翅濕高飛難。
秋來未曾見白日，
埿污后土何時乾。

Creation Date: 754年
Location: CN6101
Poem Type: 古風",153,Du Fu (杜甫),754年,秋雨歎三首,古風,Classical Chinese,False,True,,
dufu_chunk_2282,dufu_31680,annotations_context,"Poem: 秋雨歎三首

Scholarly Annotations:
  一作奏
  一作厚",47,Du Fu (杜甫),754年,秋雨歎三首,古風,Classical Chinese,,,,2.0
dufu_chunk_2283,dufu_31473,poem_content,"Poem Title: 歎庭前甘菊花

Poem Text:
檐前甘菊移時晚，
青蘂重陽不堪摘。
明日蕭條醉盡醒，
殘花爛熳開何益。
籬邊野外多衆芳，
采擷細瑣升中堂。
念茲空長大枝葉，
結根失所纏風霜。

Creation Date: 754年
Location: CN6101
Poem Type: 古風",154,Du Fu (杜甫),754年,歎庭前甘菊花,古風,Classical Chinese,False,True,,
dufu_chunk_2284,dufu_31473,annotations_context,"Poem: 歎庭前甘菊花

Scholarly Annotations:
  一作階，一作庭
  一作盡醉
  一作埋",59,Du Fu (杜甫),754年,歎庭前甘菊花,古風,Classical Chinese,,,,3.0
dufu_chunk_2285,dufu_31835,poem_content,"Poem Title: 醉時歌

Poem Text:
諸公衮衮登臺省，
廣文先生官獨冷。
甲第紛紛厭粱肉，
廣文先生飯不足。
先生有道出羲皇，
先生有才過屈宋。
德尊一代常轗軻，
名垂萬古知何用。
杜陵野客人更嗤，
被褐短窄鬢如絲。
日糴太倉五升米，
時赴鄭老同襟期。
得錢即相覓，
沽酒不復疑。
忘形到爾汝，
痛飲真吾師。
清夜沈沈動春酌，
燈前細雨檐花落。
但覺高歌有鬼神，
焉知餓死填溝壑。
相如逸才親滌器，
子雲識字終投閣。
先生早賦歸去來，
石田茅屋荒蒼苔。
儒術於我何有哉，
孔丘盜跖俱塵埃。
不須聞此意慘愴，
生前相遇且銜杯。

Creation Date: 754年
Location: CN6101
Poem Type: 古風",323,Du Fu (杜甫),754年,醉時歌,古風,Classical Chinese,True,True,,
dufu_chunk_2286,dufu_31835,allusions_context,"Poem: 醉時歌

Literary Allusions and References:
  賦歸去來
  滌器
  投閣",62,Du Fu (杜甫),754年,醉時歌,古風,Classical Chinese,,,3.0,
dufu_chunk_2287,dufu_31835,annotations_context,"Poem: 醉時歌

Scholarly Annotations:
  原注：贈廣文館博士鄭虔。
  一作華
  一作文，一作所談，一作所該，一作所抱
  一作壈
  一作見
  一作穴
  一作泰
  一作衾
  一作直
  一作檐

... and 2 more annotations",145,Du Fu (杜甫),754年,醉時歌,古風,Classical Chinese,,,,12.0
dufu_chunk_2288,dufu_31836,poem_content,"Poem Title: 醉歌行

Poem Text:
陸機二十作文賦，
汝更小年能綴文。
總角草書又神速，
世上兒子徒紛紛。
驊騮作駒已汗血，
鷙鳥舉翮連青雲。
詞源倒流三峽水，
筆陣獨埽千人軍。
只今年纔十六七，
射策君門期第一。
舊穿楊葉真自知，
暫蹶霜蹄未爲失。
偶然擢秀非難取，
會是排風有毛質。
汝身已見唾成珠，
汝伯何由髮如漆。
春光澹沲秦東亭，
渚蒲牙白水荇青。
風吹客衣日杲杲，
樹攪離思花冥冥。
酒盡沙頭雙玉缾，
衆賓皆醉我獨醒。
乃知貧賤別更苦，
吞聲躑躅涕淚零。

Creation Date: 755年
Location: CN6101
Poem Type: 古風",295,Du Fu (杜甫),755年,醉歌行,古風,Classical Chinese,True,True,,
dufu_chunk_2289,dufu_31836,allusions_context,"Poem: 醉歌行

Literary Allusions and References:
  穿楊葉
  獨醒
  驊騮
  陸機作文賦",69,Du Fu (杜甫),755年,醉歌行,古風,Classical Chinese,,,4.0,
dufu_chunk_2290,dufu_31836,annotations_context,"Poem: 醉歌行

Scholarly Annotations:
  原注：別從姪勤落第歸，勤一作勸。
  一作賦
  一作傾
  一作生
  一作即
  一作潭
  一作已",88,Du Fu (杜甫),755年,醉歌行,古風,Classical Chinese,,,,7.0
dufu_chunk_2291,dufu_31841,poem_content,"Poem Title: 贈衛八處士

Poem Text:
人生不相見，
動如參與商。
今夕復何夕，
共此燈燭光。
少壯能幾時，
鬢髮各已蒼。
訪舊半爲鬼，
驚呼熱中腸。
焉知二十載，
重上君子堂。
昔別君未婚，
兒女忽成行。
怡然敬父執，
問我來何方。
問荅乃未已，
兒女羅酒漿。
夜雨剪春韭，
新炊間黃粱。
主稱會面難，
一舉累十觴。
十觴亦不醉，
感子故意長。
明日隔山岳，
世事兩茫茫。

Creation Date: 759年
Location: CN610521
Poem Type: 古風",251,Du Fu (杜甫),759年,贈衛八處士,古風,Classical Chinese,True,True,,
dufu_chunk_2292,dufu_31841,allusions_context,"Poem: 贈衛八處士

Literary Allusions and References:
  三星曙",53,Du Fu (杜甫),759年,贈衛八處士,古風,Classical Chinese,,,1.0,
dufu_chunk_2293,dufu_31841,annotations_context,"Poem: 贈衛八處士

Scholarly Annotations:
  一作此
  一作宿此燈
  一作問
  一作鳴
  一作未及已
  一作驅兒
  一作晨
  一作聞
  一作蒙
  一作百

... and 1 more annotations",128,Du Fu (杜甫),759年,贈衛八處士,古風,Classical Chinese,,,,11.0
dufu_chunk_2294,dufu_31618,poem_content,"Poem Title: 苦雨奉寄隴西公兼呈王徵士

Poem Text:
今秋乃淫雨，
仲月來寒風。
羣木水光下，
萬象雲氣中。
所思礙行潦，
九里信不通。
悄悄素滻路，
迢迢天漢東。
願騰六尺馬，
背若孤征鴻。
劃見公子面，
超然歡笑同。
奮飛既胡越，
局促傷樊籠。
一飯四五起，
憑軒心力窮。
嘉蔬沒混濁，
時菊碎榛叢。
鷹隼亦屈猛，
烏鳶何所蒙。
式瞻北鄰居，
取適南巷翁。
挂席釣川漲，
焉知清興終。

Creation Date: 754年
Location: CN6101
Poem Type: 古風",256,Du Fu (杜甫),754年,苦雨奉寄隴西公兼呈王徵士,古風,Classical Chinese,False,True,,
dufu_chunk_2295,dufu_31618,annotations_context,"Poem: 苦雨奉寄隴西公兼呈王徵士

Scholarly Annotations:
  原注：隴西公即漢中王瑀，徵士琅邪王澈。
  一作家
  一作駒
  一作君",82,Du Fu (杜甫),754年,苦雨奉寄隴西公兼呈王徵士,古風,Classical Chinese,,,,4.0
dufu_chunk_2296,dufu_31499,poem_content,"Poem Title: 同諸公登慈恩寺塔

Poem Text:
高標跨蒼天，
烈風無時休。
自非曠士懷，
登茲翻百憂。
方知象教力，
足可追冥搜。
仰穿龍蛇窟，
始出枝撐幽。
七星在北戶，
河漢聲西流。
羲和鞭白日，
少昊行清秋。
秦山忽破碎，
涇渭不可求。
俯視但一氣，
焉能辨皇州。
回首叫虞舜，
蒼梧雲正愁。
惜哉瑤池飲，
日宴崑崙丘。
黃鵠去不息，
哀鳴何所投。
君看隨陽雁，
各有稻粱謀。

Creation Date: 752年
Location: CN6101
Poem Type: 古風",252,Du Fu (杜甫),752年,同諸公登慈恩寺塔,古風,Classical Chinese,True,True,,
dufu_chunk_2297,dufu_31499,allusions_context,"Poem: 同諸公登慈恩寺塔

Literary Allusions and References:
  瑤池",55,Du Fu (杜甫),752年,同諸公登慈恩寺塔,古風,Classical Chinese,,,1.0,
dufu_chunk_2298,dufu_31499,annotations_context,"Poem: 同諸公登慈恩寺塔

Scholarly Annotations:
  原注：時高適，薛據先有此作。按寺乃高宗在東宮時爲文德皇后立，故名慈恩。
  一作穹
  一作壯
  一作立
  一作驚
  一作戶北
  一作泰
  一作燕",119,Du Fu (杜甫),752年,同諸公登慈恩寺塔,古風,Classical Chinese,,,,8.0
dufu_chunk_2299,dufu_31492,poem_content,"Poem Title: 示從孫濟

Poem Text:
平明跨驢出，
未知適誰門。
權門多噂𠴲，
且復尋諸孫。
諸孫貧無事，
宅舍如荒村。
堂前自生竹，
堂後自生萱。
萱草秋已死，
竹枝霜不蕃。
淘米少汲水，
汲多井水渾。
刈葵莫放手，
放手傷葵根。
阿翁嬾惰久，
覺兒行步奔。
所來爲宗族，
亦不爲盤飧。
小人利口實，
薄俗難可論。
勿受外嫌猜，
同姓古所敦。

Creation Date: 754年
Location: CN6101
Poem Type: 古風",234,Du Fu (杜甫),754年,示從孫濟,古風,Classical Chinese,False,True,,
dufu_chunk_2300,dufu_31492,annotations_context,"Poem: 示從孫濟

Scholarly Annotations:
  濟字應物，官給事中、京兆尹。
  一作委
  一作飜，一作繁
  一作求
  一作實利口
  一作具",87,Du Fu (杜甫),754年,示從孫濟,古風,Classical Chinese,,,,6.0
dufu_chunk_2301,dufu_31401,poem_content,"Poem Title: 九日寄岑參

Poem Text:
出門復入門，
兩脚但如舊。
所向泥活活，
思君令人瘦。
沈吟坐西軒，
飲食錯昏晝。
寸步曲江頭，
難爲一相就。
吁嗟呼蒼生，
稼穡不可救。
安得誅雲師，
疇能補天漏。
大明韜日月，
曠野號禽獸。
君子強逶迤，
小人困馳驟。
維南有崇山，
恐與川浸溜。
是節東籬菊，
紛披爲誰秀。
岑生多新詩，
性亦嗜醇酎。
采采黃金花，
何由滿衣袖。

Creation Date: 754年
Location: CN6101
Poem Type: 古風",249,Du Fu (杜甫),754年,九日寄岑參,古風,Classical Chinese,True,True,,
dufu_chunk_2302,dufu_31401,allusions_context,"Poem: 九日寄岑參

Literary Allusions and References:
  補天
  雲師",57,Du Fu (杜甫),754年,九日寄岑參,古風,Classical Chinese,,,2.0,
dufu_chunk_2303,dufu_31401,annotations_context,"Poem: 九日寄岑參

Scholarly Annotations:
  參，南陽人。
  一作雨
  一作仍
  一作浩浩
  一作秋
  一作吟臥軒窗下
  一作飯
  一作乎
  一作漭
  一作時

... and 2 more annotations",131,Du Fu (杜甫),754年,九日寄岑參,古風,Classical Chinese,,,,12.0
dufu_chunk_2304,dufu_31689,poem_content,"Poem Title: 送孔巢父謝病歸遊江東兼呈李白

Poem Text:
巢父掉頭不肯住，
東將入海隨煙霧。
詩卷長留天地間，
釣竿欲拂珊瑚樹。
深山大澤龍蛇遠，
春寒野陰風景暮。
蓬萊織女回雲車，
指點虛無是征路。
自是君身有仙骨，
世人那得知其故。
惜君只欲苦死留，
富貴何如草頭露。
蔡侯靜者意有餘，
清夜置酒臨前除。
罷琴惆悵月照席，
幾歲寄我空中書。
南尋禹穴見李白，
道甫問信今何如。

Creation Date: 746年
Location: CN6101
Poem Type: 古風",252,Du Fu (杜甫),746年,送孔巢父謝病歸遊江東兼呈李白,古風,Classical Chinese,True,True,,
dufu_chunk_2305,dufu_31689,allusions_context,"Poem: 送孔巢父謝病歸遊江東兼呈李白

Literary Allusions and References:
  蓬萊
  大澤龍蛇
  空中書
  禹穴
  雲車",84,Du Fu (杜甫),746年,送孔巢父謝病歸遊江東兼呈李白,古風,Classical Chinese,,,5.0,
dufu_chunk_2306,dufu_31689,annotations_context,"Poem: 送孔巢父謝病歸遊江東兼呈李白

Scholarly Annotations:
  巢父字弱翁，冀州人，與李白等隱徂徠，號竹溪六逸。
  一作三珠
  一作花繁草青春日暮
  一作仙人玉
  一作引歸
  一作我欲苦留君富貴，何如草頭易晞露
  一作點
  一本云：“巢父掉頭不肯住，東將入海隨煙霧。書卷長攜天地間，釣竿欲拂珊瑚樹。我擬把袂苦留君，富貴何如草頭露。深山大澤龍蛇遠，花繁草青風景暮。仙人玉女回雲車，指點虛無引歸路。若逢李白騎鯨魚，道甫問信今何如。”",236,Du Fu (杜甫),746年,送孔巢父謝病歸遊江東兼呈李白,古風,Classical Chinese,,,,8.0
dufu_chunk_2307,dufu_31592,poem_content,"Poem Title: 飲中八仙歌

Poem Text:
知章騎馬似乘船，
眼花落井水底眠。
汝陽三斗始朝天。
道逢麴車口流涎，
恨不移封向酒泉。
左相日興費萬錢。
飲如長鯨吸百川，
銜杯樂聖稱世賢。
宗之瀟灑美少年。
舉觴白眼望青天，
皎如玉樹臨風前。
蘇晉長齋繡佛前，
醉中往往愛逃禪。
李白一斗詩百篇，
長安市上酒家眠。
天子呼來不上船，
自稱臣是酒中仙。
張旭三杯草聖傳。
脫帽露頂王公前，
揮毫落紙如雲煙。
焦遂五斗方卓然，
高談雄辨驚四筵。

Creation Date: 746年
Location: CN6101
Poem Type: 古風",279,Du Fu (杜甫),746年,飲中八仙歌,古風,Classical Chinese,True,True,,
dufu_chunk_2308,dufu_31592,allusions_context,"Poem: 飲中八仙歌

Literary Allusions and References:
  白眼
  何公箸
  倚玉
  移封酒泉",70,Du Fu (杜甫),746年,飲中八仙歌,古風,Classical Chinese,,,4.0,
dufu_chunk_2309,dufu_31592,annotations_context,"Poem: 飲中八仙歌

Scholarly Annotations:
  賀知章，會稽人，自稱祕書外監
  讓皇帝長子璡，封汝陽王
  一作見
  李適之，天寶元年爲左丞相
  一作避
  崔宗之，日用之子，襲封齊國公
  晉，珦之子，官至左庶子
  旭善草書
  甘澤謠，布衣焦遂，爲陶峴客",147,Du Fu (杜甫),746年,飲中八仙歌,古風,Classical Chinese,,,,9.0
dufu_chunk_2310,dufu_31522,poem_content,"Poem Title: 曲江三章章五句

Poem Text:
曲江蕭條秋氣高，
菱荷枯折隨風濤。
遊子空嗟垂二毛，
白石素沙亦相蕩，
哀鴻獨叫求其曹。

Creation Date: 752年
Location: CN6101
Poem Type: 古風",128,Du Fu (杜甫),752年,曲江三章章五句,古風,Classical Chinese,False,True,,
dufu_chunk_2311,dufu_31522,annotations_context,"Poem: 曲江三章章五句

Scholarly Annotations:
  曲江在杜陵西北五里。開元中，開鑿爲勝境，南有紫雲樓、芙蓉苑，西有杏園、慈恩，都人遊賞，盛於中和，上巳。",91,Du Fu (杜甫),752年,曲江三章章五句,古風,Classical Chinese,,,,1.0
dufu_chunk_2312,dufu_31523,poem_content,"Poem Title: 曲江三章章五句

Poem Text:
即事非今亦非古，
長歌激越梢林莽。
比屋豪華固難數，
吾人甘作心似灰，
弟姪何傷淚如雨。

Creation Date: 752年
Location: CN6101
Poem Type: 古風",128,Du Fu (杜甫),752年,曲江三章章五句,古風,Classical Chinese,False,True,,
dufu_chunk_2313,dufu_31523,annotations_context,"Poem: 曲江三章章五句

Scholarly Annotations:
  曲江在杜陵西北五里。開元中，開鑿爲勝境，南有紫雲樓、芙蓉苑，西有杏園、慈恩，都人遊賞，盛於中和，上巳。",91,Du Fu (杜甫),752年,曲江三章章五句,古風,Classical Chinese,,,,1.0
dufu_chunk_2314,dufu_31524,poem_content,"Poem Title: 曲江三章章五句

Poem Text:
自斷此生休問天，
杜曲幸有桑麻田。
故將移住南山邊，
短衣匹馬隨李廣，
看射猛虎終殘年。

Creation Date: 752年
Location: CN6101
Poem Type: 古風",128,Du Fu (杜甫),752年,曲江三章章五句,古風,Classical Chinese,False,True,,
dufu_chunk_2315,dufu_31524,annotations_context,"Poem: 曲江三章章五句

Scholarly Annotations:
  曲江在杜陵西北五里。開元中，開鑿爲勝境，南有紫雲樓、芙蓉苑，西有杏園、慈恩，都人遊賞，盛於中和，上巳。",91,Du Fu (杜甫),752年,曲江三章章五句,古風,Classical Chinese,,,,1.0
dufu_chunk_2316,dufu_31458,poem_content,"Poem Title: 樂遊園歌

Poem Text:
樂游古園崒森爽，
煙緜碧草萋萋長。
公子華筵勢最高，
秦川對酒平如掌。
長生木瓢示真率，
更調鞍馬狂歡賞。
青春波浪芙蓉園，
白日雷霆夾城仗。
閶闔晴開昳蕩蕩，
曲江翠幕排銀牓。
拂水低徊舞袖飜，
緣雲清切歌聲上。
却憶年年人醉時，
只今未醉已先悲。
數莖白髮那拋得，
百罰深杯亦不辭。
聖朝亦知賤士醜，
一物自荷皇天慈。
此身飲罷無歸處，
獨立蒼茫自詠詩。

Creation Date: 751年
Location: CN6101
Poem Type: 古風",260,Du Fu (杜甫),751年,樂遊園歌,古風,Classical Chinese,False,True,,
dufu_chunk_2317,dufu_31458,annotations_context,"Poem: 樂遊園歌

Scholarly Annotations:
  原注：晦日，賀蘭楊長史筵醉中作。《英華》作《晦日賀蘭楊長史筵醉歌》，漢神爵中起樂遊苑，在萬年縣南，亦名樂遊原。唐長安中，太平公主置亭原上，每正月晦日、三月三日、九月九日，士女畢集。
  一作萃
  水出秦嶺下，一名樊川
  一作樂
  一作雄
  一作甲
  音迭，一作詄，一作昳
  一作刻
  一作辭
  一作已

... and 3 more annotations",223,Du Fu (杜甫),751年,樂遊園歌,古風,Classical Chinese,,,,13.0
dufu_chunk_2318,dufu_31783,poem_content,"Poem Title: 渼陂行

Poem Text:
岑參兄弟皆好奇，
攜我遠來游渼陂。
天地黤慘忽異色，
波濤萬頃堆琉璃。
琉璃汗漫泛舟入，
事殊興極憂思集。
鼉作鯨吞不復知，
惡風白浪何嗟及。
主人錦帆相爲開，
舟子喜甚無氛埃。
鳧鷖散亂櫂謳發，
絲管啁啾空翠來。
沈竿續蔓深莫測，
菱葉荷花靜如拭。
宛在中流渤澥清，
下歸無極終南黑。
半陂已南純浸山，
動影褭窕沖融間。
船舷暝戛雲際寺，
水面月出藍田關。
此時驪龍亦吐珠，
馮夷擊鼓羣龍趨。
湘妃漢女出歌舞，
金支翠旗光有無。
咫尺但愁雷雨至，
蒼茫不曉神靈意。
少壯幾時奈老何，
向來哀樂何其多。

Creation Date: 754年
Location: CN6101
Poem Type: 古風",331,Du Fu (杜甫),754年,渼陂行,古風,Classical Chinese,True,True,,
dufu_chunk_2319,dufu_31783,allusions_context,"Poem: 渼陂行

Literary Allusions and References:
  湘妃
  驪龍
  馮夷擊鼓
  少壯幾時奈何老",72,Du Fu (杜甫),754年,渼陂行,古風,Classical Chinese,,,4.0,
dufu_chunk_2320,dufu_31783,annotations_context,"Poem: 渼陂行

Scholarly Annotations:
  陂在鄠縣西五里，周一十四里。
  一作縵
  一作芡
  一作淨
  一作臨無地
  雲際山有大安寺
  即秦嶢關，在藍田縣南六十里
  房中歌，金支秀華，樂上衆飾也",119,Du Fu (杜甫),754年,渼陂行,古風,Classical Chinese,,,,8.0
dufu_chunk_2321,dufu_31784,poem_content,"Poem Title: 渼陂西南臺

Poem Text:
高臺面蒼陂，
六月風日冷。
蒹葭離披去，
天水相與永。
懷新目似擊，
接要心已領。
仿像識鮫人，
空蒙辨魚艇。
錯磨終南翠，
顛倒白閣影。
崷崒增光輝，
乘陵惜俄頃。
勞生媿嚴鄭，
外物慕張邴。
世復輕驊騮，
吾甘雜鼃黽。
知歸俗可忽，
取適事莫竝。
身退豈待官，
老來苦便靜。
況資菱芡足，
庶結茅茨迥。
從此具扁舟，
彌年逐清景。

Creation Date: 754年
Location: CN6101
Poem Type: 古風",249,Du Fu (杜甫),754年,渼陂西南臺,古風,Classical Chinese,True,True,,
dufu_chunk_2322,dufu_31784,allusions_context,"Poem: 渼陂西南臺

Literary Allusions and References:
  鮫人
  驊騮
  嚴鄭
  張邴",67,Du Fu (杜甫),754年,渼陂西南臺,古風,Classical Chinese,,,4.0,
dufu_chunk_2323,dufu_31784,annotations_context,"Poem: 渼陂西南臺

Scholarly Annotations:
  紫閣、黃閣、白閣，三峰相去不甚遠
  一作{薔艹=山}
  《西京賦》“巖峻崷崒”
  一作陰
  《風賦》“乘陵高城”
  遵
  撲
  良
  曼容
  一作足

... and 1 more annotations",149,Du Fu (杜甫),754年,渼陂西南臺,古風,Classical Chinese,,,,11.0
dufu_chunk_2324,dufu_31511,poem_content,"Poem Title: 戲簡鄭廣文虔兼呈蘇司業源明

Poem Text:
廣文到官舍，
繫馬堂階下。
醉則騎馬歸，
頗遭官長駡。
才名四十年，
坐客寒無氊。
賴有蘇司業，
時時與酒錢。

Creation Date: 754年
Location: CN6101
Poem Type: 古風",145,Du Fu (杜甫),754年,戲簡鄭廣文虔兼呈蘇司業源明,古風,Classical Chinese,True,True,,
dufu_chunk_2325,dufu_31511,allusions_context,"Poem: 戲簡鄭廣文虔兼呈蘇司業源明

Literary Allusions and References:
  坐無氈",61,Du Fu (杜甫),754年,戲簡鄭廣文虔兼呈蘇司業源明,古風,Classical Chinese,,,1.0,
dufu_chunk_2326,dufu_31511,annotations_context,"Poem: 戲簡鄭廣文虔兼呈蘇司業源明

Scholarly Annotations:
  蘇源明，武功人，爲東平太守，召爲國子司業。
  一作置
  一作即
  一作三
  一作近
  一作乞",97,Du Fu (杜甫),754年,戲簡鄭廣文虔兼呈蘇司業源明,古風,Classical Chinese,,,,6.0
dufu_chunk_2327,dufu_31704,poem_content,"Poem Title: 夏日李公見訪

Poem Text:
遠林暑氣薄，
公子過我遊。
貧居類村塢，
僻近城南樓。
旁舍頗淳樸，
所願亦易求。
隔屋喚西家，
借問有酒不。
牆頭過濁醪，
展席俯長流。
清風左右至，
客意已驚秋。
巢多衆鳥鬬，
葉密鳴蟬稠。
苦道此物聒，
孰謂吾廬幽。
水花晚色靜，
庶足充淹留。
預恐尊中盡，
更起爲君謀。

Creation Date: 754年
Location: CN6101
Poem Type: 古風",222,Du Fu (杜甫),754年,夏日李公見訪,古風,Classical Chinese,False,True,,
dufu_chunk_2328,dufu_31704,annotations_context,"Poem: 夏日李公見訪

Scholarly Annotations:
  一作李家令
  黃鶴云：“按宗室世系，當是李炎，時爲太子家令。”
  一作須
  一作喧
  一作遭
  一作語
  一作淨",101,Du Fu (杜甫),754年,夏日李公見訪,古風,Classical Chinese,,,,7.0
dufu_chunk_2329,dufu_31603,poem_content,"Poem Title: 奉同郭給事湯東靈湫作

Poem Text:
東山氣鴻濛，
宮殿居上頭。
君來必十月，
樹羽臨九州。
陰火煮玉泉，
噴薄漲巖幽。
有時浴赤日，
光抱空中樓。
閬風入轍跡，
曠原延冥搜。
沸天萬乘動，
觀水百丈湫。
幽靈斯可佳，
王命官屬休。
初聞龍用壯，
擘石摧林丘。
中夜窟宅改，
移因風雨秋。
倒懸瑤池影，
屈注蒼江流。
味如甘露漿，
揮弄滑且柔。
翠旗澹偃蹇，
雲車紛少留。
簫鼓蕩四溟，
異香泱漭浮。
鮫人獻微綃，
曾祝沈豪牛。
百祥奔盛明，
古先莫能儔。
坡陀金蝦蟆，
出見蓋有由。
至尊顧之笑，
王母不肯收。
復歸虛無底，
化作長黃虯。
飄飄青瑣郎，
文采珊瑚鉤。
浩歌淥水曲，
清絕聽者愁。

Creation Date: 755年
Location: CN6101
Poem Type: 古風",366,Du Fu (杜甫),755年,奉同郭給事湯東靈湫作,古風,Classical Chinese,True,True,,
dufu_chunk_2330,dufu_31603,allusions_context,"Poem: 奉同郭給事湯東靈湫作

Literary Allusions and References:
  王母
  鮫人
  閬風
  沈豪牛
  曠原
  青瑣郎
  瑤池",89,Du Fu (杜甫),755年,奉同郭給事湯東靈湫作,古風,Classical Chinese,,,7.0,
dufu_chunk_2331,dufu_31603,annotations_context,"Poem: 奉同郭給事湯東靈湫作

Scholarly Annotations:
  驪山溫湯之東有龍湫
  即驪山
  一作濛鴻
  一作廣
  一作野
  一作拂
  一作靈湫
  一作新
  一作怪
  一作滄

... and 8 more annotations",136,Du Fu (杜甫),755年,奉同郭給事湯東靈湫作,古風,Classical Chinese,,,,18.0
dufu_chunk_2332,dufu_31600,poem_content,"Poem Title: 夜聽許十損誦詩愛而有作

Poem Text:
許生五臺賓，
業白出石壁。
余亦師粲可，
身猶縛禪寂。
何階子方便，
謬引爲匹敵。
離索晚相逢，
包蒙欣有擊。
誦詩渾遊衍，
四座皆辟易。
應手看捶鉤，
清心聽鳴鏑。
精微穿溟涬，
飛動摧霹靂。
陶謝不枝梧，
風騷共推激。
紫燕自超詣，
翠駮誰翦剔。
君意人莫知，
人間夜寥闃。

Creation Date: 755年
Location: CN6101
Poem Type: 古風",227,Du Fu (杜甫),755年,夜聽許十損誦詩愛而有作,古風,Classical Chinese,True,True,,
dufu_chunk_2333,dufu_31600,allusions_context,"Poem: 夜聽許十損誦詩愛而有作

Literary Allusions and References:
  捶鉤
  擊蒙
  紫燕",68,Du Fu (杜甫),755年,夜聽許十損誦詩愛而有作,古風,Classical Chinese,,,3.0,
dufu_chunk_2334,dufu_31600,annotations_context,"Poem: 夜聽許十損誦詩愛而有作

Scholarly Annotations:
  一作許十一，一作許十，無損字
  山在代州五臺縣
  寶積經有純白業、五戒、十善、四禪、四定，皆屬善名
  達摩傳慧可，慧可傳粲
  《易》：“九二，包蒙；上九，擊蒙。”
  一作混
  一作俱
  音幸
  一作鸞
  中曲之山，有獸如馬，爪牙如虎，一角，能食豹，名曰駮",180,Du Fu (杜甫),755年,夜聽許十損誦詩愛而有作,古風,Classical Chinese,,,,10.0
dufu_chunk_2335,dufu_31712,poem_content,"Poem Title: 橋陵詩三十韻因呈縣內諸官

Poem Text:
先帝昔晏駕，
茲山朝百靈。
崇岡擁象設，
沃野開天庭。
即事壯重險，
論功超五丁。
坡陀因厚地，
却略羅峻屏。
雲闕虛冉冉，
風松肅泠泠。
石門霜露白，
玉殿莓苔青。
宮女晚知曙，
祠官朝見星。
空梁簇畫戟，
陰井敲銅缾。
中使日夜繼，
惟王心不寧。
豈徒卹備享，
尚謂求無形。
孝理敦國政，
神凝推道經。
瑞芝產廟柱，
好鳥鳴巖扃。
高岳前嵂崒，
洪河左瀅濙。
金城蓄峻址，
沙苑交回汀。
永與奧區固，
川原紛眇冥。
居然赤縣立，
臺榭爭岧亭。
官屬果稱是，
聲華真可聽。
王劉美竹潤，
裴李春蘭馨。
鄭氏才振古，
啖侯筆不停。
遣辭必中律，
利物常發硎。
綺繡相展轉，
琳瑯愈青熒。
側聞魯恭化，
秉德崔瑗銘。
太史候鳧影，
王喬隨鶴翎。
朝儀限霄漢，
客思回林坰。
轗軻辭下杜，
飄颻陵濁涇。
諸生舊短褐，
旅泛一浮萍。
荒歲兒女瘦，
暮途涕泗零。
主人念老馬，
廨署容秋螢。
流寓理豈愜，
窮愁醉未醒。
何當擺俗累，
浩蕩乘滄溟。

Creation Date: 754年
Location: CN610526
Poem Type: 古風",510,Du Fu (杜甫),754年,橋陵詩三十韻因呈縣內諸官,古風,Classical Chinese,True,True,,
dufu_chunk_2336,dufu_31712,allusions_context,"Poem: 橋陵詩三十韻因呈縣內諸官

Literary Allusions and References:
  王喬
  子玉
  五丁
  念老馬
  魯恭化
  美竹
  王心不寧",93,Du Fu (杜甫),754年,橋陵詩三十韻因呈縣內諸官,古風,Classical Chinese,,,7.0,
dufu_chunk_2337,dufu_31712,annotations_context,"Poem: 橋陵詩三十韻因呈縣內諸官

Scholarly Annotations:
  睿宗葬橋陵，改蒲城爲奉先，官如赤縣。
  一作用
  一作力
  一作霧
  一作曉
  一作臣
  一作相
  一作日繼夜
  一作巢，一作宿
  錢謙益注，謂：“瀅”《玉篇》同“滎”，胡坰、烏迥二切，無營音。“濙”字，《玉篇》、《韻略》俱無，毛氏據此詩增，恐非，當作“瀠”。按《類篇》，“濙”，玄扃切，濎濙，小水貌

... and 5 more annotations",232,Du Fu (杜甫),754年,橋陵詩三十韻因呈縣內諸官,古風,Classical Chinese,,,,15.0
dufu_chunk_2338,dufu_31575,poem_content,"Poem Title: 沙苑行

Poem Text:
君不見左輔白沙如白水，
繚以周牆百餘里。
龍媒昔是渥洼生，
汗血今稱獻於此。
苑中騋牝三千匹，
豐草青青寒不死。
食之豪健西域無，
每歲攻駒冠邊鄙。
王有虎臣司苑門，
入門天廄皆雲屯。
驌骦一骨獨當御，
春秋二時歸至尊。
至尊內外馬盈億，
伏櫪在坰空大存。
逸羣絕足信殊傑，
倜儻權奇難具論。
纍纍塠阜藏奔突，
往往坡陀縱超越。
角壯飜同麋鹿遊，
浮身簸蕩黿鼉窟。
泉出巨魚長比人，
丹砂作尾黃金鱗。
豈知異物同精氣，
雖未成龍亦有神。

Creation Date: 754年
Location: CN6101
Poem Type: 古風",298,Du Fu (杜甫),754年,沙苑行,古風,Classical Chinese,True,True,,
dufu_chunk_2339,dufu_31575,allusions_context,"Poem: 沙苑行

Literary Allusions and References:
  渥洼種",51,Du Fu (杜甫),754年,沙苑行,古風,Classical Chinese,,,1.0,
dufu_chunk_2340,dufu_31575,annotations_context,"Poem: 沙苑行

Scholarly Annotations:
  沙苑在馮翊縣南，東西八十里，南北三十里。其地宜畜牧，唐置沙苑監，掌牛馬諸牧。
  一作白如水
  音字
  一作騰西域
  一作收，一作牧
  一作朝
  一作內外馬數將盈億
  一作騰
  一作海",135,Du Fu (杜甫),754年,沙苑行,古風,Classical Chinese,,,,9.0
dufu_chunk_2341,dufu_31833,poem_content,"Poem Title: 驄馬行

Poem Text:
鄧公馬癖人共知，
初得花驄大宛種。
夙昔傳聞思一見，
牽來左右神皆竦。
雄姿逸態何崷崪，
顧影驕嘶自矜寵。
隅目青熒夾鏡懸，
肉駿碨礧連錢動。
朝來久試華軒下，
未覺千金滿高價。
赤汗微生白雪毛，
銀鞍却覆香羅帕。
卿家舊賜公取之，
天廄真龍此其亞。
晝洗須騰涇渭深，
朝趨可刷幽幷夜。
吾聞良驥老始成，
此馬數年人更驚。
豈有四蹄疾於鳥，
不與八駿俱先鳴。
時俗造次那得致，
雲霧晦冥方降精。
近聞下詔喧都邑，
肯使騏驎地上行。

Creation Date: 755年
Location: CN6101
Poem Type: 古風",295,Du Fu (杜甫),755年,驄馬行,古風,Classical Chinese,True,True,,
dufu_chunk_2342,dufu_31833,allusions_context,"Poem: 驄馬行

Literary Allusions and References:
  八駿
  高價
  千里價
  馬癖",66,Du Fu (杜甫),755年,驄馬行,古風,Classical Chinese,,,4.0,
dufu_chunk_2343,dufu_31833,annotations_context,"Poem: 驄馬行

Scholarly Annotations:
  原注：太常梁卿敕賜馬也，李鄧公愛而有之，命甫製詩。
  一作騣
  一作少
  一作有
  一作能取
  一作夕，一作晨
  一作知有",103,Du Fu (杜甫),755年,驄馬行,古風,Classical Chinese,,,,7.0
dufu_chunk_2344,dufu_31465,poem_content,"Poem Title: 去矣行

Poem Text:
君不見韝上鷹，
一飽則飛掣。
焉能作堂上燕，
銜泥附炎熱。
野人曠蕩無靦顏，
豈可久在王侯間。
未試囊中餐玉法，
明朝且入藍田山。

Creation Date: 755年
Location: CN6101
Poem Type: 古風",145,Du Fu (杜甫),755年,去矣行,古風,Classical Chinese,False,True,,
dufu_chunk_2345,dufu_31465,annotations_context,"Poem: 去矣行

Scholarly Annotations:
  鮑欽止曰：“天寶十四載，甫在率府，數上賦頌，不蒙采錄。欲辭職去，作《去矣行》。”
  後魏李預椎玉七十枚爲屑，日服食之。藍田山出美玉",102,Du Fu (杜甫),755年,去矣行,古風,Classical Chinese,,,,2.0
dufu_chunk_2346,dufu_31535,poem_content,"Poem Title: 自京赴奉先縣詠懷五百字

Poem Text:
杜陵有布衣，
老大意轉拙。
許身一何愚，
竊比稷與契。
居然成濩落，
白首甘契闊。
蓋棺事則已，
此志常覬豁。
窮年憂黎元，
歎息腸內熱。
取笑同學翁，
浩歌彌激烈。
非無江海志，
蕭灑送日月。
生逢堯舜君，
不忍便永訣。
當今廊廟具，
構廈豈云缺。
葵藿傾太陽，
物性固莫奪。
顧惟螻蟻輩，
但自求其穴。
胡爲慕大鯨，
輒擬偃溟渤。
以茲悟生理，
獨恥事干謁。
兀兀遂至今，
忍爲塵埃沒。
終媿巢與由，
未能易其節。
沈飲聊自適，
放歌頗愁絕。
歲暮百草零，
疾風高岡裂。
天衢陰崢嶸，
客子中夜發。
霜嚴衣帶斷，
指直不得結。
凌晨過驪山，
御榻在嵽嵲。
蚩尤塞寒空，
蹴蹋崖谷滑。
瑤池氣鬱律，
羽林相摩戛。
君臣留歡娛，
樂動殷樛嶱。
賜浴皆長纓，
與宴非短褐。
彤庭所分帛，
本自寒女出。
鞭撻其夫家，
聚斂貢城闕。
聖人筐篚恩，
實欲邦國活。
臣如忽至理，
君豈棄此物。
多士盈朝廷，
仁者宜戰慄。
況聞內金盤，
盡在衛霍室。
中堂舞神仙，
煙霧散玉質。
煖客貂鼠裘，
悲管逐清瑟。
勸客駝蹄羹，
霜橙壓香橘。
朱門酒肉臭，
路有凍死骨。
榮枯咫尺異，
惆悵難再述。
北轅就涇渭，
官渡又改轍。
羣冰從西下，
極目高崪兀。
疑是崆峒來，
恐觸天柱折。
河梁幸未坼，
枝撐聲窸窣。
行旅相攀援，
川廣不可越。
老妻寄異縣，
十口隔風雪。
誰能久不顧，
庶往共飢渴。
入門聞號咷，
幼子飢已卒。
吾寧舍一哀，
里巷亦嗚咽。
所媿爲人父，
無食致夭折。
豈知秋未登，
貧窶有倉卒。
生常免租稅，
名不隸征伐。
撫迹猶酸辛，
平人固騷屑。
默思失業徒，
因念遠戍卒。
憂端齊終南，
澒洞不可掇。

Creation Date: 755年
Location: CN610526
Poem Type: 古風",789,Du Fu (杜甫),755年,自京赴奉先縣詠懷五百字,古風,Classical Chinese,True,True,,
dufu_chunk_2347,dufu_31535,allusions_context,"Poem: 自京赴奉先縣詠懷五百字

Literary Allusions and References:
  上流飲牛人
  蚩尤
  逢堯舜
  稷契
  葵藿
  天柱
  衛霍
  瑤池",97,Du Fu (杜甫),755年,自京赴奉先縣詠懷五百字,古風,Classical Chinese,,,8.0,
dufu_chunk_2348,dufu_31535,annotations_context,"Poem: 自京赴奉先縣詠懷五百字

Scholarly Annotations:
  原注：天寶十四載十一月初作。
  一作過
  一作苦
  一作挈
  一作腹
  一作迭
  一作爲
  一作難
  一作誤
  一作遣

... and 18 more annotations",141,Du Fu (杜甫),755年,自京赴奉先縣詠懷五百字,古風,Classical Chinese,,,,28.0
dufu_chunk_2349,dufu_31602,poem_content,"Poem Title: 奉先劉少府新畫山水障歌

Poem Text:
堂上不合生楓樹，
怪底江山起煙霧。
聞君埽却赤縣圖，
乘興譴畫滄洲趣。
畫師亦無數，
好手不可遇。
對此融心神，
知君重毫素。
豈但祁岳與鄭虔，
筆迹遠過楊契丹。
得非懸圃裂，
無乃瀟湘飜。
悄然坐我天姥下，
耳邊已似聞清猨。
反思前夜風雨急，
乃是蒲城鬼神入。
元氣淋漓障猶濕，
真宰上訴天應泣。
野亭春還雜花遠，
漁翁暝蹋孤舟立。
滄浪水深青溟闊，
攲岸側島秋毫末。
不見湘妃鼓瑟時，
至今斑竹臨江活。
劉侯天機精，
愛畫入骨髓。
自有兩兒郎，
揮灑亦莫比。
大兒聰明到，
能添老樹巔崖裏。
小兒心孔開，
貌得山僧及童子。
若耶溪，
雲門寺。
吾獨胡爲在泥滓，
青鞵布韤從此始。

Creation Date: 754年
Location: CN610526
Poem Type: 古風",381,Du Fu (杜甫),754年,奉先劉少府新畫山水障歌,古風,Classical Chinese,False,True,,
dufu_chunk_2350,dufu_31602,annotations_context,"Poem: 奉先劉少府新畫山水障歌

Scholarly Annotations:
  《英華》題作《新畫山水障歌奉先尉劉單宅作》。
  一作山川
  《畫錄》有名無迹者二十五人，祁岳在李國恒之上，一云乃祁樂之誤，岑參有送祁樂詩
  隋參軍楊契丹，山東人，六法兼修
  一作坼
  一作恐
  一作滿
  一作滄浪之水深且闊
  一作峰
  一作岸

... and 2 more annotations",202,Du Fu (杜甫),754年,奉先劉少府新畫山水障歌,古風,Classical Chinese,,,,12.0
dufu_chunk_2351,dufu_31479,poem_content,"Poem Title: 白水縣崔少府十九翁高齋三十韻

Poem Text:
客從南縣來，
浩蕩無與適。
旅食白日長，
況當朱炎赫。
高齋坐林杪，
信宿游衍闃。
清晨陪躋攀，
傲睨俯峭壁。
崇岡相枕帶，
曠野懷咫尺。
始知賢主人，
贈此遣愁寂。
危階根青冥，
曾冰生淅瀝。
上有無心雲，
下有欲落石。
泉聲聞復急，
動靜隨所擊。
鳥呼藏其身，
有似懼彈射。
吏隱道性情，
茲焉其窟宅。
白水見舅氏，
諸翁乃仙伯。
杖藜長松陰，
作尉窮谷僻。
爲我炊雕胡，
逍遙展良覿。
坐久風頗愁，
晚來山更碧。
相對十丈蛟，
歘翻盤渦坼。
何得空裏雷，
殷殷尋地脈。
煙氛藹崷崪，
魍魎森慘戚。
崑崙崆峒顛，
回首如不隔。
前軒頹反照，
巉絕華岳赤。
兵氣漲林巒，
川光雜鋒鏑。
知是相公軍，
鐵馬雲霧積。
玉觴淡無味，
胡羯豈強敵。
長歌激屋梁，
淚下流衽席。
人生半哀樂，
天地有順逆。
慨彼萬國夫，
休明備征狄。
猛將紛填委，
廟謀蓄長策。
東郊何時開，
帶甲且來釋。
欲告清宴罷，
難拒幽明迫。
三歎酒食旁，
何由似平昔。

Creation Date: 756年
Location: CN610527
Poem Type: 古風",512,Du Fu (杜甫),756年,白水縣崔少府十九翁高齋三十韻,古風,Classical Chinese,True,True,,
dufu_chunk_2352,dufu_31479,allusions_context,"Poem: 白水縣崔少府十九翁高齋三十韻

Literary Allusions and References:
  長歌激樑
  仙伯",68,Du Fu (杜甫),756年,白水縣崔少府十九翁高齋三十韻,古風,Classical Chinese,,,2.0,
dufu_chunk_2353,dufu_31479,annotations_context,"Poem: 白水縣崔少府十九翁高齋三十韻

Scholarly Annotations:
  即奉先
  原注：天寶十五載五月作。
  一作迴，一作迥
  一作息
  一作激
  一作適，一作通，一作識
  一作怒
  一作氣
  一作{牆爿=山}
  一作知

... and 6 more annotations",158,Du Fu (杜甫),756年,白水縣崔少府十九翁高齋三十韻,古風,Classical Chinese,,,,16.0
dufu_chunk_2354,dufu_31418,poem_content,"Poem Title: 三川觀水漲二十韻

Poem Text:
我經華原來，
不復見平陸。
北上唯土山，
連山走窮谷。
火雲無時出，
飛電常在目。
自多窮岫雨，
行潦相豗蹙。
蓊匌川氣黃，
羣流會空曲。
清晨望高浪，
忽謂陰崖踣。
恐泥竄蛟龍，
登危聚麋鹿。
枯查卷拔樹，
礧磈共充塞。
聲吹鬼神下，
勢閱人代速。
不有萬穴歸，
何以尊四瀆。
及觀泉源漲，
反懼江海覆。
漂沙坼岸去，
漱壑松柏禿。
乘陵破山門，
回斡裂地軸。
交洛赴洪河，
及關豈信宿。
應沈數州沒，
如聽萬室哭。
穢濁殊未清，
風濤怒猶蓄。
何時通舟車，
陰氣不黲黷。
浮生有蕩汨，
吾道正羈束。
人寰難容身，
石壁滑側足。
雲雷此不已，
艱險路更跼。
普天無川梁，
欲濟願水縮。
因悲中林士，
未脫衆魚腹。
舉頭向蒼天，
安得騎鴻鵠。

Creation Date: 756年
Location: CN610628
Poem Type: 古風",408,Du Fu (杜甫),756年,三川觀水漲二十韻,古風,Classical Chinese,False,True,,
dufu_chunk_2355,dufu_31418,annotations_context,"Poem: 三川觀水漲二十韻

Scholarly Annotations:
  原注：天寶十五載七月中避寇時作，按三川屬鄜，以華池、黑水、洛水同會得名。
  一作穹
  一作出無時
  一作灰
  音烏
  音閣，又音溘
  音匐
  一作去岸
  一作凌
  一作倒

... and 3 more annotations",163,Du Fu (杜甫),756年,三川觀水漲二十韻,古風,Classical Chinese,,,,13.0
dufu_chunk_2356,dufu_31777,poem_content,"Poem Title: 悲陳陶

Poem Text:
孟冬十郡良家子，
血作陳陶澤中水。
野曠天清無戰聲，
四萬義軍同日死。
羣胡歸來血洗箭，
仍唱胡歌飲都市。
都人回面向北啼，
日夜更望官軍至。

Creation Date: 756年
Location: CN6101
Poem Type: 古風",151,Du Fu (杜甫),756年,悲陳陶,古風,Classical Chinese,False,True,,
dufu_chunk_2357,dufu_31777,annotations_context,"Poem: 悲陳陶

Scholarly Annotations:
  陳濤斜，在咸陽縣，一名陳陶澤。至德元年十月，房琯與安守忠戰，敗績於此。
  一作廣
  一作晴
  一作雪
  一作撚箭
  一作前後官軍苦如此",108,Du Fu (杜甫),756年,悲陳陶,古風,Classical Chinese,,,,6.0
dufu_chunk_2358,dufu_31778,poem_content,"Poem Title: 悲青坂

Poem Text:
我軍青坂在東門，
天寒飲馬太白窟。
黃頭奚兒日向西，
數騎彎弓敢馳突。
山雪河冰野蕭飋，
青是烽煙白人骨。
焉得附書與我軍，
忍待明年莫倉卒。

Creation Date: 756年
Location: CN6101
Poem Type: 古風",151,Du Fu (杜甫),756年,悲青坂,古風,Classical Chinese,False,True,,
dufu_chunk_2359,dufu_31778,annotations_context,"Poem: 悲青坂

Scholarly Annotations:
  一作晚，一作已
  一作颺，一作颯
  一作人",59,Du Fu (杜甫),756年,悲青坂,古風,Classical Chinese,,,,3.0
dufu_chunk_2360,dufu_31653,poem_content,"Poem Title: 哀江頭

Poem Text:
少陵野老吞聲哭，
春日潛行曲江曲。
江頭宮殿鎖千門，
細柳新蒲爲誰綠。
憶昔霓旌下南苑，
苑中萬物生顏色。
昭陽殿裏第一人，
同輦隨君侍君側。
輦前才人帶弓箭，
白馬嚼齧黃金勒。
翻身向天仰射雲，
一箭正墜雙飛翼。
明眸皓齒今何在，
血污遊魂歸不得。
清渭東流劒閣深，
去住彼此無消息。
人生有情淚霑臆，
江水江花豈終極。
黃昏胡騎塵滿城，
欲往城南忘南北。

Creation Date: 757年
Location: CN6101
Poem Type: 古風",259,Du Fu (杜甫),757年,哀江頭,古風,Classical Chinese,False,True,,
dufu_chunk_2361,dufu_31653,annotations_context,"Poem: 哀江頭

Scholarly Annotations:
  漢宣帝葬杜陵，許后葬南園，謂之小陵。後人呼爲少陵，杜甫家焉
  一作詞
  一作噍
  一作空
  一作笑，一作發
  一作草
  一作望城",106,Du Fu (杜甫),757年,哀江頭,古風,Classical Chinese,,,,7.0
dufu_chunk_2362,dufu_31652,poem_content,"Poem Title: 哀王孫

Poem Text:
長安城頭頭白烏，
夜飛延秋門上呼。
又向人家啄大屋，
屋底達官走避胡。
金鞭斷折九馬死，
骨肉不待同馳驅。
腰下寳玦青珊瑚，
可憐王孫泣路隅。
問之不肯道姓名，
但道困苦乞爲奴。
已經百日竄荆棘，
身上無有完肌膚。
高帝子孫盡隆準，
龍種自與常人殊。
豺狼在邑龍在野，
王孫善保千金軀。
不敢長語臨交衢，
且爲王孫立斯須。
昨夜東風吹血腥，
東來橐駝滿舊都。
朔方健兒好身手，
昔何勇銳今何愚。
竊聞天子已傳位，
賢德北服南單于。
花門剺面請雪恥，
慎勿出口他人狙。
哀哉王孫慎勿疎，
五陵佳氣無時無。

Creation Date: 757年
Location: CN6101
Poem Type: 古風",331,Du Fu (杜甫),757年,哀王孫,古風,Classical Chinese,True,True,,
dufu_chunk_2363,dufu_31652,allusions_context,"Poem: 哀王孫

Literary Allusions and References:
  佳氣
  隆準",55,Du Fu (杜甫),757年,哀王孫,古風,Classical Chinese,,,2.0,
dufu_chunk_2364,dufu_31652,annotations_context,"Poem: 哀王孫

Scholarly Annotations:
  《舊書》：“天寶十五載六月九日，潼關不守。十二日，明皇自延秋出幸蜀，親王妃主俱不及從。”
  一作多，一作頸
  一作來
  一作得
  一作高
  音拙
  一作春
  一作駱
  一作太",131,Du Fu (杜甫),757年,哀王孫,古風,Classical Chinese,,,,9.0
dufu_chunk_2365,dufu_31285,poem_content,"Poem Title: 大雲寺贊公房四首

Poem Text:
燈影照無睡，
心清聞妙香。
夜深殿突兀，
風動金鋃鐺。
天黑閉春院，
地清棲暗芳。
玉繩回斷絕，
鐵鳳森翱翔。
梵放時出寺，
鐘殘仍殷牀。
明朝在沃野，
苦見塵沙黃。

Creation Date: 757年
Location: CN6101
Poem Type: 古風",168,Du Fu (杜甫),757年,大雲寺贊公房四首,古風,Classical Chinese,False,True,,
dufu_chunk_2366,dufu_31285,annotations_context,"Poem: 大雲寺贊公房四首

Scholarly Annotations:
  武后幸光明寺，沙門宣政進大雲經，中有女主之符，因改爲大雲經寺。",72,Du Fu (杜甫),757年,大雲寺贊公房四首,古風,Classical Chinese,,,,1.0
dufu_chunk_2367,dufu_31583,poem_content,"Poem Title: 蘇端薛復筵簡薛華醉歌

Poem Text:
文章有神交有道，
端復得之名譽早。
愛客滿堂盡豪翰，
開筵上日思芳草。
安得健步移遠梅，
亂插繁花向晴昊。
千里猶殘舊冰雪，
百壺且試開懷抱。
垂老惡聞戰鼓悲，
急觴爲緩憂心擣。
少年努力縱談笑，
看我形容已枯槁。
坐中薛華善醉歌，
歌辭自作風格老。
近來海內爲長句，
汝與山東李白好。
何劉沈謝力未工，
才兼鮑昭愁絕倒。
諸生頗盡新知樂，
萬事終傷不自保。
氣酣日落西風來，
願吹野水添金杯。
如澠之酒常快意，
亦知窮愁安在哉。
忽憶雨時秋井塌，
古人白骨生青苔，
如何不飲令心哀。

Creation Date: 756年
Location: CN6101
Poem Type: 古風",329,Du Fu (杜甫),756年,蘇端薛復筵簡薛華醉歌,古風,Classical Chinese,True,True,,
dufu_chunk_2368,dufu_31583,allusions_context,"Poem: 蘇端薛復筵簡薛華醉歌

Literary Allusions and References:
  何劉沈謝
  鮑昭",64,Du Fu (杜甫),756年,蘇端薛復筵簡薛華醉歌,古風,Classical Chinese,,,2.0,
dufu_chunk_2369,dufu_31583,annotations_context,"Poem: 蘇端薛復筵簡薛華醉歌

Scholarly Annotations:
  一作傑
  一作月
  一作羽
  一作能
  一作無
  遜
  孝綽
  約
  一作注",89,Du Fu (杜甫),756年,蘇端薛復筵簡薛華醉歌,古風,Classical Chinese,,,,9.0
dufu_chunk_2370,dufu_31758,poem_content,"Poem Title: 晦日尋崔戢李封

Poem Text:
朝光入甕牖，
尸寢驚敝裘。
起行視天宇，
春氣漸和柔。
興來不暇嬾，
今晨梳我頭。
出門無所待，
徒步覺自由。
杖藜復恣意，
免值公與侯。
晚定崔李交，
會心真罕儔。
每過得酒傾，
二宅可淹留。
喜結仁里歡，
況因令節求。
李生園欲荒，
舊竹頗修修。
引客看埽除，
隨時成獻酬。
崔侯初筵色，
已畏空尊愁。
未知天下士，
至性有此不。
草牙既青出，
蜂聲亦暖遊。
思見農器陳，
何當甲兵休。
上古葛天民，
不貽黃屋憂。
至今阮籍等，
熟醉爲身謀。
威鳳高其翔，
長鯨吞九洲。
地軸爲之翻，
百川昔亂流。
當歌欲一放，
淚下恐莫收。
濁醪有妙理，
庶用慰沈浮。

Creation Date: 756年
Location: CN6101
Poem Type: 古風",363,Du Fu (杜甫),756年,晦日尋崔戢李封,古風,Classical Chinese,True,True,,
dufu_chunk_2371,dufu_31758,allusions_context,"Poem: 晦日尋崔戢李封

Literary Allusions and References:
  葛天民
  黃屋
  阮籍
  尸寢
  威鳳",75,Du Fu (杜甫),756年,晦日尋崔戢李封,古風,Classical Chinese,,,5.0,
dufu_chunk_2372,dufu_31758,annotations_context,"Poem: 晦日尋崔戢李封

Scholarly Annotations:
  一作方，一作宴
  一作得興，一作乘興
  一作喫
  一作有
  一作志
  一作氏
  一作綺
  一作自高
  一作與",102,Du Fu (杜甫),756年,晦日尋崔戢李封,古風,Classical Chinese,,,,9.0
dufu_chunk_2373,dufu_31634,poem_content,"Poem Title: 雨過蘇端

Poem Text:
雞鳴風雨交，
久旱雲亦好。
杖藜入春泥，
無食起我早。
諸家憶所歷，
一飯跡便埽。
蘇侯得數過，
歡喜每傾倒。
也復可憐人，
呼兒具梨棗。
濁醪必在眼，
盡醉攄懷抱。
紅稠屋角花，
碧委牆隅草。
親賓縱談謔，
喧鬧畏衰老。
況蒙霈澤垂，
糧粒或自保。
妻孥隔軍壘，
撥棄不擬道。

Creation Date: 757年
Location: CN6101
Poem Type: 古風",220,Du Fu (杜甫),757年,雨過蘇端,古風,Classical Chinese,True,True,,
dufu_chunk_2374,dufu_31634,allusions_context,"Poem: 雨過蘇端

Literary Allusions and References:
  雞鳴",51,Du Fu (杜甫),757年,雨過蘇端,古風,Classical Chinese,,,1.0,
dufu_chunk_2375,dufu_31634,annotations_context,"Poem: 雨過蘇端

Scholarly Annotations:
  原注：端置酒。
  一作雲
  一作雨
  一作飽
  一作更
  一作復也
  一作秀
  一作絕
  一作慰",93,Du Fu (杜甫),757年,雨過蘇端,古風,Classical Chinese,,,,9.0
dufu_chunk_2376,dufu_31774,poem_content,"Poem Title: 喜晴

Poem Text:
皇天久不雨，
既雨晴亦佳。
出郭眺西郊，
肅肅春增華。
青熒陵陂麥，
窈窕桃李花。
春夏各有實，
我飢豈無涯。
干戈雖橫放，
慘澹鬬龍蛇。
甘澤不猶愈，
且耕今未賒。
丈夫則帶甲，
婦女終在家。
力難及黍稷，
得種菜與麻。
千載商山芝，
往者東門瓜。
其人骨已朽，
此道誰疵瑕。
英賢遇轗軻，
遠引蟠泥沙。
顧慙昧所適，
回首白日斜。
漢陰有鹿門，
滄海有靈查。
焉能學衆口，
咄咄空咨嗟。

Creation Date: 757年
Location: CN6101
Poem Type: 古風",274,Du Fu (杜甫),757年,喜晴,古風,Classical Chinese,True,True,,
dufu_chunk_2377,dufu_31774,allusions_context,"Poem: 喜晴

Literary Allusions and References:
  商山芝
  靈查
  咄咄
  東門瓜
  鹿門",71,Du Fu (杜甫),757年,喜晴,古風,Classical Chinese,,,5.0,
dufu_chunk_2378,dufu_31774,annotations_context,"Poem: 喜晴

Scholarly Annotations:
  一作喜雨
  一作蕭蕭
  一作杏
  一作滅
  一作雲
  一作同",70,Du Fu (杜甫),757年,喜晴,古風,Classical Chinese,,,,6.0
dufu_chunk_2379,dufu_31698,poem_content,"Poem Title: 送率府程錄事還鄉

Poem Text:
鄙夫行衰謝，
抱病昏妄集。
當時往還人，
記一不識十。
程侯晚相遇，
與語才傑立。
熏然耳目開，
頗覺聰明入。
千載得鮑叔，
末契有所及。
意鍾老柏青，
義動修蛇蟄。
若人可數見，
慰我垂白泣。
告別無淹晷，
百憂復相襲。
內媿突不黔，
庶羞以賙給。
素絲挈長魚，
碧酒隨玉粒。
途窮見交態，
世梗悲路澀。
東風吹春冰，
泱莽后土濕。
念君惜羽翮，
既飽更思戢。
莫作翻雲鶻，
聞呼向禽急。

Creation Date: 756年
Location: CN6101
Poem Type: 古風",280,Du Fu (杜甫),756年,送率府程錄事還鄉,古風,Classical Chinese,True,True,,
dufu_chunk_2380,dufu_31698,allusions_context,"Poem: 送率府程錄事還鄉

Literary Allusions and References:
  叔牙知
  突不黔",62,Du Fu (杜甫),756年,送率府程錄事還鄉,古風,Classical Chinese,,,2.0,
dufu_chunk_2381,dufu_31698,annotations_context,"Poem: 送率府程錄事還鄉

Scholarly Annotations:
  原注：程攜酒饌相就取別。
  一作忘
  一作中
  一作生
  一作明似
  一作漭",84,Du Fu (杜甫),756年,送率府程錄事還鄉,古風,Classical Chinese,,,,6.0
dufu_chunk_2382,dufu_31626,poem_content,"Poem Title: 述懷一首

Poem Text:
去年潼關破，
妻子隔絕久。
今夏草木長，
脫身得西走。
麻鞋見天子，
衣袖露兩肘。
朝廷慜生還，
親故傷老醜。
涕淚授拾遺，
流離主恩厚。
柴門雖得去，
未忍即開口。
寄書問三川，
不知家在否。
比聞同罹禍，
殺戮到雞狗。
山中漏茅屋，
誰復依戶牖。
摧頹蒼松根，
地冷骨未朽。
幾人全性命，
盡室豈相偶。
嶔岑猛虎場，
鬱結回我首。
自寄一封書，
今已十月後。
反畏消息來，
寸心亦何有。
漢運初中興，
生平老耽酒。
沈思歡會處，
恐作窮獨叟。

Creation Date: 757年
Location: CN610322
Poem Type: 古風",306,Du Fu (杜甫),757年,述懷一首,古風,Classical Chinese,False,True,,
dufu_chunk_2383,dufu_31626,annotations_context,"Poem: 述懷一首

Scholarly Annotations:
  此已下自賊中竄歸鳳翔作
  一作崟
  一作途",60,Du Fu (杜甫),757年,述懷一首,古風,Classical Chinese,,,,3.0
dufu_chunk_2384,dufu_31690,poem_content,"Poem Title: 送長孫九侍御赴武威判官

Poem Text:
驄馬新鑿蹄，
銀鞍被來好。
繡衣黃白郎，
騎向交河道。
問君適萬里，
取別何草草。
天子憂涼州，
嚴程到須早。
去秋羣胡反，
不得無電埽。
此行收遺甿，
風俗方再造。
族父領元戎，
名聲國中老。
奪我同官良，
飄颻按城堡。
使我不能餐，
令我惡懷抱。
若人才思闊，
溟漲浸絕島。
尊前失詩流，
塞上得國寶。
皇天悲送遠，
雲雨白浩浩。
東郊尚烽火，
朝野色枯槁。
西極柱亦傾，
如何正穹昊。

Creation Date: 757年
Location: CN610322
Poem Type: 古風",285,Du Fu (杜甫),757年,送長孫九侍御赴武威判官,古風,Classical Chinese,True,True,,
dufu_chunk_2385,dufu_31690,allusions_context,"Poem: 送長孫九侍御赴武威判官

Literary Allusions and References:
  驄馬
  國寶
  天柱
  繡衣",73,Du Fu (杜甫),757年,送長孫九侍御赴武威判官,古風,Classical Chinese,,,4.0,
dufu_chunk_2386,dufu_31690,annotations_context,"Poem: 送長孫九侍御赴武威判官

Scholarly Annotations:
  北齊樂曲，懷黃綰白，疑指金銀印
  一作牧
  時杜鴻漸爲河西節度使
  一作閣
  一作漫
  一作多",96,Du Fu (杜甫),757年,送長孫九侍御赴武威判官,古風,Classical Chinese,,,,6.0
dufu_chunk_2387,dufu_31700,poem_content,"Poem Title: 送樊二十三侍御赴漢中判官

Poem Text:
威弧不能弦，
自爾無寧歲。
川谷血橫流，
豺狼沸相噬。
天子從北來，
長驅振凋敝。
頓兵岐梁下，
却跨沙漠裔。
二京陷未收，
四極我得制。
蕭索漢水清，
緬通淮湖稅。
使者紛星散，
王綱尚旒綴。
南伯從事賢，
君行立談際。
生知七曜曆，
手畫三軍勢。
冰雪淨聰明，
雷霆走精銳。
幕府輟諫官，
朝廷無此例。
至尊方旰食，
仗爾布嘉惠。
補闕暮徵入，
柱史晨征憩。
正當艱難時，
實藉長久計。
回風吹獨樹，
白日照執袂。
慟哭蒼煙根，
山門萬重閉。
居人莽牢落，
遊子方迢遞。
裴回悲生離，
局促老一世。
陶唐歌遺民，
後漢更列帝。
恨無匡復姿，
聊欲從此逝。

Creation Date: 757年
Location: CN610322
Poem Type: 古風",370,Du Fu (杜甫),757年,送樊二十三侍御赴漢中判官,古風,Classical Chinese,True,True,,
dufu_chunk_2388,dufu_31700,allusions_context,"Poem: 送樊二十三侍御赴漢中判官

Literary Allusions and References:
  旰食
  歌遺民
  立談
  手畫三軍勢
  威弧",83,Du Fu (杜甫),757年,送樊二十三侍御赴漢中判官,古風,Classical Chinese,,,5.0,
dufu_chunk_2389,dufu_31700,annotations_context,"Poem: 送樊二十三侍御赴漢中判官

Scholarly Annotations:
  弧矢星擬射狼，弧不直狼，則盜賊起
  靈武在鳳翔北
  一作瑟
  一作坐
  一作比
  一作補闕入柱史，晨征固多憩
  一作里
  一作別
  一作資",122,Du Fu (杜甫),757年,送樊二十三侍御赴漢中判官,古風,Classical Chinese,,,,9.0
dufu_chunk_2390,dufu_31688,poem_content,"Poem Title: 送從弟亞赴安西判官

Poem Text:
南風作秋聲，
殺氣薄炎熾。
盛夏鷹隼擊，
時危異人至。
令弟草中來，
蒼然請論事。
詔書引上殿，
奮舌動天意。
兵法五十家，
爾腹爲篋笥。
應對如轉丸，
疏通略文字。
經綸皆新語，
足以正神器。
宗廟尚爲灰，
君臣俱下淚。
崆峒地無軸，
青海天軒輊。
西極最瘡痍，
連山暗烽燧。
帝曰大布衣，
藉卿佐元帥。
坐看清流沙，
所以子奉使。
歸當再前席，
適遠非歷試。
須存武威郡，
爲畫長久利。
孤峰石戴驛，
快馬金纏轡。
黃羊飫不羶，
蘆酒多還醉。
踴躍常人情，
慘澹苦士志。
安邊敵何有，
反正計始遂。
吾聞駕鼓車，
不合用騏驥。
龍吟回其頭，
夾輔待所致。

Creation Date: 757年
Location: CN610322
Poem Type: 古風",367,Du Fu (杜甫),757年,送從弟亞赴安西判官,古風,Classical Chinese,True,True,,
dufu_chunk_2391,dufu_31688,allusions_context,"Poem: 送從弟亞赴安西判官

Literary Allusions and References:
  前席
  駕鼓車",62,Du Fu (杜甫),757年,送從弟亞赴安西判官,古風,Classical Chinese,,,2.0,
dufu_chunk_2392,dufu_31688,annotations_context,"Poem: 送從弟亞赴安西判官

Scholarly Annotations:
  一作河西
  杜亞字次公，京兆人。肅宗在靈武，上書論時政，授校書郎，時杜鴻漸節度河西，辟爲從事。
  一作茫
  一作圓
  一作皆
  一作清
  一作䡹，見潘岳賦
  一作虛
  一作魯",137,Du Fu (杜甫),757年,送從弟亞赴安西判官,古風,Classical Chinese,,,,9.0
dufu_chunk_2393,dufu_31691,poem_content,"Poem Title: 送韋十六評事充同谷郡防禦判官

Poem Text:
昔沒賊中時，
潛與子同遊。
今歸行在所，
王事有去留。
偪側兵馬間，
主憂急良籌。
子雖軀幹小，
老氣橫九州。
挺身艱難際，
張目視寇讎。
朝廷壯其節，
奉詔令參謀。
鑾輿駐鳳翔，
同谷爲咽喉。
西扼弱水道，
南鎮枹罕陬。
此邦承平日，
剽劫吏所羞。
況乃胡未滅，
控帶莽悠悠。
府中韋使君，
道足示懷柔。
令姪才俊茂，
二美又何求。
受詞太白脚，
走馬仇池頭。
古色沙土裂，
積陰雪雲稠。
羌父豪豬靴，
羌兒青兕裘。
吹角向月窟，
蒼山旌旆愁。
鳥驚出死樹，
龍怒拔老湫。
古來無人境，
今代橫戈矛。
傷哉文儒士，
憤激馳林丘。
中原正格鬬，
後會何緣由。
百年賦命定，
豈料沈與浮。
且復戀良友，
握手步道周。
論兵遠壑淨，
亦可縱冥搜。
題詩得秀句，
札翰時相投。

Creation Date: 757年
Location: CN610322
Poem Type: 古風",428,Du Fu (杜甫),757年,送韋十六評事充同谷郡防禦判官,古風,Classical Chinese,True,True,,
dufu_chunk_2394,dufu_31691,allusions_context,"Poem: 送韋十六評事充同谷郡防禦判官

Literary Allusions and References:
  軀幹小
  月窟",67,Du Fu (杜甫),757年,送韋十六評事充同谷郡防禦判官,古風,Classical Chinese,,,2.0,
dufu_chunk_2395,dufu_31691,annotations_context,"Poem: 送韋十六評事充同谷郡防禦判官

Scholarly Annotations:
  一作志
  一作氐羌
  一作邑
  一作霜雪
  一作積雪陰雲稠
  一作帽
  一作漢兵黑貂裘
  一作靜",102,Du Fu (杜甫),757年,送韋十六評事充同谷郡防禦判官,古風,Classical Chinese,,,,8.0
dufu_chunk_2396,dufu_31794,poem_content,"Poem Title: 塞蘆子

Poem Text:
五城何迢迢，
迢迢隔河水。
邊兵盡東征，
城內空荆杞。
思明割懷衛，
秀巖西未已。
迴略大荒來，
崤函蓋虛爾。
延州秦北戶，
關防猶可倚。
焉得一萬人，
疾驅塞蘆子。
岐有薛大夫，
旁制山賊起。
近聞昆戎徒，
爲退三百里。
蘆關扼兩寇，
深意實在此。
誰能叫帝閽，
胡行速如鬼。

Creation Date: 757年
Location: CN6101
Poem Type: 古風",219,Du Fu (杜甫),757年,塞蘆子,古風,Classical Chinese,False,True,,
dufu_chunk_2397,dufu_31794,annotations_context,"Poem: 塞蘆子

Scholarly Annotations:
  蘆子關，屬夏州，北去塞門鎮一十八里。
  方鎮表，朔方節度領定遠、安豐二軍及三受降城，爲五城
  一作迴
  一作東
  塞門鎮本屬延州，開元二年，移就蘆子關
  一作頃
  薛景仙爲扶風太守，賊寇至，擊却之
  一作敢
  一作門",152,Du Fu (杜甫),757年,塞蘆子,古風,Classical Chinese,,,,9.0
dufu_chunk_2398,dufu_31776,poem_content,"Poem Title: 彭衙行

Poem Text:
憶昔避賊初，
北走經險艱。
夜深彭衙道，
月照白水山。
盡室久徒步，
逢人多厚顏。
參差谷鳥吟，
不見遊子還。
癡女飢齩我，
啼畏虎狼聞。
懷中掩其口，
反側聲愈嗔。
小兒強解事，
故索苦李餐。
一旬半雷雨，
泥濘相牽攀。
既無禦雨備，
徑滑衣又寒。
有時經契闊，
竟日數里間。
野果充餱糧，
卑枝成屋椽。
早行石上水，
暮宿天邊煙。
少留周家窪，
欲出蘆子關。
故人有孫宰，
高義薄曾雲。
延客已曛黑，
張燈啓重門。
煖湯濯我足，
剪紙招我魂。
從此出妻孥，
相視涕闌干。
衆雛爛熳睡，
喚起霑盤餐。
誓將與夫子，
永結爲弟昆。
遂空所坐堂，
安居奉我歡。
誰肯艱難際，
豁達露心肝。
別來歲月周，
胡羯仍搆患。
何當有翅翎，
飛去墮爾前。

Creation Date: 757年
Location: CN610527
Poem Type: 古風",403,Du Fu (杜甫),757年,彭衙行,古風,Classical Chinese,False,True,,
dufu_chunk_2399,dufu_31776,annotations_context,"Poem: 彭衙行

Scholarly Annotations:
  郃陽縣西北有彭衙城
  一作門
  一作鳴
  一作猛虎
  一作濕
  一作最
  一作固，一作同",86,Du Fu (杜甫),757年,彭衙行,古風,Classical Chinese,,,,7.0
dufu_chunk_2400,dufu_31464,poem_content,"Poem Title: 北征

Poem Text:
皇帝二載秋，
閏八月初吉。
杜子將北征，
蒼茫問家室。
維時遭艱虞，
朝野少暇日。
顧慙恩私被，
詔許歸蓬蓽。
拜辭詣闕下，
怵惕久未出。
雖乏諫諍姿，
恐君有遺失。
君誠中興主，
經緯固密勿。
東胡反未已，
臣甫憤所切。
揮涕戀行在，
道途猶恍惚。
乾坤含瘡痍，
憂虞何時畢。
靡靡踰阡陌，
人煙眇蕭瑟。
所遇多被傷，
呻吟更流血。
回首鳳翔縣，
旌旗晚明滅。
前登寒山重，
屢得飲馬窟。
邠郊入地底，
涇水中蕩潏。
猛虎立我前，
蒼崖吼時裂。
菊垂今秋花，
石戴古車轍。
青雲動高興，
幽事亦可悅。
山果多瑣細，
羅生雜橡栗。
或紅如丹砂，
或黑如點漆。
雨露之所濡，
甘苦齊結實。
緬思桃源內，
益歎身世拙。
坡陀望鄜畤，
巖谷互出沒。
我行已水濱，
我僕猶木末。
鴟鳥鳴黃桑，
野鼠拱亂穴。
夜深經戰場，
寒月照白骨。
潼關百萬師，
往者散何卒。
遂令半秦民，
殘害爲異物。
況我墮胡塵，
及歸盡華髮。
經年至茅屋，
妻子衣百結。
慟哭松聲回，
悲泉共幽咽。
平生所嬌兒，
顏色白勝雪。
見耶背面啼，
垢膩脚不韤。
牀前兩小女，
補綻才過膝。
海圖坼波濤，
舊繡移曲折。
天吳及紫鳳，
顛倒在裋褐。
老夫情懷惡，
嘔泄臥數日。
那無囊中帛，
救汝寒凜慄。
粉黛亦解苞，
衾裯稍羅列。
瘦妻面復光，
癡女頭自櫛。
學母無不爲，
曉妝隨手抹。
移時施朱鉛，
狼藉畫眉闊。
生還對童穉，
似欲忘飢渴。
問事競挽鬚，
誰能即嗔喝。
飜思在賊愁，
甘受雜亂聒。
新歸且慰意，
生理焉能說。
至尊尚蒙塵，
幾日休練卒。
仰觀天色改，
坐覺祅氣豁。
陰風西北來，
慘澹隨回鶻。
其王願助順，
其俗善馳突。
送兵五千人，
驅馬一萬匹。
此輩少爲貴，
四方服勇決。
所用皆鷹騰，
破敵過箭疾。
聖心頗虛佇，
時議氣欲奪。
伊洛指掌收，
西京不足拔。
官軍請深入，
蓄銳何俱發。
此舉開青徐，
旋瞻略恆碣。
昊天積霜露，
正氣有肅殺。
禍轉亡胡歲，
勢成擒胡月。
胡命其能久，
皇綱未宜絕。
憶昨狼狽初，
事與古先別。
姦臣竟葅醢，
同惡隨蕩析。
不聞夏殷衰，
中自誅褒妲。
周漢獲再興，
宣光果明哲。
桓桓陳將軍，
仗鉞奮忠烈。
微爾人盡非，
于今國猶活。
淒涼大同殿，
寂寞白獸闥。
都人望翠華，
佳氣向金闕。
園陵固有神，
埽灑數不缺。
煌煌太宗業，
樹立甚宏達。

Creation Date: 757年
Location: CN610628
Poem Type: 古風",1060,Du Fu (杜甫),757年,北征,古風,Classical Chinese,True,True,,
dufu_chunk_2401,dufu_31464,allusions_context,"Poem: 北征

Literary Allusions and References:
  桃源
  翠華
  佳氣
  微爾",64,Du Fu (杜甫),757年,北征,古風,Classical Chinese,,,4.0,
dufu_chunk_2402,dufu_31464,annotations_context,"Poem: 北征

Scholarly Annotations:
  原注：歸至鳳翔，墨制放往鄜州作。按鄜在鳳翔東北，故曰北征。
  一作危
  一作奉
  一作閣門
  一作路
  一作合
  一作索
  一作帶，一作載
  一作酸
  一作縹

... and 22 more annotations",152,Du Fu (杜甫),757年,北征,古風,Classical Chinese,,,,32.0
dufu_chunk_2403,dufu_31753,poem_content,"Poem Title: 得舍弟消息

Poem Text:
風吹紫荆樹，
色與春庭暮。
花落辭故枝，
風回返無處。
骨肉恩書重，
漂泊難相遇。
猶有淚成河，
經天復東注。

Creation Date: 757年
Location: CN6101
Poem Type: 古風",137,Du Fu (杜甫),757年,得舍弟消息,古風,Classical Chinese,True,True,,
dufu_chunk_2404,dufu_31753,allusions_context,"Poem: 得舍弟消息

Literary Allusions and References:
  淚成河
  紫荆",58,Du Fu (杜甫),757年,得舍弟消息,古風,Classical Chinese,,,2.0,
dufu_chunk_2405,dufu_31753,annotations_context,"Poem: 得舍弟消息

Scholarly Annotations:
  一作反",41,Du Fu (杜甫),757年,得舍弟消息,古風,Classical Chinese,,,,1.0
dufu_chunk_2406,dufu_31707,poem_content,"Poem Title: 徒步歸行

Poem Text:
明公壯年值時危，
經濟實藉英雄姿。
國之社稷今若是，
武定禍亂非公誰。
鳳翔千官且飽飯，
衣馬不復能輕肥。
青袍朝士最困者，
白頭拾遺徒步歸。
人生交契無老少，
論交何必先同調。
妻子山中哭向天，
須公櫪上追風驃。

Creation Date: 757年
Location: CN610427
Poem Type: 古風",190,Du Fu (杜甫),757年,徒步歸行,古風,Classical Chinese,True,True,,
dufu_chunk_2407,dufu_31707,allusions_context,"Poem: 徒步歸行

Literary Allusions and References:
  追風驃",52,Du Fu (杜甫),757年,徒步歸行,古風,Classical Chinese,,,1.0,
dufu_chunk_2408,dufu_31707,annotations_context,"Poem: 徒步歸行

Scholarly Annotations:
  原注：贈李特進，自鳳翔赴鄜州途經邠州作。
  一作心",63,Du Fu (杜甫),757年,徒步歸行,古風,Classical Chinese,,,,2.0
dufu_chunk_2409,dufu_31476,poem_content,"Poem Title: 玉華宮

Poem Text:
溪回松風長，
蒼鼠竄古瓦。
不知何王殿，
遺構絕壁下。
陰房鬼火青，
壞道哀湍瀉。
萬籟真笙竽，
秋色正蕭灑。
美人爲黃土，
況乃粉黛假。
當時侍金輿，
故物獨石馬。
憂來藉草坐，
浩歌淚盈把。
冉冉征途間，
誰是長年者。

Creation Date: 757年
Location: CN610203107
Poem Type: 古風",196,Du Fu (杜甫),757年,玉華宮,古風,Classical Chinese,False,True,,
dufu_chunk_2410,dufu_31476,annotations_context,"Poem: 玉華宮

Scholarly Annotations:
  貞觀二十一年，作玉華宮，後改爲寺，在宜君縣北鳳凰谷。
  一作迥
  一作竽瑟
  一作氣，一作光
  一作極",91,Du Fu (杜甫),757年,玉華宮,古風,Classical Chinese,,,,5.0
dufu_chunk_2411,dufu_31402,poem_content,"Poem Title: 九成宮

Poem Text:
蒼山入百里，
崖斷如杵臼。
曾宮憑風回，
岌嶪土囊口。
立神扶棟梁，
鑿翠開戶牖。
其陽產靈芝，
其陰宿牛斗。
紛披長松倒，
揭𡿗怪石走。
哀猨啼一聲，
客淚迸林藪。
荒哉隋家帝，
製此今頹朽。
向使國不亡，
焉爲巨唐有。
雖無新增修，
尚置官居守。
巡非瑤水遠，
迹是雕牆後。
我行屬時危，
仰望嗟歎久。
天王守太白，
駐馬更搔首。

Creation Date: 757年
Location: CN610322
Poem Type: 古風",249,Du Fu (杜甫),757年,九成宮,古風,Classical Chinese,True,True,,
dufu_chunk_2412,dufu_31402,allusions_context,"Poem: 九成宮

Literary Allusions and References:
  天王
  巡瑤水",56,Du Fu (杜甫),757年,九成宮,古風,Classical Chinese,,,2.0,
dufu_chunk_2413,dufu_31402,annotations_context,"Poem: 九成宮

Scholarly Annotations:
  本隋仁壽宮，貞觀修以避暑，更名九成，在麟遊縣西五里。
  一作迥
  一作宇
  一作扶
  一作側
  一作署
  九成宮置總監一人，副監一人，丞、簿、錄事各一人
  一作來
  一作狩
  一作回",136,Du Fu (杜甫),757年,九成宮,古風,Classical Chinese,,,,10.0
dufu_chunk_2414,dufu_31580,poem_content,"Poem Title: 羌村

Poem Text:
崢嶸赤雲西，
日脚下平地。
柴門鳥雀噪，
歸客千里至。
妻孥怪我在，
驚定還拭淚。
世亂遭飄蕩，
生還偶然遂。
鄰人滿牆頭，
感歎亦歔欷。
夜闌更秉燭，
相對如夢寐。

Creation Date: 757年
Location: CN610628
Poem Type: 古風",164,Du Fu (杜甫),757年,羌村,古風,Classical Chinese,False,True,,
dufu_chunk_2415,dufu_31580,annotations_context,"Poem: 羌村

Scholarly Annotations:
  一作客子
  一作走",45,Du Fu (杜甫),757年,羌村,古風,Classical Chinese,,,,2.0
dufu_chunk_2416,dufu_31581,poem_content,"Poem Title: 羌村

Poem Text:
晚歲迫偷生，
還家少歡趣。
嬌兒不離膝，
畏我復却去。
憶昔好追涼，
故繞池邊樹。
蕭蕭北風勁，
撫事煎百慮。
賴知禾黍收，
已覺糟牀注。
如今足斟酌，
且用慰遲暮。

Creation Date: 757年
Location: CN610628
Poem Type: 古風",164,Du Fu (杜甫),757年,羌村,古風,Classical Chinese,False,True,,
dufu_chunk_2417,dufu_31581,annotations_context,"Poem: 羌村

Scholarly Annotations:
  一作黍秫，一作黍稌",44,Du Fu (杜甫),757年,羌村,古風,Classical Chinese,,,,1.0
dufu_chunk_2418,dufu_31582,poem_content,"Poem Title: 羌村

Poem Text:
羣雞正亂叫，
客至雞鬬爭。
驅雞上樹木，
始聞叩柴荆。
父老四五人，
問我久遠行。
手中各有攜，
傾榼濁復清。
苦辭酒味薄，
黍地無人耕。
兵革既未息，
兒童盡東征。
請爲父老歌，
艱難媿深情。
歌罷仰天歎，
四座淚縱橫。

Creation Date: 757年
Location: CN610628
Poem Type: 古風",192,Du Fu (杜甫),757年,羌村,古風,Classical Chinese,False,True,,
dufu_chunk_2419,dufu_31582,annotations_context,"Poem: 羌村

Scholarly Annotations:
  一作忽
  一作正生
  一作莫
  一作郎
  一作餘",63,Du Fu (杜甫),757年,羌村,古風,Classical Chinese,,,,5.0
dufu_chunk_2420,dufu_31791,poem_content,"Poem Title: 偪仄行贈畢曜

Poem Text:
偪仄何偪仄，
我居巷南子巷北。
可恨鄰里間，
十日不一見顏色。
自從官馬送還宮，
行路難行澀如棘。
我貧無乘非無足，
昔者相過今不得。
實不是愛微軀，
又非關足無力。
徒步翻愁官長怒，
此心炯炯君應識。
曉來急雨春風顛，
睡美不聞鐘鼓傳。
東家蹇驢許借我，
泥滑不敢騎朝天。
已令請急會通籍，
男兒信命絕可憐。
焉能終日心拳拳，
憶君誦詩神凜然。
辛夷始花亦已落，
況我與子非壯年。
街頭酒價常苦貴，
方外酒徒稀醉眠。
速宜相就飲一斗，
恰有三百青銅錢。

Creation Date: 758年
Location: CN6101
Poem Type: 古風",310,Du Fu (杜甫),758年,偪仄行贈畢曜,古風,Classical Chinese,True,True,,
dufu_chunk_2421,dufu_31791,allusions_context,"Poem: 偪仄行贈畢曜

Literary Allusions and References:
  蹇驢",53,Du Fu (杜甫),758年,偪仄行贈畢曜,古風,Classical Chinese,,,1.0,
dufu_chunk_2422,dufu_31791,annotations_context,"Poem: 偪仄行贈畢曜

Scholarly Annotations:
  一作側
  一作{亻息}{亻息}行，篇中字亦作{亻息}{亻息}，一作《贈畢四曜》。
  一作未敢
  一作慵相訪
  一本二句起處無實又二字
  一作已令把牒還請假
  一作性
  一作又
  一作徑須
  建中三年，置肆釀酒，斛收直三千",158,Du Fu (杜甫),758年,偪仄行贈畢曜,古風,Classical Chinese,,,,10.0
dufu_chunk_2423,dufu_31693,poem_content,"Poem Title: 送李校書二十六韻

Poem Text:
代北有豪鷹，
生子毛盡赤。
渥洼騏驥兒，
尤異是龍脊。
李舟名父子，
清峻流輩伯。
人間好少年，
不必須白皙。
十五富文史，
十八足賓客。
十九授校書，
二十聲輝赫。
衆中每一見，
使我潛動魄。
自恐二男兒，
辛勤養無益。
乾元元年春，
萬姓始安宅。
舟也衣綵衣，
告我欲遠適。
倚門固有望，
斂衽就行役。
南登吟白華，
已見楚山碧。
藹藹咸陽都，
冠蓋日雲積。
何時太夫人，
堂上會親戚。
汝翁草明光，
天子正前席。
歸期豈爛漫，
別意終感激。
顧我蓬屋姿，
謬通金閨籍。
小來習性嬾，
晚節慵轉劇。
每愁悔吝作，
如覺天地窄。
羨君齒髮新，
行己能夕惕。
臨岐意頗切，
對酒不能喫。
回身視綠野，
慘澹如荒澤。
老雁春忍飢，
哀號待枯麥。
時哉高飛燕，
絢練新羽翮。
長雲濕褒斜，
漢水饒巨石。
無令軒車遲，
衰疾悲夙昔。

Creation Date: 758年
Location: CN6101
Poem Type: 古風",448,Du Fu (杜甫),758年,送李校書二十六韻,古風,Classical Chinese,True,True,,
dufu_chunk_2424,dufu_31693,allusions_context,"Poem: 送李校書二十六韻

Literary Allusions and References:
  白華
  綵衣
  前席
  倚門
  虎脊
  渥洼種",81,Du Fu (杜甫),758年,送李校書二十六韻,古風,Classical Chinese,,,6.0,
dufu_chunk_2425,dufu_31693,annotations_context,"Poem: 送李校書二十六韻

Scholarly Annotations:
  李舟，隴西人，後封隴西縣男。父岑，水部郎中、眉州刺史。
  一作種
  一作虎
  一作時
  一作妙
  一作燀，一作烜，一作燁
  一作二
  一作已如
  一作熳
  一作門

... and 2 more annotations",159,Du Fu (杜甫),758年,送李校書二十六韻,古風,Classical Chinese,,,,12.0
dufu_chunk_2426,dufu_31670,poem_content,"Poem Title: 洗兵馬

Poem Text:
中興諸將收山東，
捷書日報清晝同。
河廣傳聞一葦過，
胡危命在破竹中。
祗殘鄴城不日得，
獨任朔方無限功。
京師皆騎汗血馬，
回紇餵肉葡萄宮。
已喜皇威清海岱，
常思仙仗過崆峒。
三年笛裏關山月，
萬國兵前草木風。
成王功大心轉小，
郭相謀深古來少。
司徒清鑒懸明鏡，
尚書氣與秋天杳。
二三豪俊爲時出，
整頓乾坤濟時了。
東走無復憶鱸魚，
南飛覺有安巢鳥。
青春復隨冠冕入，
紫禁正耐煙花繞。
鶴禁通霄鳳輦備，
雞鳴問寢龍樓曉。
攀龍附鳳勢莫當，
天下盡化爲侯王。
汝等豈知蒙帝力，
時來不得誇身強。
關中既留蕭丞相，
幕下復用張子房。
張公一生江海客，
身長九尺鬚眉蒼。
徵起適遇風雲會，
扶顛始知籌策良。
青袍白馬更何有，
後漢今周喜再昌。
寸地尺天皆入貢，
奇祥異瑞爭來送。
不知何國致白環，
復道諸山得銀甕。
隱士休歌紫芝曲，
詞人解撰河清頌。
田家望望惜雨乾，
布穀處處催春種。
淇上健兒歸莫嬾，
城南思婦愁多夢。
安得壯士挽天河，
淨洗甲兵長不用。

Creation Date: 759年
Location: CN4103
Poem Type: 古風",511,Du Fu (杜甫),759年,洗兵馬,古風,Classical Chinese,True,True,,
dufu_chunk_2427,dufu_31670,allusions_context,"Poem: 洗兵馬

Literary Allusions and References:
  歌紫芝
  白環
  憶鱸魚
  一葦
  攀龍附鳳
  功大心常小
  河清頌
  破竹
  葡萄宮
  青袍白馬
  洗兵
  蕭丞相
  銀甕
  張子房",128,Du Fu (杜甫),759年,洗兵馬,古風,Classical Chinese,,,14.0,
dufu_chunk_2428,dufu_31670,annotations_context,"Poem: 洗兵馬

Scholarly Annotations:
  原注：收京後作。
  一作夜，一作夕
  一作兒
  郭子儀領朔方軍，屢破賊，拔衛州，進圍鄴城
  回紇以驍騎三千助討安慶緒
  山在平涼縣西
  廣平王俶
  中書令郭子儀
  一作猷
  李光弼加檢校司徒

... and 13 more annotations",169,Du Fu (杜甫),759年,洗兵馬,古風,Classical Chinese,,,,23.0
dufu_chunk_2429,dufu_31714,poem_content,"Poem Title: 留花門

Poem Text:
北門天驕子，
飽肉氣勇決。
高秋馬肥健，
挾矢射漢月。
自古以爲患，
詩人厭薄伐。
修德使其來，
羈縻固不絕。
胡爲傾國至，
出入暗金闕。
中原有驅除，
隱忍用此物。
公主歌黃鵠，
君王指白日。
連雲屯左輔，
百里見積雪。
長戟鳥休飛，
哀笳曙幽咽。
田家最恐懼，
麥倒桑枝折。
沙苑臨清渭，
泉香草豐潔。
渡河不用船，
千騎常撇烈。
胡塵踰太行，
雜種抵京室。
花門既須留，
原野轉蕭瑟。

Creation Date: 758年
Location: CN610521
Poem Type: 古風",277,Du Fu (杜甫),758年,留花門,古風,Classical Chinese,True,True,,
dufu_chunk_2430,dufu_31714,allusions_context,"Poem: 留花門

Literary Allusions and References:
  公主嫁烏孫
  天驕
  指白日",64,Du Fu (杜甫),758年,留花門,古風,Classical Chinese,,,3.0,
dufu_chunk_2431,dufu_31714,annotations_context,"Poem: 留花門

Scholarly Annotations:
  甘州東北千餘里，有居延海。又北三百里，有花門山堡。又東北千里，至回紇牙帳。肅宗還西京，葉護辭歸，奏曰：“回紇戰兵留在沙苑，今歸靈夏取馬，更爲陛下收范陽餘孽。”
  一作北方，一作花門
  寧國公主妻回紇可汗
  一作曉
  一作滅沒，一作捩",156,Du Fu (杜甫),758年,留花門,古風,Classical Chinese,,,,5.0
dufu_chunk_2432,dufu_31715,poem_content,"Poem Title: 病後遇王倚飲贈歌

Poem Text:
麟角鳳觜世莫識，
煎膠續弦奇自見。
尚看王生抱此懷，
在于甫也何由羨。
且遇王生慰疇昔，
素知賤子甘貧賤。
酷見凍餒不足恥，
多病沈年苦無健。
王生怪我顏色惡，
荅云伏枕艱難徧。
瘧癘三秋孰可忍，
寒熱百日相交戰。
頭白眼暗坐有胝，
肉黃皮皺命如綫。
惟生哀我未平復，
爲我力致美殽膳。
遣人向市賒香稉，
喚婦出房親自饌。
長安冬葅酸且綠，
金城土酥靜如練。
兼求富豪且割鮮，
密沽斗酒諧終宴。
故人情義晚誰似，
令我手腳輕欲漩。
老馬爲駒信不虛，
當時得意況深眷。
但使殘年飽喫飯，
只願無事常相見。

Creation Date: 751年
Location: CN6101
Poem Type: 古風",336,Du Fu (杜甫),751年,病後遇王倚飲贈歌,古風,Classical Chinese,True,True,,
dufu_chunk_2433,dufu_31715,allusions_context,"Poem: 病後遇王倚飲贈歌

Literary Allusions and References:
  煎膠續弦
  老馬爲駒",64,Du Fu (杜甫),751年,病後遇王倚飲贈歌,古風,Classical Chinese,,,2.0,
dufu_chunk_2434,dufu_31715,annotations_context,"Poem: 病後遇王倚飲贈歌

Scholarly Annotations:
  一作過
  一作鱗魚
  一作辨
  一作陳
  一作畜
  一作畜豕
  一作味
  一作旋
  一作總",94,Du Fu (杜甫),751年,病後遇王倚飲贈歌,古風,Classical Chinese,,,,9.0
dufu_chunk_2435,dufu_31785,poem_content,"Poem Title: 湖城東遇孟雲卿復歸劉顥宅宿宴飲散因爲醉歌

Poem Text:
疾風吹塵暗河縣，
行子隔手不相見。
湖城城南一開眼，
駐馬偶識雲卿面。
向非劉顥爲地主，
嬾回鞭轡成高宴。
劉侯歎我攜客來，
置酒張燈促華饌。
且將款曲終今夕，
休語艱難尚酣戰。
照室紅爐促曙光，
縈窗素月垂文練。
天開地裂長安陌，
寒盡春生洛陽殿。
豈知驅車復同軌，
可惜刻漏隨更箭。
人生會合不可常，
庭樹雞鳴淚如綫。

Creation Date: 758年
Location: CN411282
Poem Type: 古風",260,Du Fu (杜甫),758年,湖城東遇孟雲卿復歸劉顥宅宿宴飲散因爲醉歌,古風,Classical Chinese,False,True,,
dufu_chunk_2436,dufu_31785,annotations_context,"Poem: 湖城東遇孟雲卿復歸劉顥宅宿宴飲散因爲醉歌

Scholarly Annotations:
  蔡本題上有冬末以事之東都七字。孟雲卿，河南人，與元結、杜甫輩相友善。
  一作東，一作北
  一作況
  一作城南
  一作歡
  一作經今冬
  一作話
  一作簇曙花
  一作秋
  一作春

... and 2 more annotations",178,Du Fu (杜甫),758年,湖城東遇孟雲卿復歸劉顥宅宿宴飲散因爲醉歌,古風,Classical Chinese,,,,12.0
dufu_chunk_2437,dufu_31770,poem_content,"Poem Title: 閿鄉姜七少府設膾戲贈長歌

Poem Text:
姜侯設膾當嚴冬，
昨日今日皆天風。
河凍未漁不易得，
鑿冰恐侵河伯宮。
饔人受魚鮫人手，
洗魚磨刀魚眼紅。
無聲細下飛碎雪，
有骨已剁觜春蔥。
偏勸腹腴媿年少，
軟炊香飯緣老翁。
落碪何曾白紙濕，
放箸未覺金盤空。
新歡便飽姜侯德，
清觴異味情屢極。
東歸貪路自覺難，
欲別上馬身無力。
可憐爲人好心事，
於我見子真顏色。
不恨我衰子貴時，
悵望且爲今相憶。

Creation Date: 758年
Location: CN411282104
Poem Type: 古風",273,Du Fu (杜甫),758年,閿鄉姜七少府設膾戲贈長歌,古風,Classical Chinese,True,True,,
dufu_chunk_2438,dufu_31770,allusions_context,"Poem: 閿鄉姜七少府設膾戲贈長歌

Literary Allusions and References:
  鮫人
  河伯",64,Du Fu (杜甫),758年,閿鄉姜七少府設膾戲贈長歌,古風,Classical Chinese,,,2.0,
dufu_chunk_2439,dufu_31770,annotations_context,"Poem: 閿鄉姜七少府設膾戲贈長歌

Scholarly Annotations:
  一作取魚，一作黃河美魚，一作黃河冰魚
  一作素
  平聲，喙也
  一作稉
  一作貧",89,Du Fu (杜甫),758年,閿鄉姜七少府設膾戲贈長歌,古風,Classical Chinese,,,,5.0
dufu_chunk_2440,dufu_31515,poem_content,"Poem Title: 戲贈閿鄉秦少公短歌

Poem Text:
去年行宮當太白，
朝回君是同舍客。
同心不減骨肉親，
每語見許文章伯。
今日時清兩京道，
相逢苦覺人情好。
昨夜邀歡樂更無，
多才依舊能潦倒。

Creation Date: 758年
Location: CN411282104
Poem Type: 古風",162,Du Fu (杜甫),758年,戲贈閿鄉秦少公短歌,古風,Classical Chinese,False,True,,
dufu_chunk_2441,dufu_31515,annotations_context,"Poem: 戲贈閿鄉秦少公短歌

Scholarly Annotations:
  一作翁，一作府，唐人稱尉爲少公
  一作守
  一作傾",69,Du Fu (杜甫),758年,戲贈閿鄉秦少公短歌,古風,Classical Chinese,,,,3.0
dufu_chunk_2442,dufu_31569,poem_content,"Poem Title: 李鄠縣丈人胡馬行

Poem Text:
丈人駿馬名胡騮，
前年避胡過金牛。
回鞭却走見天子，
朝飲漢水暮靈州。
自矜胡騮奇絕代，
乘出千人萬人愛。
一聞說盡急難材，
轉益愁向駑駘輩。
頭上銳耳批秋竹，
脚下高蹄削寒玉。
始知神龍別有種，
不比俗馬空多肉。
洛陽大道時再清，
累日喜得俱東行。
鳳臆龍鬐未易識，
側身注目長風生。

Creation Date: 758年
Location: CN610125
Poem Type: 古風",230,Du Fu (杜甫),758年,李鄠縣丈人胡馬行,古風,Classical Chinese,True,True,,
dufu_chunk_2443,dufu_31569,allusions_context,"Poem: 李鄠縣丈人胡馬行

Literary Allusions and References:
  鳳臆",55,Du Fu (杜甫),758年,李鄠縣丈人胡馬行,古風,Classical Chinese,,,1.0,
dufu_chunk_2444,dufu_31569,annotations_context,"Poem: 李鄠縣丈人胡馬行

Scholarly Annotations:
  一作賊
  一作凡
  一作麟
  一作麟，一作麟髻",67,Du Fu (杜甫),758年,李鄠縣丈人胡馬行,古風,Classical Chinese,,,,4.0
dufu_chunk_2445,dufu_31428,poem_content,"Poem Title: 義鶻

Poem Text:
陰崖有蒼鷹，
養子黑柏顛。
白蛇登其巢，
吞噬恣朝餐。
雄飛遠求食，
雌者鳴辛酸。
力強不可制，
黃口無半存。
其父從西歸，
飜身入長煙。
斯須領健鶻，
痛憤寄所宣。
斗上捩孤影，
噭哮來九天。
修鱗脫遠枝，
巨顙坼老拳。
高空得蹭蹬，
短草辭蜿蜒。
折尾能一掉，
飽腸皆已穿。
生雖滅衆雛，
死亦垂千年。
物情有報復，
快意貴目前。
茲實鷙鳥最，
急難心炯然。
功成失所往，
用舍何其賢。
近經潏水湄，
此事樵夫傳。
飄蕭覺素髮，
凜欲衝儒冠。
人生許與分，
只在顧盼間。
聊爲義鶻行，
用激壯士肝。

Creation Date: 758年
Location: CN6101
Poem Type: 古風",330,Du Fu (杜甫),758年,義鶻,古風,Classical Chinese,False,True,,
dufu_chunk_2446,dufu_31428,annotations_context,"Poem: 義鶻

Scholarly Annotations:
  宋刻諸本皆有行字
  一作二
  一作之
  一作資
  一作寧
  一作來
  一作冤
  一作憤懣
  一作無聲
  一作茂

... and 11 more annotations",128,Du Fu (杜甫),758年,義鶻,古風,Classical Chinese,,,,21.0
dufu_chunk_2447,dufu_31617,poem_content,"Poem Title: 畫鶻行

Poem Text:
高堂見生鶻，
颯爽動秋骨。
初驚無拘攣，
何得立突兀。
乃知畫師妙，
功刮造化窟。
寫作神駿姿，
充君眼中物。
鳥鵲滿樛枝，
軒然恐其出。
側腦看青霄，
寧爲衆禽沒。
長翮如刀劒，
人寰可超越。
乾坤空崢嶸，
粉墨且蕭瑟。
緬思雲沙際，
自有煙霧質。
吾今意何傷，
顧步獨紆鬱。

Creation Date: 758年
Location: CN6101
Poem Type: 古風",219,Du Fu (杜甫),758年,畫鶻行,古風,Classical Chinese,False,True,,
dufu_chunk_2448,dufu_31617,annotations_context,"Poem: 畫鶻行

Scholarly Annotations:
  一作畫雕
  一作老
  一作卷
  一作巧
  一作此
  一作想",70,Du Fu (杜甫),758年,畫鶻行,古風,Classical Chinese,,,,6.0
dufu_chunk_2449,dufu_31830,poem_content,"Poem Title: 瘦馬行

Poem Text:
東郊瘦馬使我傷，
骨骼硉兀如堵牆。
絆之欲動轉敧側，
此豈有意仍騰驤。
細看六印帶官字，
衆道三軍遺路旁。
皮乾剝落雜泥滓，
毛暗蕭條連雪霜。
去歲奔波逐餘寇，
驊騮不慣不得將。
士卒多騎內厩馬，
惆悵恐是病乘黃。
當時歷塊誤一蹶，
委棄非汝能周防。
見人慘澹若哀訴，
失主錯莫無晶光。
天寒遠放雁爲伴，
日暮不收烏啄瘡。
誰家且養願終惠，
更試明年春草長。

Creation Date: 758年
Location: CN610521
Poem Type: 古風",261,Du Fu (杜甫),758年,瘦馬行,古風,Classical Chinese,True,True,,
dufu_chunk_2450,dufu_31830,allusions_context,"Poem: 瘦馬行

Literary Allusions and References:
  乘黃
  歷塊",55,Du Fu (杜甫),758年,瘦馬行,古風,Classical Chinese,,,2.0,
dufu_chunk_2451,dufu_31830,annotations_context,"Poem: 瘦馬行

Scholarly Annotations:
  一作老馬
  一作老
  一作骸
  一作火
  監牧馬，右膊皆印官字。
  一作官
  一作盡
  一作難
  一作精
  一作侶

... and 2 more annotations",130,Du Fu (杜甫),758年,瘦馬行,古風,Classical Chinese,,,,12.0
dufu_chunk_2452,dufu_31796,poem_content,"Poem Title: 新安吏

Poem Text:
客行新安道，
喧呼聞點兵。
借問新安吏，
縣小更無丁。
府帖昨夜下，
次選中男行。
中男絕短小，
何以守王城。
肥男有母送，
瘦男獨伶俜。
白水暮東流，
青山猶哭聲。
莫自使眼枯，
收汝淚縱橫。
眼枯即見骨，
天地終無情。
我軍取相州，
日夕望其平。
豈意賊難料，
歸軍星散營。
就糧近故壘，
練卒依舊京。
掘壕不到水，
牧馬役亦輕。
況乃王師順，
撫養甚分明。
送行勿泣血，
僕射如父兄。

Creation Date: 759年
Location: CN410323
Poem Type: 古風",277,Du Fu (杜甫),759年,新安吏,古風,Classical Chinese,False,True,,
dufu_chunk_2453,dufu_31796,annotations_context,"Poem: 新安吏

Scholarly Annotations:
  原注：收京後作。雖收兩京，賊猶充斥。錢謙益曰：“以下諸詩，皆乾元二年自華州之東都道途所感而作。”
  一作符
  一作日
  天寶三載制，百姓年十八爲中男
  一作聞
  一作却
  一作至，一作收
  九節度圍鄴日久，軍無統帥，且乏食。史思明自魏來救，戰於安陽，官軍潰，郭子儀斷河陽橋，保東京
  此下俱言子儀留守事
  一作垂泣

... and 1 more annotations",230,Du Fu (杜甫),759年,新安吏,古風,Classical Chinese,,,,11.0
dufu_chunk_2454,dufu_31832,poem_content,"Poem Title: 潼關吏

Poem Text:
士卒何草草，
築城潼關道。
大城鐵不如，
小城萬丈餘。
借問潼關吏，
修關還備胡。
要我下馬行，
爲我指山隅。
連雲列戰格，
飛鳥不能踰。
胡來但自守，
豈復憂西都。
丈人視要處，
窄狹容單車。
艱難奮長戟，
萬古用一夫。
哀哉桃林戰，
百萬化爲魚。
請囑防關將，
慎勿學哥舒。

Creation Date: 759年
Location: CN610522
Poem Type: 古風",221,Du Fu (杜甫),759年,潼關吏,古風,Classical Chinese,True,True,,
dufu_chunk_2455,dufu_31832,allusions_context,"Poem: 潼關吏

Literary Allusions and References:
  百萬化魚
  一夫當關",59,Du Fu (杜甫),759年,潼關吏,古風,Classical Chinese,,,2.0,
dufu_chunk_2456,dufu_31832,annotations_context,"Poem: 潼關吏

Scholarly Annotations:
  安祿山兵北，哥舒翰請堅守潼關。明皇聽楊國忠言，力趣出兵。翰撫膺慟哭而出，兵至靈寶潰，關遂失守。
  一作築城
  一作大
  一作穿
  一作千
  一作莫",114,Du Fu (杜甫),759年,潼關吏,古風,Classical Chinese,,,,6.0
dufu_chunk_2457,dufu_31491,poem_content,"Poem Title: 石壕吏

Poem Text:
暮投石壕邨，
有吏夜捉人。
老翁踰牆走，
老婦出門看。
吏呼一何怒，
婦啼一何苦。
聽婦前致詞，
三男鄴城戍。
一男附書致，
二男新戰死。
存者且偷生，
死者長已矣。
室中更無人，
惟有乳下孫。
有孫母未去，
出入無完帬。
老嫗力雖衰，
請從吏夜歸。
急應河陽役，
猶得備晨炊。
夜久語聲絕，
如聞泣幽咽。
天明登前途，
獨與老翁別。

Creation Date: 759年
Location: CN411222
Poem Type: 古風",249,Du Fu (杜甫),759年,石壕吏,古風,Classical Chinese,False,True,,
dufu_chunk_2458,dufu_31491,annotations_context,"Poem: 石壕吏

Scholarly Annotations:
  陝縣有石壕鎮
  如延切，見《烈女頌》
  一作看門，一作首
  一作到
  一作在
  一作是
  一作所
  一作孫有
  一作更
  一作孫母未便出，見吏無完裙

... and 1 more annotations",147,Du Fu (杜甫),759年,石壕吏,古風,Classical Chinese,,,,11.0
dufu_chunk_2459,dufu_31797,poem_content,"Poem Title: 新婚別

Poem Text:
兔絲附蓬麻，
引蔓故不長。
嫁女與征夫，
不如棄路旁。
結髮爲妻子，
席不煖君牀。
暮婚晨告別，
無乃太怱忙。
君行雖不遠，
守邊赴河陽。
妾身未分明，
何以拜姑嫜。
父母養我時，
日夜令我藏。
生女有所歸，
雞狗亦得將。
君今往死地，
沈痛迫中腸。
誓欲隨君去，
形勢反蒼黃。
勿爲新婚念，
努力事戎行。
婦人在軍中，
兵氣恐不揚。
自嗟貧家女，
久致羅襦裳。
羅襦不復施，
對君洗紅妝。
仰視百鳥飛，
大小必雙翔。
人事多錯迕，
與君永相望。

Creation Date: 759年
Location: CN610521
Poem Type: 古風",305,Du Fu (杜甫),759年,新婚別,古風,Classical Chinese,False,True,,
dufu_chunk_2460,dufu_31797,annotations_context,"Poem: 新婚別

Scholarly Annotations:
  一作固
  一作子妻，一作君妻。
  一作既
  一作戍
  一作月
  一作犬
  一作相
  一作生
  一作死生
  一作往

... and 3 more annotations",129,Du Fu (杜甫),759年,新婚別,古風,Classical Chinese,,,,13.0
dufu_chunk_2461,dufu_31598,poem_content,"Poem Title: 垂老別

Poem Text:
四郊未寧靜，
垂老不得安。
子孫陣亡盡，
焉用身獨完。
投杖出門去，
同行爲辛酸。
幸有牙齒存，
所悲骨髓乾。
男兒既介胄，
長揖別上官。
老妻臥路啼，
歲暮衣裳單。
孰知是死別，
且復傷其寒。
此去必不歸，
還聞勸加餐。
土門壁甚堅，
杏園度亦難。
勢異鄴城下，
縱死時猶寬。
人生有離合，
豈擇衰老端。
憶昔少壯日，
遲回竟長歎。
萬國盡征戍，
烽火被岡巒。
積屍草木腥，
流血川原丹。
何鄉爲樂土，
安敢尚盤桓。
棄絕蓬室居，
塌然摧肺肝。

Creation Date: 759年
Location: CN610521
Poem Type: 古風",305,Du Fu (杜甫),759年,垂老別,古風,Classical Chinese,False,True,,
dufu_chunk_2462,dufu_31598,annotations_context,"Poem: 垂老別

Scholarly Annotations:
  一作死
  一作好
  一作肉
  井陘口名土門，八陘之一
  汲縣有杏園鎮，土門、杏園，皆在河北
  一作獨
  一作盛
  一作東征",104,Du Fu (杜甫),759年,垂老別,古風,Classical Chinese,,,,8.0
dufu_chunk_2463,dufu_31447,poem_content,"Poem Title: 無家別

Poem Text:
寂寞天寶後，
園廬但蒿藜。
我里百餘家，
世亂各東西。
存者無消息，
死者爲塵泥。
賤子因陣敗，
歸來尋舊蹊。
人行見空巷，
日瘦氣慘悽。
但對狐與貍，
豎毛怒我啼。
四鄰何所有，
一二老寡妻。
宿鳥戀本枝，
安辭且窮棲。
方春獨荷鋤，
日暮還灌畦。
縣吏知我至，
召令習鼓鞞。
雖從本州役，
內顧無所攜。
近行止一身，
遠去終轉迷。
家鄉既盪盡，
遠近理亦齊。
永痛長病母，
五年委溝谿。
生我不得力，
終身兩酸嘶。
人生無家別，
何以爲烝黎。

Creation Date: 759年
Location: CN610521
Poem Type: 古風",305,Du Fu (杜甫),759年,無家別,古風,Classical Chinese,False,True,,
dufu_chunk_2464,dufu_31447,annotations_context,"Poem: 無家別

Scholarly Annotations:
  一作萬
  一作委
  一作故
  一作久
  一作室",63,Du Fu (杜甫),759年,無家別,古風,Classical Chinese,,,,5.0
dufu_chunk_2465,dufu_31703,poem_content,"Poem Title: 夏日歎

Poem Text:
夏日出東北，
陵天經中街。
朱光徹厚地，
鬱蒸何由開。
上蒼久無雷，
無乃號令乖。
雨降不濡物，
良田起黃埃。
飛鳥苦熱死，
池魚涸其泥。
萬人尚流冗，
舉目唯蒿萊。
至今大河北，
化作虎與豺。
浩蕩想幽薊，
王師安在哉？
對食不能餐，
我心殊未諧。
眇然貞觀初，
難與數子偕。

Creation Date: 759年
Location: CN610521
Poem Type: 古風",221,Du Fu (杜甫),759年,夏日歎,古風,Classical Chinese,False,True,,
dufu_chunk_2466,dufu_31703,annotations_context,"Poem: 夏日歎

Scholarly Annotations:
  一作經天陵
  即中道，黃道所經也
  一作盡
  謂長孫、房、魏之流",71,Du Fu (杜甫),759年,夏日歎,古風,Classical Chinese,,,,4.0
dufu_chunk_2467,dufu_31705,poem_content,"Poem Title: 夏夜歎

Poem Text:
永日不可暮，
炎蒸毒我腸。
安得萬里風，
飄颻吹我裳。
昊天出華月，
茂林延疎光。
仲夏苦夜短，
開軒納微涼。
虛明見纖毫，
羽蟲亦飛揚。
物情無巨細，
自適固其常。
念彼荷戈士，
窮年守邊疆。
何由一洗濯，
執熱互相望。
竟夕擊刁斗，
喧聲連萬方。
青紫雖被體，
不如早還鄉。
北城悲笳發，
鸛鶴號且翔。
況復煩促倦，
激烈思時康。

Creation Date: 759年
Location: CN610521
Poem Type: 古風",249,Du Fu (杜甫),759年,夏夜歎,古風,Classical Chinese,True,True,,
dufu_chunk_2468,dufu_31705,allusions_context,"Poem: 夏夜歎

Literary Allusions and References:
  青紫",50,Du Fu (杜甫),759年,夏夜歎,古風,Classical Chinese,,,1.0,
dufu_chunk_2469,dufu_31705,annotations_context,"Poem: 夏夜歎

Scholarly Annotations:
  一作中
  一作懷",45,Du Fu (杜甫),759年,夏夜歎,古風,Classical Chinese,,,,2.0
dufu_chunk_2470,dufu_31493,poem_content,"Poem Title: 立秋後題

Poem Text:
日月不相饒，
節序昨夜隔。
玄蟬無停號，
秋燕已如客。
平生獨往願，
惆悵年半百。
罷官亦由人，
何事拘形役。

Creation Date: 759年
Location: CN610521
Poem Type: 古風",138,Du Fu (杜甫),759年,立秋後題,古風,Classical Chinese,True,False,,
dufu_chunk_2471,dufu_31493,allusions_context,"Poem: 立秋後題

Literary Allusions and References:
  獨往",51,Du Fu (杜甫),759年,立秋後題,古風,Classical Chinese,,,1.0,
dufu_chunk_2472,dufu_31686,poem_content,"Poem Title: 貽阮隱居

Poem Text:
陳留風俗衰，
人物世不數。
塞上得阮生，
迥繼先父祖。
貧知靜者性，
自益毛髮古。
車馬入鄰家，
蓬蒿翳環堵。
清詩近道要，
識子用心苦。
尋我草徑微，
褰裳蹋寒雨。
更議居遠邨，
避喧甘猛虎。
足明箕潁客，
榮貴如糞土。

Creation Date: 759年
Location: CN6205
Poem Type: 古風",192,Du Fu (杜甫),759年,貽阮隱居,古風,Classical Chinese,True,True,,
dufu_chunk_2473,dufu_31686,allusions_context,"Poem: 貽阮隱居

Literary Allusions and References:
  箕潁客
  甘猛虎
  蓬蒿",63,Du Fu (杜甫),759年,貽阮隱居,古風,Classical Chinese,,,3.0,
dufu_chunk_2474,dufu_31686,annotations_context,"Poem: 貽阮隱居

Scholarly Annotations:
  昉
  謂阮籍、咸、孚輩
  一作白
  一作字",61,Du Fu (杜甫),759年,貽阮隱居,古風,Classical Chinese,,,,4.0
dufu_chunk_2475,dufu_31806,poem_content,"Poem Title: 遣興三首

Poem Text:
下馬古戰場，
四顧但茫然。
風悲浮雲去，
黃葉墜我前。
朽骨穴螻蟻，
又爲蔓草纏。
故老行歎息，
今人尚開邊。
漢虜互勝負，
封疆不常全。
安得廉恥將，
三軍同晏眠。

Creation Date: 758年
Location: CN610521
Poem Type: 古風",166,Du Fu (杜甫),758年,遣興三首,古風,Classical Chinese,False,True,,
dufu_chunk_2476,dufu_31806,annotations_context,"Poem: 遣興三首

Scholarly Annotations:
  一作墮
  一作失約
  一作頗",53,Du Fu (杜甫),758年,遣興三首,古風,Classical Chinese,,,,3.0
dufu_chunk_2477,dufu_31807,poem_content,"Poem Title: 遣興三首

Poem Text:
高秋登塞山，
南望馬邑州。
降虜東擊胡，
壯健盡不留。
穹廬莽牢落，
上有行雲愁。
老弱哭道路，
願聞甲兵休。
鄴中事反覆，
死人積如丘。
諸將已茅土，
載驅誰與謀。

Creation Date: 758年
Location: CN610521
Poem Type: 古風",166,Du Fu (杜甫),758年,遣興三首,古風,Classical Chinese,False,True,,
dufu_chunk_2478,dufu_31807,annotations_context,"Poem: 遣興三首

Scholarly Annotations:
  一作寒
  一作何蕭條",48,Du Fu (杜甫),758年,遣興三首,古風,Classical Chinese,,,,2.0
dufu_chunk_2479,dufu_31808,poem_content,"Poem Title: 遣興三首

Poem Text:
豐年孰云遲，
甘澤不在早。
耕田秋雨足，
禾黍已映道。
春苗九月交，
顏色同日老。
勸汝衡門士，
忽悲尚枯槁。
時來展材力，
先後無醜好。
但訝鹿皮翁，
忘機對芳草。

Creation Date: 758年
Location: CN610521
Poem Type: 古風",166,Du Fu (杜甫),758年,遣興三首,古風,Classical Chinese,True,True,,
dufu_chunk_2480,dufu_31808,allusions_context,"Poem: 遣興三首

Literary Allusions and References:
  衡門
  鹿皮翁",57,Du Fu (杜甫),758年,遣興三首,古風,Classical Chinese,,,2.0,
dufu_chunk_2481,dufu_31808,annotations_context,"Poem: 遣興三首

Scholarly Annotations:
  一作既，一作亦
  一作荒，一作芝",54,Du Fu (杜甫),758年,遣興三首,古風,Classical Chinese,,,,2.0
dufu_chunk_2482,dufu_31613,poem_content,"Poem Title: 昔遊

Poem Text:
昔謁華蓋君，
深求洞宮脚。
玉棺已上天，
白日亦寂莫。
暮升艮岑頂，
巾几猶未却。
弟子四五人，
入來淚俱落。
余時遊名山，
發軔在遠壑。
良覿違夙願，
含淒向寥廓。
林昏罷幽磬，
竟夜伏石閣。
王喬下天壇，
微月映皓鶴。
晨溪嚮虛駃，
歸徑行已昨。
豈辭青鞋胝，
悵望金匕藥。
東蒙赴舊隱，
尚憶同志樂。
休事董先生，
于今獨蕭索。
胡爲客關塞，
道意久衰薄。
妻子亦何人，
丹砂負前諾。
雖悲鬒髮變，
未憂筋力弱。
扶藜望清秋，
有興入廬霍。

Creation Date: 767年
Location: CN500236,东屯
Poem Type: 古風",307,Du Fu (杜甫),767年,昔遊,古風,Classical Chinese,True,True,,
dufu_chunk_2483,dufu_31613,allusions_context,"Poem: 昔遊

Literary Allusions and References:
  晉代神仙白玉棺
  王喬",59,Du Fu (杜甫),767年,昔遊,古風,Classical Chinese,,,2.0,
dufu_chunk_2484,dufu_31613,annotations_context,"Poem: 昔遊

Scholarly Annotations:
  一作綠袍崑玉脚
  一作人
  一作冥
  一作峰
  一作響
  一作駛
  一作惆悵
  一作伏
  憶昔行所謂衡陽董鍊師也
  一作鬚

... and 1 more annotations",133,Du Fu (杜甫),767年,昔遊,古風,Classical Chinese,,,,11.0
dufu_chunk_2485,dufu_31661,poem_content,"Poem Title: 幽人

Poem Text:
孤雲亦羣遊，
神物有所歸。
麟鳳在赤霄，
何當一來儀。
往與惠荀輩，
中年滄洲期。
天高無消息，
棄我忽若遺。
內懼非道流，
幽人見瑕疵。
洪濤隱語笑，
鼓枻蓬萊池。
崔嵬扶桑日，
照耀珊瑚枝。
風帆倚翠蓋，
暮把東皇衣。
咽漱元和津，
所思煙霞微。
知名未足稱，
局促商山芝。
五湖復浩蕩，
歲暮有餘悲。

Creation Date: 769年
Location: CN430121
Poem Type: 古風",234,Du Fu (杜甫),769年,幽人,古風,Classical Chinese,True,True,,
dufu_chunk_2486,dufu_31661,allusions_context,"Poem: 幽人

Literary Allusions and References:
  商山芝",50,Du Fu (杜甫),769年,幽人,古風,Classical Chinese,,,1.0,
dufu_chunk_2487,dufu_31661,annotations_context,"Poem: 幽人

Scholarly Annotations:
  一作識
  一作靈
  一作嘗
  一作詢，錢謙益曰：“舊注，惠昭、荀珏，惠遠、許詢，俱謬。甫逸詩中有《送惠二過東溪詩》云‘空谷滯斯人’，與此詩滄洲意相合，詢或其名也。”
  一作在
  一作笑語
  一作巘
  一作霧
  末懷李泌，時泌隱衡山",158,Du Fu (杜甫),769年,幽人,古風,Classical Chinese,,,,9.0
dufu_chunk_2488,dufu_31594,poem_content,"Poem Title: 佳人

Poem Text:
絕代有佳人，
幽居在空谷。
自云良家子，
零落依草木。
關中昔喪敗，
兄弟遭殺戮。
官高何足論，
不得收骨肉。
世情惡衰歇，
萬事隨轉燭。
夫壻輕薄兒，
新人已如玉。
合昏尚知時，
鴛鴦不獨宿。
但見新人笑，
那聞舊人哭。
在山泉水清，
出山泉水濁。
侍婢賣珠回，
牽蘿補茅屋。
摘花不插髮，
采柏動盈匊。
天寒翠袖薄，
日暮倚修竹。

Creation Date: 759年
Location: CN6205
Poem Type: 古風",246,Du Fu (杜甫),759年,佳人,古風,Classical Chinese,True,True,,
dufu_chunk_2489,dufu_31594,allusions_context,"Poem: 佳人

Literary Allusions and References:
  佳人絕世",51,Du Fu (杜甫),759年,佳人,古風,Classical Chinese,,,1.0,
dufu_chunk_2490,dufu_31594,annotations_context,"Poem: 佳人

Scholarly Annotations:
  一作山
  一作亂
  一作美
  一作髻，一作鬢
  一作握",66,Du Fu (杜甫),759年,佳人,古風,Classical Chinese,,,,5.0
dufu_chunk_2491,dufu_31586,poem_content,"Poem Title: 赤谷西崦人家

Poem Text:
躋險不自喧，
出郊已清目。
溪回日氣暖，
徑轉山田熟。
鳥雀依茅茨，
藩籬帶松菊。
如行武陵暮，
欲問桃花宿。

Creation Date: 759年
Location: CN6205
Poem Type: 古風",138,Du Fu (杜甫),759年,赤谷西崦人家,古風,Classical Chinese,True,True,,
dufu_chunk_2492,dufu_31586,allusions_context,"Poem: 赤谷西崦人家

Literary Allusions and References:
  武陵",53,Du Fu (杜甫),759年,赤谷西崦人家,古風,Classical Chinese,,,1.0,
dufu_chunk_2493,dufu_31586,annotations_context,"Poem: 赤谷西崦人家

Scholarly Annotations:
  赤谷在奏州西南七十里，曹劉戰此，谷水盡赤，故名。
  一作宣，一作安
  一作源",79,Du Fu (杜甫),759年,赤谷西崦人家,古風,Classical Chinese,,,,3.0
dufu_chunk_2494,dufu_31540,poem_content,"Poem Title: 西枝邨尋置草堂地夜宿贊公土室二首

Poem Text:
出郭眄細岑，
披榛得微路。
溪行一流水，
曲折方屢渡。
贊公湯休徒，
好靜心迹素。
昨枉霞上作，
盛論巖中趣。
怡然共攜手，
恣意同遠步。
捫蘿澀先登，
陟巘眩反顧。
要求陽岡暖，
苦陟陰嶺沍。
惆悵老大藤，
沈吟屈蟠樹。
卜居意未展，
杖策回且暮。
層巔餘落日，
早蔓已多露。

Creation Date: 759年
Location: CN6205
Poem Type: 古風",232,Du Fu (杜甫),759年,西枝邨尋置草堂地夜宿贊公土室二首,古風,Classical Chinese,True,True,,
dufu_chunk_2495,dufu_31540,allusions_context,"Poem: 西枝邨尋置草堂地夜宿贊公土室二首

Literary Allusions and References:
  湯休",63,Du Fu (杜甫),759年,西枝邨尋置草堂地夜宿贊公土室二首,古風,Classical Chinese,,,1.0,
dufu_chunk_2496,dufu_31540,annotations_context,"Poem: 西枝邨尋置草堂地夜宿贊公土室二首

Scholarly Annotations:
  一作步，一作涉
  一作天",62,Du Fu (杜甫),759年,西枝邨尋置草堂地夜宿贊公土室二首,古風,Classical Chinese,,,,2.0
dufu_chunk_2497,dufu_31541,poem_content,"Poem Title: 西枝邨尋置草堂地夜宿贊公土室二首

Poem Text:
天寒鳥已歸，
月出人更靜。
土室延白光，
松門耿疎影。
躋攀倦日短，
語樂寄夜永。
明燃林中薪，
暗汲石底井。
大師京國舊，
德業天機秉。
從來支許遊，
興趣江湖迥。
數奇謫關塞，
道廣存箕潁。
何知戎馬間，
復接塵事屏。
幽尋豈一路，
遠色有諸嶺。
晨光稍曚曨，
更越西南頂。

Creation Date: 759年
Location: CN6205
Poem Type: 古風",232,Du Fu (杜甫),759年,西枝邨尋置草堂地夜宿贊公土室二首,古風,Classical Chinese,True,True,,
dufu_chunk_2498,dufu_31541,allusions_context,"Poem: 西枝邨尋置草堂地夜宿贊公土室二首

Literary Allusions and References:
  數奇
  箕潁",68,Du Fu (杜甫),759年,西枝邨尋置草堂地夜宿贊公土室二首,古風,Classical Chinese,,,2.0,
dufu_chunk_2499,dufu_31541,annotations_context,"Poem: 西枝邨尋置草堂地夜宿贊公土室二首

Scholarly Annotations:
  一作山
  一作已，一作以
  一作泉",68,Du Fu (杜甫),759年,西枝邨尋置草堂地夜宿贊公土室二首,古風,Classical Chinese,,,,3.0
dufu_chunk_2500,dufu_31751,poem_content,"Poem Title: 寄贊上人

Poem Text:
一昨陪錫杖，
卜鄰南山幽。
年侵腰脚衰，
未便陰崖秋。
重岡北面起，
竟日陽光留。
茅屋買兼土，
斯焉心所求。
近聞西枝西，
有谷杉黍稠。
亭午頗和暖，
石田又足收。
當期塞雨乾，
宿昔齒疾瘳。
裴回虎穴上，
面勢龍泓頭。
柴荆具茶茗，
逕路通林丘。
與子成二老，
來往亦風流。

Creation Date: 759年
Location: CN6205
Poem Type: 古風",220,Du Fu (杜甫),759年,寄贊上人,古風,Classical Chinese,True,True,,
dufu_chunk_2501,dufu_31751,allusions_context,"Poem: 寄贊上人

Literary Allusions and References:
  二老",51,Du Fu (杜甫),759年,寄贊上人,古風,Classical Chinese,,,1.0,
dufu_chunk_2502,dufu_31751,annotations_context,"Poem: 寄贊上人

Scholarly Annotations:
  一作置
  一作漆，即桼
  一作沙
  一作寒
  一作遙",67,Du Fu (杜甫),759年,寄贊上人,古風,Classical Chinese,,,,5.0
dufu_chunk_2503,dufu_31441,poem_content,"Poem Title: 太平寺泉眼

Poem Text:
招提憑高岡，
疎散連草莽。
出泉枯柳根，
汲引歲月古。
石間見海眼，
天畔縈水府。
廣深丈尺間，
宴息敢輕侮。
青白二小蛇，
幽姿可時覩。
如絲氣或上，
爛熳爲雲雨。
山頭到山下，
鑿井不盡土。
取供十方僧，
香美勝牛乳。
北風起寒文，
弱藻舒翠縷。
明涵客衣淨，
細蕩林影趣。
何當宅下流，
餘潤通藥圃。
三春濕黃精，
一食生毛羽。

Creation Date: 759年
Location: CN6205
Poem Type: 古風",249,Du Fu (杜甫),759年,太平寺泉眼,古風,Classical Chinese,False,True,,
dufu_chunk_2504,dufu_31441,annotations_context,"Poem: 太平寺泉眼

Scholarly Annotations:
  一作門
  一作勝",47,Du Fu (杜甫),759年,太平寺泉眼,古風,Classical Chinese,,,,2.0
dufu_chunk_2505,dufu_31762,poem_content,"Poem Title: 夢李白二首

Poem Text:
死別已吞聲，
生別常惻惻。
江南瘴癘地，
逐客無消息。
故人入我夢，
明我長相憶。
恐非平生魂，
路遠不可測。
魂來楓葉青，
魂返關塞黑。
君今在羅網，
何以有羽翼。
落月滿屋梁，
猶疑照顏色。
水深波浪闊，
無使蛟龍得。

Creation Date: 759年
Location: CN6205
Poem Type: 古風",193,Du Fu (杜甫),759年,夢李白二首,古風,Classical Chinese,True,True,,
dufu_chunk_2506,dufu_31762,allusions_context,"Poem: 夢李白二首

Literary Allusions and References:
  魂來楓葉青",55,Du Fu (杜甫),759年,夢李白二首,古風,Classical Chinese,,,1.0,
dufu_chunk_2507,dufu_31762,annotations_context,"Poem: 夢李白二首

Scholarly Annotations:
  李白臥廬山，永王璘反，迫致之。璘敗，坐繫尋陽獄，長流夜郎。久之，得釋。
  一作遠
  一作迷
  一作林
  一作夢
  一作似
  一作見",109,Du Fu (杜甫),759年,夢李白二首,古風,Classical Chinese,,,,7.0
dufu_chunk_2508,dufu_31763,poem_content,"Poem Title: 夢李白二首

Poem Text:
浮雲終日行，
遊子久不至。
三夜頻夢君，
情親見君意。
告歸常局促，
苦道來不易。
江湖多風波，
舟楫恐失墜。
出門搔白首，
若負平生志。
冠蓋滿京華，
斯人獨顦顇。
孰云網恢恢，
將老身反累。
千秋萬歲名，
寂莫身後事。

Creation Date: 759年
Location: CN6205
Poem Type: 古風",193,Du Fu (杜甫),759年,夢李白二首,古風,Classical Chinese,True,True,,
dufu_chunk_2509,dufu_31763,allusions_context,"Poem: 夢李白二首

Literary Allusions and References:
  浮雲遊子",54,Du Fu (杜甫),759年,夢李白二首,古風,Classical Chinese,,,1.0,
dufu_chunk_2510,dufu_31763,annotations_context,"Poem: 夢李白二首

Scholarly Annotations:
  李白臥廬山，永王璘反，迫致之。璘敗，坐繫尋陽獄，長流夜郎。久之，得釋。
  一作秋多風
  一作苦
  一作才",93,Du Fu (杜甫),759年,夢李白二首,古風,Classical Chinese,,,,4.0
dufu_chunk_2511,dufu_31525,poem_content,"Poem Title: 有懷台州鄭十八司戶

Poem Text:
天台隔三江，
風浪無晨暮。
鄭公縱得歸，
老病不識路。
昔如水上鷗，
今如罝中兔。
性命由他人，
悲辛但狂顧。
山鬼獨一脚，
蝮蛇長如樹。
呼號傍孤城，
歲月誰與度。
從來禦魑魅，
多爲才名誤。
夫子嵇阮流，
更被時俗惡。
海隅微小吏，
眼暗髮垂素。
黃帽映青袍，
非供折腰具。
平生一杯酒，
見我故人遇。
相望無所成，
乾坤莽回互。

Creation Date: 759年
Location: CN6205
Poem Type: 古風",253,Du Fu (杜甫),759年,有懷台州鄭十八司戶,古風,Classical Chinese,True,True,,
dufu_chunk_2512,dufu_31525,allusions_context,"Poem: 有懷台州鄭十八司戶

Literary Allusions and References:
  黃帽
  嵇阮
  禦魑魅
  不事小兒",74,Du Fu (杜甫),759年,有懷台州鄭十八司戶,古風,Classical Chinese,,,4.0,
dufu_chunk_2513,dufu_31525,annotations_context,"Poem: 有懷台州鄭十八司戶

Scholarly Annotations:
  虔
  一作江海
  一作江，一作天
  一作爲
  一作被
  一作遭
  一作鳩杖近",86,Du Fu (杜甫),759年,有懷台州鄭十八司戶,古風,Classical Chinese,,,,7.0
dufu_chunk_2514,dufu_31811,poem_content,"Poem Title: 遣興五首

Poem Text:
蟄龍三冬臥，
老鶴萬里心。
昔時賢俊人，
未遇猶視今。
嵇康不得死，
孔明有知音。
又如壠底松，
用舍在所尋。
大哉霜雪榦，
歲久爲枯林。

Creation Date: 759年
Location: CN6205
Poem Type: 古風",150,Du Fu (杜甫),759年,遣興五首,古風,Classical Chinese,True,True,,
dufu_chunk_2515,dufu_31811,allusions_context,"Poem: 遣興五首

Literary Allusions and References:
  嵇康
  孔明有知音",59,Du Fu (杜甫),759年,遣興五首,古風,Classical Chinese,,,2.0,
dufu_chunk_2516,dufu_31811,annotations_context,"Poem: 遣興五首

Scholarly Annotations:
  一作且不死
  一作隴坻",49,Du Fu (杜甫),759年,遣興五首,古風,Classical Chinese,,,,2.0
dufu_chunk_2517,dufu_31814,poem_content,"Poem Title: 遣興五首

Poem Text:
昔者龐德公，
未曾入州府。
襄陽耆舊間，
處士節獨苦。
豈無濟時策，
終竟畏羅罟。
林茂鳥有歸，
水深魚知聚。
舉家依鹿門，
劉表焉得取。

Creation Date: 759年
Location: CN6205
Poem Type: 古風",150,Du Fu (杜甫),759年,遣興五首,古風,Classical Chinese,True,True,,
dufu_chunk_2518,dufu_31814,allusions_context,"Poem: 遣興五首

Literary Allusions and References:
  劉表焉取
  龐德公",59,Du Fu (杜甫),759年,遣興五首,古風,Classical Chinese,,,2.0,
dufu_chunk_2519,dufu_31814,annotations_context,"Poem: 遣興五首

Scholarly Annotations:
  一作在昔
  一作猶
  一作術
  一作歲
  一作罪
  一作隱",71,Du Fu (杜甫),759年,遣興五首,古風,Classical Chinese,,,,6.0
dufu_chunk_2520,dufu_31817,poem_content,"Poem Title: 遣興五首

Poem Text:
陶潛避俗翁，
未必能達道。
觀其著詩集，
頗亦恨枯槁。
達生豈是足，
默識蓋不早。
有子賢與愚，
何其挂懷抱。

Creation Date: 759年
Location: CN6205
Poem Type: 古風",136,Du Fu (杜甫),759年,遣興五首,古風,Classical Chinese,True,False,,
dufu_chunk_2521,dufu_31817,allusions_context,"Poem: 遣興五首

Literary Allusions and References:
  陶潛",51,Du Fu (杜甫),759年,遣興五首,古風,Classical Chinese,,,1.0,
dufu_chunk_2522,dufu_31208,poem_content,"Poem Title: 遣興五首

Poem Text:
賀公雅吳語，
在位常清狂。
上疏乞骸骨，
黃冠歸故鄉。
爽氣不可致，
斯人今則亡。
山陰一茅宇，
江海日淒涼。

Creation Date: 759年
Location: CN6205
Poem Type: 古風",136,Du Fu (杜甫),759年,遣興五首,古風,Classical Chinese,False,True,,
dufu_chunk_2523,dufu_31208,annotations_context,"Poem: 遣興五首

Scholarly Annotations:
  一作淮",40,Du Fu (杜甫),759年,遣興五首,古風,Classical Chinese,,,,1.0
dufu_chunk_2524,dufu_31821,poem_content,"Poem Title: 遣興五首

Poem Text:
吾憐孟浩然，
裋褐即長夜。
賦詩何必多，
往往凌鮑謝。
清江空舊魚，
春雨餘甘蔗。
每望東南雲，
令人幾悲吒。

Creation Date: 759年
Location: CN6205
Poem Type: 古風",136,Du Fu (杜甫),759年,遣興五首,古風,Classical Chinese,False,True,,
dufu_chunk_2525,dufu_31821,annotations_context,"Poem: 遣興五首

Scholarly Annotations:
  一作舊魚美",42,Du Fu (杜甫),759年,遣興五首,古風,Classical Chinese,,,,1.0
dufu_chunk_2526,dufu_31810,poem_content,"Poem Title: 遣興五首

Poem Text:
朔風飄胡雁，
慘澹帶砂礫。
長林何蕭蕭，
秋草萋更碧。
北里富熏天，
高樓夜吹笛。
焉知南鄰客，
九月猶絺綌。

Creation Date: 759年
Location: CN6205
Poem Type: 古風",136,Du Fu (杜甫),759年,遣興五首,古風,Classical Chinese,False,False,,
dufu_chunk_2527,dufu_31812,poem_content,"Poem Title: 遣興五首

Poem Text:
長陵銳頭兒，
出獵待明發。
騂弓金爪鏑，
白馬蹴微雪。
未知所馳逐，
但見暮光滅。
歸來懸兩狼，
門戶有旌節。

Creation Date: 759年
Location: CN6205
Poem Type: 古風",136,Du Fu (杜甫),759年,遣興五首,古風,Classical Chinese,True,True,,
dufu_chunk_2528,dufu_31812,allusions_context,"Poem: 遣興五首

Literary Allusions and References:
  銳頭兒",52,Du Fu (杜甫),759年,遣興五首,古風,Classical Chinese,,,1.0,
dufu_chunk_2529,dufu_31812,annotations_context,"Poem: 遣興五首

Scholarly Annotations:
  一作觪",40,Du Fu (杜甫),759年,遣興五首,古風,Classical Chinese,,,,1.0
dufu_chunk_2530,dufu_31816,poem_content,"Poem Title: 遣興五首

Poem Text:
漆有用而割，
膏以明自煎。
蘭摧白露下，
桂折秋風前。
府中羅舊尹，
沙道尚依然。
赫赫蕭京兆，
今爲時所憐。

Creation Date: 759年
Location: CN6205
Poem Type: 古風",136,Du Fu (杜甫),759年,遣興五首,古風,Classical Chinese,True,True,,
dufu_chunk_2531,dufu_31816,allusions_context,"Poem: 遣興五首

Literary Allusions and References:
  漆有用而割
  今為時憐",61,Du Fu (杜甫),759年,遣興五首,古風,Classical Chinese,,,2.0,
dufu_chunk_2532,dufu_31816,annotations_context,"Poem: 遣興五首

Scholarly Annotations:
  京兆尹蕭炅與鮮于仲通輩皆爲宰相私人，故云",57,Du Fu (杜甫),759年,遣興五首,古風,Classical Chinese,,,,1.0
dufu_chunk_2533,dufu_31818,poem_content,"Poem Title: 遣興五首

Poem Text:
猛虎憑其威，
往往遭急縛。
雷吼徒咆哮，
枝撐已在脚。
忽看皮寢處，
無復睛閃爍。
人有甚於斯，
足以勸元惡。

Creation Date: 759年
Location: CN6205
Poem Type: 古風",136,Du Fu (杜甫),759年,遣興五首,古風,Classical Chinese,True,True,,
dufu_chunk_2534,dufu_31818,allusions_context,"Poem: 遣興五首

Literary Allusions and References:
  皮寢",51,Du Fu (杜甫),759年,遣興五首,古風,Classical Chinese,,,1.0,
dufu_chunk_2535,dufu_31818,annotations_context,"Poem: 遣興五首

Scholarly Annotations:
  一作戒",40,Du Fu (杜甫),759年,遣興五首,古風,Classical Chinese,,,,1.0
dufu_chunk_2536,dufu_31822,poem_content,"Poem Title: 遣興五首

Poem Text:
朝逢富家葬，
前後皆輝光。
共指親戚大，
緦麻百夫行。
送者各有死，
不須羨其強。
君看束練去，
亦得歸山岡。

Creation Date: 759年
Location: CN6205
Poem Type: 古風",136,Du Fu (杜甫),759年,遣興五首,古風,Classical Chinese,False,True,,
dufu_chunk_2537,dufu_31822,annotations_context,"Poem: 遣興五首

Scholarly Annotations:
  一作逆
  一作見
  一作縛",52,Du Fu (杜甫),759年,遣興五首,古風,Classical Chinese,,,,3.0
dufu_chunk_2538,dufu_31560,poem_content,"Poem Title: 別贊上人

Poem Text:
百川日東流，
客去亦不息。
我生苦漂蕩，
何時有終極。
贊公釋門老，
放逐來上國。
還爲世塵嬰，
頗帶顦顇色。
楊枝晨在手，
豆子雨已熟。
是身如浮雲，
安可限南北。
異縣逢舊友，
初忻寫胸臆。
天長關塞寒，
歲暮飢凍逼。
野風吹征衣，
欲別向曛黑。
馬嘶思故櫪，
歸鳥盡斂翼。
古來聚散地，
宿昔長荆棘。
相看俱衰年，
出處各努力。

Creation Date: 759年
Location: CN6205
Poem Type: 古風",248,Du Fu (杜甫),759年,別贊上人,古風,Classical Chinese,False,True,,
dufu_chunk_2539,dufu_31560,annotations_context,"Poem: 別贊上人

Scholarly Annotations:
  一作若
  一作兩
  一作交
  一作遠
  一作寒
  一作昏
  一作鳴",76,Du Fu (杜甫),759年,別贊上人,古風,Classical Chinese,,,,7.0
dufu_chunk_2540,dufu_31416,poem_content,"Poem Title: 萬丈潭

Poem Text:
青溪合冥莫，
神物有顯晦。
龍依積水蟠，
窟壓萬丈內。
跼步凌垠堮，
側身下煙靄。
前臨洪濤寬，
却立蒼石大。
山色一徑盡，
崖絕兩壁對。
削成根虛無，
倒影垂澹瀩。
黑如灣澴底，
清見光炯碎。
孤雲倒來深，
飛鳥不在外。
高蘿成帷幄，
寒木累旌旆。
遠川曲通流，
嵌竇潛洩瀨。
造幽無人境，
發興自我輩。
告歸遺恨多，
將老斯遊最。
閉藏修鱗蟄，
出入巨石礙。
何事暑天過，
快意風雨會。

Creation Date: 759年
Location: CN621221
Poem Type: 古風",277,Du Fu (杜甫),759年,萬丈潭,古風,Classical Chinese,False,True,,
dufu_chunk_2541,dufu_31416,annotations_context,"Poem: 萬丈潭

Scholarly Annotations:
  原注：同谷縣作，潭在縣東南七里。一本此詩編入《七歌》後，《發同谷縣》前。
  一作含
  一作鄂
  一作危
  一作岸
  一作對，一作賴
  一作爲，一作知
  一作峰
  一作帳
  一作壘，一作疊

... and 4 more annotations",166,Du Fu (杜甫),759年,萬丈潭,古風,Classical Chinese,,,,14.0
dufu_chunk_2542,dufu_31549,poem_content,"Poem Title: 兩當縣吳十侍御江上宅

Poem Text:
寒城朝煙澹，
山谷落葉赤。
陰風千里來，
吹汝江上宅。
鵾雞號枉渚，
日色傍阡陌。
借問持斧翁，
幾年長沙客。
哀哀失木狖，
矯矯避弓翮。
亦知故鄉樂，
未敢思夙昔。
昔在鳳翔都，
共通金閨籍。
天子猶蒙塵，
東郊暗長戟。
兵家忌間諜，
此輩常接跡。
臺中領舉劾，
君必慎剖析。
不忍殺無辜，
所以分白黑。
上官權許與，
失意見遷斥。
仲尼甘旅人，
向子識損益。
朝廷非不知，
閉口休歎息。
余時忝諍臣，
丹陛實咫尺。
相看受狼狽，
至死難塞責。
行邁心多違，
出門無與適。
於公負明義，
惆悵頭更白。

Creation Date: 759年
Location: CN621221
Poem Type: 古風",340,Du Fu (杜甫),759年,兩當縣吳十侍御江上宅,古風,Classical Chinese,True,True,,
dufu_chunk_2543,dufu_31549,allusions_context,"Poem: 兩當縣吳十侍御江上宅

Literary Allusions and References:
  長沙客
  持斧
  向子識損益",71,Du Fu (杜甫),759年,兩當縣吳十侍御江上宅,古風,Classical Chinese,,,3.0,
dufu_chunk_2544,dufu_31549,annotations_context,"Poem: 兩當縣吳十侍御江上宅

Scholarly Annotations:
  兩當水出大散嶺，西南流入故道川，縣以水名，吳侍御名郁，以言事被謫，家居兩當。
  一作門
  一本仲尼一聯在朝廷一聯下",102,Du Fu (杜甫),759年,兩當縣吳十侍御江上宅,古風,Classical Chinese,,,,3.0
dufu_chunk_2545,dufu_31469,poem_content,"Poem Title: 發秦州

Poem Text:
我衰更嬾拙，
生事不自謀。
無食問樂土，
無衣思南州。
漢源十月交，
天氣涼如秋。
草木未黃落，
況聞山水幽。
栗亭名更佳，
下有良田疇。
充腸多薯蕷，
崖蜜亦易求。
密竹復冬筍，
清池可方舟。
雖傷旅寓遠，
庶遂平生遊。
此邦俯要衝，
實恐人事稠。
應接非本性，
登臨未銷憂。
谿谷無異石，
塞田始微收。
豈復慰老夫，
惘然難久留。
日色隱孤戍，
烏啼滿城頭。
中宵驅車去，
飲馬寒塘流。
磊落星月高，
蒼茫雲霧浮。
大哉乾坤內，
吾道長悠悠。

Creation Date: 759年
Location: CN6205
Poem Type: 古風",303,Du Fu (杜甫),759年,發秦州,古風,Classical Chinese,True,True,,
dufu_chunk_2546,dufu_31469,allusions_context,"Poem: 發秦州

Literary Allusions and References:
  樂土",50,Du Fu (杜甫),759年,發秦州,古風,Classical Chinese,,,1.0,
dufu_chunk_2547,dufu_31469,annotations_context,"Poem: 發秦州

Scholarly Annotations:
  原注：乾元二年，自秦州赴同谷縣紀行。
  一作如涼
  一作東
  同谷有栗亭鎮
  一作云
  一作名
  一作大
  一作炯",100,Du Fu (杜甫),759年,發秦州,古風,Classical Chinese,,,,8.0
dufu_chunk_2548,dufu_31585,poem_content,"Poem Title: 赤谷

Poem Text:
天寒霜雪繁，
遊子有所之。
豈但歲月暮，
重來未有期。
晨發赤谷亭，
險艱方自茲。
亂石無改轍，
我車已載脂。
山深苦多風，
落日童穉飢。
悄然邨墟迥，
煙火何由追。
貧病轉零落，
故鄉不可思。
常恐死道路，
永爲高人嗤。

Creation Date: 759年
Location: CN6205
Poem Type: 古風",190,Du Fu (杜甫),759年,赤谷,古風,Classical Chinese,False,True,,
dufu_chunk_2549,dufu_31585,annotations_context,"Poem: 赤谷

Scholarly Annotations:
  一作亦未
  一作難
  一作飄零",52,Du Fu (杜甫),759年,赤谷,古風,Classical Chinese,,,,3.0
dufu_chunk_2550,dufu_31727,poem_content,"Poem Title: 鐵堂峽

Poem Text:
山風吹遊子，
縹緲乘險絕。
峽形藏堂隍，
壁色立積鐵。
徑摩穹蒼蟠，
石與厚地裂。
修纖無垠竹，
嵌空太始雪。
威遲哀壑底，
徒旅慘不悅。
水寒長冰橫，
我馬骨正折。
生涯抵弧矢，
盜賊殊未滅。
飄蓬踰三年，
回首肝肺熱。

Creation Date: 759年
Location: CN6205
Poem Type: 古風",191,Du Fu (杜甫),759年,鐵堂峽,古風,Classical Chinese,False,True,,
dufu_chunk_2551,dufu_31727,annotations_context,"Poem: 鐵堂峽

Scholarly Annotations:
  鐵堂山在天水縣東五里，峽有鐵堂莊。
  一作精
  一作限
  一作孔
  一作徒懷松柏悅",81,Du Fu (杜甫),759年,鐵堂峽,古風,Classical Chinese,,,,5.0
dufu_chunk_2552,dufu_31718,poem_content,"Poem Title: 鹽井

Poem Text:
鹵中草木白，
青者官鹽煙。
官作既有程，
煮鹽煙在川。
汲井歲榾榾，
出車日連連。
自公斗三百，
轉致斛六千。
君子慎止足，
小人苦喧闐。
我何良歎嗟，
物理固自然。

Creation Date: 759年
Location: CN621226
Poem Type: 古風",164,Du Fu (杜甫),759年,鹽井,古風,Classical Chinese,False,True,,
dufu_chunk_2553,dufu_31718,annotations_context,"Poem: 鹽井

Scholarly Annotations:
  鹽井在成州長道縣，有鹽官故城。
  鹽池也
  一作直
  一作青
  一作搰搰
  一作亦固",82,Du Fu (杜甫),759年,鹽井,古風,Classical Chinese,,,,6.0
dufu_chunk_2554,dufu_31775,poem_content,"Poem Title: 寒硤

Poem Text:
行邁日悄悄，
山谷勢多端。
雲門轉絕岸，
積阻霾天寒。
寒硤不可度，
我實衣裳單。
況當仲冬交，
泝沿增波瀾。
野人尋煙語，
行子傍水餐。
此生免荷殳，
未敢辭路難。

Creation Date: 759年
Location: CN621225
Poem Type: 古風",164,Du Fu (杜甫),759年,寒硤,古風,Classical Chinese,False,True,,
dufu_chunk_2555,dufu_31775,annotations_context,"Poem: 寒硤

Scholarly Annotations:
  一作貧",38,Du Fu (杜甫),759年,寒硤,古風,Classical Chinese,,,,1.0
dufu_chunk_2556,dufu_31615,poem_content,"Poem Title: 法鏡寺

Poem Text:
身危適他州，
勉強終勞苦。
神傷山行深，
愁破崖寺古。
嬋娟碧鮮淨，
蕭摵寒籜聚。
回回山根水，
冉冉松上雨。
洩雲蒙清晨，
初日翳復吐。
朱甍半光炯，
戶牖粲可數。
拄策忘前期，
出蘿已亭午。
冥冥子規叫，
微徑不復取。

Creation Date: 759年
Location: CN621225
Poem Type: 古風",193,Du Fu (杜甫),759年,法鏡寺,古風,Classical Chinese,False,True,,
dufu_chunk_2557,dufu_31615,annotations_context,"Poem: 法鏡寺

Scholarly Annotations:
  一作蘚
  一作洄洄
  一作石
  一作枉
  一作敢",64,Du Fu (杜甫),759年,法鏡寺,古風,Classical Chinese,,,,5.0
dufu_chunk_2558,dufu_31637,poem_content,"Poem Title: 青陽峽

Poem Text:
塞外苦厭山，
南行道彌惡。
岡巒相經亙，
雲水氣參錯。
林迥硤角來，
天窄壁面削。
磎西五里石，
奮怒向我落。
仰看日車側，
俯恐坤軸弱。
魑魅嘯有風，
霜霰浩漠漠。
昨憶踰隴坂，
高秋視吳岳。
東笑蓮華卑，
北知崆峒薄。
超然侔壯觀，
已謂殷寥廓。
突兀猶趁人，
及茲歎冥莫。

Creation Date: 759年
Location: CN621225
Poem Type: 古風",221,Du Fu (杜甫),759年,青陽峽,古風,Classical Chinese,True,True,,
dufu_chunk_2559,dufu_31637,allusions_context,"Poem: 青陽峽

Literary Allusions and References:
  日車",50,Du Fu (杜甫),759年,青陽峽,古風,Classical Chinese,,,1.0,
dufu_chunk_2560,dufu_31637,annotations_context,"Poem: 青陽峽

Scholarly Annotations:
  一作登路
  一作穿
  一作有任
  一作憶昨
  肅宗在鳳翔，改汧陽縣吳山爲西岳
  一作隱
  一作谷
  一作漠",96,Du Fu (杜甫),759年,青陽峽,古風,Classical Chinese,,,,8.0
dufu_chunk_2561,dufu_31495,poem_content,"Poem Title: 龍門鎮

Poem Text:
細泉兼輕冰，
沮洳棧道濕。
不辭辛苦行，
迫此短景急。
石門雪雲隘，
古鎮峰巒集。
旌竿暮慘澹，
風水白刃澀。
胡馬屯成臯，
防虞此何及。
嗟爾遠戍人，
山寒夜中泣。

Creation Date: 759年
Location: CN621225
Poem Type: 古風",165,Du Fu (杜甫),759年,龍門鎮,古風,Classical Chinese,False,True,,
dufu_chunk_2562,dufu_31495,annotations_context,"Poem: 龍門鎮

Scholarly Annotations:
  龍門鎮在成縣東，後改府城鎮。
  一作迨
  一作雲雷
  一作溢
  言安史兵屯成臯，而置戍於此，道里遙遠不相及",93,Du Fu (杜甫),759年,龍門鎮,古風,Classical Chinese,,,,5.0
dufu_chunk_2563,dufu_31489,poem_content,"Poem Title: 石龕

Poem Text:
熊羆哮我東，
虎豹號我西。
我後鬼長嘯，
我前狨又啼。
天寒昏無日，
山遠道路迷。
驅車石龕下，
仲冬見虹蜺。
伐竹者誰子，
悲歌上雲梯。
爲官采美箭，
五歲供梁齊。
苦云直簳盡，
無以充提攜。
奈何漁陽騎，
颯颯驚烝黎。

Creation Date: 759年
Location: CN621225
Poem Type: 古風",192,Du Fu (杜甫),759年,石龕,古風,Classical Chinese,False,True,,
dufu_chunk_2564,dufu_31489,annotations_context,"Poem: 石龕

Scholarly Annotations:
  一作木
  一作抱
  一作笴
  一作應",56,Du Fu (杜甫),759年,石龕,古風,Classical Chinese,,,,4.0
dufu_chunk_2565,dufu_31721,poem_content,"Poem Title: 積草嶺

Poem Text:
連峰積長陰，
白日遞隱見。
颼颼林響交，
慘慘石壯變。
山分積草嶺，
路異明水縣。
旅泊吾道窮，
衰年歲時倦。
卜居尚百里，
休駕投諸彥。
邑有佳主人，
情如已會面。
來書語絕妙，
遠客驚深眷。
食蕨不願餘，
茅茨眼中見。

Creation Date: 759年
Location: CN621221
Poem Type: 古風",193,Du Fu (杜甫),759年,積草嶺,古風,Classical Chinese,True,True,,
dufu_chunk_2566,dufu_31721,allusions_context,"Poem: 積草嶺

Literary Allusions and References:
  吾道窮",51,Du Fu (杜甫),759年,積草嶺,古風,Classical Chinese,,,1.0,
dufu_chunk_2567,dufu_31721,annotations_context,"Poem: 積草嶺

Scholarly Annotations:
  原注：同谷縣界。
  一作外
  一作鳴
  一作東
  一作厭",68,Du Fu (杜甫),759年,積草嶺,古風,Classical Chinese,,,,5.0
dufu_chunk_2568,dufu_31616,poem_content,"Poem Title: 泥功山

Poem Text:
朝行青泥上，
暮在青泥中。
泥濘非一時，
版築勞人功。
不畏道途永，
乃將汨沒同。
白馬爲鐵驪，
小兒成老翁。
哀猿透却墜，
死鹿力所窮。
寄語北來人，
後來莫悤悤。

Creation Date: 759年
Location: CN621221
Poem Type: 古風",165,Du Fu (杜甫),759年,泥功山,古風,Classical Chinese,False,True,,
dufu_chunk_2569,dufu_31616,annotations_context,"Poem: 泥功山

Scholarly Annotations:
  一作公
  貞元五年，於同谷西境泥公山權置行成州。
  青泥嶺在興州
  一作穽
  一作路
  一作反
  一作及此
  一作猱",101,Du Fu (杜甫),759年,泥功山,古風,Classical Chinese,,,,8.0
dufu_chunk_2570,dufu_31437,poem_content,"Poem Title: 鳳凰臺

Poem Text:
亭亭鳳凰臺，
北對西康州。
西伯今寂寞，
凰聲亦悠悠。
山峻路絕蹤，
石林氣高浮。
安得萬丈梯，
爲君上上頭。
恐有無母雛，
飢寒日啾啾。
我能剖心出，
飲啄慰孤愁。
心以當竹實，
炯然無外求。
血以當醴泉，
豈徒比清流。
所貴王者瑞，
敢辭微命休。
坐看綵翮長，
舉意八極周。
自天銜瑞圖，
飛下十二樓。
圖以奉至尊，
鳳以垂鴻猷。
再光中興業，
一洗蒼生憂。
深衷正爲此，
羣盜何淹留。

Creation Date: 759年
Location: CN621221
Poem Type: 古風",277,Du Fu (杜甫),759年,鳳凰臺,古風,Classical Chinese,True,True,,
dufu_chunk_2571,dufu_31437,allusions_context,"Poem: 鳳凰臺

Literary Allusions and References:
  十二樓
  鳳垂鴻猷
  鳳領九雛
  醴泉
  西伯
  銜瑞圖",81,Du Fu (杜甫),759年,鳳凰臺,古風,Classical Chinese,,,6.0,
dufu_chunk_2572,dufu_31437,annotations_context,"Poem: 鳳凰臺

Scholarly Annotations:
  原注：山峻不至高頂，方與勝覽，鳳皇臺在同谷縣東南十里，二石如闕，漢有鳳皇來棲，故名。
  武德初置
  一作居
  一作啁
  一作血
  一作忘
  一作重
  一作舉
  一作縱
  一作圖識

... and 2 more annotations",162,Du Fu (杜甫),759年,鳳凰臺,古風,Classical Chinese,,,,12.0
dufu_chunk_2573,dufu_31734,poem_content,"Poem Title: 乾元中寓居同谷縣作歌七首

Poem Text:
有客有客字子美，
白頭亂髮垂過耳。
歲拾橡栗隨狙公，
天寒日暮山谷裏。
中原無書歸不得，
手脚凍皴皮肉死。
嗚呼一歌兮歌已哀，
悲風爲我從天來。

Creation Date: 759年
Location: CN621221
Poem Type: 古風",163,Du Fu (杜甫),759年,乾元中寓居同谷縣作歌七首,古風,Classical Chinese,False,True,,
dufu_chunk_2574,dufu_31734,annotations_context,"Poem: 乾元中寓居同谷縣作歌七首

Scholarly Annotations:
  一作短
  一作兩
  一作主
  一作獨
  一作東",72,Du Fu (杜甫),759年,乾元中寓居同谷縣作歌七首,古風,Classical Chinese,,,,5.0
dufu_chunk_2575,dufu_31735,poem_content,"Poem Title: 乾元中寓居同谷縣作歌七首

Poem Text:
長鑱長鑱白木柄，
我生托子以爲命。
黃精無苗山雪盛，
短衣數挽不掩脛。
此時與子空歸來，
男呻女吟四壁靜。
嗚呼二歌兮歌始放，
鄰里爲我色惆悵。

Creation Date: 759年
Location: CN621221
Poem Type: 古風",163,Du Fu (杜甫),759年,乾元中寓居同谷縣作歌七首,古風,Classical Chinese,False,True,,
dufu_chunk_2576,dufu_31735,annotations_context,"Poem: 乾元中寓居同谷縣作歌七首

Scholarly Annotations:
  一作獨
  一作同
  一作閭",60,Du Fu (杜甫),759年,乾元中寓居同谷縣作歌七首,古風,Classical Chinese,,,,3.0
dufu_chunk_2577,dufu_31736,poem_content,"Poem Title: 乾元中寓居同谷縣作歌七首

Poem Text:
有弟有弟在遠方，
三人各瘦何人強。
生別展轉不相見，
胡塵暗天道路長。
東飛鴐鵝後鶖鶬，
安得送我置汝旁。
嗚呼三歌兮歌三發，
汝歸何處收兄骨。

Creation Date: 759年
Location: CN621221
Poem Type: 古風",163,Du Fu (杜甫),759年,乾元中寓居同谷縣作歌七首,古風,Classical Chinese,True,True,,
dufu_chunk_2578,dufu_31736,allusions_context,"Poem: 乾元中寓居同谷縣作歌七首

Literary Allusions and References:
  弟瘦",59,Du Fu (杜甫),759年,乾元中寓居同谷縣作歌七首,古風,Classical Chinese,,,1.0,
dufu_chunk_2579,dufu_31736,annotations_context,"Poem: 乾元中寓居同谷縣作歌七首

Scholarly Annotations:
  一作各一
  一作取",55,Du Fu (杜甫),759年,乾元中寓居同谷縣作歌七首,古風,Classical Chinese,,,,2.0
dufu_chunk_2580,dufu_31737,poem_content,"Poem Title: 乾元中寓居同谷縣作歌七首

Poem Text:
有妹有妹在鍾離，
良人早歿諸孤癡。
長淮浪高蛟龍怒，
十年不見來何時。
扁舟欲往箭滿眼，
杳杳南國多旌旗。
嗚呼四歌兮歌四奏，
林猨爲我啼清晝。

Creation Date: 759年
Location: CN621221
Poem Type: 古風",163,Du Fu (杜甫),759年,乾元中寓居同谷縣作歌七首,古風,Classical Chinese,False,True,,
dufu_chunk_2581,dufu_31737,annotations_context,"Poem: 乾元中寓居同谷縣作歌七首

Scholarly Annotations:
  一作遲
  一作竹林猨",56,Du Fu (杜甫),759年,乾元中寓居同谷縣作歌七首,古風,Classical Chinese,,,,2.0
dufu_chunk_2582,dufu_31738,poem_content,"Poem Title: 乾元中寓居同谷縣作歌七首

Poem Text:
四山多風溪水急，
寒雨颯颯枯樹濕。
黃蒿古城雲不開，
白狐跳梁黃狐立。
我生何爲在窮谷，
中夜起坐萬感集。
嗚呼五歌兮歌正長，
魂招不來歸故鄉。

Creation Date: 759年
Location: CN621221
Poem Type: 古風",163,Du Fu (杜甫),759年,乾元中寓居同谷縣作歌七首,古風,Classical Chinese,True,True,,
dufu_chunk_2583,dufu_31738,allusions_context,"Poem: 乾元中寓居同谷縣作歌七首

Literary Allusions and References:
  魂招",59,Du Fu (杜甫),759年,乾元中寓居同谷縣作歌七首,古風,Classical Chinese,,,1.0,
dufu_chunk_2584,dufu_31738,annotations_context,"Poem: 乾元中寓居同谷縣作歌七首

Scholarly Annotations:
  一作風
  一作樹枝
  一作玄",61,Du Fu (杜甫),759年,乾元中寓居同谷縣作歌七首,古風,Classical Chinese,,,,3.0
dufu_chunk_2585,dufu_31739,poem_content,"Poem Title: 乾元中寓居同谷縣作歌七首

Poem Text:
南有龍兮在山湫，
古木巃嵷枝相樛。
木葉黃落龍正蟄，
蝮蛇東來水上遊。
我行怪此安敢出，
拔劒欲斬且復休。
嗚呼六歌兮歌思遲，
溪壑爲我回春姿。

Creation Date: 759年
Location: CN621221
Poem Type: 古風",163,Du Fu (杜甫),759年,乾元中寓居同谷縣作歌七首,古風,Classical Chinese,False,True,,
dufu_chunk_2586,dufu_31739,annotations_context,"Poem: 乾元中寓居同谷縣作歌七首

Scholarly Annotations:
  一作寒
  一作怨遲",55,Du Fu (杜甫),759年,乾元中寓居同谷縣作歌七首,古風,Classical Chinese,,,,2.0
dufu_chunk_2587,dufu_31740,poem_content,"Poem Title: 乾元中寓居同谷縣作歌七首

Poem Text:
男兒生不成名身已老，
三年飢走荒山道。
長安卿相多少年，
富貴應須致身早。
山中儒生舊相識，
但話宿昔傷懷抱。
嗚呼七歌兮悄終曲，
仰視皇天白日速。

Creation Date: 759年
Location: CN621221
Poem Type: 古風",165,Du Fu (杜甫),759年,乾元中寓居同谷縣作歌七首,古風,Classical Chinese,False,True,,
dufu_chunk_2588,dufu_31740,annotations_context,"Poem: 乾元中寓居同谷縣作歌七首

Scholarly Annotations:
  一作十",48,Du Fu (杜甫),759年,乾元中寓居同谷縣作歌七首,古風,Classical Chinese,,,,1.0
dufu_chunk_2589,dufu_31468,poem_content,"Poem Title: 發同谷縣

Poem Text:
賢有不黔突，
聖有不煖席。
況我飢愚人，
焉能尚安宅。
始來茲山中，
休駕喜地僻。
奈何迫物累，
一歲四行役。
忡忡去絕境，
杳杳更遠適。
停驂龍潭雲，
回首白崖石。
臨岐別數子，
握手淚再滴。
交情無舊深，
窮老多慘慼。
平生嬾拙意，
偶值棲遁跡。
去住與願違，
仰慙林間翮。

Creation Date: 759年
Location: CN621221
Poem Type: 古風",222,Du Fu (杜甫),759年,發同谷縣,古風,Classical Chinese,False,True,,
dufu_chunk_2590,dufu_31468,annotations_context,"Poem: 發同谷縣

Scholarly Annotations:
  原注：乾元二年十二月一日自隴右赴劒南紀行。
  一作夫
  一作嘉
  夏發華州，冬離秦州，十一月至成州，十二月發同谷
  一作虎
  一作雖無舊深知，一作雖舊情深知",120,Du Fu (杜甫),759年,發同谷縣,古風,Classical Chinese,,,,6.0
dufu_chunk_2591,dufu_31448,poem_content,"Poem Title: 木皮嶺

Poem Text:
首路栗亭西，
尚想鳳皇邨。
季冬攜童穉，
辛苦赴蜀門。
南登木皮嶺，
艱險不易論。
汗流被我體，
祁寒爲之暄。
遠岫爭輔佐，
千巖自崩奔。
始知五岳外，
別有他山尊。
仰干塞大明，
俯入裂厚坤。
再聞虎豹鬬，
屢跼風水昏。
高有廢閣道，
摧折如短轅。
下有冬青林，
石上走長根。
西崖特秀發，
煥若靈芝繁。
潤聚金碧氣，
清無沙土痕。
憶觀崑崙圖，
目擊懸圃存。
對此欲何適，
默傷垂老魂。

Creation Date: 759年
Location: CN621221
Poem Type: 古風",277,Du Fu (杜甫),759年,木皮嶺,古風,Classical Chinese,False,True,,
dufu_chunk_2592,dufu_31448,annotations_context,"Poem: 木皮嶺

Scholarly Annotations:
  嶺在同谷、河池二縣間。黃巢亂，王鐸置關於此，以扼秦隴，路極險阻。
  去聲
  一作幼
  一作峘
  一作更
  一作見
  一作看
  一作斷
  一作墟",115,Du Fu (杜甫),759年,木皮嶺,古風,Classical Chinese,,,,9.0
dufu_chunk_2593,dufu_31482,poem_content,"Poem Title: 白沙渡

Poem Text:
畏途隨長江，
渡口下絕岸。
差池上舟楫，
杳窕入雲漢。
天寒荒野外，
日暮中流半。
我馬向北嘶，
山猨飲相喚。
水清石礧礧，
沙白灘漫漫。
迥然洗愁辛，
多病一疎散。
高壁抵嶔崟，
洪濤越凌亂。
臨風獨回首，
攬轡復三歎。

Creation Date: 759年
Location: CN610727
Poem Type: 古風",193,Du Fu (杜甫),759年,白沙渡,古風,Classical Chinese,False,True,,
dufu_chunk_2594,dufu_31482,annotations_context,"Poem: 白沙渡

Scholarly Annotations:
  屬劒州
  即嘉陵江
  一作翛
  一作岑",58,Du Fu (杜甫),759年,白沙渡,古風,Classical Chinese,,,,4.0
dufu_chunk_2595,dufu_31449,poem_content,"Poem Title: 水會渡

Poem Text:
山行有常程，
中夜尚未安。
微月沒已久，
崖傾路何難。
大江動我前，
洶若溟渤寬。
篙師暗理楫，
歌笑輕波瀾。
霜濃木石滑，
風急手足寒。
入舟已千憂，
陟巘仍萬盤。
迥眺積水外，
始知衆星乾。
遠遊令人瘦，
衰疾慙加餐。

Creation Date: 759年
Location: CN610727
Poem Type: 古風",193,Du Fu (杜甫),759年,水會渡,古風,Classical Chinese,False,True,,
dufu_chunk_2596,dufu_31449,annotations_context,"Poem: 水會渡

Scholarly Annotations:
  一作回
  一作當
  一作烈，一作冽
  一作迴
  一作出
  一作石",73,Du Fu (杜甫),759年,水會渡,古風,Classical Chinese,,,,6.0
dufu_chunk_2597,dufu_31433,poem_content,"Poem Title: 飛仙閣

Poem Text:
土門山行窄，
微徑緣秋毫。
棧雲蘭干峻，
梯石結搆牢。
萬壑攲疎林，
積陰帶奔濤。
寒日外澹泊，
長風中怒號。
歇鞍在地底，
始覺所歷高。
往來雜坐臥，
人馬同疲勞。
浮生有定分，
飢飽豈可逃。
歎息謂妻子，
我何隨汝曹。

Creation Date: 759年
Location: CN610727
Poem Type: 古風",193,Du Fu (杜甫),759年,飛仙閣,古風,Classical Chinese,False,True,,
dufu_chunk_2598,dufu_31433,annotations_context,"Poem: 飛仙閣

Scholarly Annotations:
  飛仙嶺在略陽東南，徐佐卿化鶴於此，故名。上有閣道百間，總名連雲棧。
  一作出
  一作徑微上
  一作竹
  一作爾",95,Du Fu (杜甫),759年,飛仙閣,古風,Classical Chinese,,,,5.0
dufu_chunk_2599,dufu_31435,poem_content,"Poem Title: 五盤

Poem Text:
五盤雖云險，
山色佳有餘。
仰凌棧道細，
俯映江木疎。
地僻無網罟，
水清反多魚。
好鳥不妄飛，
野人半巢居。
喜見淳樸俗，
坦然心神舒。
東郊尚格鬬，
巨猾何時除。
故鄉有弟妹，
流落隨丘墟。
成都萬事好，
豈若歸吾廬。

Creation Date: 759年
Location: CN5108
Poem Type: 古風",190,Du Fu (杜甫),759年,五盤,古風,Classical Chinese,True,True,,
dufu_chunk_2600,dufu_31435,allusions_context,"Poem: 五盤

Literary Allusions and References:
  水清反多魚",52,Du Fu (杜甫),759年,五盤,古風,Classical Chinese,,,1.0,
dufu_chunk_2601,dufu_31435,annotations_context,"Poem: 五盤

Scholarly Annotations:
  七盤嶺在廣元縣北，一名五盤，棧道盤曲有五重。
  一作閣
  一作臣
  一作在",75,Du Fu (杜甫),759年,五盤,古風,Classical Chinese,,,,4.0
dufu_chunk_2602,dufu_31494,poem_content,"Poem Title: 龍門閣

Poem Text:
清江下龍門，
絕壁無尺土。
長風駕高浪，
浩浩自太古。
危途中縈盤，
仰望垂綫縷。
滑石攲誰鑿，
浮梁裊相拄。
目眩隕雜花，
頭風吹過雨。
百年不敢料，
一墜那得取。
飽聞經瞿塘，
足見度大庾。
終身歷艱險，
恐懼從此數。

Creation Date: 759年
Location: CN5108
Poem Type: 古風",191,Du Fu (杜甫),759年,龍門閣,古風,Classical Chinese,False,True,,
dufu_chunk_2603,dufu_31494,annotations_context,"Poem: 龍門閣

Scholarly Annotations:
  龍門山在利州綿谷縣東北八十里，一名葱嶺，有石穴，高數十丈，故號龍門，他閣雖險，尚附山腰，微徑可緣，此獨石壁斗立，虛鑿石孔，架木爲道，尤險絕。
  一作白
  一作縈盤道
  一作過飛
  一作知",133,Du Fu (杜甫),759年,龍門閣,古風,Classical Chinese,,,,5.0
dufu_chunk_2604,dufu_31486,poem_content,"Poem Title: 石櫃閣

Poem Text:
季冬日已長，
山晚半天赤。
蜀道多早花，
江間饒奇石。
石櫃曾波上，
臨虛蕩高壁。
清暉回羣鷗，
暝色帶遠客。
羈棲負幽意，
感歎向絕跡。
信甘孱懦嬰，
不獨凍餒迫。
優游謝康樂，
放浪陶彭澤。
吾衰未自安，
謝爾性所適。

Creation Date: 759年
Location: CN5108
Poem Type: 古風",191,Du Fu (杜甫),759年,石櫃閣,古風,Classical Chinese,True,True,,
dufu_chunk_2605,dufu_31486,allusions_context,"Poem: 石櫃閣

Literary Allusions and References:
  陶彭澤
  謝康樂",57,Du Fu (杜甫),759年,石櫃閣,古風,Classical Chinese,,,2.0,
dufu_chunk_2606,dufu_31486,annotations_context,"Poem: 石櫃閣

Scholarly Annotations:
  石闌橋在綿谷縣北一里，自城北至大安軍界，營闌橋閣，共一萬五千三百一十六間，最著者石櫃、龍門。
  一作冬季
  一作草
  一作由
  一作有",107,Du Fu (杜甫),759年,石櫃閣,古風,Classical Chinese,,,,5.0
dufu_chunk_2607,dufu_31711,poem_content,"Poem Title: 桔柏渡

Poem Text:
青冥寒江渡，
駕竹爲長橋。
竿濕煙漠漠，
江永風蕭蕭。
連笮動嫋娜，
征衣颯飄颻。
急流鴇鷁散，
絕岸黿鼉驕。
西轅自茲異，
東逝不可要。
高通荆門路，
闊會滄海潮。
孤光隱顧眄，
遊子悵寂寥。
無以洗心胸，
前登但山椒。

Creation Date: 759年
Location: CN5108
Poem Type: 古風",191,Du Fu (杜甫),759年,桔柏渡,古風,Classical Chinese,False,True,,
dufu_chunk_2608,dufu_31711,annotations_context,"Poem: 桔柏渡

Scholarly Annotations:
  在昭化縣
  一作竹竿濕
  一作水",54,Du Fu (杜甫),759年,桔柏渡,古風,Classical Chinese,,,,3.0
dufu_chunk_2609,dufu_31650,poem_content,"Poem Title: 劒門

Poem Text:
惟天有設險，
劒門天下壯。
連山抱西南，
石角皆北向。
兩崖崇墉倚，
刻畫城郭狀。
一夫怒臨關，
百萬未可傍。
珠玉走中原，
岷峨氣悽愴。
三皇五帝前，
雞犬各相放。
後王尚柔遠，
職貢道已喪。
至今英雄人，
高視見霸王。
幷吞與割據，
極力不相讓。
吾將罪真宰，
意欲鏟疊嶂。
恐此復偶然，
臨風默惆悵。

Creation Date: 759年
Location: CN510823
Poem Type: 古風",234,Du Fu (杜甫),759年,劒門,古風,Classical Chinese,True,True,,
dufu_chunk_2610,dufu_31650,allusions_context,"Poem: 劒門

Literary Allusions and References:
  一夫當關",51,Du Fu (杜甫),759年,劒門,古風,Classical Chinese,,,1.0,
dufu_chunk_2611,dufu_31650,annotations_context,"Poem: 劒門

Scholarly Annotations:
  大劒、小劒二山，在劒州北二十五里，全蜀外戶，兩崖陡闢如門，有閣道三十里。
  一作閣
  一作門
  一作仰
  一作玉帛
  一作莫
  一作自
  一作黯",114,Du Fu (杜甫),759年,劒門,古風,Classical Chinese,,,,8.0
dufu_chunk_2612,dufu_31771,poem_content,"Poem Title: 鹿頭山

Poem Text:
鹿頭何亭亭，
是日慰飢渴。
連山西南斷，
俯見千里豁。
遊子出京華，
劒門不可越。
及茲險阻盡，
始喜原野闊。
殊方昔三分，
霸氣曾間發。
天下今一家，
雲端失雙闕。
悠然想揚馬，
繼起名硉兀。
有文令人傷，
何處埋爾骨。
紆餘脂膏地，
慘澹豪俠窟。
仗鉞非老臣，
宣風豈專達。
冀公柱石姿，
論道邦國活。
斯人亦何幸，
公鎮逾歲月。

Creation Date: 759年
Location: CN5106
Poem Type: 古風",247,Du Fu (杜甫),759年,鹿頭山,古風,Classical Chinese,True,True,,
dufu_chunk_2613,dufu_31771,allusions_context,"Poem: 鹿頭山

Literary Allusions and References:
  豪俠窟
  論道
  三分
  揚馬",66,Du Fu (杜甫),759年,鹿頭山,古風,Classical Chinese,,,4.0,
dufu_chunk_2614,dufu_31771,annotations_context,"Poem: 鹿頭山

Scholarly Annotations:
  山上有關，在德陽縣治北。
  一作咸京
  一作才
  裴冕封冀國公，拜成都尹",75,Du Fu (杜甫),759年,鹿頭山,古風,Classical Chinese,,,,4.0
dufu_chunk_2615,dufu_31516,poem_content,"Poem Title: 成都府

Poem Text:
翳翳桑榆日，
照我征衣裳。
我行山川異，
忽在天一方。
但逢新人民，
未卜見故鄉。
大江東流去，
游子去日長。
曾城填華屋，
季冬樹木蒼。
喧然名都會，
吹簫間笙簧。
信美無與適，
側身望川梁。
鳥雀夜各歸，
中原杳茫茫。
初月出不高，
衆星尚爭光。
自古有羈旅，
我何苦哀傷。

Creation Date: 759年
Location: CN5101
Poem Type: 古風",219,Du Fu (杜甫),759年,成都府,古風,Classical Chinese,True,True,,
dufu_chunk_2616,dufu_31516,allusions_context,"Poem: 成都府

Literary Allusions and References:
  信美",50,Du Fu (杜甫),759年,成都府,古風,Classical Chinese,,,1.0,
dufu_chunk_2617,dufu_31516,annotations_context,"Poem: 成都府

Scholarly Annotations:
  一作從東來
  一作日月
  一作奏",54,Du Fu (杜甫),759年,成都府,古風,Classical Chinese,,,,3.0
dufu_chunk_2618,dufu_31488,poem_content,"Poem Title: 石筍行

Poem Text:
君不見益州城西門，
陌上石筍雙高蹲。
古來相傳是海眼，
苔蘚蝕盡波濤痕。
雨多往往得瑟瑟，
此事恍惚難明論。
恐是昔時卿相墓，
立石爲表今仍存。
惜哉俗態好蒙蔽，
亦如小臣媚至尊。
政化錯迕失大體，
坐看傾危受厚恩。
嗟爾石筍擅虛名，
後來未識猶駿奔。
安得壯士擲天外，
使人不疑見本根。

Creation Date: 760年
Location: CN5101
Poem Type: 古風",224,Du Fu (杜甫),760年,石筍行,古風,Classical Chinese,False,True,,
dufu_chunk_2619,dufu_31488,annotations_context,"Poem: 石筍行

Scholarly Annotations:
  石筍在成都西門外，二株雙蹲，一南一北，陸游曰：其狀不類筍，乃累石爲之。
  一作街
  一作老，一作遠
  一作食
  一作來
  石筍街乃真珠樓基，昔胡人立大秦寺，其門十間，悉以，珠玉貫之爲簾。後摧毀，故多瑟瑟，乃碧珠也
  一作冢",153,Du Fu (杜甫),760年,石筍行,古風,Classical Chinese,,,,7.0
dufu_chunk_2620,dufu_31490,poem_content,"Poem Title: 石犀行

Poem Text:
君不見秦時蜀太守，
刻石立作三犀牛。
自古雖有厭勝法，
天生江水向東流。
蜀人矜誇一千載，
汎溢不近張儀樓。
今年灌口損戶口，
此事或恐爲神羞。
終藉隄防出衆力，
高擁木石當清秋。
先王作法皆正道，
鬼怪何得參人謀。
嗟爾三犀不經濟，
缺訛只與長川逝。
但見元氣常調和，
自免洪濤恣凋瘵。
安得壯士提天綱，
再平水土犀奔茫。

Creation Date: 760年
Location: CN5101
Poem Type: 古風",242,Du Fu (杜甫),760年,石犀行,古風,Classical Chinese,True,True,,
dufu_chunk_2621,dufu_31490,allusions_context,"Poem: 石犀行

Literary Allusions and References:
  神羞
  犀牛",55,Du Fu (杜甫),760年,石犀行,古風,Classical Chinese,,,2.0,
dufu_chunk_2622,dufu_31490,annotations_context,"Poem: 石犀行

Scholarly Annotations:
  李冰作石犀五頭以壓水精，穿石犀溪於江南，名犀牛里。
  當作五
  一作須
  即宣明門樓
  一作注
  一作修築
  當作五
  一作相
  一作作者
  一作蒼",119,Du Fu (杜甫),760年,石犀行,古風,Classical Chinese,,,,10.0
dufu_chunk_2623,dufu_31572,poem_content,"Poem Title: 杜鵑行

Poem Text:
君不見昔日蜀天子，
化作杜鵑似老烏。
寄巢生子不自啄，
羣鳥至今與哺雛。
雖同君臣有舊禮，
骨肉滿眼身羈孤。
業工竄伏深樹裏，
四月五月偏號呼。
其聲哀痛口流血，
所訴何事常區區。
爾豈摧殘始發憤，
羞帶羽翮傷形愚。
蒼天變化誰料得，
萬事反覆何所無。
萬事反覆何所無，
豈憶當殿羣臣趨。
Poem Type: 古風",186,Du Fu (杜甫),Unknown,杜鵑行,古風,Classical Chinese,True,True,,
dufu_chunk_2624,dufu_31572,allusions_context,"Poem: 杜鵑行

Literary Allusions and References:
  口流血
  蜀天子",57,Du Fu (杜甫),Unknown,杜鵑行,古風,Classical Chinese,,,2.0,
dufu_chunk_2625,dufu_31572,annotations_context,"Poem: 杜鵑行

Scholarly Annotations:
  一作爲
  一作頭
  一作惟
  一作如
  上元元年七月，明皇遷居西內，高力士流巫州，置如仙媛於歸州，玉真公主出居玉真觀。明皇不懌，因不茹葷，辟穀，寖以成疾。詩云“骨肉滿眼身羈孤”，蓋謂此也",133,Du Fu (杜甫),Unknown,杜鵑行,古風,Classical Chinese,,,,5.0
dufu_chunk_2626,dufu_31850,poem_content,"Poem Title: 贈蜀僧閭丘師兄

Poem Text:
大師銅梁秀，
籍籍名家孫。
嗚呼先博士，
炳靈精氣奔。
惟昔武皇后，
臨軒御乾坤。
多士盡儒冠，
墨客藹雲屯。
當時上紫殿，
不獨卿相尊。
世傳閭丘筆，
峻極逾崐崘。
鳳藏丹霄暮，
龍去白水渾。
青熒雪嶺東，
碑碣舊製存。
斯文散都邑，
高價越璵璠。
晚㸔作者意，
妙絶與誰論。
吾祖詩冠古，
同年䝉主恩。
豫章夾日月，
嵗久空深根。
小子思踈闊，
豈能達詞門。
窮愁一揮淚，
相遇即諸昆。
我住錦官城，
兄居祗樹園。
地近慰旅愁，
往來當丘樊。
天涯歇滯雨，
稉稻臥不翻。
漂然薄逰倦，
始與道侣敦。
景晏歩修廊，
而無車馬喧。
夜闌接軟語，
落月如金盆。
漠漠世界黑，
驅車争奪繁。
惟有摩尼珠，
可照濁水源。

Creation Date: 760年
Location: CN5101
Poem Type: 古風",391,Du Fu (杜甫),760年,贈蜀僧閭丘師兄,古風,Classical Chinese,True,True,,
dufu_chunk_2627,dufu_31850,allusions_context,"Poem: 贈蜀僧閭丘師兄

Literary Allusions and References:
  璵璠
  高價
  墨客",64,Du Fu (杜甫),760年,贈蜀僧閭丘師兄,古風,Classical Chinese,,,3.0,
dufu_chunk_2628,dufu_31850,annotations_context,"Poem: 贈蜀僧閭丘師兄

Scholarly Annotations:
  原注：太常博士均之孫，成都人。
  一作往
  六朝以有韻者爲文，無韻者爲筆。所謂閭丘筆也，或改筆爲字，謂杜審言以詩，閭丘均以字，同侍武后者，誤
  一作侔
  一作穴
  一作出
  一作秋
  一作如
  一作旅
  一作夜言詞柔軟

... and 2 more annotations",186,Du Fu (杜甫),760年,贈蜀僧閭丘師兄,古風,Classical Chinese,,,,12.0
dufu_chunk_2629,dufu_31576,poem_content,"Poem Title: 泛溪

Poem Text:
落景下高堂，
進州泛回溪。
誰謂築居小，
未盡喬木西。
遠郊信荒僻，
秋色有餘淒。
練練峰上雪，
纖纖雲表霓。
童戲左右岸，
罟弋畢提攜。
翻倒荷芰亂，
指揮徑路迷。
得魚已割鱗，
采藕不洗泥。
人情逐鮮美，
物賤事已睽。
吾邨藹暝姿，
異舍雞亦棲。
蕭條欲何適，
出處無可齊。
衣上見新月，
霜中登故畦。
濁醪自初熟，
東城多鼓鼙。

Creation Date: 760年
Location: CN5101
Poem Type: 古風",246,Du Fu (杜甫),760年,泛溪,古風,Classical Chinese,False,True,,
dufu_chunk_2630,dufu_31576,annotations_context,"Poem: 泛溪

Scholarly Annotations:
  一云童兒戲左右
  一作劇
  一作迹",54,Du Fu (杜甫),760年,泛溪,古風,Classical Chinese,,,,3.0
dufu_chunk_2631,dufu_31839,poem_content,"Poem Title: 題壁畫馬歌

Poem Text:
韋侯別我有所適，
知我憐君畫無敵。
戲拈禿筆埽驊騮，
歘見騏驎出東壁。
一匹齕草一匹嘶，
坐看千里當霜蹄。
時危安得真致此，
與人同生亦同死。

Creation Date: 760年
Location: CN5101
Poem Type: 古風",153,Du Fu (杜甫),760年,題壁畫馬歌,古風,Classical Chinese,True,True,,
dufu_chunk_2632,dufu_31839,allusions_context,"Poem: 題壁畫馬歌

Literary Allusions and References:
  驊騮",52,Du Fu (杜甫),760年,題壁畫馬歌,古風,Classical Chinese,,,1.0,
dufu_chunk_2633,dufu_31839,annotations_context,"Poem: 題壁畫馬歌

Scholarly Annotations:
  一作題壁上韋偃畫歌。偃，京兆人，善畫馬，《名畫記》作鶠。
  一作渠
  一作試",78,Du Fu (杜甫),760年,題壁畫馬歌,古風,Classical Chinese,,,,3.0
dufu_chunk_2634,dufu_31512,poem_content,"Poem Title: 戲題畫山水圖歌

Poem Text:
十日畫一水，
五日畫一石。
能事不受相促迫，
王宰始肯留真跡。
壯哉崑崙方壺圖，
挂君高堂之素壁。
巴陵洞庭日本東，
赤岸水與銀河通，
中有雲氣隨飛龍。
舟人漁子入浦溆，
山木盡亞洪濤風。
尤工遠勢古莫比，
咫尺應須論萬里。
焉得幷州快剪刀，
剪取吳松半江水。

Creation Date: 760年
Location: CN5101
Poem Type: 古風",214,Du Fu (杜甫),760年,戲題畫山水圖歌,古風,Classical Chinese,False,True,,
dufu_chunk_2635,dufu_31512,annotations_context,"Poem: 戲題畫山水圖歌

Scholarly Annotations:
  一本題下有王宰二字。宰，蜀人，善畫玲瓏嵌空山水。
  一作丈
  一作南
  一作帶
  一作千，一作行",92,Du Fu (杜甫),760年,戲題畫山水圖歌,古風,Classical Chinese,,,,5.0
dufu_chunk_2636,dufu_31838,poem_content,"Poem Title: 題李尊師松樹障子歌

Poem Text:
老夫清晨梳白頭，
玄都道士來相訪。
握髮呼兒延入戶，
手提新畫青松障。
障子松林靜杳冥，
憑軒忽若無丹青。
陰崖却承霜雪幹，
偃蓋反走虯龍形。
老夫平生好奇古，
對此興與精靈聚。
已知仙客意相親，
更覺良工心獨苦。
松下丈人巾屨同，
偶坐似是商山翁。
悵望聊歌紫芝曲，
時危慘澹來悲風。

Creation Date: 758年
Location: CN6101
Poem Type: 古風",229,Du Fu (杜甫),758年,題李尊師松樹障子歌,古風,Classical Chinese,True,True,,
dufu_chunk_2637,dufu_31838,allusions_context,"Poem: 題李尊師松樹障子歌

Literary Allusions and References:
  歌紫芝",57,Du Fu (杜甫),758年,題李尊師松樹障子歌,古風,Classical Chinese,,,1.0,
dufu_chunk_2638,dufu_31838,annotations_context,"Poem: 題李尊師松樹障子歌

Scholarly Annotations:
  一作手
  一作成
  一作露，一作霧
  一作自
  一作南
  一作惆悵",80,Du Fu (杜甫),758年,題李尊師松樹障子歌,古風,Classical Chinese,,,,6.0
dufu_chunk_2639,dufu_31509,poem_content,"Poem Title: 戲爲雙松圖歌

Poem Text:
天下幾人畫古松，
畢宏已老韋偃少。
絕筆長風起纖末，
滿堂動色嗟神妙。
兩株慘裂苔蘚皮，
屈鐵交錯回高枝，
白摧朽骨龍虎死。
黑入太陰雷雨垂，
松根胡僧憩寂寞。
龐眉皓首無住著，
偏袒右肩露雙脚。
葉裏松子僧前落，
韋侯韋侯數相見。
我有一匹好東絹，
重之不減錦繡段。
已命拂拭光凌亂，
請公放筆爲直幹。

Creation Date: 760年
Location: CN5101
Poem Type: 古風",235,Du Fu (杜甫),760年,戲爲雙松圖歌,古風,Classical Chinese,False,True,,
dufu_chunk_2640,dufu_31509,annotations_context,"Poem: 戲爲雙松圖歌

Scholarly Annotations:
  韋偃畫
  一作樹
  宏，天寶中御史，善畫松
  一作隨
  一作素，一作束",78,Du Fu (杜甫),760年,戲爲雙松圖歌,古風,Classical Chinese,,,,5.0
dufu_chunk_2641,dufu_31567,poem_content,"Poem Title: 投簡成華兩縣諸子

Poem Text:
赤縣官曹擁材傑，
軟裘快馬當冰雪。
長安苦寒誰獨悲，
杜陵野老骨欲折。
南山豆苗早荒穢，
青門瓜地新凍裂。
鄉里兒童項領成，
朝廷故舊禮數絕。
自然棄擲與時異，
況乃疎頑臨事拙。
飢臥動即向一旬，
敝裘何啻聯百結。
君不見空牆日色晚，
此老無聲淚垂血。

Creation Date: 751年
Location: CN6101
Poem Type: 古風",211,Du Fu (杜甫),751年,投簡成華兩縣諸子,古風,Classical Chinese,True,True,,
dufu_chunk_2642,dufu_31567,allusions_context,"Poem: 投簡成華兩縣諸子

Literary Allusions and References:
  青門瓜
  南山豆
  南山豆苗",69,Du Fu (杜甫),751年,投簡成華兩縣諸子,古風,Classical Chinese,,,3.0,
dufu_chunk_2643,dufu_31567,annotations_context,"Poem: 投簡成華兩縣諸子

Scholarly Annotations:
  舊注，爲成都、華原，兩縣附郭爲次赤，一云咸陽、華原，成乃咸之誤。
  一作夜
  一作衣",85,Du Fu (杜甫),751年,投簡成華兩縣諸子,古風,Classical Chinese,,,,3.0
dufu_chunk_2644,dufu_31706,poem_content,"Poem Title: 徐卿二子歌

Poem Text:
君不見徐卿二子生絕奇，
感應吉夢相追隨。
孔子釋氏親抱送，
竝是天上麒麟兒。
大兒九齡色清澈，
秋水爲神玉爲骨。
小兒五歲氣食牛，
滿堂賓客皆回頭。
吾知徐公百不憂，
積善衮衮生公侯。
丈夫生兒有如此二雛者，
名位豈肯悲微休。

Creation Date: 761年
Location: CN5101
Poem Type: 古風",195,Du Fu (杜甫),761年,徐卿二子歌,古風,Classical Chinese,True,True,,
dufu_chunk_2645,dufu_31706,allusions_context,"Poem: 徐卿二子歌

Literary Allusions and References:
  天上麒麟
  氣食牛",60,Du Fu (杜甫),761年,徐卿二子歌,古風,Classical Chinese,,,2.0,
dufu_chunk_2646,dufu_31706,annotations_context,"Poem: 徐卿二子歌

Scholarly Annotations:
  一作異時名位豈肯卑微休",49,Du Fu (杜甫),761年,徐卿二子歌,古風,Classical Chinese,,,,1.0
dufu_chunk_2647,dufu_31716,poem_content,"Poem Title: 病柏

Poem Text:
有柏生崇岡，
童童狀車蓋。
偃蹙龍虎姿，
主當風雲會。
神明依正直，
故老多再拜。
豈知千年根，
中路顏色壞。
出非不得地，
蟠據亦高大。
歲寒忽無憑，
日夜柯葉改。
丹鳳領九雛，
哀鳴翔其外。
鴟鴞志意滿，
養子穿穴內。
客從何鄉來，
佇立久吁怪。
靜求元精理，
浩蕩難倚賴。

Creation Date: 761年
Location: CN5101
Poem Type: 古風",218,Du Fu (杜甫),761年,病柏,古風,Classical Chinese,True,True,,
dufu_chunk_2648,dufu_31716,allusions_context,"Poem: 病柏

Literary Allusions and References:
  鳳領九雛",51,Du Fu (杜甫),761年,病柏,古風,Classical Chinese,,,1.0,
dufu_chunk_2649,dufu_31716,annotations_context,"Poem: 病柏

Scholarly Annotations:
  一作青
  一作蹇
  一作用
  一作碎
  一作窟
  一云無根",69,Du Fu (杜甫),761年,病柏,古風,Classical Chinese,,,,6.0
dufu_chunk_2650,dufu_31717,poem_content,"Poem Title: 病橘

Poem Text:
羣橘少生意，
雖多亦奚爲。
惜哉結實小，
酸澀如棠棃。
剖之盡蠹蟲，
采掇爽其宜。
紛然不適口，
豈只存其皮。
蕭蕭半死葉，
未忍別故枝。
玄冬霜雪積，
況乃回風吹。
嘗聞蓬萊殿，
羅列瀟湘姿。
此物歲不稔，
玉食失光輝。
寇盜尚憑陵，
當君減膳時。
汝病是天意，
吾諗罪有司。
憶昔南海使，
奔騰獻荔支。
百馬死山谷，
到今耆舊悲。

Creation Date: 761年
Location: CN5101
Poem Type: 古風",246,Du Fu (杜甫),761年,病橘,古風,Classical Chinese,True,True,,
dufu_chunk_2651,dufu_31717,allusions_context,"Poem: 病橘

Literary Allusions and References:
  南海獻荔支",52,Du Fu (杜甫),761年,病橘,古風,Classical Chinese,,,1.0,
dufu_chunk_2652,dufu_31717,annotations_context,"Poem: 病橘

Scholarly Annotations:
  一作伊
  一作少
  一作割
  一作蝕
  一作所
  一作怱怱
  一作少
  一作愁，一作敢
  一作聞",91,Du Fu (杜甫),761年,病橘,古風,Classical Chinese,,,,9.0
dufu_chunk_2653,dufu_31666,poem_content,"Poem Title: 枯椶

Poem Text:
蜀門多椶櫚，
高者十八九。
其皮割剝甚，
雖衆亦易朽。
徒布如雲葉，
青黃歲寒後。
交橫集斧斤，
凋喪先蒲柳。
傷時苦軍乏，
一物官盡取。
嗟爾江漢人，
生成復何有。
有同枯椶木，
使我沈歎久。
死者即已休，
生者何自守。
啾啾黃雀啅，
側見寒蓬走。
念爾形影乾，
摧殘沒藜莠。

Creation Date: 761年
Location: CN5101
Poem Type: 古風",218,Du Fu (杜甫),761年,枯椶,古風,Classical Chinese,True,True,,
dufu_chunk_2654,dufu_31666,allusions_context,"Poem: 枯椶

Literary Allusions and References:
  蒲柳",49,Du Fu (杜甫),761年,枯椶,古風,Classical Chinese,,,1.0,
dufu_chunk_2655,dufu_31666,annotations_context,"Poem: 枯椶

Scholarly Annotations:
  一作栟
  一作有
  一作能
  一作啄
  一作枯形影",64,Du Fu (杜甫),761年,枯椶,古風,Classical Chinese,,,,5.0
dufu_chunk_2656,dufu_31667,poem_content,"Poem Title: 枯柟

Poem Text:
楩柟枯崢嶸，
鄉黨皆莫記。
不知幾百歲，
慘慘無生意。
上枝摩皇天，
下根蟠厚地。
巨圍雷霆坼，
萬孔蟲蟻萃。
凍雨落流膠，
衝風奪佳氣。
白鵠遂不來，
天雞爲愁思。
猶含棟梁具，
無復霄漢志。
良工古昔少，
識者出涕淚。
種榆水中央，
成長何容易。
截承金露盤，
褭褭不自畏。

Creation Date: 761年
Location: CN5101
Poem Type: 古風",218,Du Fu (杜甫),761年,枯柟,古風,Classical Chinese,False,True,,
dufu_chunk_2657,dufu_31667,annotations_context,"Poem: 枯柟

Scholarly Annotations:
  一作蒼
  一作折
  一作雲霄",51,Du Fu (杜甫),761年,枯柟,古風,Classical Chinese,,,,3.0
dufu_chunk_2658,dufu_31417,poem_content,"Poem Title: 丈人山

Poem Text:
自爲青城客，
不唾青城地。
爲愛丈人山，
丹梯近幽意。
丈人祠西佳氣濃，
緣雲擬住最高峰。
埽除白髮黃精在，
君看他時冰雪容。

Creation Date: 761年
Location: CN5101
Poem Type: 古風",143,Du Fu (杜甫),761年,丈人山,古風,Classical Chinese,True,True,,
dufu_chunk_2659,dufu_31417,allusions_context,"Poem: 丈人山

Literary Allusions and References:
  冰雪容
  不唾",56,Du Fu (杜甫),761年,丈人山,古風,Classical Chinese,,,2.0,
dufu_chunk_2660,dufu_31417,annotations_context,"Poem: 丈人山

Scholarly Annotations:
  山在青城縣北，黃帝封青城山爲五岳丈人
  古詩，千里不唾井",65,Du Fu (杜甫),761年,丈人山,古風,Classical Chinese,,,,2.0
dufu_chunk_2661,dufu_31533,poem_content,"Poem Title: 百憂集行

Poem Text:
憶年十五心尚孩，
健如黃犢走復來。
庭前八月棃棗熟，
一日上樹能千回。
即今倏忽已五十，
坐臥只多少行立。
強將笑語供主人，
悲見生涯百憂集。
入門依舊四壁空，
老妻覩我顏色同。
癡兒未知父子禮，
叫怒索飯啼門東。

Creation Date: 761年
Location: CN5101
Poem Type: 古風",188,Du Fu (杜甫),761年,百憂集行,古風,Classical Chinese,False,True,,
dufu_chunk_2662,dufu_31533,annotations_context,"Poem: 百憂集行

Scholarly Annotations:
  王筠詩，“百憂俱集斷人腸”。
  一作昔
  一作年纔五六
  庖廚之門在東",75,Du Fu (杜甫),761年,百憂集行,古風,Classical Chinese,,,,4.0
dufu_chunk_2663,dufu_31510,poem_content,"Poem Title: 戲作花卿歌

Poem Text:
成都猛將有花卿，
學語小兒知姓名。
用如快鶻風火生，
見賊唯多身始輕。
緜州副使著柘黃，
我卿埽除即日平。
子章髑髏血糢糊，
手提擲還崔大夫。
李侯重有此節度，
人道我卿絕世無。
既稱絕世無，
天子何不喚取守京都。

Creation Date: 761年
Location: CN5101
Poem Type: 古風",189,Du Fu (杜甫),761年,戲作花卿歌,古風,Classical Chinese,True,True,,
dufu_chunk_2664,dufu_31510,allusions_context,"Poem: 戲作花卿歌

Literary Allusions and References:
  風火生",53,Du Fu (杜甫),761年,戲作花卿歌,古風,Classical Chinese,,,1.0,
dufu_chunk_2665,dufu_31510,annotations_context,"Poem: 戲作花卿歌

Scholarly Annotations:
  上元二年，梓州刺史段子璋反，襲東川節度使李奐於綿州，自稱梁王，改元。成都尹崔光遠率將花驚定攻拔之，斬子璋，奐得復位。
  一作赭
  一作璋
  一作代",114,Du Fu (杜甫),761年,戲作花卿歌,古風,Classical Chinese,,,,4.0
dufu_chunk_2666,dufu_31403,poem_content,"Poem Title: 入奏行贈西山檢察使竇侍御

Poem Text:
竇侍御，
驥之子，
鳳之雛。
年未三十忠義俱，
骨鯁絕代無。
炯如一段清冰出萬壑，
置在迎風寒露之玉壺。
蔗漿歸廚金盌凍，
洗滌煩熱足以寧君軀。
政用疎通合典則，
戚聯豪貴耽文儒。
兵革未息人未蘇，
天子亦念西南隅。
吐蕃憑陵氣頗麤，
竇氏檢察應時須。
運糧繩橋壯士喜，
斬木火井窮猿呼。
八州刺史思一戰，
三城守邊却可圖。
此行入奏計未小，
密奉賢旨恩宜殊。
繡衣春當霄漢立，
綵服日向庭闈趨。
省郎京尹必俯拾，
江花未落還成都。
江花未落還成都，
肯訪浣花老翁無。
爲君酤酒滿眼酤，
與奴白飯馬青芻。

Creation Date: 762年
Location: CN5101
Poem Type: 古風",341,Du Fu (杜甫),762年,入奏行贈西山檢察使竇侍御,古風,Classical Chinese,True,True,,
dufu_chunk_2667,dufu_31403,allusions_context,"Poem: 入奏行贈西山檢察使竇侍御

Literary Allusions and References:
  俯拾
  骨鯁
  驥子
  繡衣",74,Du Fu (杜甫),762年,入奏行贈西山檢察使竇侍御,古風,Classical Chinese,,,4.0,
dufu_chunk_2668,dufu_31403,annotations_context,"Poem: 入奏行贈西山檢察使竇侍御

Scholarly Annotations:
  錢謙益曰：“明皇自蜀還，於綿、益二州各置一節度，百姓勞敝。高適爲蜀州刺史，請罷東川以一劒南。甫爲王進論巴蜀情形表，亦與適合。此行入奏疑謂此。”
  一作露寒
  一作整
  一作甲兵
  一作才能俱
  一作寒
  劒南西川節度統松、維、恭、蓬、雅、黎、姚、悉八州，姚、維、松三州，當吐蕃衝要。一云：彭州有三守捉城，又有七盤、安遠、龍溪三城，皆在茂州界上也
  一作應
  一作飄飄
  一作粲粲

... and 7 more annotations",271,Du Fu (杜甫),762年,入奏行贈西山檢察使竇侍御,古風,Classical Chinese,,,,17.0
dufu_chunk_2669,dufu_31799,poem_content,"Poem Title: 柟樹爲風雨所拔歎

Poem Text:
倚江柟樹草堂前，
故老相傳二百年。
誅茅卜居總爲此，
五月髣髴聞寒蟬。
東南飄風動地至，
江翻石走流雲氣。
幹排雷雨猶力爭，
根斷泉源豈天意。
滄波老樹性所愛，
浦上童童一青蓋。
野客頻留懼雪霜，
行人不過聽竽籟。
虎倒龍顛委榛棘，
淚痕血點垂胷臆。
我有新詩何處吟，
草堂自此無顏色。

Creation Date: 761年
Location: CN5101
Poem Type: 古風",228,Du Fu (杜甫),761年,柟樹爲風雨所拔歎,古風,Classical Chinese,True,True,,
dufu_chunk_2670,dufu_31799,allusions_context,"Poem: 柟樹爲風雨所拔歎

Literary Allusions and References:
  竽籟",55,Du Fu (杜甫),761年,柟樹爲風雨所拔歎,古風,Classical Chinese,,,1.0,
dufu_chunk_2671,dufu_31799,annotations_context,"Poem: 柟樹爲風雨所拔歎

Scholarly Annotations:
  一作高
  一作古
  一作斡
  一作蒼茫
  一作蒼茫
  一作荆",76,Du Fu (杜甫),761年,柟樹爲風雨所拔歎,古風,Classical Chinese,,,,6.0
dufu_chunk_2672,dufu_31620,poem_content,"Poem Title: 茅屋爲秋風所破歌

Poem Text:
八月秋高風怒號，
卷我屋上三重茅。
茅飛度江灑江郊，
高者挂罥長林梢，
下者飄轉沈塘坳。
南邨羣童欺我老無力，
忍能對面爲盜賊。
公然抱茅入竹去，
脣焦口燥呼不得，
歸來倚杖自歎息。
俄頃風定雲墨色，
秋天漠漠向昏黑。
布衾多年冷似鐵，
驕兒惡臥踏裏裂。
牀牀屋漏無乾處，
雨脚如麻未斷絕。
自經喪亂少睡眠，
長夜霑濕何由徹。
安得廣廈千萬間，
大庇天下寒士俱歡顏，
風雨不動安如山。
嗚呼！
何時眼前突兀見此屋，
吾廬獨破受凍死亦足。

Creation Date: 761年
Location: CN5101
Poem Type: 古風",303,Du Fu (杜甫),761年,茅屋爲秋風所破歌,古風,Classical Chinese,False,True,,
dufu_chunk_2673,dufu_31620,annotations_context,"Poem: 茅屋爲秋風所破歌

Scholarly Annotations:
  一作滿
  一作堂
  一作象
  一作頭
  一作壞
  一作意",74,Du Fu (杜甫),761年,茅屋爲秋風所破歌,古風,Classical Chinese,,,,6.0
dufu_chunk_2674,dufu_31430,poem_content,"Poem Title: 大雨

Poem Text:
西蜀冬不雪，
春農尚嗷嗷。
上天回哀眷，
朱夏雲鬱陶。
執熱乃沸鼎，
纖絺成緼袍。
風雷颯萬里，
霈澤施蓬蒿。
敢辭茅葦漏，
已喜黍豆高。
三日無行人，
二江聲怒號。
流惡邑里清，
矧茲遠江臯。
荒庭步鸛鶴，
隱几望波濤。
沈疴聚藥餌，
頓忘所進勞。
則知潤物功，
可以貸不毛。
陰色靜隴畝，
勸耕自官曹。
四鄰耒耜出，
何必吾家操。

Creation Date: 762年
Location: CN5101
Poem Type: 古風",246,Du Fu (杜甫),762年,大雨,古風,Classical Chinese,False,True,,
dufu_chunk_2675,dufu_31430,annotations_context,"Poem: 大雨

Scholarly Annotations:
  一作清
  一作大
  一作出耒耜",52,Du Fu (杜甫),762年,大雨,古風,Classical Chinese,,,,3.0
dufu_chunk_2676,dufu_31802,poem_content,"Poem Title: 溪漲

Poem Text:
當時浣花橋，
溪水纔尺餘。
白石明可把，
水中有行車。
秋夏忽泛溢，
豈惟入吾廬。
蛟龍亦狼狽，
況是鼈與魚。
茲晨已半落，
歸路跬步疎。
馬嘶未敢動，
前有深填淤。
青青屋東麻，
散亂牀上書。
不意遠山雨，
夜來復何如。
我遊都市間，
晚憩必邨墟。
乃知久行客，
終日思其居。

Creation Date: 762年
Location: CN5101
Poem Type: 古風",218,Du Fu (杜甫),762年,溪漲,古風,Classical Chinese,False,True,,
dufu_chunk_2677,dufu_31802,annotations_context,"Poem: 溪漲

Scholarly Annotations:
  一作日
  一作伊
  一作澱
  一作知
  一作所",62,Du Fu (杜甫),762年,溪漲,古風,Classical Chinese,,,,5.0
dufu_chunk_2678,dufu_31513,poem_content,"Poem Title: 戲贈友二首

Poem Text:
元年建巳月，
郎有焦校書。
自誇足膂力，
能騎生馬駒。
一朝被馬踏，
脣裂版齒無。
壯心不肯已，
欲得東擒胡。

Creation Date: 762年
Location: CN5101
Poem Type: 古風",137,Du Fu (杜甫),762年,戲贈友二首,古風,Classical Chinese,False,True,,
dufu_chunk_2679,dufu_31513,annotations_context,"Poem: 戲贈友二首

Scholarly Annotations:
  是月代宗改元，復以建巳月爲四月",53,Du Fu (杜甫),762年,戲贈友二首,古風,Classical Chinese,,,,1.0
dufu_chunk_2680,dufu_31514,poem_content,"Poem Title: 戲贈友二首

Poem Text:
元年建巳月，
官有王司直。
馬驚折左臂，
骨折面如墨。
駑駘漫深泥，
何不避雨色。
勸君休歎恨，
未必不爲福。

Creation Date: 762年
Location: CN5101
Poem Type: 古風",137,Du Fu (杜甫),762年,戲贈友二首,古風,Classical Chinese,False,True,,
dufu_chunk_2681,dufu_31514,annotations_context,"Poem: 戲贈友二首

Scholarly Annotations:
  一作慢
  一作染",47,Du Fu (杜甫),762年,戲贈友二首,古風,Classical Chinese,,,,2.0
dufu_chunk_2682,dufu_31831,poem_content,"Poem Title: 遭田父泥飲美嚴中丞

Poem Text:
步屧隨春風，
邨邨自花柳。
田翁逼社日，
邀我嘗春酒。
酒酣誇新尹，
畜眼未見有。
回頭指大男，
渠是弓弩手。
名在飛騎籍，
長番歲時久。
前日放營農，
辛苦救衰朽。
差料死則已，
誓不舉家走。
今年大作社，
拾遺能住否。
叫婦開大缾，
盆中爲吾取。
感此氣揚揚，
須知風化首。
語多雖雜亂，
說尹終在口。
朝來偶然出，
自卯將及酉。
久客惜人情，
如何拒鄰叟。
高聲索果栗，
欲起時被肘。
指揮過無禮，
未覺邨野醜。
月出遮我留，
仍嗔問升斗。

Creation Date: 762年
Location: CN5101
Poem Type: 古風",309,Du Fu (杜甫),762年,遭田父泥飲美嚴中丞,古風,Classical Chinese,False,False,,
dufu_chunk_2683,dufu_31773,poem_content,"Poem Title: 喜雨

Poem Text:
春旱天地昏，
日色赤如血。
農事都已休，
兵戈況騷屑。
巴人困軍須，
慟哭厚土熱。
滄江夜來雨，
真宰罪一雪。
穀根小蘇息，
沴氣終不滅。
何由見寧歲，
解我憂思結。
崢嶸羣山雲，
交會未斷絕。
安得鞭雷公，
滂沱洗吳越。

Creation Date: 763年
Location: CN510722
Poem Type: 古風",192,Du Fu (杜甫),763年,喜雨,古風,Classical Chinese,False,True,,
dufu_chunk_2684,dufu_31773,annotations_context,"Poem: 喜雨

Scholarly Annotations:
  一作未
  一作少
  一作東
  原注：時聞浙右多盜",62,Du Fu (杜甫),763年,喜雨,古風,Classical Chinese,,,,4.0
dufu_chunk_2685,dufu_31765,poem_content,"Poem Title: 漁陽

Poem Text:
漁陽突騎猶精銳，
赫赫雍王都節制。
猛將飄然恐後時，
本朝不入非高計。
祿山北築雄武城，
舊防敗走歸其營。
繫書請問燕耆舊，
今日何須十萬兵。

Creation Date: 762年
Location: CN510922
Poem Type: 古風",152,Du Fu (杜甫),762年,漁陽,古風,Classical Chinese,True,True,,
dufu_chunk_2686,dufu_31765,allusions_context,"Poem: 漁陽

Literary Allusions and References:
  繫書
  漁陽突騎",56,Du Fu (杜甫),762年,漁陽,古風,Classical Chinese,,,2.0,
dufu_chunk_2687,dufu_31765,annotations_context,"Poem: 漁陽

Scholarly Annotations:
  一作前
  寶應元年九月，魯王適改封雍王，爲天下兵馬元帥，統河東、朔方及諸道行營回紇等兵十餘萬，討史朝義，會兵於陝州。甫在梓聞王授鉞，作此詩以諷河北諸將。飄然而來，猶恐後時，乃擁兵不朝，豈高計乎？末又舉祿山往事以戒之",143,Du Fu (杜甫),762年,漁陽,古風,Classical Chinese,,,,2.0
dufu_chunk_2688,dufu_31438,poem_content,"Poem Title: 天邊行

Poem Text:
天邊老人歸未得，
日暮東臨大江哭。
隴右河源不種田，
胡騎羌兵入巴蜀。
洪濤滔天風拔木，
前飛禿鶖後鴻鵠。
九度附書向洛陽，
十年骨肉無消息。

Creation Date: 764年
Location: CN511381
Poem Type: 古風",153,Du Fu (杜甫),764年,天邊行,古風,Classical Chinese,False,True,,
dufu_chunk_2689,dufu_31438,annotations_context,"Poem: 天邊行

Scholarly Annotations:
  一作黃",39,Du Fu (杜甫),764年,天邊行,古風,Classical Chinese,,,,1.0
dufu_chunk_2690,dufu_31619,poem_content,"Poem Title: 苦戰行

Poem Text:
苦戰身死馬將軍，
自云伏波之子孫。
干戈未定失壯士，
使我歎恨傷精魂。
去年江南討狂賊，
臨江把臂難再得。
別時孤雲今不飛，
時獨看雲淚橫臆。

Creation Date: 762年
Location: CN510623
Poem Type: 古風",153,Du Fu (杜甫),762年,苦戰行,古風,Classical Chinese,False,True,,
dufu_chunk_2691,dufu_31619,annotations_context,"Poem: 苦戰行

Scholarly Annotations:
  一作南行
  遂州在涪江少南，故曰江南，蓋必死於段子璋之亂者",66,Du Fu (杜甫),762年,苦戰行,古風,Classical Chinese,,,,2.0
dufu_chunk_2692,dufu_31466,poem_content,"Poem Title: 去秋行

Poem Text:
去秋涪江木落時，
臂槍走馬誰家兒。
到今不知白骨處，
部曲有去皆無歸。
遂州城中漢節在，
遂州城外巴人稀。
戰場冤魂每夜哭，
空令野營猛士悲。

Creation Date: 762年
Location: CN510623
Poem Type: 古風",153,Du Fu (杜甫),762年,去秋行,古風,Classical Chinese,True,True,,
dufu_chunk_2693,dufu_31466,allusions_context,"Poem: 去秋行

Literary Allusions and References:
  漢節",50,Du Fu (杜甫),762年,去秋行,古風,Classical Chinese,,,1.0,
dufu_chunk_2694,dufu_31466,annotations_context,"Poem: 去秋行

Scholarly Annotations:
  一作蒼",39,Du Fu (杜甫),762年,去秋行,古風,Classical Chinese,,,,1.0
dufu_chunk_2695,dufu_31623,poem_content,"Poem Title: 述古三首

Poem Text:
赤驥頓長纓，
非無萬里姿。
悲鳴淚至地，
爲問馭者誰。
鳳凰從東來，
何意復高飛。
竹花不結實，
念子忍朝飢。
古時君臣合，
可以物理推。
賢人識定分，
進退固其宜。

Creation Date: 763年
Location: CN510722
Poem Type: 古風",166,Du Fu (杜甫),763年,述古三首,古風,Classical Chinese,True,True,,
dufu_chunk_2696,dufu_31623,allusions_context,"Poem: 述古三首

Literary Allusions and References:
  赤驥",51,Du Fu (杜甫),763年,述古三首,古風,Classical Chinese,,,1.0,
dufu_chunk_2697,dufu_31623,annotations_context,"Poem: 述古三首

Scholarly Annotations:
  一作天
  一作用
  一作因",52,Du Fu (杜甫),763年,述古三首,古風,Classical Chinese,,,,3.0
dufu_chunk_2698,dufu_31624,poem_content,"Poem Title: 述古三首

Poem Text:
市人日中集，
於利競錐刀。
置膏烈火上，
哀哀自煎熬。
農人望歲稔，
相率除蓬蒿。
所務穀爲本，
邪贏無乃勞。
舜舉十六相，
身尊道何高。
秦時任商鞅，
法令如牛毛。

Creation Date: 763年
Location: CN510722
Poem Type: 古風",166,Du Fu (杜甫),763年,述古三首,古風,Classical Chinese,True,True,,
dufu_chunk_2699,dufu_31624,allusions_context,"Poem: 述古三首

Literary Allusions and References:
  漆有用而割",54,Du Fu (杜甫),763年,述古三首,古風,Classical Chinese,,,1.0,
dufu_chunk_2700,dufu_31624,annotations_context,"Poem: 述古三首

Scholarly Annotations:
  一作農",40,Du Fu (杜甫),763年,述古三首,古風,Classical Chinese,,,,1.0
dufu_chunk_2701,dufu_31625,poem_content,"Poem Title: 述古三首

Poem Text:
漢光得天下，
祚永固有開。
豈惟高祖聖，
功自蕭曹來。
經綸中興業，
何代無長才。
吾慕寇鄧勳，
濟時信良哉。
耿賈亦宗臣，
羽翼共裴回。
休運終四百，
圖畫在雲臺。

Creation Date: 763年
Location: CN510722
Poem Type: 古風",166,Du Fu (杜甫),763年,述古三首,古風,Classical Chinese,True,False,,
dufu_chunk_2702,dufu_31625,allusions_context,"Poem: 述古三首

Literary Allusions and References:
  耿賈
  羽翼
  寇鄧勳
  蕭曹
  雲臺",72,Du Fu (杜甫),763年,述古三首,古風,Classical Chinese,,,5.0,
dufu_chunk_2703,dufu_31544,poem_content,"Poem Title: 觀打魚歌

Poem Text:
緜州江水之東津，
魴魚鱍鱍色勝銀。
漁人漾舟沈大網，
截江一擁數百鱗。
衆魚常才盡却棄，
赤鯉騰出如有神。
潛龍無聲老蛟怒，
回風颯颯吹沙塵。
饔子左右揮雙刀，
膾飛金盤白雪高。
徐州禿尾不足憶，
漢陰槎頭遠遁逃。
魴魚肥美知第一，
既飽歡娛亦蕭瑟。
君不見朝來割素鬐，
咫尺波濤永相失。

Creation Date: 762年
Location: CN5107
Poem Type: 古風",225,Du Fu (杜甫),762年,觀打魚歌,古風,Classical Chinese,False,True,,
dufu_chunk_2704,dufu_31544,annotations_context,"Poem: 觀打魚歌

Scholarly Annotations:
  一作水
  一作西
  即鱮，似魴而大頭
  一作惜",63,Du Fu (杜甫),762年,觀打魚歌,古風,Classical Chinese,,,,4.0
dufu_chunk_2705,dufu_31415,poem_content,"Poem Title: 又觀打魚

Poem Text:
蒼江魚子清晨集，
設網提綱萬魚急。
能者操舟疾若風，
撐突波濤挺叉入。
小魚脫漏不可記，
半死半生猶戢戢。
大魚傷損皆垂頭，
屈強泥沙有時立。
東津觀魚已再來，
主人罷鱠還傾杯。
日暮蛟龍改窟穴，
山根鱣鮪隨雲雷。
干戈兵革鬬未止，
鳳凰麒麟安在哉？
吾徒胡爲縱此樂，
暴殄天物聖所哀。

Creation Date: 762年
Location: CN5107
Poem Type: 古風",224,Du Fu (杜甫),762年,又觀打魚,古風,Classical Chinese,False,True,,
dufu_chunk_2706,dufu_31415,annotations_context,"Poem: 又觀打魚

Scholarly Annotations:
  一作漁
  一作取
  一作紀
  一作沙頭
  一作干戈格鬬尚未已",71,Du Fu (杜甫),762年,又觀打魚,古風,Classical Chinese,,,,5.0
dufu_chunk_2707,dufu_31790,poem_content,"Poem Title: 越王樓歌

Poem Text:
緜州州府何磊落，
顯慶年中越王作。
孤城西北起高樓，
碧瓦朱甍照城郭。
樓下長江百丈清，
山頭落日半輪明。
君王舊跡今人賞，
轉見千秋萬古情。

Creation Date: 762年
Location: CN5107
Poem Type: 古風",152,Du Fu (杜甫),762年,越王樓歌,古風,Classical Chinese,False,True,,
dufu_chunk_2708,dufu_31790,annotations_context,"Poem: 越王樓歌

Scholarly Annotations:
  太宗子越王貞爲綿州刺史，作臺於州城西北，樓在臺上。",62,Du Fu (杜甫),762年,越王樓歌,古風,Classical Chinese,,,,1.0
dufu_chunk_2709,dufu_31713,poem_content,"Poem Title: 海棕行

Poem Text:
左緜公館清江濆，
海棕一株高入雲。
龍鱗犀甲相錯落，
蒼稜白皮十抱文。
自是衆木亂紛紛，
海棕焉知身出羣。
移栽北辰不可得，
時有西域胡僧識。

Creation Date: 762年
Location: CN5107
Poem Type: 古風",151,Du Fu (杜甫),762年,海棕行,古風,Classical Chinese,True,True,,
dufu_chunk_2710,dufu_31713,allusions_context,"Poem: 海棕行

Literary Allusions and References:
  胡僧識",51,Du Fu (杜甫),762年,海棕行,古風,Classical Chinese,,,1.0,
dufu_chunk_2711,dufu_31713,annotations_context,"Poem: 海棕行

Scholarly Annotations:
  亦椶類，但不皮而幹葉菆於杪，一云波斯棗，木無旁枝，三五年一著子。
  一作但",74,Du Fu (杜甫),762年,海棕行,古風,Classical Chinese,,,,2.0
dufu_chunk_2712,dufu_31655,poem_content,"Poem Title: 姜楚公畫角鷹歌

Poem Text:
楚公畫鷹鷹戴角，
殺氣森森到幽朔。
觀者貪愁掣臂飛，
畫師不是無心學。
此鷹寫真在左緜，
却嗟真骨遂虛傳。
梁間燕雀休驚怕，
亦未摶空上九天。

Creation Date: 762年
Location: CN5107
Poem Type: 古風",155,Du Fu (杜甫),762年,姜楚公畫角鷹歌,古風,Classical Chinese,False,True,,
dufu_chunk_2713,dufu_31655,annotations_context,"Poem: 姜楚公畫角鷹歌

Scholarly Annotations:
  姜皎，上邽人，善畫鷹鳥。官至太常，封楚國公。
  一作如
  一作徒驚
  一作壁",81,Du Fu (杜甫),762年,姜楚公畫角鷹歌,古風,Classical Chinese,,,,4.0
dufu_chunk_2714,dufu_31672,poem_content,"Poem Title: 相逢歌贈嚴二別駕

Poem Text:
我行入東川，
十步一回首。
城都亂罷氣蕭颯，
浣花草堂亦何有。
梓中豪俊大者誰，
本州從事知名久。
把臂開尊飲我酒，
酒酣擊劒蛟龍吼。
烏帽拂塵青螺粟，
紫衣將炙緋衣走。
銅盤燒蠟光吐日，
夜如何其初促膝。
黃昏始扣主人門，
誰謂俄頃膠在漆。
萬事盡付形骸外，
百年未見歡娛畢。
神傾意豁真佳士，
久客多憂今愈疾。
高視乾坤又可愁，
一軀交態同悠悠。
垂老遇君未恨晚，
似君須向古人求。

Creation Date: 762年
Location: CN510722
Poem Type: 古風",280,Du Fu (杜甫),762年,相逢歌贈嚴二別駕,古風,Classical Chinese,True,True,,
dufu_chunk_2715,dufu_31672,allusions_context,"Poem: 相逢歌贈嚴二別駕

Literary Allusions and References:
  一旦為龍
  膠漆
  向古人求
  夜如何",75,Du Fu (杜甫),762年,相逢歌贈嚴二別駕,古風,Classical Chinese,,,4.0,
dufu_chunk_2716,dufu_31672,annotations_context,"Poem: 相逢歌贈嚴二別駕

Scholarly Annotations:
  一作從行
  一作嚴別駕相逢歌
  一作瑟，一作索
  一作州
  一作貴
  一作騾
  一作炎
  一作我傾
  一作及
  一作何

... and 2 more annotations",137,Du Fu (杜甫),762年,相逢歌贈嚴二別駕,古風,Classical Chinese,,,,12.0
dufu_chunk_2717,dufu_31496,poem_content,"Poem Title: 光祿坂行

Poem Text:
山行落日下絕壁，
西望千山萬山赤。
樹枝有鳥亂鳴時，
暝色無人獨歸客。
馬驚不憂深谷墜，
草動只怕長弓射。
安得更似開元中，
道路即今多擁隔。

Creation Date: 762年
Location: CN510623
Poem Type: 古風",154,Du Fu (杜甫),762年,光祿坂行,古風,Classical Chinese,True,True,,
dufu_chunk_2718,dufu_31496,allusions_context,"Poem: 光祿坂行

Literary Allusions and References:
  長弓射",52,Du Fu (杜甫),762年,光祿坂行,古風,Classical Chinese,,,1.0,
dufu_chunk_2719,dufu_31496,annotations_context,"Poem: 光祿坂行

Scholarly Annotations:
  在梓州銅山縣
  一作水
  一作棲
  一作何",61,Du Fu (杜甫),762年,光祿坂行,古風,Classical Chinese,,,,4.0
dufu_chunk_2720,dufu_31461,poem_content,"Poem Title: 冬到金華山觀因得故拾遺陳公學堂遺跡

Poem Text:
涪右衆山內，
金華紫崔嵬。
上有蔚藍天，
垂光抱瓊臺。
繫舟接絕壁，
杖策窮縈回。
四顧俯層巔，
澹然川谷開。
雪嶺日色死，
霜鴻有餘哀。
焚香玉女跪，
霧裏仙人來。
陳公讀書堂，
石柱仄青苔。
悲風爲我起，
激烈傷雄才。

Creation Date: 762年
Location: CN510922
Poem Type: 古風",207,Du Fu (杜甫),762年,冬到金華山觀因得故拾遺陳公學堂遺跡,古風,Classical Chinese,False,True,,
dufu_chunk_2721,dufu_31461,annotations_context,"Poem: 冬到金華山觀因得故拾遺陳公學堂遺跡

Scholarly Annotations:
  陳子昂，射洪人，少讀書金華山，後節度使李叔明爲立旌德碑於山之讀書堂側。
  一作光",91,Du Fu (杜甫),762年,冬到金華山觀因得故拾遺陳公學堂遺跡,古風,Classical Chinese,,,,2.0
dufu_chunk_2722,dufu_31591,poem_content,"Poem Title: 陳拾遺故宅

Poem Text:
拾遺平昔居，
大屋尚修椽。
悠揚荒山日，
慘澹故園煙。
位下曷足傷，
所貴者聖賢。
有才繼騷雅，
哲匠不比肩。
公生揚馬後，
名與日月懸。
同遊英俊人，
多秉輔佐權。
彥昭超玉價，
郭振起通泉。
到今素壁滑，
灑翰銀鉤連。
盛事會一時，
此堂豈千年。
終古立忠義，
感遇有遺編。

Creation Date: 762年
Location: CN510922
Poem Type: 古風",223,Du Fu (杜甫),762年,陳拾遺故宅,古風,Classical Chinese,True,True,,
dufu_chunk_2723,dufu_31591,allusions_context,"Poem: 陳拾遺故宅

Literary Allusions and References:
  揚馬",52,Du Fu (杜甫),762年,陳拾遺故宅,古風,Classical Chinese,,,1.0,
dufu_chunk_2724,dufu_31591,annotations_context,"Poem: 陳拾遺故宅

Scholarly Annotations:
  宅在射洪縣東七里東武山下
  一作宅
  一作悠
  一作崔崒
  一作國
  趙彥昭，字奐然，甘州人。與郭元振、張說相友善
  一作趙
  元振爲通泉尉
  一作占",121,Du Fu (杜甫),762年,陳拾遺故宅,古風,Classical Chinese,,,,9.0
dufu_chunk_2725,dufu_31767,poem_content,"Poem Title: 謁文公上方

Poem Text:
野寺隱喬木，
山僧高下居。
石門日色異，
絳氣橫扶疎。
窈窕入風磴，
長蘆紛卷舒。
庭前猛虎臥，
遂得文公廬。
俯視萬家邑，
煙塵對階除。
吾師雨花外，
不下十年餘。
長者自布金，
禪龕只晏如。
大珠脫玷翳，
白月當空虛。
甫也南北人，
蕪蔓少耘鋤。
久遭詩酒污，
何事忝簪裾。
王侯與螻蟻，
同盡隨丘墟。
願聞第一義，
回向心地初。
金篦刮眼膜，
價重百車渠。
無生有汲引，
茲理儻吹噓。

Creation Date: 762年
Location: CN510922
Poem Type: 古風",279,Du Fu (杜甫),762年,謁文公上方,古風,Classical Chinese,True,True,,
dufu_chunk_2726,dufu_31767,allusions_context,"Poem: 謁文公上方

Literary Allusions and References:
  南北人
  虎臥庭前",60,Du Fu (杜甫),762年,謁文公上方,古風,Classical Chinese,,,2.0,
dufu_chunk_2727,dufu_31767,annotations_context,"Poem: 謁文公上方

Scholarly Annotations:
  一作窅
  一作火
  一作日",53,Du Fu (杜甫),762年,謁文公上方,古風,Classical Chinese,,,,3.0
dufu_chunk_2728,dufu_31608,poem_content,"Poem Title: 奉贈射洪李四丈

Poem Text:
丈人屋上烏，
人好烏亦好。
人生意氣豁，
不在相逢早。
南京亂初定，
所向邑枯槁。
遊子無根株，
茅齋付秋草。
東征下月峽，
挂席窮海島。
萬里須十金，
妻孥未相保。
蒼茫風塵際，
蹭蹬騏驎老。
志士懷感傷，
心胸已傾倒。

Creation Date: 762年
Location: CN510922
Poem Type: 古風",197,Du Fu (杜甫),762年,奉贈射洪李四丈,古風,Classical Chinese,True,True,,
dufu_chunk_2729,dufu_31608,allusions_context,"Poem: 奉贈射洪李四丈

Literary Allusions and References:
  屋上烏",55,Du Fu (杜甫),762年,奉贈射洪李四丈,古風,Classical Chinese,,,1.0,
dufu_chunk_2730,dufu_31608,annotations_context,"Poem: 奉贈射洪李四丈

Scholarly Annotations:
  明甫
  一作色",48,Du Fu (杜甫),762年,奉贈射洪李四丈,古風,Classical Chinese,,,,2.0
dufu_chunk_2731,dufu_31519,poem_content,"Poem Title: 早發射洪縣南途中作

Poem Text:
將老憂貧窶，
筋力豈能及。
征途乃侵星，
得使諸病入。
鄙人寡道氣，
在困無獨立。
俶裝逐徒旅，
達曙凌險澀。
寒日出霧遲，
清江轉山急。
僕夫行不進，
駑馬若維縶。
汀洲稍疏散，
風景開怏悒。
空慰所尚懷，
終非曩遊集。
衰顏偶一破，
勝事難屢挹。
茫然阮籍途，
更灑楊朱泣。

Creation Date: 762年
Location: CN510922
Poem Type: 古風",227,Du Fu (杜甫),762年,早發射洪縣南途中作,古風,Classical Chinese,True,True,,
dufu_chunk_2732,dufu_31519,allusions_context,"Poem: 早發射洪縣南途中作

Literary Allusions and References:
  阮籍途
  楊朱泣",63,Du Fu (杜甫),762年,早發射洪縣南途中作,古風,Classical Chinese,,,2.0,
dufu_chunk_2733,dufu_31519,annotations_context,"Poem: 早發射洪縣南途中作

Scholarly Annotations:
  一作後，一作復
  一作曉
  一作苦
  一作悁
  一作皆空",74,Du Fu (杜甫),762年,早發射洪縣南途中作,古風,Classical Chinese,,,,5.0
dufu_chunk_2734,dufu_31726,poem_content,"Poem Title: 通泉驛南去通泉縣十五里山水作

Poem Text:
溪行衣自濕，
亭午氣始散。
冬溫蚊蚋在，
人遠鳧鴨亂。
登頓生曾陰，
攲傾出高岸。
驛樓衰柳側，
縣郭輕煙畔。
一川何綺麗，
盡目窮壯觀。
山色遠寂寞，
江光夕滋漫。
傷時媿孔父，
去國同王粲。
我生苦飄零，
所歷有嗟歎。

Creation Date: 762年
Location: CN510922
Poem Type: 古風",204,Du Fu (杜甫),762年,通泉驛南去通泉縣十五里山水作,古風,Classical Chinese,True,True,,
dufu_chunk_2735,dufu_31726,allusions_context,"Poem: 通泉驛南去通泉縣十五里山水作

Literary Allusions and References:
  孔父傷時
  王粲不歸秦",71,Du Fu (杜甫),762年,通泉驛南去通泉縣十五里山水作,古風,Classical Chinese,,,2.0,
dufu_chunk_2736,dufu_31726,annotations_context,"Poem: 通泉驛南去通泉縣十五里山水作

Scholarly Annotations:
  一作集
  一作日
  一作知",62,Du Fu (杜甫),762年,通泉驛南去通泉縣十五里山水作,古風,Classical Chinese,,,,3.0
dufu_chunk_2737,dufu_31548,poem_content,"Poem Title: 過郭代公故宅

Poem Text:
豪俊初未遇，
其跡或脫略。
代公尉通泉，
放意何自若。
及夫登衮冕，
直氣森噴薄。
磊落見異人，
豈伊常情度。
定策神龍後，
宮中翕清廓。
俄頃辨尊親，
指揮存顧託。
羣公有慙色，
王室無削弱。
迥出名臣上，
丹青照臺閣。
我行得遺跡，
池館皆疏鑿。
壯公臨事斷，
顧步涕橫落。
高詠寶劒篇，
神交付冥漠。

Creation Date: 762年
Location: CN510922
Poem Type: 古風",238,Du Fu (杜甫),762年,過郭代公故宅,古風,Classical Chinese,True,True,,
dufu_chunk_2738,dufu_31548,allusions_context,"Poem: 過郭代公故宅

Literary Allusions and References:
  臨事斷",54,Du Fu (杜甫),762年,過郭代公故宅,古風,Classical Chinese,,,1.0,
dufu_chunk_2739,dufu_31548,annotations_context,"Poem: 過郭代公故宅

Scholarly Annotations:
  郭元振，貴鄉人，宅在京師宣陽里，此當是尉通泉時所居。
  一本此下有“精魂凜如在，所歷終蕭索”
  先天二年，明皇誅太平公主，睿宗御承天門，大臣俱走匿，獨郭元振總兵扈宿禁中。事定，封代國公。此云神龍，蓋太平擅寵亂政，禍胎在神龍時也
  一作見
  一作址
  草堂本，精魄凜如在一聯在此下
  武后索其文，上《寶劒篇》",198,Du Fu (杜甫),762年,過郭代公故宅,古風,Classical Chinese,,,,7.0
dufu_chunk_2740,dufu_31545,poem_content,"Poem Title: 觀薛稷少保書畫壁

Poem Text:
少保有古風，
得之陝郊篇。
惜哉功名忤，
但見書畫傳。
我游梓州東，
遺跡涪江邊。
畫藏青蓮界，
書入金牓懸。
仰看垂露姿，
不崩亦不騫。
鬱鬱三大字，
蛟龍岌相纏。
又揮西方變，
發地扶屋椽。
慘澹壁飛動，
到今色未填。
此行疊壯觀，
郭薛俱才賢。
不知百載後，
誰復來通泉。

Creation Date: 762年
Location: CN510922
Poem Type: 古風",226,Du Fu (杜甫),762年,觀薛稷少保書畫壁,古風,Classical Chinese,True,True,,
dufu_chunk_2741,dufu_31545,allusions_context,"Poem: 觀薛稷少保書畫壁

Literary Allusions and References:
  不崩不騫",57,Du Fu (杜甫),762年,觀薛稷少保書畫壁,古風,Classical Chinese,,,1.0,
dufu_chunk_2742,dufu_31545,annotations_context,"Poem: 觀薛稷少保書畫壁

Scholarly Annotations:
  稷，汾陰人，工書畫。官至太子少保，封晉國公，以太平公主亂，坐知謀賜死。
  《稷秋日還京詩》云：驅車越陝郊
  通泉壽聖寺聚古堂有薛稷所書慧普寺三字，徑三尺",119,Du Fu (杜甫),762年,觀薛稷少保書畫壁,古風,Classical Chinese,,,,3.0
dufu_chunk_2743,dufu_31358,poem_content,"Poem Title: 通泉縣署屋壁後薛少保畫鶴

Poem Text:
薛公十一鶴，
皆寫青田真。
畫色久欲盡，
蒼然猶出塵。
低昂各有意，
磊落如長人。
佳此志氣遠，
豈惟粉墨新。
萬里不以力，
羣遊森會神。
威遲白鳳態，
非是倉庚鄰。
高堂未傾覆，
常得慰嘉賓。
曝露牆壁外，
終嗟風雨頻。
赤霄有真骨，
恥飲洿池津。
冥冥任所往，
脫略誰能馴。

Creation Date: 762年
Location: CN510922
Poem Type: 古風",230,Du Fu (杜甫),762年,通泉縣署屋壁後薛少保畫鶴,古風,Classical Chinese,True,True,,
dufu_chunk_2744,dufu_31358,allusions_context,"Poem: 通泉縣署屋壁後薛少保畫鶴

Literary Allusions and References:
  青田鶴",60,Du Fu (杜甫),762年,通泉縣署屋壁後薛少保畫鶴,古風,Classical Chinese,,,1.0,
dufu_chunk_2745,dufu_31358,annotations_context,"Poem: 通泉縣署屋壁後薛少保畫鶴

Scholarly Annotations:
  稷尤善畫鶴，屏風六扇鶴樣自稷始。
  青田有雙白鶴，年年生子，長大便去，只餘二老鶴在耳，多云神仙所養
  一作幸",101,Du Fu (杜甫),762年,通泉縣署屋壁後薛少保畫鶴,古風,Classical Chinese,,,,3.0
dufu_chunk_2746,dufu_31731,poem_content,"Poem Title: 陪王侍御同登東山最高頂宴姚通泉晚攜酒泛江

Poem Text:
姚公美政誰與儔，
不減昔時陳太丘。
邑中上客有柱史，
多暇日陪驄馬遊。
東山高頂羅珍羞，
下顧城郭銷我憂。
清江白日落欲盡，
復攜美人登綵舟。
笛聲憤怨哀中流，
妙舞逶迤夜未休。
燈前往往大魚出，
聽曲低昂如有求。
三更風起寒浪湧，
取樂喧呼覺船重。
滿空星河光破碎，
四座賓客色不動。
請公臨深莫相違，
回船罷酒上馬歸。
人生歡會豈有極，
無使霜過霑人衣。

Creation Date: 762年
Location: CN510922
Poem Type: 古風",278,Du Fu (杜甫),762年,陪王侍御同登東山最高頂宴姚通泉晚攜酒泛江,古風,Classical Chinese,True,True,,
dufu_chunk_2747,dufu_31731,allusions_context,"Poem: 陪王侍御同登東山最高頂宴姚通泉晚攜酒泛江

Literary Allusions and References:
  驄馬
  陳太丘
  弦奏躍魚",80,Du Fu (杜甫),762年,陪王侍御同登東山最高頂宴姚通泉晚攜酒泛江,古風,Classical Chinese,,,3.0,
dufu_chunk_2748,dufu_31731,annotations_context,"Poem: 陪王侍御同登東山最高頂宴姚通泉晚攜酒泛江

Scholarly Annotations:
  東山在潼川涪江上
  一作怒
  一作江
  一作露",79,Du Fu (杜甫),762年,陪王侍御同登東山最高頂宴姚通泉晚攜酒泛江,古風,Classical Chinese,,,,4.0
dufu_chunk_2749,dufu_31662,poem_content,"Poem Title: 春日戲題惱郝使君兄

Poem Text:
使君意氣凌青霄，
憶昨歡娛常見招。
細馬時鳴金騕褭，
佳人屢出董驕饒。
東流江水西飛燕，
可惜春光不相見。
願攜王趙兩紅顏，
再騁肌膚如素練。
通泉百里近梓州，
請公一來開我愁。
舞處重看花滿面，
尊前還有錦纏頭。

Creation Date: 763年
Location: CN510722
Poem Type: 古風",195,Du Fu (杜甫),763年,春日戲題惱郝使君兄,古風,Classical Chinese,True,True,,
dufu_chunk_2750,dufu_31662,allusions_context,"Poem: 春日戲題惱郝使君兄

Literary Allusions and References:
  董嬌饒",57,Du Fu (杜甫),763年,春日戲題惱郝使君兄,古風,Classical Chinese,,,1.0,
dufu_chunk_2751,dufu_31662,annotations_context,"Poem: 春日戲題惱郝使君兄

Scholarly Annotations:
  一本無兄字
  一作俊
  一作嬈
  一作諸",65,Du Fu (杜甫),763年,春日戲題惱郝使君兄,古風,Classical Chinese,,,,4.0
dufu_chunk_2752,dufu_31732,poem_content,"Poem Title: 陪章留後惠義寺餞嘉州崔都督赴州

Poem Text:
中軍待上客，
令肅事有恒。
前驅入寶地，
祖帳飄金繩。
南陌既留歡，
茲山亦深登。
清聞樹杪磬，
遠謁雲端僧。
回策匪新岸，
所攀仍舊藤。
耳激洞門飆，
目存寒谷冰。
出塵閟軌躅，
畢景遺炎蒸。
永願坐長夏，
將衰棲大乘。
羈旅惜宴會，
艱難懷友朋。
勞生共幾何，
離恨兼相仍。

Creation Date: 763年
Location: CN510722
Poem Type: 古風",233,Du Fu (杜甫),763年,陪章留後惠義寺餞嘉州崔都督赴州,古風,Classical Chinese,True,True,,
dufu_chunk_2753,dufu_31732,allusions_context,"Poem: 陪章留後惠義寺餞嘉州崔都督赴州

Literary Allusions and References:
  中軍",62,Du Fu (杜甫),763年,陪章留後惠義寺餞嘉州崔都督赴州,古風,Classical Chinese,,,1.0,
dufu_chunk_2754,dufu_31732,annotations_context,"Poem: 陪章留後惠義寺餞嘉州崔都督赴州

Scholarly Annotations:
  節度使朝覲，擇置留後一人。時章彜爲梓州留後。
  一作伯
  一作崖",82,Du Fu (杜甫),763年,陪章留後惠義寺餞嘉州崔都督赴州,古風,Classical Chinese,,,,3.0
dufu_chunk_2755,dufu_31660,poem_content,"Poem Title: 將適吳楚留別章使君留後兼幕府諸公得柳字

Poem Text:
我來入蜀門，
歲月亦已久。
豈惟長兒童，
自覺成老醜。
常恐性坦率，
失身爲杯酒。
近辭痛飲徒，
折節萬夫後。
昔如縱壑魚，
今如喪家狗。
既無遊方戀，
行止復何有。
相逢半新故，
取別隨薄厚。
不意青草湖，
扁舟落吾手。
眷眷章梓州，
開筵俯高柳。
樓前出騎馬，
帳下羅賓友。
健兒簸紅旗，
此樂或難朽。
日車隱崑崙，
鳥雀噪戶牖。
波濤未足畏，
三峽徒雷吼。
所憂盜賊多，
重見衣冠走。
中原消息斷，
黃屋今安否。
終作適荆蠻，
安排用莊叟。
隨雲拜東皇，
挂席上南斗。
有使即寄書，
無使長回首。

Creation Date: 763年
Location: CN510722
Poem Type: 古風",349,Du Fu (杜甫),763年,將適吳楚留別章使君留後兼幕府諸公得柳字,古風,Classical Chinese,True,True,,
dufu_chunk_2756,dufu_31660,allusions_context,"Poem: 將適吳楚留別章使君留後兼幕府諸公得柳字

Literary Allusions and References:
  安排
  日車
  黃屋
  喪家狗
  適荆蠻",88,Du Fu (杜甫),763年,將適吳楚留別章使君留後兼幕府諸公得柳字,古風,Classical Chinese,,,5.0,
dufu_chunk_2757,dufu_31660,annotations_context,"Poem: 將適吳楚留別章使君留後兼幕府諸公得柳字

Scholarly Annotations:
  一作甫
  一作人
  一作若
  一作幾
  一作慰",79,Du Fu (杜甫),763年,將適吳楚留別章使君留後兼幕府諸公得柳字,古風,Classical Chinese,,,,5.0
dufu_chunk_2758,dufu_31432,poem_content,"Poem Title: 山寺

Poem Text:
野寺根石壁，
諸龕徧崔嵬。
前佛不復辨，
百身一莓苔。
雖有古殿存，
世尊亦塵埃。
如聞龍象泣，
足令信者哀。
使君騎紫馬，
捧擁從西來。
樹羽靜千里，
臨江久裴回。
山僧衣藍縷，
告訴棟梁摧。
公爲顧賓徒，
咄嗟檀施開。
吾知多羅樹，
却倚蓮華臺。
諸天必歡喜，
鬼物無嫌猜。
以茲撫士卒，
孰曰非周才。
窮子失淨處，
高人憂禍胎。
歲晏風破肉，
荒林寒可迴。
思量入道苦，
自哂同嬰孩。

Creation Date: 763年
Location: CN510722
Poem Type: 古風",276,Du Fu (杜甫),763年,山寺,古風,Classical Chinese,False,True,,
dufu_chunk_2759,dufu_31432,annotations_context,"Poem: 山寺

Scholarly Annotations:
  原注：得開字，章留後同遊。
  一作限
  一作惟
  一作領
  一作從，一作兵從
  見法華經
  一作人",90,Du Fu (杜甫),763年,山寺,古風,Classical Chinese,,,,7.0
dufu_chunk_2760,dufu_31781,poem_content,"Poem Title: 椶拂子

Poem Text:
椶拂且薄陋，
豈知身效能。
不堪代白羽，
有足除蒼蠅。
熒熒金錯刀，
擢擢朱絲蠅。
非獨顏色好，
亦用顧盼稱。
吾老抱疾病，
家貧臥炎蒸。
咂膚倦撲滅，
賴爾甘服膺。
物微世競棄，
義在誰肯徵。
三歲清秋至，
未敢闕緘縢。

Creation Date: 763年
Location: CN510722
Poem Type: 古風",193,Du Fu (杜甫),763年,椶拂子,古風,Classical Chinese,False,True,,
dufu_chunk_2761,dufu_31781,annotations_context,"Poem: 椶拂子

Scholarly Annotations:
  一作青
  一作由",45,Du Fu (杜甫),763年,椶拂子,古風,Classical Chinese,,,,2.0
dufu_chunk_2762,dufu_31710,poem_content,"Poem Title: 桃竹杖引贈章留後

Poem Text:
江心蟠石生桃竹，
蒼波噴浸尺度足。
斬根削皮如紫玉，
江妃水仙惜不得。
梓潼使君開一束，
滿堂賓客皆歎息。
憐我老病贈兩莖，
出入爪甲鏗有聲。
老夫復欲東南征，
乘濤鼓枻白帝城。
路幽必爲鬼神奪，
拔劒或與蛟龍爭。
重爲告曰，
杖兮！
杖兮！
爾之生也甚正直，
慎勿見水踴躍學變化爲龍。
使我不得爾之扶持，
滅跡於君山湖上之青峰。
噫！
風塵澒洞兮豺虎齩人，
忽失雙杖兮吾將曷從。

Creation Date: 763年
Location: CN510722
Poem Type: 古風",277,Du Fu (杜甫),763年,桃竹杖引贈章留後,古風,Classical Chinese,True,True,,
dufu_chunk_2763,dufu_31710,allusions_context,"Poem: 桃竹杖引贈章留後

Literary Allusions and References:
  乘竹杖",56,Du Fu (杜甫),763年,桃竹杖引贈章留後,古風,Classical Chinese,,,1.0,
dufu_chunk_2764,dufu_31710,annotations_context,"Poem: 桃竹杖引贈章留後

Scholarly Annotations:
  竹兼可爲簟，名桃笙。
  一作上
  一作者
  一作棹
  一作仗
  一作鴻",81,Du Fu (杜甫),763年,桃竹杖引贈章留後,古風,Classical Chinese,,,,6.0
dufu_chunk_2765,dufu_31749,poem_content,"Poem Title: 寄題江外草堂

Poem Text:
我生性放誕，
雅欲逃自然。
嗜酒愛風竹，
卜居必林泉。
遭亂到蜀江，
臥疴遣所便。
誅茅初一畝，
廣地方連延。
經營上元始，
斷手寶應年。
敢謀土木麗，
自覺面勢堅。
臺亭隨高下，
敞豁當清川。
雖有會心侶，
數能同釣船。
干戈未偃息，
安得酣歌眠。
蛟龍無定窟，
黃鵠摩蒼天。
古來達士志，
寧受外物牽。
顧惟魯鈍姿，
豈識悔吝先。
偶攜老妻去，
慘澹凌風煙。
事跡無固必，
幽貞媿雙全。
尚念四小松，
蔓草易拘纏。
霜骨不甚長，
永爲鄰里憐。

Creation Date: 763年
Location: CN510722
Poem Type: 古風",308,Du Fu (杜甫),763年,寄題江外草堂,古風,Classical Chinese,True,True,,
dufu_chunk_2766,dufu_31749,allusions_context,"Poem: 寄題江外草堂

Literary Allusions and References:
  誅茅
  幽貞",58,Du Fu (杜甫),763年,寄題江外草堂,古風,Classical Chinese,,,2.0,
dufu_chunk_2767,dufu_31749,annotations_context,"Poem: 寄題江外草堂

Scholarly Annotations:
  原注：梓州作，寄成都故居。
  一作修
  一作此
  一作遺
  一作必
  一作賢
  一作亭臺
  一作惟
  一作賢達士
  一作已",109,Du Fu (杜甫),763年,寄題江外草堂,古風,Classical Chinese,,,,10.0
dufu_chunk_2768,dufu_31456,poem_content,"Poem Title: 韋諷錄事宅觀曹將軍畫馬圖

Poem Text:
國初已來畫鞍馬，
神妙獨數江都王。
將軍得名三十載，
人間又見真乘黃。
曾貌先帝照夜白，
龍池十日飛霹靂。
內府殷紅馬腦盌，
倢伃傳詔才人索。
盌賜將軍拜舞歸，
輕紈細綺相追飛。
貴戚權門得筆跡，
始覺屏障生光輝。
昔日太宗拳毛騧，
近時郭家師子花。
今之新圖有二馬，
復令識者久歎嗟。
此皆騎戰一敵萬，
縞素漠漠開風沙。
其餘七匹亦殊絕，
迥若寒空動煙雪。
霜蹄蹴踏長楸間，
馬官廝養森成列。
可憐九馬爭神駿，
顧視清高氣深穩。
借問苦心愛者誰，
後有韋諷前支遁。
憶昔巡幸新豐宮，
翠華拂天來向東。
騰驤磊落三萬匹，
皆與此圖筋骨同。
自從獻寶朝河宗，
無復射蛟江水中。
君不見金粟堆前松柏裏，
龍媒去盡鳥呼風。

Creation Date: 764年
Location: CN5101
Poem Type: 古風",397,Du Fu (杜甫),764年,韋諷錄事宅觀曹將軍畫馬圖,古風,Classical Chinese,True,True,,
dufu_chunk_2769,dufu_31456,allusions_context,"Poem: 韋諷錄事宅觀曹將軍畫馬圖

Literary Allusions and References:
  乘黃
  射蛟
  獻寶",69,Du Fu (杜甫),764年,韋諷錄事宅觀曹將軍畫馬圖,古風,Classical Chinese,,,3.0,
dufu_chunk_2770,dufu_31456,annotations_context,"Poem: 韋諷錄事宅觀曹將軍畫馬圖

Scholarly Annotations:
  一本下有歌字，一本有引字，曹霸官左武衛將軍。
  江都王緒，霍王元軌子，善書畫
  一作四
  一作盤
  一作隨
  太宗六駿，五曰拳毛騧，平劉黑闥所乘
  一作畫
  曹將軍九馬圖，後藏薛紹彭家
  用穆天子西征事
  用漢武帝事

... and 1 more annotations",190,Du Fu (杜甫),764年,韋諷錄事宅觀曹將軍畫馬圖,古風,Classical Chinese,,,,11.0
dufu_chunk_2771,dufu_31692,poem_content,"Poem Title: 送韋諷上閬州錄事參軍

Poem Text:
國步猶艱難，
兵革未衰息。
萬方哀嗷嗷，
十載供軍食。
庶官務割剝，
不暇憂反側。
誅求何多門，
賢者貴爲德。
韋生富春秋，
洞徹有清識。
操持紀綱地，
喜見朱絲直。
當令豪奪吏，
自此無顏色。
必若救瘡痍，
先應去蟊賊。
揮淚臨大江，
高天意悽惻。
行行樹佳政，
慰我深相憶。

Creation Date: 764年
Location: CN5101
Poem Type: 古風",226,Du Fu (杜甫),764年,送韋諷上閬州錄事參軍,古風,Classical Chinese,False,True,,
dufu_chunk_2772,dufu_31692,annotations_context,"Poem: 送韋諷上閬州錄事參軍

Scholarly Annotations:
  一作尚
  一作年
  一作賢俊媿爲力
  一作因循",69,Du Fu (杜甫),764年,送韋諷上閬州錄事參軍,古風,Classical Chinese,,,,4.0
dufu_chunk_2773,dufu_31434,poem_content,"Poem Title: 丹青引贈曹將軍霸

Poem Text:
將軍魏武之子孫，
於今爲庶爲清門。
英雄割據雖已矣，
文彩風流猶尚存。
學書初學衛夫人，
但恨無過王右軍。
丹青不知老將至，
富貴於我如浮雲。
開元之中常引見，
承恩數上南熏殿。
凌煙功臣少顏色，
將軍下筆開生面。
良相頭上進賢冠，
猛將腰間大羽箭。
褒公鄂公毛髮動，
英姿颯爽來酣戰。
先帝天馬玉花驄，
畫工如山貌不同。
是日牽來赤墀下，
迥立閶闔生長風。
詔謂將軍拂絹素，
意匠慘澹經營中。
斯須九重真龍出，
一洗萬古凡馬空。
玉花却在御榻上，
榻上庭前屹相向。
至尊含笑催賜金，
圉人太僕皆惆悵。
弟子韓幹早入室，
亦能畫馬窮殊相。
幹惟畫肉不畫骨，
忍使驊騮氣凋喪。
將軍畫善蓋有神，
必逢佳士亦寫真。
即今飄泊干戈際，
屢貌尋常行路人。
途窮反遭俗眼白，
世上未有如公貧。
但看古來盛名下，
終日坎壈纏其身。

Creation Date: 764年
Location: CN5101
Poem Type: 古風",444,Du Fu (杜甫),764年,丹青引贈曹將軍霸,古風,Classical Chinese,True,True,,
dufu_chunk_2774,dufu_31434,allusions_context,"Poem: 丹青引贈曹將軍霸

Literary Allusions and References:
  俗眼白
  不義若浮雲
  真龍
  驊騮
  王右軍",80,Du Fu (杜甫),764年,丹青引贈曹將軍霸,古風,Classical Chinese,,,5.0,
dufu_chunk_2775,dufu_31434,annotations_context,"Poem: 丹青引贈曹將軍霸

Scholarly Annotations:
  一作皆
  一作今
  衛夫人，名鑠，展之女，李矩妻，學書於鍾繇
  一作未
  王羲之學書於衛夫人
  一作年
  當是重畫
  貞觀十七年，詔閻立本畫凌煙閣功臣二十四人。鄂國公尉遲敬德第七，褒，國公段志玄第十
  一作颯
  一作猶

... and 10 more annotations",188,Du Fu (杜甫),764年,丹青引贈曹將軍霸,古風,Classical Chinese,,,,20.0
dufu_chunk_2776,dufu_31730,poem_content,"Poem Title: 閬州東樓筵奉送十一舅往青城縣得昏字

Poem Text:
曾城有高樓，
制古丹雘存。
迢迢百餘尺，
豁達開四門。
雖有車馬客，
而無人世喧。
遊目俯大江，
列筵慰別魂。
是時秋冬交，
節往顏色昏。
天寒鳥獸休，
霜露在草根。
今我送舅氏，
萬感集清尊。
豈伊山川間，
回首盜賊繁。
高賢意不暇，
王命久崩奔。
臨風欲慟哭，
聲出已復吞。

Creation Date: 763年
Location: CN511381
Poem Type: 古風",235,Du Fu (杜甫),763年,閬州東樓筵奉送十一舅往青城縣得昏字,古風,Classical Chinese,False,True,,
dufu_chunk_2777,dufu_31730,annotations_context,"Poem: 閬州東樓筵奉送十一舅往青城縣得昏字

Scholarly Annotations:
  一作會
  東樓在保寧府治南嘉陵江上
  一作會
  一作伏",80,Du Fu (杜甫),763年,閬州東樓筵奉送十一舅往青城縣得昏字,古風,Classical Chinese,,,,4.0
dufu_chunk_2778,dufu_31550,poem_content,"Poem Title: 嚴氏溪放歌行

Poem Text:
天下甲馬未盡銷，
豈免溝壑常漂漂。
劒南歲月不可度，
邊頭公卿仍獨驕。
費心姑息是一役，
肥肉大酒徒相要。
嗚呼古人已糞土，
獨覺志士甘漁樵。
況我飄轉無定所，
終日慽慽忍羈旅。
秋宿霜溪素月高，
喜得與子長夜語。
東遊西還力實倦，
從此將身更何許。
知子松根長茯苓，
遲暮有意來同煮。

Creation Date: 763年
Location: CN511381
Poem Type: 古風",228,Du Fu (杜甫),763年,嚴氏溪放歌行,古風,Classical Chinese,False,True,,
dufu_chunk_2779,dufu_31550,annotations_context,"Poem: 嚴氏溪放歌行

Scholarly Annotations:
  溪在閬州東百餘里
  一作兵
  一作何其
  一作蓬
  一作夜
  一作清",78,Du Fu (杜甫),763年,嚴氏溪放歌行,古風,Classical Chinese,,,,6.0
dufu_chunk_2780,dufu_31651,poem_content,"Poem Title: 南池

Poem Text:
崢嶸巴閬間，
所向盡山谷。
安知有蒼池，
萬頃浸坤軸。
呀然閬城南，
枕帶巴江腹。
芰荷入異縣，
稉稻共比屋。
皇天不無意，
美利戒止足。
高田失西成，
此物頗豐熟。
清源多衆魚，
遠岸富喬木。
獨歎楓香林，
春時好顏色。
南有漢王祠，
終朝走巫祝。
歌舞散靈衣，
荒哉舊風俗。
高堂亦明王，
魂魄猶正直。
不應空陂上，
縹緲親酒食。
淫祀自古昔，
非唯一川瀆。
干戈浩茫茫，
地僻傷極目。
平生江海興，
遭亂身局促。
駐馬問漁舟，
躊躇慰羈束。

Creation Date: 763年
Location: CN511381
Poem Type: 古風",304,Du Fu (杜甫),763年,南池,古風,Classical Chinese,False,True,,
dufu_chunk_2781,dufu_31651,annotations_context,"Poem: 南池

Scholarly Annotations:
  在閬中縣東南，即彭道將魚池
  一作控
  一作主
  池在漢高祖廟旁
  一作皇
  一作溟渤",83,Du Fu (杜甫),763年,南池,古風,Classical Chinese,,,,6.0
dufu_chunk_2782,dufu_31470,poem_content,"Poem Title: 發閬中

Poem Text:
前有毒蛇後猛虎，
溪行盡日無邨塢。
江風蕭蕭雲拂地，
山木慘慘天欲雨。
女病妻憂歸意速，
秋花錦石誰復數。
別家三月一得書，
避地何時免愁苦。

Creation Date: 763年
Location: CN511381
Poem Type: 古風",153,Du Fu (杜甫),763年,發閬中,古風,Classical Chinese,False,True,,
dufu_chunk_2783,dufu_31470,annotations_context,"Poem: 發閬中

Scholarly Annotations:
  一作急
  一作能
  一作書來",52,Du Fu (杜甫),763年,發閬中,古風,Classical Chinese,,,,3.0
dufu_chunk_2784,dufu_31747,poem_content,"Poem Title: 寄韓諫議

Poem Text:
今我不樂思岳陽，
身欲奮飛病在牀。
美人娟娟隔秋水，
濯足洞庭望八荒。
鴻飛冥冥日月白，
青楓葉赤天雨霜。
玉京羣帝集北斗，
或騎騏驎翳鳳皇。
芙蓉旌旗煙霧樂，
影動倒景搖瀟湘。
星宮之君醉瓊漿，
羽人稀少不在旁。
似聞昨者赤松子，
恐是漢代韓張良。
昔隨劉氏定長安，
帷幄未改神慘傷。
國家成敗吾豈敢，
色難腥腐餐風香。
周南留滯古所惜，
南極老人應壽昌。
美人胡爲隔秋水，
焉得置之貢玉堂。

Creation Date: 767年
Location: CN500236,瀼西
Poem Type: 古風",283,Du Fu (杜甫),767年,寄韓諫議,古風,Classical Chinese,True,True,,
dufu_chunk_2785,dufu_31747,allusions_context,"Poem: 寄韓諫議

Literary Allusions and References:
  赤松子
  南極老人
  周南太史公
  張良",72,Du Fu (杜甫),767年,寄韓諫議,古風,Classical Chinese,,,4.0,
dufu_chunk_2786,dufu_31747,annotations_context,"Poem: 寄韓諫議

Scholarly Annotations:
  舊本有注字，一云注乃汯之誤，韓休之子汯，上元中爲諫議大夫，此詩爲李泌隱衡山而作，欲諫議貢薦之也。
  一作飛
  一作旄
  一作落
  一作夜
  一作楓
  一作莫",121,Du Fu (杜甫),767年,寄韓諫議,古風,Classical Chinese,,,,7.0
dufu_chunk_2787,dufu_31444,poem_content,"Poem Title: 憶昔二首

Poem Text:
憶昔先皇巡朔方，
千乘萬騎入咸陽。
陰山驕子汗血馬，
長驅東胡胡走藏。
鄴城反覆不足怪，
關中小兒壞紀綱，
張后不樂上爲忙。
至今今上猶撥亂，
勞身焦思補四方。
我昔近侍叨奉引，
出兵整肅不可當。
爲留猛士守未央，
致使岐雍防西羌。
犬戎直來坐御牀，
百官跣足隨天王。
願見北地傅介子，
老儒不用尚書郎。

Creation Date: 764年
Location: CN5101
Poem Type: 古風",233,Du Fu (杜甫),764年,憶昔二首,古風,Classical Chinese,True,True,,
dufu_chunk_2788,dufu_31444,allusions_context,"Poem: 憶昔二首

Literary Allusions and References:
  驕子
  天王
  坐御牀",62,Du Fu (杜甫),764年,憶昔二首,古風,Classical Chinese,,,3.0,
dufu_chunk_2789,dufu_31444,annotations_context,"Poem: 憶昔二首

Scholarly Annotations:
  謂肅宗
  李輔國，閑廄馬家小兒
  謂代宗
  一作兵出
  一作忘
  程元振數譖郭子儀，遂解兵柄。乾元後數年，邠鳳西北盡陷蕃戎，代宗幸陝。詩蓋指此",113,Du Fu (杜甫),764年,憶昔二首,古風,Classical Chinese,,,,6.0
dufu_chunk_2790,dufu_31445,poem_content,"Poem Title: 憶昔二首

Poem Text:
憶昔開元全盛日，
小邑猶藏萬家室。
稻米流脂粟米白，
公私倉廩俱豐實。
九州道路無豺虎，
遠行不勞吉日出。
齊紈魯縞車班班，
男耕女桑不相失。
宮中聖人奏雲門，
天下朋友皆膠漆。
百餘年間未災變，
叔孫禮樂蕭何律。
豈聞一絹直萬錢，
有田種穀今流血。
洛陽宮殿燒焚盡，
宗廟新除狐兔穴。
傷心不忍問耆舊，
復恐初從亂離說。
小臣魯鈍無所能，
朝廷記識蒙祿秩。
周宣中興望我皇，
灑血江漢身衰疾。

Creation Date: 764年
Location: CN5101
Poem Type: 古風",278,Du Fu (杜甫),764年,憶昔二首,古風,Classical Chinese,True,True,,
dufu_chunk_2791,dufu_31445,allusions_context,"Poem: 憶昔二首

Literary Allusions and References:
  膠漆
  魯縞薄
  蕭何律
  雲門",68,Du Fu (杜甫),764年,憶昔二首,古風,Classical Chinese,,,4.0,
dufu_chunk_2792,dufu_31445,annotations_context,"Poem: 憶昔二首

Scholarly Annotations:
  一作富，一作盈
  一作狼
  一作淚
  一作長",62,Du Fu (杜甫),764年,憶昔二首,古風,Classical Chinese,,,,4.0
dufu_chunk_2793,dufu_31462,poem_content,"Poem Title: 冬狩行

Poem Text:
君不見東川節度兵馬雄，
校獵亦似觀成功。
夜發猛士三千人，
清晨合圍步驟同。
禽獸已斃十七八，
殺聲落日回蒼穹。
幕前生致九青兕，
駱駝𡾋峞垂玄熊。
東西南北百里間，
髣髴蹴踏寒山空。
有鳥名鸜鵒，
力不能高飛逐走蓬。
肉味不足登鼎俎，
何爲見羈虞羅中。
春蒐冬狩侯得同，
使君五馬一馬驄。
況今攝行大將權，
號令頗有前賢風。
飄然時危一老翁，
十年厭見旌旗紅。
喜君士卒甚整肅，
爲我回轡擒西戎。
草中狐兔盡何益，
天子不在咸陽宮。
朝廷雖無幽王禍，
得不哀痛塵再蒙。
嗚呼，
得不哀痛塵再蒙。

Creation Date: 763年
Location: CN510722
Poem Type: 古風",330,Du Fu (杜甫),763年,冬狩行,古風,Classical Chinese,True,True,,
dufu_chunk_2794,dufu_31462,allusions_context,"Poem: 冬狩行

Literary Allusions and References:
  乘驄
  五馬",55,Du Fu (杜甫),763年,冬狩行,古風,Classical Chinese,,,2.0,
dufu_chunk_2795,dufu_31462,annotations_context,"Poem: 冬狩行

Scholarly Annotations:
  原注：時梓州刺史章彝兼侍御史留後東川。
  一作候
  彝兼侍御，故云一馬驄
  時代宗幸陝，詔徵天下兵，無一人應召者，故感激言之",101,Du Fu (杜甫),763年,冬狩行,古風,Classical Chinese,,,,4.0
dufu_chunk_2796,dufu_31534,poem_content,"Poem Title: 自平

Poem Text:
自平宮中呂太一，
收珠南海千餘日。
近供生犀翡翠稀，
復恐征戎干戈密。
蠻溪豪族小動搖，
世封刺史非時朝。
蓬萊殿前諸主將，
才如伏波不得驕。

Creation Date: 767年
Location: CN500236,东屯
Poem Type: 古風",155,Du Fu (杜甫),767年,自平,古風,Classical Chinese,True,True,,
dufu_chunk_2797,dufu_31534,allusions_context,"Poem: 自平

Literary Allusions and References:
  伏波",49,Du Fu (杜甫),767年,自平,古風,Classical Chinese,,,1.0,
dufu_chunk_2798,dufu_31534,annotations_context,"Poem: 自平

Scholarly Annotations:
  一作中宮，一作中官
  中使呂太乙爲市舶使，矯詔募兵作亂
  一作戍
  一作山
  一作常
  一作裏",87,Du Fu (杜甫),767年,自平,古風,Classical Chinese,,,,6.0
dufu_chunk_2799,dufu_31792,poem_content,"Poem Title: 釋悶

Poem Text:
四海十年不解兵，
犬戎也復臨咸京。
失道非關出襄野，
揚鞭忽是過胡城。
豺狼塞路人斷絕，
烽火照夜屍縱橫。
天子亦應厭奔走，
羣公固合思升平。
但恐誅求不改轍，
聞道嬖孽能全生。
江邊老翁錯料事，
眼暗不見風塵清。

Creation Date: 764年
Location: CN511381
Poem Type: 古風",188,Du Fu (杜甫),764年,釋悶,古風,Classical Chinese,True,True,,
dufu_chunk_2800,dufu_31792,allusions_context,"Poem: 釋悶

Literary Allusions and References:
  七聖心迷",51,Du Fu (杜甫),764年,釋悶,古風,Classical Chinese,,,1.0,
dufu_chunk_2801,dufu_31792,annotations_context,"Poem: 釋悶

Scholarly Annotations:
  一作羊
  黃帝將見大隗，至襄城之野
  一作湖
  即今蕪湖，晉明帝察王敦軍於湖，在當塗縣
  一作今",87,Du Fu (杜甫),764年,釋悶,古風,Classical Chinese,,,,5.0
dufu_chunk_2802,dufu_31845,poem_content,"Poem Title: 贈別賀蘭銛

Poem Text:
黃雀飽野粟，
羣飛動荆榛。
今君抱何恨，
寂寞向時人。
老驥倦驤首，
蒼鷹愁易馴。
高賢世未識，
固合嬰飢貧。
國步初返正，
乾坤尚風塵。
悲歌鬢髮白，
遠赴湘吳春。
我戀岷下芋，
君思千里蓴。
生離與死別，
自古鼻酸辛。

Creation Date: 764年
Location: CN511381
Poem Type: 古風",195,Du Fu (杜甫),764年,贈別賀蘭銛,古風,Classical Chinese,True,True,,
dufu_chunk_2803,dufu_31845,allusions_context,"Poem: 贈別賀蘭銛

Literary Allusions and References:
  千里蓴
  岷下芋",59,Du Fu (杜甫),764年,贈別賀蘭銛,古風,Classical Chinese,,,2.0,
dufu_chunk_2804,dufu_31845,annotations_context,"Poem: 贈別賀蘭銛

Scholarly Annotations:
  一作吾
  一作飢
  代宗幸陝初還
  千里湖在溧陽縣",66,Du Fu (杜甫),764年,贈別賀蘭銛,古風,Classical Chinese,,,,4.0
dufu_chunk_2805,dufu_31557,poem_content,"Poem Title: 別唐十五誡因寄禮部賈侍郎

Poem Text:
九載一相逢，
百年能幾何。
復爲萬里別，
送子山之阿。
白鶴久同林，
潛魚本同河。
未知棲集期，
衰老強高歌。
歌罷兩悽惻，
六龍忽蹉跎。
相視髮皓白，
況難駐羲和。
胡星墜燕地，
漢將仍橫戈。
蕭條四海內，
人少豺虎多。
少人慎莫投，
多虎信所過。
飢有易子食，
獸猶畏虞羅。
子負經濟才，
天門鬱嵯峨。
飄颻適東周，
來往若崩波。
南宮吾故人，
白馬金盤陀。
雄筆映千古，
見賢心靡他。
念子善師事，
歲寒守舊柯。
爲吾謝賈公，
病肺臥江沱。

Creation Date: 764年
Location: CN5101
Poem Type: 古風",312,Du Fu (杜甫),764年,別唐十五誡因寄禮部賈侍郎,古風,Classical Chinese,True,True,,
dufu_chunk_2806,dufu_31557,allusions_context,"Poem: 別唐十五誡因寄禮部賈侍郎

Literary Allusions and References:
  六龍
  南宮",64,Du Fu (杜甫),764年,別唐十五誡因寄禮部賈侍郎,古風,Classical Chinese,,,2.0,
dufu_chunk_2807,dufu_31557,annotations_context,"Poem: 別唐十五誡因寄禮部賈侍郎

Scholarly Annotations:
  賈至
  一作飄
  一作亦
  一作匪",65,Du Fu (杜甫),764年,別唐十五誡因寄禮部賈侍郎,古風,Classical Chinese,,,,4.0
dufu_chunk_2808,dufu_31728,poem_content,"Poem Title: 閬山歌

Poem Text:
閬州城中靈山白，
閬州城北玉臺碧。
松浮欲盡不盡雲，
江動將崩未崩石。
那知根無鬼神會，
已覺氣與嵩華敵。
中原格鬬且未歸，
應結茅齋看青壁。

Creation Date: 764年
Location: CN511381
Poem Type: 古風",153,Du Fu (杜甫),764年,閬山歌,古風,Classical Chinese,False,True,,
dufu_chunk_2809,dufu_31728,annotations_context,"Poem: 閬山歌

Scholarly Annotations:
  一作雪
  一作壺
  一作已
  一作著，一作應著茅齋向",65,Du Fu (杜甫),764年,閬山歌,古風,Classical Chinese,,,,4.0
dufu_chunk_2810,dufu_31729,poem_content,"Poem Title: 閬水歌

Poem Text:
嘉陵江色何所似，
石黛碧玉相因依。
正憐日破浪花出，
更復春從沙際歸。
巴童蕩槳攲側過，
水雞銜魚來去飛。
閬中勝事可腸斷，
閬州城南天下稀。

Creation Date: 764年
Location: CN511381
Poem Type: 古風",153,Du Fu (杜甫),764年,閬水歌,古風,Classical Chinese,False,True,,
dufu_chunk_2811,dufu_31729,annotations_context,"Poem: 閬水歌

Scholarly Annotations:
  一作山
  一作閬山",46,Du Fu (杜甫),764年,閬水歌,古風,Classical Chinese,,,,2.0
dufu_chunk_2812,dufu_31683,poem_content,"Poem Title: 草堂

Poem Text:
昔我去草堂，
蠻夷塞成都。
今我歸草堂，
成都適無虞。
請陳初亂時，
反復乃須臾。
大將赴朝廷，
羣小起異圖。
中宵斬白馬，
盟歃氣已麤。
西取邛南兵，
北斷劒閣隅。
布衣數十人，
亦擁專城居。
其勢不兩大，
始聞蕃漢殊。
西卒却倒戈，
賊臣互相誅。
焉知肘腋禍，
自及梟獍徒。
義士皆痛憤，
紀綱亂相踰。
一國實三公，
萬人欲爲魚。
唱和作威福，
孰肯辨無辜。
眼前列杻械，
背後吹笙竽。
談笑行殺戮，
濺血滿長衢。
到今用鉞地，
風雨聞號呼。
鬼妾與鬼馬，
色悲充爾娛。
國家法令在，
此又足驚吁。
賤子且奔走，
三年望東吳。
弧矢暗江海，
難爲遊五湖。
不忍竟舍此，
復來薙榛蕪。
入門四松在，
步屧萬竹疎。
舊犬喜我歸，
低徊入衣裾。
鄰舍喜我歸，
酤酒攜胡蘆。
大官喜我來，
遣騎問所須。
城郭喜我來，
賓客隘邨墟。
天下尚未寧，
健兒勝腐儒。
飄颻風塵際，
何地置老夫。
於時見疣贅，
骨髓幸未枯。
飲啄媿殘生，
食薇不敢餘。

Creation Date: 764年
Location: CN5101
Poem Type: 古風",498,Du Fu (杜甫),764年,草堂,古風,Classical Chinese,True,True,,
dufu_chunk_2813,dufu_31683,allusions_context,"Poem: 草堂

Literary Allusions and References:
  健兒勝腐儒
  談笑行殺戮
  萬人為魚
  一國三公
  專城",79,Du Fu (杜甫),764年,草堂,古風,Classical Chinese,,,5.0,
dufu_chunk_2814,dufu_31683,annotations_context,"Poem: 草堂

Scholarly Annotations:
  一作此
  一作斯須
  初，嚴武入朝，徐知道反，旋爲其下李忠厚所殺
  一作境
  一作能
  一作流
  一作人
  一作提榼壺
  一作知
  一作知

... and 4 more annotations",141,Du Fu (杜甫),764年,草堂,古風,Classical Chinese,,,,14.0
dufu_chunk_2815,dufu_31474,poem_content,"Poem Title: 四松

Poem Text:
四松初移時，
大抵三尺強。
別來忽三載，
離立如人長。
會看根不拔，
莫計枝凋傷。
幽色幸秀發，
疎柯亦昂藏。
所插小藩籬，
本亦有隄防。
終然掁撥損，
得恡千葉黃。
敢爲故林主，
黎庶猶未康。
避賊今始歸，
春草滿空堂。
覽物歎衰謝，
及茲慰淒涼。
清風爲我起，
灑面若微霜。
足以送老姿，
聊侍偃蓋張。
我生無根帶，
配爾亦茫茫。
有情且賦詩，
事迹可兩望。
勿矜千載後，
慘澹蟠穹蒼。

Creation Date: 764年
Location: CN5101
Poem Type: 古風",274,Du Fu (杜甫),764年,四松,古風,Classical Chinese,False,True,,
dufu_chunk_2816,dufu_31474,annotations_context,"Poem: 四松

Scholarly Annotations:
  一作歲
  一作會
  一作已
  一作媿
  一作爲
  一作資
  一作將
  一作蒂
  一作汝
  一作兩可",93,Du Fu (杜甫),764年,四松,古風,Classical Chinese,,,,10.0
dufu_chunk_2817,dufu_31452,poem_content,"Poem Title: 水檻

Poem Text:
蒼江多風飆，
雲雨晝夜飛。
茅軒駕巨浪，
焉得不低垂。
遊子久在外，
門戶無人持。
高岸尚如谷，
何傷浮柱攲。
扶顛有勸誡，
恐貽識者嗤。
既殊大廈傾，
可以一木支。
臨川視萬里，
何必闌檻爲。
人生感故物，
慷慨有餘悲。

Creation Date: 764年
Location: CN5101
Poem Type: 古風",190,Du Fu (杜甫),764年,水檻,古風,Classical Chinese,True,True,,
dufu_chunk_2818,dufu_31452,allusions_context,"Poem: 水檻

Literary Allusions and References:
  感故物
  谷變陵遷",57,Du Fu (杜甫),764年,水檻,古風,Classical Chinese,,,2.0,
dufu_chunk_2819,dufu_31452,annotations_context,"Poem: 水檻

Scholarly Annotations:
  一作爲",38,Du Fu (杜甫),764年,水檻,古風,Classical Chinese,,,,1.0
dufu_chunk_2820,dufu_31719,poem_content,"Poem Title: 破船

Poem Text:
平生江海心，
宿昔具扁舟。
豈惟青溪上，
日傍柴門遊。
蒼皇避亂兵，
緬邈懷舊丘。
鄰人亦已非，
野竹獨修修。
船舷不重扣，
埋沒已經秋。
仰看西飛翼，
下媿東逝流。
故者或可掘，
新者亦易求。
所悲數奔竄，
白屋難久留。

Creation Date: 764年
Location: CN5101
Poem Type: 古風",190,Du Fu (杜甫),764年,破船,古風,Classical Chinese,False,False,,
dufu_chunk_2821,dufu_31766,poem_content,"Poem Title: 營屋

Poem Text:
我有陰江竹，
能令朱夏寒。
陰通積水內，
高入浮雲端。
甚疑鬼物憑，
不顧翦伐殘。
東偏若面勢，
戶牖永可安。
愛惜已六載，
茲晨去千竿。
蕭蕭見白日，
洶洶開奔湍。
度堂匪華麗，
養拙異考槃。
草茅雖薙葺，
衰疾方少寬。
洗然順所適，
此足代加餐。
寂無斤斧響，
庶遂憩息歡。

Creation Date: 765年
Location: CN5101
Poem Type: 古風",218,Du Fu (杜甫),765年,營屋,古風,Classical Chinese,False,True,,
dufu_chunk_2822,dufu_31766,annotations_context,"Poem: 營屋

Scholarly Annotations:
  一作如",38,Du Fu (杜甫),765年,營屋,古風,Classical Chinese,,,,1.0
dufu_chunk_2823,dufu_31702,poem_content,"Poem Title: 除草

Poem Text:
草有害於人，
曾何生阻修。
其毒甚蜂蠆，
其多彌道周。
清晨步前林，
江色未散憂。
芒刺在我眼，
焉能待高秋。
霜露一霑凝，
蕙葉亦難留。
荷鋤先童穉，
日入仍討求。
轉致水中央，
豈無雙釣舟。
頑根易滋蔓，
敢使依舊丘。
自茲藩籬曠，
更覺松竹幽。
芟夷不可闕，
疾惡信如讎。

Creation Date: 765年
Location: CN5101
Poem Type: 古風",218,Du Fu (杜甫),765年,除草,古風,Classical Chinese,False,True,,
dufu_chunk_2824,dufu_31702,annotations_context,"Poem: 除草

Scholarly Annotations:
  原注：去䕭草也。䕭音潛，一云即燖麻，一云山韭，大約是惡草。
  一作雪
  一作衣
  一作移",82,Du Fu (杜甫),765年,除草,古風,Classical Chinese,,,,4.0
dufu_chunk_2825,dufu_31517,poem_content,"Poem Title: 揚旗

Poem Text:
江雨颯長夏，
府中有餘清。
我公會賓客，
肅肅有異聲。
初筵閱軍裝，
羅列照廣庭。
庭空六馬入，
駊騀揚旗旌。
回回偃飛蓋，
熠熠迸流星。
來纏風飆急，
去擘山岳傾。
材歸俯身盡，
妙取略地平。
虹霓就掌握，
舒卷隨人輕。
三州陷犬戎，
但見西嶺青。
公來練猛士，
欲奪天邊城。
此堂不易升，
庸蜀日已寧。
吾徒且加餐，
休適蠻與荆。

Creation Date: 764年
Location: CN5101
Poem Type: 古風",246,Du Fu (杜甫),764年,揚旗,古風,Classical Chinese,True,True,,
dufu_chunk_2826,dufu_31517,allusions_context,"Poem: 揚旗

Literary Allusions and References:
  猛士
  王粲不歸秦",57,Du Fu (杜甫),764年,揚旗,古風,Classical Chinese,,,2.0,
dufu_chunk_2827,dufu_31517,annotations_context,"Poem: 揚旗

Scholarly Annotations:
  原注：二年夏六月，成都尹嚴公置酒公堂，觀騎士試新旗幟。
  一作風
  一作四
  一作旆
  一作衝
  廣德元年，劒南節度高適不能軍，吐蕃陷松、維、保三州",114,Du Fu (杜甫),764年,揚旗,古風,Classical Chinese,,,,6.0
dufu_chunk_2828,dufu_31440,poem_content,"Poem Title: 太子張舍人遺織成褥段

Poem Text:
客從西北來，
遺我翠織成。
開緘風濤湧，
中有掉尾鯨。
逶迤羅水族，
瑣細不足名。
客云充君褥，
承君終宴榮。
空堂魑魅走，
高枕形神清。
領客珍重意，
顧我非公卿。
留之懼不祥，
施之混柴荆。
服飾定尊卑，
大哉萬古程。
今我一賤老，
裋褐更無營。
煌煌珠宮物，
寢處禍所嬰。
歎息當路子，
干戈尚縱橫。
掌握有權柄，
衣馬自肥輕。
李鼎死岐陽，
實以驕貴盈。
來瑱賜自盡，
氣豪直阻兵。
皆聞黃金多，
坐見悔吝生。
奈何田舍翁，
受此厚貺情。
錦鯨卷還客，
始覺心和平。
振我麤席塵，
媿客茹藜羹。

Creation Date: 764年
Location: CN5101
Poem Type: 古風",338,Du Fu (杜甫),764年,太子張舍人遺織成褥段,古風,Classical Chinese,True,True,,
dufu_chunk_2829,dufu_31440,allusions_context,"Poem: 太子張舍人遺織成褥段

Literary Allusions and References:
  田舍翁",58,Du Fu (杜甫),764年,太子張舍人遺織成褥段,古風,Classical Chinese,,,1.0,
dufu_chunk_2830,dufu_31440,annotations_context,"Poem: 太子張舍人遺織成褥段

Scholarly Annotations:
  一作細
  一作魍魎
  一作短
  一作縈
  一作已
  一作昔
  一作飯
  史稱嚴武累年在蜀，肆志逞欲，恣行猛政，窮極奢靡。甫在幕下，此詩特借以諷諭，朋友責善之道也",130,Du Fu (杜甫),764年,太子張舍人遺織成褥段,古風,Classical Chinese,,,,8.0
dufu_chunk_2831,dufu_31723,poem_content,"Poem Title: 莫相疑行

Poem Text:
男兒生無所成頭皓白，
牙齒欲落真可惜。
憶獻三賦蓬萊宮，
自怪一日聲輝赫。
集賢學士如堵牆，
觀我落筆中書堂。
往時文彩動人主，
此日飢寒趨路旁。
晚將末契託年少，
當面輸心背面笑。
寄謝悠悠世上兒，
不爭好惡莫相疑。

Creation Date: 765年
Location: CN5101
Poem Type: 古風",190,Du Fu (杜甫),765年,莫相疑行,古風,Classical Chinese,False,True,,
dufu_chunk_2832,dufu_31723,annotations_context,"Poem: 莫相疑行

Scholarly Annotations:
  一作一生無
  一作燀，一作烜
  一作今
  一作節契
  一作論
  一作莫",77,Du Fu (杜甫),765年,莫相疑行,古風,Classical Chinese,,,,6.0
dufu_chunk_2833,dufu_31559,poem_content,"Poem Title: 別蔡十四著作

Poem Text:
賈生慟哭後，
寥落無其人。
安知蔡夫子，
高義邁等倫。
獻書謁皇帝，
志已清風塵。
流涕灑丹極，
萬乘爲酸辛。
天地則創痍，
朝廷當正臣。
異才復間出，
周道日惟新。
使蜀見知己，
別顏始一伸。
主人薨城府，
扶櫬歸咸秦。
巴道此相逢，
會我病江濱。
憶念鳳翔都，
聚散俄十春。
我衰不足道，
但願子意陳。
稍令社稷安，
自契魚水親。
我雖消渴甚，
敢望帝力勤。
尚思未朽骨，
復覩耕桑民。
積水架三峽，
浮龍倚長津。
揚舲洪濤間，
仗子濟物身。
鞍馬下秦塞，
王城通北辰。
玄甲聚不散，
兵久食恐貧。
窮谷無粟帛，
使者來相因。
若憑南轅吏，
書札到天垠。

Creation Date: 766年
Location: CN500235
Poem Type: 古風",364,Du Fu (杜甫),766年,別蔡十四著作,古風,Classical Chinese,True,True,,
dufu_chunk_2834,dufu_31559,allusions_context,"Poem: 別蔡十四著作

Literary Allusions and References:
  魚水親",54,Du Fu (杜甫),766年,別蔡十四著作,古風,Classical Chinese,,,1.0,
dufu_chunk_2835,dufu_31559,annotations_context,"Poem: 別蔡十四著作

Scholarly Annotations:
  一作多
  謂嚴武
  一作音
  一作輸囷
  一作逢
  一作使",73,Du Fu (杜甫),766年,別蔡十四著作,古風,Classical Chinese,,,,6.0
dufu_chunk_2836,dufu_31571,poem_content,"Poem Title: 杜鵑

Poem Text:
西川有杜鵑，
東川無杜鵑。
涪萬無杜鵑，
雲安有杜鵑。
我昔遊錦城，
結廬錦水邊。
有竹一頃餘，
喬木上參天。
杜鵑暮春至，
哀哀叫其間。
我見常再拜，
重是古帝魂。
生子百鳥巢，
百鳥不敢嗔。
仍爲餧其子，
禮若奉至尊。
鴻雁及羔羊，
有禮太古前。
行飛與跪乳，
識序如知恩。
聖賢古法則，
付與後世傳。
君看禽鳥情，
猶解事杜鵑。
今忽暮春間，
值我病經年。
身病不能拜，
淚下如迸泉。

Creation Date: 766年
Location: CN500235
Poem Type: 古風",276,Du Fu (杜甫),766年,杜鵑,古風,Classical Chinese,False,True,,
dufu_chunk_2837,dufu_31571,annotations_context,"Poem: 杜鵑

Scholarly Annotations:
  一作南
  一作喧
  一作又
  一作吾
  一作之
  舊注：上皇幸蜀還，肅宗以李輔國離間，遷之西內，悒悒而崩。此詩感是而作。但首四句有無互見，不知何義。夏竦謂是詩序，亦無解，黃希、吳曾引樂府郭東亦有樵，郭西亦有樵，魚戲蓮葉東，魚戲蓮葉西。謂甫正用此格，詩體則然，義終難辨，至王誼伯分指當時刺史，尤穿鑿可笑",190,Du Fu (杜甫),766年,杜鵑,古風,Classical Chinese,,,,6.0
dufu_chunk_2838,dufu_31658,poem_content,"Poem Title: 客居

Poem Text:
客居所居堂，
前江後山根。
下塹萬尋岸，
蒼濤鬱飛飜。
蔥青衆木梢，
邪豎雜石痕。
子規晝夜啼，
壯士斂精魂。
峽開四千里，
水合數百源。
人虎相半居，
相傷終兩存。
蜀麻久不來，
吳鹽擁荆門。
西南失大將，
商旅自星奔。
今又降元戎，
已聞動行軒。
舟子候利涉，
亦憑節制尊。
我在路中央，
生理不得論。
臥愁病脚廢，
徐步視小園。
短畦帶碧草，
悵望思王孫。
鳳隨其皇去，
籬雀暮喧繁。
覽物想故國，
十年別荒邨。
日暮歸幾翼，
北林空自昏。
安得覆八溟，
爲君洗乾坤。
稷契易爲力，
犬戎何足吞。
儒生老無成，
臣子憂四番。
篋中有舊筆，
情至時復援。

Creation Date: 766年
Location: CN500235
Poem Type: 古風",360,Du Fu (杜甫),766年,客居,古風,Classical Chinese,True,True,,
dufu_chunk_2839,dufu_31658,allusions_context,"Poem: 客居

Literary Allusions and References:
  王孫何在",51,Du Fu (杜甫),766年,客居,古風,Classical Chinese,,,1.0,
dufu_chunk_2840,dufu_31658,annotations_context,"Poem: 客居

Scholarly Annotations:
  謂郭英又爲崔旰所殺
  時以杜鴻漸爲蜀帥
  一作鄉
  一作藩，一作思飜",72,Du Fu (杜甫),766年,客居,古風,Classical Chinese,,,,4.0
dufu_chunk_2841,dufu_31659,poem_content,"Poem Title: 客堂

Poem Text:
憶昨離少城，
而今異楚蜀。
舍舟復深山，
窅窕一林麓。
棲泊雲安縣，
消中內相毒。
舊疾甘載來，
衰年得無足。
死爲殊方鬼，
頭白免短促。
老馬終望雲，
南雁意在北。
別家長兒女，
欲起慙筋力。
客堂序節改，
具物對羈束。
石暄蕨芽紫，
渚秀蘆筍綠。
巴鶯紛未稀，
徼麥早向熟。
悠悠日動江，
漠漠春辭木。
臺郎選才俊，
自顧亦已極。
前輩聲名人，
埋沒何所得。
居然綰章紱，
受性本幽獨。
平生憩息地，
必種數竿竹。
事業只濁醪，
營葺但草屋。
上公有記者，
累奏資薄祿。
主憂豈濟時，
身遠彌曠職。
循文廟算正，
獻可天衢直。
尚想趨朝廷，
毫髮裨社稷。
形骸今若是，
進退委行色。

Creation Date: 766年
Location: CN500236
Poem Type: 古風",374,Du Fu (杜甫),766年,客堂,古風,Classical Chinese,False,True,,
dufu_chunk_2842,dufu_31659,annotations_context,"Poem: 客堂

Scholarly Annotations:
  一作戰，一作再
  一作弱
  一作稼
  嚴武奏甫爲參謀檢校尚書工部員外郎
  即指嚴武
  一作修",86,Du Fu (杜甫),766年,客堂,古風,Classical Chinese,,,,6.0
dufu_chunk_2843,dufu_31487,poem_content,"Poem Title: 石研詩

Poem Text:
平公今詩伯，
秀發吾所羨。
奉使三峽中，
長嘯得石研。
巨璞禹鑿餘，
異壯君獨見。
其滑乃波濤，
其光或雷電。
聊坳各盡墨，
多水遞隱現。
揮灑容數人，
十手可對面。
比公頭上冠，
貞質未爲賤。
當公賦佳句，
況得終清宴。
公含起草姿，
不遠明光殿。
致於丹青地，
知汝隨顧眄。

Creation Date: 753年
Location: CN6101
Poem Type: 古風",219,Du Fu (杜甫),753年,石研詩,古風,Classical Chinese,False,True,,
dufu_chunk_2844,dufu_31487,annotations_context,"Poem: 石研詩

Scholarly Annotations:
  原注：平侍御者。
  一作正",50,Du Fu (杜甫),753年,石研詩,古風,Classical Chinese,,,,2.0
dufu_chunk_2845,dufu_31450,poem_content,"Poem Title: 水閣朝霽奉簡嚴雲安

Poem Text:
東城抱春岑，
江閣鄰石面。
崔嵬晨雲白，
朝旭射芳甸。
雨檻臥花叢，
風牀展書卷。
鉤簾宿鷺起，
丸藥流鶯囀。
呼婢取酒壺，
續兒誦文選。
晚交嚴明府，
矧此數相見。

Creation Date: 766年
Location: CN500235
Poem Type: 古風",171,Du Fu (杜甫),766年,水閣朝霽奉簡嚴雲安,古風,Classical Chinese,False,True,,
dufu_chunk_2846,dufu_31450,annotations_context,"Poem: 水閣朝霽奉簡嚴雲安

Scholarly Annotations:
  一作雲安嚴明府
  一作日
  一作輕幔",62,Du Fu (杜甫),766年,水閣朝霽奉簡嚴雲安,古風,Classical Chinese,,,,3.0
dufu_chunk_2847,dufu_31849,poem_content,"Poem Title: 贈鄭十八賁

Poem Text:
溫溫士君子，
令我懷抱盡。
靈芝冠衆芳，
安得闕親近。
遭亂意不歸，
竄身跡非隱。
細人尚姑息，
吾子色愈謹。
高懷見物理，
識者安肯哂。
卑飛欲何待，
捷徑應未忍。
示我百篇文，
詩家一標準。
羇離交屈宋，
牢落值顏閔。
水路迷畏途，
藥餌駐修軫。
古人日以遠，
青史字不泯。
步趾詠唐虞，
追隨飯葵堇。
數杯資好事，
異味煩縣尹。
心雖在朝謁，
力與願矛盾。
抱病排金門，
衰容豈爲敏。

Creation Date: 766年
Location: CN500235
Poem Type: 古風",279,Du Fu (杜甫),766年,贈鄭十八賁,古風,Classical Chinese,True,True,,
dufu_chunk_2848,dufu_31849,allusions_context,"Poem: 贈鄭十八賁

Literary Allusions and References:
  卑飛
  屈宋
  煩縣尹
  數杯資好事
  細人姑息
  顏閔",83,Du Fu (杜甫),766年,贈鄭十八賁,古風,Classical Chinese,,,6.0,
dufu_chunk_2849,dufu_31849,annotations_context,"Poem: 贈鄭十八賁

Scholarly Annotations:
  雲安令
  一作長",47,Du Fu (杜甫),766年,贈鄭十八賁,古風,Classical Chinese,,,,2.0
dufu_chunk_2850,dufu_31422,poem_content,"Poem Title: 三韻三篇

Poem Text:
高馬勿唾面，
長魚無損鱗。
辱馬馬毛焦，
困魚魚有神。
君看磊落士，
不肯易其身。

Creation Date: 765年
Location: CN5101
Poem Type: 古風",122,Du Fu (杜甫),765年,三韻三篇,古風,Classical Chinese,False,True,,
dufu_chunk_2851,dufu_31422,annotations_context,"Poem: 三韻三篇

Scholarly Annotations:
  一作捶",40,Du Fu (杜甫),765年,三韻三篇,古風,Classical Chinese,,,,1.0
dufu_chunk_2852,dufu_31423,poem_content,"Poem Title: 三韻三篇

Poem Text:
蕩蕩萬斛船，
影若揚白虹。
起檣必椎牛，
挂席集衆功。
自非風動天，
莫置大水中。

Creation Date: 765年
Location: CN5101
Poem Type: 古風",122,Du Fu (杜甫),765年,三韻三篇,古風,Classical Chinese,False,True,,
dufu_chunk_2853,dufu_31423,annotations_context,"Poem: 三韻三篇

Scholarly Annotations:
  一作搖",40,Du Fu (杜甫),765年,三韻三篇,古風,Classical Chinese,,,,1.0
dufu_chunk_2854,dufu_31424,poem_content,"Poem Title: 三韻三篇

Poem Text:
烈士惡多門，
小人自同調。
名利苟可取，
殺身傍權要。
何當官曹清，
爾輩堪一笑。

Creation Date: 765年
Location: CN5101
Poem Type: 古風",122,Du Fu (杜甫),765年,三韻三篇,古風,Classical Chinese,False,True,,
dufu_chunk_2855,dufu_31424,annotations_context,"Poem: 三韻三篇

Scholarly Annotations:
  一作列",40,Du Fu (杜甫),765年,三韻三篇,古風,Classical Chinese,,,,1.0
dufu_chunk_2856,dufu_31636,poem_content,"Poem Title: 青絲

Poem Text:
青絲白馬誰家子，
麤豪且逐風塵起。
不聞漢主放妃嬪，
近靜潼關埽蠭蟻。
殿前兵馬破汝時，
十月即爲齏粉期。
未如面縛歸金闕，
萬一皇恩下玉墀。

Creation Date: 765年
Location: CN500235
Poem Type: 古風",152,Du Fu (杜甫),765年,青絲,古風,Classical Chinese,True,True,,
dufu_chunk_2857,dufu_31636,allusions_context,"Poem: 青絲

Literary Allusions and References:
  齏粉
  青絲白馬",56,Du Fu (杜甫),765年,青絲,古風,Classical Chinese,,,2.0,
dufu_chunk_2858,dufu_31636,annotations_context,"Poem: 青絲

Scholarly Annotations:
  青絲白馬，用侯景事，以比僕固懷恩。
  肅、代二宗曾兩放宮嬪
  一作不
  一作知",77,Du Fu (杜甫),765年,青絲,古風,Classical Chinese,,,,4.0
dufu_chunk_2859,dufu_31588,poem_content,"Poem Title: 近聞

Poem Text:
近聞犬戎遠遁逃，
牧馬不敢侵臨洮。
渭水逶迤白日淨，
隴山蕭瑟秋雲高。
崆峒五原亦無事，
北庭數有關中使。
似聞贊普更求親，
舅甥和好應難棄。

Creation Date: 766年
Location: CN500235
Poem Type: 古風",152,Du Fu (杜甫),766年,近聞,古風,Classical Chinese,False,True,,
dufu_chunk_2860,dufu_31588,annotations_context,"Poem: 近聞

Scholarly Annotations:
  永泰元年，郭子儀與回紇約，共擊吐蕃。次年二月，吐蕃來朝，詩紀其事。
  吐蕃稱王爲贊普，相爲大論、小論
  文成、金城二公主，先後降吐蕃",103,Du Fu (杜甫),766年,近聞,古風,Classical Chinese,,,,3.0
dufu_chunk_2861,dufu_31724,poem_content,"Poem Title: 蠶穀行

Poem Text:
天下郡國向萬城，
無有一城無甲兵。
焉得鑄甲作農器，
一寸荒田牛得耕。
牛盡耕，
蠶亦成。
不勞烈士淚滂沱，
男穀女絲行復歌。

Creation Date: 769年
Location: CN430121
Poem Type: 古風",145,Du Fu (杜甫),769年,蠶穀行,古風,Classical Chinese,False,True,,
dufu_chunk_2862,dufu_31724,annotations_context,"Poem: 蠶穀行

Scholarly Annotations:
  一作得
  一本有田字",47,Du Fu (杜甫),769年,蠶穀行,古風,Classical Chinese,,,,2.0
dufu_chunk_2863,dufu_31568,poem_content,"Poem Title: 折檻行

Poem Text:
嗚呼房魏不復見，
秦王學士時難羨。
青衿胄子困泥塗，
白馬將軍若雷電。
千載少似朱雲人，
至今折檻空嶙峋。
婁公不語宋公語，
尚憶先皇容直臣。

Creation Date: 766年
Location: CN500236
Poem Type: 古風",153,Du Fu (杜甫),766年,折檻行,古風,Classical Chinese,True,True,,
dufu_chunk_2864,dufu_31568,allusions_context,"Poem: 折檻行

Literary Allusions and References:
  白馬將
  房魏",56,Du Fu (杜甫),766年,折檻行,古風,Classical Chinese,,,2.0,
dufu_chunk_2865,dufu_31568,annotations_context,"Poem: 折檻行

Scholarly Annotations:
  永泰二年，以觀軍容使左監門衛大將軍魚朝恩判國子監事，故曰青衿胄子困泥塗，白馬將軍若雷電。當時大臣箝口，效婁師德之畏遜，而不能繼宋璟之忠讜，故以折檻爲諷",111,Du Fu (杜甫),766年,折檻行,古風,Classical Chinese,,,,1.0
dufu_chunk_2866,dufu_31443,poem_content,"Poem Title: 引水

Poem Text:
月峽瞿塘雲作頂，
亂石崢嶸俗無井。
雲安酤水奴僕悲，
魚復移居心力省。
白帝城西萬竹蟠，
接筒引水喉不乾。
人生留滯生理難，
斗水何直百憂寬。

Creation Date: 766年
Location: CN500236
Poem Type: 古風",152,Du Fu (杜甫),766年,引水,古風,Classical Chinese,False,False,,
dufu_chunk_2867,dufu_31471,poem_content,"Poem Title: 古柏行

Poem Text:
孔明廟前有老柏，
柯如青銅根如石。
霜皮溜雨四十圍，
黛色參天二千尺。
君臣已與時際會，
樹木猶爲人愛惜。
雲來氣接巫峽長，
月出寒通雪山白。
憶昨路繞錦亭東，
先主武侯同閟宮。
崔嵬枝幹郊原古，
窈窕丹青戶牖空。
落落盤踞雖得地，
冥冥孤高多烈風。
扶持自是神明力，
正直原因造化功。
大廈如傾要梁棟，
萬牛回首丘山重。
不露文章世已驚，
未辭剪伐誰能送。
苦心豈免容螻蟻，
香葉終經宿鸞鳳。
志士幽人莫怨嗟，
古來材大難爲用。

Creation Date: 766年
Location: CN500236
Poem Type: 古風",297,Du Fu (杜甫),766年,古柏行,古風,Classical Chinese,True,True,,
dufu_chunk_2868,dufu_31471,allusions_context,"Poem: 古柏行

Literary Allusions and References:
  思人樹",51,Du Fu (杜甫),766年,古柏行,古風,Classical Chinese,,,1.0,
dufu_chunk_2869,dufu_31471,annotations_context,"Poem: 古柏行

Scholarly Annotations:
  此夔州諸葛廟柏，即夔州十絕句所云，武侯祠堂不可忘，中有松柏參天長也。
  一作階
  一作蒼
  一作水
  一作日
  一作城
  一作密
  一作曾
  一作傷
  一作皆難",125,Du Fu (杜甫),766年,古柏行,古風,Classical Chinese,,,,10.0
dufu_chunk_2870,dufu_31804,poem_content,"Poem Title: 縛雞行

Poem Text:
小奴縛雞向市賣，
雞被縛急相喧爭。
家中厭雞食蟲蟻，
不知雞賣還遭烹。
蟲雞於人何厚薄，
吾叱奴人解其縛。
雞蟲得失無了時，
注目寒江倚山閣。

Creation Date: 766年
Location: CN500236,西阁
Poem Type: 古風",156,Du Fu (杜甫),766年,縛雞行,古風,Classical Chinese,False,False,,
dufu_chunk_2871,dufu_31546,poem_content,"Poem Title: 負薪行

Poem Text:
夔州處女髮半華，
四十五十無夫家。
更遭喪亂嫁不售，
一生抱恨堪咨嗟。
土風坐男使女立，
應當門戶女出入。
十猶八九負薪歸，
賣薪得錢應供給。
至老雙鬟只垂頸，
野花山葉銀釵竝。
筋力登危集市門，
死生射利兼鹽井。
面妝首飾雜啼痕，
地褊衣寒困石根。
若道巫山女麤醜，
何得此有昭君邨。

Creation Date: 766年
Location: CN500236
Poem Type: 古風",225,Du Fu (杜甫),766年,負薪行,古風,Classical Chinese,False,True,,
dufu_chunk_2872,dufu_31546,annotations_context,"Poem: 負薪行

Scholarly Annotations:
  一作長
  一作男
  一作有
  一作當
  一作鐶
  一作北
  邨連坐峽，有昭君宅，宅旁有擣練石，傍香溪",92,Du Fu (杜甫),766年,負薪行,古風,Classical Chinese,,,,7.0
dufu_chunk_2873,dufu_31780,poem_content,"Poem Title: 最能行

Poem Text:
峽中丈夫絕輕死，
少在公門多在水。
富豪有錢駕大舸，
貧窮取給行艓子。
小兒學問止論語，
大兒結束隨商旅。
攲帆側柁入波濤，
撇漩捎濆無險阻。
朝發白帝暮江陵，
頃來目擊幸有徵。
瞿堂漫天虎鬚怒，
歸州長年行最能。
此鄉之人氣量窄，
誤競南風疎北客。
若道土無英俊才，
何得山有屈原宅。

Creation Date: 766年
Location: CN500236
Poem Type: 古風",225,Du Fu (杜甫),766年,最能行,古風,Classical Chinese,False,True,,
dufu_chunk_2874,dufu_31780,annotations_context,"Poem: 最能行

Scholarly Annotations:
  音葉，舟小如葉也
  一作眼
  蜀中呼柁師爲長年三老
  一作與
  一作器
  一作士
  宅在秭歸縣北",90,Du Fu (杜甫),766年,最能行,古風,Classical Chinese,,,,7.0
dufu_chunk_2875,dufu_31748,poem_content,"Poem Title: 寄裴施州

Poem Text:
廊廟之具裴施州，
宿昔一逢無此流。
金鐘大鏞在東序，
冰壺玉衡懸清秋。
自從相遇感多病，
三歲爲客寬邊愁。
堯有四岳明至理，
漢二千石真分憂。
幾度寄書白鹽北，
苦寒贈我青羔裘。
霜雪回光避錦袖，
龍蛇動篋蟠銀鉤。
紫衣使者辭復命，
再拜故人謝佳政。
將老已失子孫憂，
後來況接才華盛。

Creation Date: 767年
Location: CN500236,东屯
Poem Type: 古風",229,Du Fu (杜甫),767年,寄裴施州,古風,Classical Chinese,True,True,,
dufu_chunk_2876,dufu_31748,allusions_context,"Poem: 寄裴施州

Literary Allusions and References:
  二千石
  廊廟之具
  四岳
  銀鉤",69,Du Fu (杜甫),767年,寄裴施州,古風,Classical Chinese,,,4.0,
dufu_chunk_2877,dufu_31748,annotations_context,"Poem: 寄裴施州

Scholarly Annotations:
  裴冕坐李輔國貶施州刺史
  一作比
  一作珩
  一作減
  一作絲，一作縑
  一作蛟龍
  一作辟
  《英華》此句下有“遙憶書樓碧池映”七字",111,Du Fu (杜甫),767年,寄裴施州,古風,Classical Chinese,,,,8.0
dufu_chunk_2878,dufu_31627,poem_content,"Poem Title: 鄭典設自施州歸

Poem Text:
吾憐滎陽秀，
冒暑初有適。
名賢慎所出，
不肯妄行役。
旅茲殊俗遠，
竟以屢空迫。
南謁裴施州，
氣合無險僻。
攀援懸根木，
登頓入天石。
青山自一川，
城郭洗憂慼。
聽子話此邦，
令我心悅懌。
其俗則純樸，
不知有主客。
溫溫諸侯門，
禮亦如古昔。
敕廚倍常羞，
杯盤頗狼藉。
時雖屬喪亂，
事貴賞匹敵。
中宵愜良會，
裴鄭非遠戚。
羣書一萬卷，
博涉供務隙。
他日辱銀鉤，
森疎見矛戟。
倒屣喜旋歸，
畫地求所歷。
乃聞風土質，
又重田疇闢。
刺史似寇恂，
列郡宜競惜。
北風吹瘴癘，
羸老思散策。
渚拂蒹葭塞，
嶠穿蘿蔦冪。
此身仗兒僕，
高興潛有激。
孟冬方首路，
強飯取崖壁。
歎爾疲駑駘，
汗溝血不赤。
終然備外飾，
駕馭何所益。
我有平肩輿，
前途猶準的。
翩翩入鳥道，
庶脫蹉跌厄。

Creation Date: 767年
Location: CN500236,东屯
Poem Type: 古風",438,Du Fu (杜甫),767年,鄭典設自施州歸,古風,Classical Chinese,True,True,,
dufu_chunk_2879,dufu_31627,allusions_context,"Poem: 鄭典設自施州歸

Literary Allusions and References:
  倒屣
  寇恂
  屢空
  銀鉤",69,Du Fu (杜甫),767年,鄭典設自施州歸,古風,Classical Chinese,,,4.0,
dufu_chunk_2880,dufu_31627,annotations_context,"Poem: 鄭典設自施州歸

Scholarly Annotations:
  一作出處
  一作還
  一作矢
  一作甚
  冕性侈靡，好尚車服，營珍饌
  一作當
  一作來
  一作借，音迹
  一作寒
  馬中脊",111,Du Fu (杜甫),767年,鄭典設自施州歸,古風,Classical Chinese,,,,10.0
dufu_chunk_2881,dufu_31709,poem_content,"Poem Title: 柴門

Poem Text:
孤舟登瀼西，
回首望兩崖。
東城乾旱天，
其氣如焚柴。
長影沒窈窕，
餘光散唅呀。
大江蟠嵌根，
歸海成一家。
下衝割坤軸，
竦壁攢鏌鋣。
蕭颯灑秋色，
氛昏霾日車。
峽門自此始，
最窄容浮查。
禹功翊造化，
疎鑿就攲斜。
巨渠決太古，
衆水爲長蛇。
風煙渺吳蜀，
舟楫通鹽麻。
我今遠遊子，
飄轉混泥沙。
萬物附本性，
約身不願奢。
茅棟蓋一牀，
清池有餘花。
濁醪與脫粟，
在眼無咨嗟。
山荒人民少，
地僻日夕佳。
貧病固其常，
富貴任生涯。
老於干戈際，
宅幸蓬蓽遮。
石亂上雲氣，
杉清延月華。
賞妍又分外，
理愜夫何誇。
足了垂白年，
敢居高士差。
書此豁平昔，
回首猶暮霞。

Creation Date: 767年
Location: CN500236,瀼西
Poem Type: 古風",377,Du Fu (杜甫),767年,柴門,古風,Classical Chinese,True,True,,
dufu_chunk_2882,dufu_31709,allusions_context,"Poem: 柴門

Literary Allusions and References:
  鏌鋣",49,Du Fu (杜甫),767年,柴門,古風,Classical Chinese,,,1.0,
dufu_chunk_2883,dufu_31709,annotations_context,"Poem: 柴門

Scholarly Annotations:
  一作泛
  一作氣
  一作峓，廣溪乃三峽之首
  一作巴
  一作處
  一作性
  一作欲
  一作賤
  一作青
  一作日",100,Du Fu (杜甫),767年,柴門,古風,Classical Chinese,,,,10.0
dufu_chunk_2884,dufu_31685,poem_content,"Poem Title: 貽華陽柳少府

Poem Text:
繫馬喬木間，
問人野寺門。
柳侯披衣笑，
見我顏色溫。
竝坐石下堂，
俛視大江奔。
火雲洗月露，
絕壁上朝暾。
自非曉相訪，
觸熱生病根。
南方六七月，
出入異中原。
老少多暍死，
汗踰水漿飜。
俊才得之子，
筋力不辭煩。
指揮當世事，
語及戎馬存。
涕淚濺我裳，
悲氣排帝閽。
鬱陶抱長策，
義仗知者論。
吾衰臥江漢，
但媿識璵璠。
文章一小技，
於道未爲尊。
起予幸斑白，
因是託子孫。
俱客古信州，
結廬依毀垣。
相去四五里，
徑微山葉繁。
時危挹佳士，
況免軍旅喧。
醉從趙女舞，
歌鼓秦人盆。
子壯顧我傷，
我驩兼淚痕。
餘生如過鳥，
故里今空邨。

Creation Date: 766年
Location: CN500236
Poem Type: 古風",364,Du Fu (杜甫),766年,貽華陽柳少府,古風,Classical Chinese,True,True,,
dufu_chunk_2885,dufu_31685,allusions_context,"Poem: 貽華陽柳少府

Literary Allusions and References:
  璵璠
  汗踰水漿
  起予
  秦人盆",71,Du Fu (杜甫),766年,貽華陽柳少府,古風,Classical Chinese,,,4.0,
dufu_chunk_2886,dufu_31685,annotations_context,"Poem: 貽華陽柳少府

Scholarly Annotations:
  一作嘯
  一作堂下石，一作石堂下
  一作流涕
  一作風
  夔本梁信州",77,Du Fu (杜甫),766年,貽華陽柳少府,古風,Classical Chinese,,,,5.0
dufu_chunk_2887,dufu_31826,poem_content,"Poem Title: 雷

Poem Text:
大旱山岳燋，
密雲復無雨。
南方瘴癘地，
罹此農事苦。
封內必舞雩，
峽中喧擊鼓。
真龍竟寂莫，
土梗空俯僂。
吁嗟公私病，
稅斂缺不補。
故老仰面啼，
瘡痍向誰數。
暴尫或前聞，
鞭巫非稽古。
請先偃甲兵，
處分聽人主。
萬邦但各業，
一物休盡取。
水旱其數然，
堯湯免親覩。
上天鑠金石，
羣盜亂豺虎。
二者存一端，
愆陽不猶愈。
昨宵殷其雷，
風過齊萬弩。
復吹霾翳散，
虛覺神靈聚。
氣暍腸胃融，
汗滋衣裳污。
吾衰尤拙計，
失望築場圃。

Creation Date: 766年
Location: CN500236
Poem Type: 古風",303,Du Fu (杜甫),766年,雷,古風,Classical Chinese,True,True,,
dufu_chunk_2888,dufu_31826,allusions_context,"Poem: 雷

Literary Allusions and References:
  暴尫
  真龍
  鑠金石",59,Du Fu (杜甫),766年,雷,古風,Classical Chinese,,,3.0,
dufu_chunk_2889,dufu_31826,annotations_context,"Poem: 雷

Scholarly Annotations:
  一作覆如
  土人也
  一作僂俯
  一作數至
  一作濕
  一作腐
  一作猶
  一作計拙",83,Du Fu (杜甫),766年,雷,古風,Classical Chinese,,,,8.0
dufu_chunk_2890,dufu_31453,poem_content,"Poem Title: 火

Poem Text:
楚山經月火，
大旱則斯舉。
舊俗燒蛟龍，
驚惶致雷雨。
爆嵌魑魅泣，
崩凍嵐陰昈。
羅落沸百泓，
根源皆萬古。
青林一灰燼，
雲氣無處所。
入夜殊赫然，
新秋照牛女。
風吹巨燄作，
河櫂騰煙柱。
勢欲焚崑崙，
光彌焮洲渚。
腥至焦長蛇，
聲吼纏猛虎。
神物已高飛，
不見石與土。
爾寧要謗讟，
憑此近熒侮。
薄關長吏憂，
甚昧至精主。
遠遷誰撲滅，
將恐及環堵。
流汗臥江亭，
更深氣如縷。

Creation Date: 766年
Location: CN500236
Poem Type: 古風",275,Du Fu (杜甫),766年,火,古風,Classical Chinese,False,True,,
dufu_chunk_2891,dufu_31453,annotations_context,"Poem: 火

Scholarly Annotations:
  一作焚
  一作蛇
  《西京賦》，赫昈昈以弘敞，昈，赤文，音戶，火焚凍崩，而嵐陰皆赤也
  一作太
  一作珠
  一作澹，一作漢
  一作勝
  香靳切。《左傳》，行火所焮炙也
  一作吼爭
  一作只",137,Du Fu (杜甫),766年,火,古風,Classical Chinese,,,,10.0
dufu_chunk_2892,dufu_31399,poem_content,"Poem Title: 七月三日亭午已後較熱退晚加小涼穩睡有詩因論壯年樂事戲呈元二十一曹長

Poem Text:
今茲商用事，
餘熱亦已末。
衰年旅炎方，
生意從此活。
亭午減汗流，
北鄰耐人聒。
晚風爽烏匼，
筋力蘇摧折。
閉目踰十旬，
大江不止渴。
退藏恨雨師，
健步聞旱魃。
園蔬抱金玉，
無以供采掇。
密雲雖聚散，
徂暑終衰歇。
前聖眘焚巫，
武王親救暍。
陰陽相主客，
時序遞回斡。
灑落唯清秋，
昏霾一空闊。
蕭蕭紫塞雁，
南向欲行列。
歘思紅顏日，
霜露凍階闥。
胡馬挾雕弓，
鳴弦不虛發。
長鈚逐狡兔，
突羽當滿月。
惆悵白頭吟，
蕭條游俠窟。
臨軒望山閣，
縹緲安可越。
高人鍊丹砂，
未念將朽骨。
少壯跡頗疎，
歡樂曾倏忽。
杖藜風塵際，
老醜難翦拂。
吾子得神仙，
本是池中物。
賤夫美一睡，
煩促嬰詞筆。

Creation Date: 766年7月3日
Location: CN500236
Poem Type: 古風",423,Du Fu (杜甫),766年7月3日,七月三日亭午已後較熱退晚加小涼穩睡有詩因論壯年樂事戲呈元二十一曹長,古風,Classical Chinese,True,True,,
dufu_chunk_2893,dufu_31399,allusions_context,"Poem: 七月三日亭午已後較熱退晚加小涼穩睡有詩因論壯年樂事戲呈元二十一曹長

Literary Allusions and References:
  池中物
  旱魃
  救暍
  雨師",96,Du Fu (杜甫),766年7月3日,七月三日亭午已後較熱退晚加小涼穩睡有詩因論壯年樂事戲呈元二十一曹長,古風,Classical Chinese,,,4.0,
dufu_chunk_2894,dufu_31399,annotations_context,"Poem: 七月三日亭午已後較熱退晚加小涼穩睡有詩因論壯年樂事戲呈元二十一曹長

Scholarly Annotations:
  烏匼當作㡊，巾也，至匼字乃匼匝。鮑昭詩，銀屏匼匝。甫詩“馬頭金匼匝”，又盧杞匼匝取容，俱不以言巾
  一作供
  一作經
  箭雙葉曰鈚
  一作及",140,Du Fu (杜甫),766年7月3日,七月三日亭午已後較熱退晚加小涼穩睡有詩因論壯年樂事戲呈元二十一曹長,古風,Classical Chinese,,,,5.0
dufu_chunk_2895,dufu_31671,poem_content,"Poem Title: 牽牛織女

Poem Text:
牽牛出河西，
織女處其東。
萬古永相望，
七夕誰見同。
神光意難候，
此事終蒙朧。
颯然精靈合，
何必秋遂通。
亭亭新妝立，
龍駕具曾空。
世人亦爲爾，
祈請走兒童。
稱家隨豐儉，
白屋達公宮。
膳夫翊堂殿，
鳴玉淒房櫳。
曝衣徧天下，
曳月揚微風。
蛛絲小人態，
曲綴瓜果中。
初筵裛重露，
日出甘所終。
嗟汝未嫁女，
秉心鬱忡忡。
防身動如律，
竭力機杼中。
雖無姑舅事，
敢昧織作功。
明明君臣契，
咫尺或未容。
義無棄禮法，
恩始夫婦恭。
小大有佳期，
戒之在至公。
方圓苟齟齬，
丈夫多英雄。

Creation Date: 766年
Location: CN500236
Poem Type: 古風",334,Du Fu (杜甫),766年,牽牛織女,古風,Classical Chinese,True,True,,
dufu_chunk_2896,dufu_31671,allusions_context,"Poem: 牽牛織女

Literary Allusions and References:
  圓鑿方枘",53,Du Fu (杜甫),766年,牽牛織女,古風,Classical Chinese,,,1.0,
dufu_chunk_2897,dufu_31671,annotations_context,"Poem: 牽牛織女

Scholarly Annotations:
  一作仙
  一作竟
  一作逢
  一作穹
  一作掇
  一作從
  一作勿替丈夫",79,Du Fu (杜甫),766年,牽牛織女,古風,Classical Chinese,,,,7.0
dufu_chunk_2898,dufu_31669,poem_content,"Poem Title: 毒熱寄簡崔評事十六弟

Poem Text:
大暑運金氣，
荆揚不知秋。
林下有塌翼，
水中無行舟。
千室但埽地，
閉關人事休。
老夫轉不樂，
旅次兼百憂。
蝮蛇暮偃蹇，
空牀難暗投。
炎宵惡明燭，
況乃懷舊丘。
開襟仰內弟，
執熱露白頭。
束帶負芒刺，
接居成阻修。
何當清霜飛，
會子臨江樓。
載聞大易義，
諷興詩家流。
蘊藉異時輩，
檢身非苟求。
皇皇使臣體，
信是德業優。
楚材擇杞梓，
漢苑歸驊騮。
短章達我心，
理爲識者籌。

Creation Date: 766年
Location: CN500236
Poem Type: 古風",284,Du Fu (杜甫),766年,毒熱寄簡崔評事十六弟,古風,Classical Chinese,True,True,,
dufu_chunk_2899,dufu_31669,allusions_context,"Poem: 毒熱寄簡崔評事十六弟

Literary Allusions and References:
  楚材
  驊騮",62,Du Fu (杜甫),766年,毒熱寄簡崔評事十六弟,古風,Classical Chinese,,,2.0,
dufu_chunk_2900,dufu_31669,annotations_context,"Poem: 毒熱寄簡崔評事十六弟

Scholarly Annotations:
  一作火
  一作大
  一作第
  一作詠
  一作待",70,Du Fu (杜甫),766年,毒熱寄簡崔評事十六弟,古風,Classical Chinese,,,,5.0
dufu_chunk_2901,dufu_31801,poem_content,"Poem Title: 殿中楊監見示張旭草書圖

Poem Text:
斯人已云亡，
草聖祕難得。
及茲煩見示，
滿目一淒惻。
悲風生微綃，
萬里起古色。
鏘鏘鳴玉動，
落落羣松直。
連山蟠其間，
溟漲與筆力。
有練實先書，
臨池真盡墨。
俊拔爲之主，
暮年思轉極。
未知張王後，
誰竝百代則。
嗚呼東吳精，
逸氣感清識。
楊公拂篋笥，
舒卷忘寢食。
念昔揮毫端，
不獨觀酒德。

Creation Date: 766年
Location: CN500236
Poem Type: 古風",243,Du Fu (杜甫),766年,殿中楊監見示張旭草書圖,古風,Classical Chinese,True,True,,
dufu_chunk_2902,dufu_31801,allusions_context,"Poem: 殿中楊監見示張旭草書圖

Literary Allusions and References:
  臨池
  酒德
  練先書",69,Du Fu (杜甫),766年,殿中楊監見示張旭草書圖,古風,Classical Chinese,,,3.0,
dufu_chunk_2903,dufu_31801,annotations_context,"Poem: 殿中楊監見示張旭草書圖

Scholarly Annotations:
  殿中監掌天子服御事，楊監謂楊炎。
  李頎贈張顛詩：皓首窮草隸，時稱太湖精",81,Du Fu (杜甫),766年,殿中楊監見示張旭草書圖,古風,Classical Chinese,,,,2.0
dufu_chunk_2904,dufu_31574,poem_content,"Poem Title: 楊監又出畫鷹十二扇

Poem Text:
近時馮紹正，
能畫鷙鳥樣。
明公出此圖，
無乃傳其狀。
殊姿各獨立，
清絕心有向。
疾禁千里馬，
氣敵萬人將。
憶昔驪山宮，
冬移含元仗。
天寒大羽獵，
此物神俱王。
當時無凡材，
百中皆用壯。
粉墨形似間，
識者一惆悵。
干戈少暇日，
真骨老崖嶂。
爲君除狡兔，
會是飜韝上。

Creation Date: 766年
Location: CN500236
Poem Type: 古風",227,Du Fu (杜甫),766年,楊監又出畫鷹十二扇,古風,Classical Chinese,True,True,,
dufu_chunk_2905,dufu_31574,allusions_context,"Poem: 楊監又出畫鷹十二扇

Literary Allusions and References:
  敵萬人",57,Du Fu (杜甫),766年,楊監又出畫鷹十二扇,古風,Classical Chinese,,,1.0,
dufu_chunk_2906,dufu_31574,annotations_context,"Poem: 楊監又出畫鷹十二扇

Scholarly Annotations:
  官少府監，善畫鷹鳥
  一作尚
  一作飛",63,Du Fu (杜甫),766年,楊監又出畫鷹十二扇,古風,Classical Chinese,,,,3.0
dufu_chunk_2907,dufu_31699,poem_content,"Poem Title: 送殿中楊監赴蜀見相公

Poem Text:
去水絕還波，
洩雲無定姿。
人生在世間，
聚散亦暫時。
離別重相逢，
偶然豈定期。
送子清秋暮，
風物長年悲。
豪俊貴勳業，
邦家頻出師。
相公鎮梁益，
軍事無孑遺。
解榻再見今，
用才復擇誰。
況子已高位，
爲郡得固辭。
難拒供給費，
慎哀漁奪私。
干戈未甚息，
紀綱正所持。
泛舟巨石橫，
登陸草露滋。
山門日易久，
當念居者思。

Creation Date: 766年9月
Location: CN500236
Poem Type: 古風",258,Du Fu (杜甫),766年9月,送殿中楊監赴蜀見相公,古風,Classical Chinese,True,True,,
dufu_chunk_2908,dufu_31699,allusions_context,"Poem: 送殿中楊監赴蜀見相公

Literary Allusions and References:
  解榻",57,Du Fu (杜甫),766年9月,送殿中楊監赴蜀見相公,古風,Classical Chinese,,,1.0,
dufu_chunk_2909,dufu_31699,annotations_context,"Poem: 送殿中楊監赴蜀見相公

Scholarly Annotations:
  杜鴻漸鎮蜀，辟楊炎爲判官。
  一作足
  一作動
  一作夕",74,Du Fu (杜甫),766年9月,送殿中楊監赴蜀見相公,古風,Classical Chinese,,,,4.0
dufu_chunk_2910,dufu_31846,poem_content,"Poem Title: 贈李十五丈別

Poem Text:
峽人鳥獸居，
其室附層顛。
下臨不測江，
中有萬里船。
多病紛倚薄，
少留改歲年。
絕域誰慰懷，
開顏喜名賢。
孤陋忝末親，
等級敢比肩。
人生意頗合，
相與襟袂連。
一日兩遣僕，
三日一共筵。
揚論展寸心，
壯筆過飛泉。
玄成美價存，
子山舊業傳。
不聞八尺軀，
常受衆目憐。
且爲辛苦行，
蓋被生事牽。
北回白帝櫂，
南入黔陽天。
汧公制方隅，
迥出諸侯先。
封內如太古，
時危獨蕭然。
清高金莖露，
正直朱絲弦。
昔在堯四岳，
今之黃潁川。
于邁恨不同，
所思無由宣。
山深水增波，
解榻秋露懸。
客遊雖云久，
主要月再圓。
晨集風渚亭，
醉操雲嶠篇。
丈夫貴知己，
歡罷念歸旋。

Creation Date: 766年
Location: CN500236
Poem Type: 古風",378,Du Fu (杜甫),766年,贈李十五丈別,古風,Classical Chinese,True,True,,
dufu_chunk_2911,dufu_31846,allusions_context,"Poem: 贈李十五丈別

Literary Allusions and References:
  解榻
  黃潁川
  弦直鉤曲
  四岳
  玄成
  子山",81,Du Fu (杜甫),766年,贈李十五丈別,古風,Classical Chinese,,,6.0,
dufu_chunk_2912,dufu_31846,annotations_context,"Poem: 贈李十五丈別

Scholarly Annotations:
  李祕書文嶷
  一作氣
  一作遣兩
  一作共一
  李勉封汧國公
  一作掌
  一作莖掌
  一作亦思",93,Du Fu (杜甫),766年,贈李十五丈別,古風,Classical Chinese,,,,8.0
dufu_chunk_2913,dufu_31542,poem_content,"Poem Title: 西閣曝日

Poem Text:
凜冽倦玄冬，
負暄嗜飛閣。
羲和流德澤，
顓頊媿倚薄。
毛髮具自和，
肌膚潛沃若。
太陽信深仁，
衰氣歘有託。
攲傾煩注眼，
容易收病脚。
流離木杪猨，
翩躚山顛鶴。
用知苦聚散，
哀樂日已作。
即事會賦詩，
人生忽如昨。
古來遭喪亂，
賢聖盡蕭索。
胡爲將暮年，
憂世心力弱。

Creation Date: 766年
Location: CN500236,西阁
Poem Type: 古風",225,Du Fu (杜甫),766年,西閣曝日,古風,Classical Chinese,True,True,,
dufu_chunk_2914,dufu_31542,allusions_context,"Poem: 西閣曝日

Literary Allusions and References:
  羲和
  顓頊",56,Du Fu (杜甫),766年,西閣曝日,古風,Classical Chinese,,,2.0,
dufu_chunk_2915,dufu_31542,annotations_context,"Poem: 西閣曝日

Scholarly Annotations:
  一作且
  一作私
  一作瀏漓
  一作梢
  一作朋
  一作亦
  一作昨
  一作錯",83,Du Fu (杜甫),766年,西閣曝日,古風,Classical Chinese,,,,8.0
dufu_chunk_2916,dufu_31725,poem_content,"Poem Title: 課伐木

Poem Text:
長夏無所爲，
客居課奴僕。
清晨飯其腹，
持斧入白谷。
青冥曾巔後，
十里斬陰木。
人肩四根已，
亭午下山麓。
尚聞丁丁聲，
功課日各足。
蒼皮成委積，
素節相照燭。
藉汝跨小籬，
當仗苦虛竹。
空荒咆熊羆，
乳獸待人肉。
不示知禁情，
豈惟干戈哭。
城中賢府主，
處貴如白屋。
蕭蕭理體淨，
蠭蠆不敢毒。
虎穴連里閭，
隄防舊風俗。
泊舟滄江岸，
久客慎所觸。
舍西崖嶠壯，
雷雨蔚含蓄。
牆宇資屢修，
衰年怯幽獨。
爾曹輕執熱，
爲我忍煩促。
秋光近青岑，
季月當泛菊。
報之以微寒，
共給酒一斛。

Creation Date: 767年
Location: CN500236,瀼西
Poem Type: 古風",336,Du Fu (杜甫),767年,課伐木,古風,Classical Chinese,False,True,,
dufu_chunk_2917,dufu_31725,annotations_context,"Poem: 課伐木

Scholarly Annotations:
  一作童
  一作腸
  一作積委
  一作杖，一作材
  一作若
  當是柏都督茂琳
  一作累",84,Du Fu (杜甫),767年,課伐木,古風,Classical Chinese,,,,7.0
dufu_chunk_2918,dufu_31565,poem_content,"Poem Title: 園人送瓜

Poem Text:
江間雖炎瘴，
瓜熟亦不早。
柏公鎮夔國，
滯務茲一埽。
食新先戰士，
共少及溪老。
傾筐蒲鴿青，
滿眼顏色好。
竹竿接嵌竇，
引注來鳥道。
沈浮亂水玉，
愛惜如芝草。
落刃嚼冰霜，
開懷慰枯槁。
許以秋蔕除，
仍看小童抱。
東陵跡蕪絕，
楚漢休征討。
園人非故侯，
種此何草草。

Creation Date: 767年
Location: CN500236,瀼西
Poem Type: 古風",225,Du Fu (杜甫),767年,園人送瓜,古風,Classical Chinese,True,True,,
dufu_chunk_2919,dufu_31565,allusions_context,"Poem: 園人送瓜

Literary Allusions and References:
  共少",51,Du Fu (杜甫),767年,園人送瓜,古風,Classical Chinese,,,1.0,
dufu_chunk_2920,dufu_31565,annotations_context,"Poem: 園人送瓜

Scholarly Annotations:
  一作資
  一作窮
  一作兒
  一作飽
  一作溪",64,Du Fu (杜甫),767年,園人送瓜,古風,Classical Chinese,,,,5.0
dufu_chunk_2921,dufu_31638,poem_content,"Poem Title: 信行遠修水筒

Poem Text:
汝性不茹葷，
清靜僕夫內。
秉心識本源，
於事少滯礙。
雲端水筒坼，
林表山石碎。
觸熱藉子修，
通流與廚會。
往來四十里，
荒險崖谷大。
日熏驚未餐，
貌赤媿相對。
浮瓜供老病，
裂餅嘗所愛。
於斯荅恭謹，
足以殊殿最。
詎要方士符，
何假將軍蓋。
行諸直如筆，
用意崎嶇外。

Creation Date: 766年
Location: CN500236
Poem Type: 古風",224,Du Fu (杜甫),766年,信行遠修水筒,古風,Classical Chinese,True,True,,
dufu_chunk_2922,dufu_31638,allusions_context,"Poem: 信行遠修水筒

Literary Allusions and References:
  將軍佩",54,Du Fu (杜甫),766年,信行遠修水筒,古風,Classical Chinese,,,1.0,
dufu_chunk_2923,dufu_31638,annotations_context,"Poem: 信行遠修水筒

Scholarly Annotations:
  原注：引水筒。
  一作根
  一作食
  一作佩",64,Du Fu (杜甫),766年,信行遠修水筒,古風,Classical Chinese,,,,4.0
dufu_chunk_2924,dufu_31539,poem_content,"Poem Title: 行官張望補稻畦水歸

Poem Text:
東屯大江北，
百頃平若案。
六月青稻多，
千畦碧泉亂。
插秧適云已，
引溜加溉灌。
更僕往方塘，
決渠當斷岸。
公私各地著，
浸潤無天旱。
主守問家臣，
分明見溪伴。
芊芊炯翠羽，
剡剡生銀漢。
鷗鳥鏡裏來，
關山雲邊看。
秋菰成黑米，
精鑿傳白粲。
玉粒足晨炊，
紅鮮任霞散。
終然添旅食，
作苦期壯觀。
遺穗及衆多，
我倉戒滋蔓。

Creation Date: 767年
Location: CN500236,东屯
Poem Type: 古風",258,Du Fu (杜甫),767年,行官張望補稻畦水歸,古風,Classical Chinese,False,True,,
dufu_chunk_2925,dufu_31539,annotations_context,"Poem: 行官張望補稻畦水歸

Scholarly Annotations:
  行官是行田者，韓愈書有行官自南來。
  一作枕大江
  一作朋
  一作畔
  一作芋芋，一作竿竿
  一作向
  一作穀
  一作傅
  《漢書》注，擇采使白，粲粲然
  江浙以紅米爲紅鮮",137,Du Fu (杜甫),767年,行官張望補稻畦水歸,古風,Classical Chinese,,,,10.0
dufu_chunk_2926,dufu_31793,poem_content,"Poem Title: 催宗文樹雞柵

Poem Text:
吾衰怯行邁，
旅次展崩迫。
愈風傳烏雞，
秋卵方漫喫。
自春生成者，
隨母向百翮。
驅趁制不禁，
喧呼山腰宅。
課奴殺青竹，
終日憎赤幘。
蹋藉盤案飜，
塞蹊使之隔。
牆東有隙地，
可以樹高柵。
避熱時來歸，
問兒所爲跡。
織籠曹其內，
令入不得擲。
稀間可突過，
觜爪還污席。
我寬螻蟻遭，
彼免狐貉厄。
應宜各長幼，
自此均勍敵。
籠柵念有修，
近身見損益。
明明領處分，
一一當剖析。
不昧風雨晨，
亂離減憂慽。
其流則凡鳥，
其氣心匪石。
倚賴窮歲晏，
撥煩去冰釋。
未似尸鄉翁，
拘留蓋阡陌。

Creation Date: 766年
Location: CN500236
Poem Type: 古風",336,Du Fu (杜甫),766年,催宗文樹雞柵,古風,Classical Chinese,True,True,,
dufu_chunk_2927,dufu_31793,allusions_context,"Poem: 催宗文樹雞柵

Literary Allusions and References:
  赤幘
  心匪石
  尸鄉翁",65,Du Fu (杜甫),766年,催宗文樹雞柵,古風,Classical Chinese,,,3.0,
dufu_chunk_2928,dufu_31793,annotations_context,"Poem: 催宗文樹雞柵

Scholarly Annotations:
  一作增，一作帽
  《搜神記》：“一書生明術數，夜半，宿安陽城南亭，有赤幘者過。生曰：‘此西舍老雄雞也。’”
  一作閒散
  一作未
  一作苦
  一作距
  一作知
  一作及
  祝雞翁居洛陽尸鄉北山下",144,Du Fu (杜甫),766年,催宗文樹雞柵,古風,Classical Chinese,,,,9.0
dufu_chunk_2929,dufu_31566,poem_content,"Poem Title: 園官送菜

Poem Text:
清晨蒙菜把，
常荷地主恩。
守者愆實數，
略有其名存。
苦苣刺如針，
馬齒葉亦繁。
青青嘉蔬色，
埋沒在中園。
園吏未足怪，
世事固堪論。
嗚呼戰伐久，
荆棘暗長原。
乃知苦苣輩，
傾奪蕙草根。
小人塞道路，
爲態何喧喧。
又如馬齒盛，
氣擁葵荏昏。
點染不易虞，
絲麻雜羅紈。
一經器物內，
永挂麤刺痕。
志士采紫芝，
放歌避戎軒。
畦丁負籠至，
感動百慮端。

Creation Date: 767年
Location: CN500236,瀼西
Poem Type: 古風",267,Du Fu (杜甫),767年,園官送菜,古風,Classical Chinese,True,True,,
dufu_chunk_2930,dufu_31566,allusions_context,"Poem: 園官送菜

Literary Allusions and References:
  采芝
  荆棘",56,Du Fu (杜甫),767年,園官送菜,古風,Classical Chinese,,,2.0,
dufu_chunk_2931,dufu_31566,annotations_context,"Poem: 園官送菜

Scholarly Annotations:
  一作送
  即送瓜詩柏都督
  一作褊苣
  莧類
  一作目
  一作因
  一作氣",80,Du Fu (杜甫),767年,園官送菜,古風,Classical Chinese,,,,7.0
dufu_chunk_2932,dufu_31426,poem_content,"Poem Title: 上後園山脚

Poem Text:
朱夏熱所嬰，
清旭步北林。
小園背高岡，
挽葛上崎崟。
曠望延駐目，
飄颻散疎襟。
潛鱗恨水壯，
去翼依雲深。
勿謂地無疆，
劣於山有陰。
石榞徧天下，
水陸兼浮沈。
自我登隴首，
十年經碧岑。
劒門來巫峽，
薄倚浩至今。
故園暗戎馬，
骨肉失追尋。
時危無消息，
老去多歸心。
志士惜白日，
久客藉黃金。
敢爲蘇門嘯，
庶作梁父吟。

Creation Date: 767年
Location: CN500236,瀼西
Poem Type: 古風",254,Du Fu (杜甫),767年,上後園山脚,古風,Classical Chinese,True,True,,
dufu_chunk_2933,dufu_31426,allusions_context,"Poem: 上後園山脚

Literary Allusions and References:
  蘇門嘯
  梁父吟",59,Du Fu (杜甫),767年,上後園山脚,古風,Classical Chinese,,,2.0,
dufu_chunk_2934,dufu_31426,annotations_context,"Poem: 上後園山脚

Scholarly Annotations:
  一作旦
  一作川
  音原，其皮可療飢
  一作倚薄",65,Du Fu (杜甫),767年,上後園山脚,古風,Classical Chinese,,,,4.0
dufu_chunk_2935,dufu_31593,poem_content,"Poem Title: 驅豎子摘蒼耳

Poem Text:
江上秋已分，
林中瘴猶劇。
畦丁告勞苦，
無以供日夕。
蓬莠獨不焦，
野蔬暗泉石。
卷耳況療風，
童兒且時摘。
侵星驅之去，
爛熳任遠適。
放筐亭午際，
洗剝相蒙冪。
登牀半生熟，
下箸還小益。
加點瓜薤間，
依稀橘奴跡。
亂世誅求急，
黎民糠籺窄。
飽食復何心，
荒哉膏粱客。
富家廚肉臭，
戰地骸骨白。
寄語惡少年，
黃金且休擲。

Creation Date: 766年
Location: CN500236
Poem Type: 古風",252,Du Fu (杜甫),766年,驅豎子摘蒼耳,古風,Classical Chinese,True,True,,
dufu_chunk_2936,dufu_31593,allusions_context,"Poem: 驅豎子摘蒼耳

Literary Allusions and References:
  橘奴",53,Du Fu (杜甫),766年,驅豎子摘蒼耳,古風,Classical Chinese,,,1.0,
dufu_chunk_2937,dufu_31593,annotations_context,"Poem: 驅豎子摘蒼耳

Scholarly Annotations:
  即卷耳
  一作邨
  一作猶
  一作僕先
  一作當
  一作木",73,Du Fu (杜甫),766年,驅豎子摘蒼耳,古風,Classical Chinese,,,,6.0
dufu_chunk_2938,dufu_31677,poem_content,"Poem Title: 秋行官張請督促東渚耗稻向畢清晨遣女奴阿稽豎子阿段往問

Poem Text:
東渚雨今足，
佇聞稉稻香。
上天無偏頗，
蒲稗各自長。
人情見非類，
田家戒其荒。
功夫競搰搰，
除草置岸旁。
穀者命之本，
客居安可忘。
青春具所務，
勤墾免亂常。
吳牛力容易，
竝驅動莫當。
豐苗亦已穊，
雲水照方塘。
有生固蔓延，
靜一資隄防。
督領不無人，
提攜頗在綱。
荆揚風土暖，
肅肅候微霜。
尚恐主守疎，
用心未甚臧。
清朝遣婢僕，
寄語踰崇岡。
西成聚必散，
不獨陵我倉。
豈要仁里譽，
感此亂世忙。
北風吹蒹葭，
蟋蟀近中堂。
荏苒百工休，
鬱紆遲暮傷。

Creation Date: 767年
Location: CN500236,瀼西
Poem Type: 古風",345,Du Fu (杜甫),767年,秋行官張請督促東渚耗稻向畢清晨遣女奴阿稽豎子阿段往問,古風,Classical Chinese,False,True,,
dufu_chunk_2939,dufu_31677,annotations_context,"Poem: 秋行官張請督促東渚耗稻向畢清晨遣女奴阿稽豎子阿段往問

Scholarly Annotations:
  一作刈
  一作令士
  去聲
  一作紛遊場
  一作溉
  一作挈",94,Du Fu (杜甫),767年,秋行官張請督促東渚耗稻向畢清晨遣女奴阿稽豎子阿段往問,古風,Classical Chinese,,,,6.0
dufu_chunk_2940,dufu_31590,poem_content,"Poem Title: 阻雨不得歸瀼西甘林

Poem Text:
三伏適已過，
驕陽化爲霖。
欲歸瀼西宅，
阻此江浦深。
壞舟百版坼，
峻岸復萬尋。
篙工初一棄，
恐泥勞寸心。
佇立東城隅，
悵望高飛禽。
草堂亂懸圃，
不隔崑崙岑。
昏渾衣裳外，
曠絕同層陰。
園甘長成時，
三寸如黃金。
諸侯舊上計，
厥貢傾千林。
邦人不足重，
所迫豪吏侵。
客居暫封殖，
日夜偶瑤琴。
虛徐五株態，
側塞煩胸襟。
焉得輟兩足，
杖藜出嶇嶔。
條流數翠實，
偃息歸碧潯。
拂拭烏皮几，
喜聞樵牧音。
令兒快搔背，
脫我頭上簪。

Creation Date: 767年
Location: CN500236,白帝城
Poem Type: 古風",315,Du Fu (杜甫),767年,阻雨不得歸瀼西甘林,古風,Classical Chinese,False,True,,
dufu_chunk_2941,dufu_31590,annotations_context,"Poem: 阻雨不得歸瀼西甘林

Scholarly Annotations:
  一作倚
  一作能
  一作雨",57,Du Fu (杜甫),767年,阻雨不得歸瀼西甘林,古風,Classical Chinese,,,,3.0
dufu_chunk_2942,dufu_31629,poem_content,"Poem Title: 雨

Poem Text:
峽雲行清曉，
煙霧相裴回。
風吹蒼江樹，
雨灑石壁來。
淒淒生餘寒，
殷殷兼出雷。
白谷變氣候，
朱炎安在哉？
高鳥濕不下，
居人門未開。
楚宮久已滅，
幽佩爲誰哀。
侍臣書王夢，
賦有冠古才。
冥冥翠龍駕，
多自巫山臺。

Creation Date: 766年
Location: CN500236
Poem Type: 古風",191,Du Fu (杜甫),766年,雨,古風,Classical Chinese,True,True,,
dufu_chunk_2943,dufu_31629,allusions_context,"Poem: 雨

Literary Allusions and References:
  巫山
  幽佩",53,Du Fu (杜甫),766年,雨,古風,Classical Chinese,,,2.0,
dufu_chunk_2944,dufu_31629,annotations_context,"Poem: 雨

Scholarly Annotations:
  一本合下二首作《雨三首》。
  一作去
  一作山
  穆天子馬名",67,Du Fu (杜甫),766年,雨,古風,Classical Chinese,,,,4.0
dufu_chunk_2945,dufu_31632,poem_content,"Poem Title: 雨二首

Poem Text:
青山澹無姿，
白露誰能數。
片片水上雲，
蕭蕭沙中雨。
殊俗狀巢居，
曾臺俯風渚。
佳客適萬里，
沈思情延佇。
挂帆遠色外，
驚浪滿吳楚。
久陰蛟螭出，
寇盜復幾許。

Creation Date: 766年
Location: CN500236
Poem Type: 古風",165,Du Fu (杜甫),766年,雨二首,古風,Classical Chinese,False,True,,
dufu_chunk_2946,dufu_31632,annotations_context,"Poem: 雨二首

Scholarly Annotations:
  一作附
  一作冠蓋",46,Du Fu (杜甫),766年,雨二首,古風,Classical Chinese,,,,2.0
dufu_chunk_2947,dufu_31633,poem_content,"Poem Title: 雨二首

Poem Text:
空山中宵陰，
微冷先枕席。
迴風起清曙，
萬象萋已碧。
落落出岫雲，
渾渾倚天石。
日假何道行，
雨含長江白。
連檣荆州船，
有士荷矛戟。
南防草鎮慘，
霑濕赴遠役。
羣盜下辟山，
總戎備強敵。
水深雲光廓，
鳴櫓各有適。
漁艇息悠悠，
夷歌負樵客。
留滯一老翁，
書時記朝夕。

Creation Date: 766年
Location: CN500236
Poem Type: 古風",221,Du Fu (杜甫),766年,雨二首,古風,Classical Chinese,False,True,,
dufu_chunk_2948,dufu_31633,annotations_context,"Poem: 雨二首

Scholarly Annotations:
  一作曉
  一作自",45,Du Fu (杜甫),766年,雨二首,古風,Classical Chinese,,,,2.0
dufu_chunk_2949,dufu_31757,poem_content,"Poem Title: 晚登瀼上堂

Poem Text:
故躋瀼岸高，
頗免崖石擁。
開襟野堂豁，
繫馬林花動。
雉堞粉如雲，
山田麥無壠。
春氣晚更生，
江流靜猶湧。
四序嬰我懷，
羣盜久相踵。
黎民困逆節，
天子渴垂拱。
所思注東北，
深峽轉修聳。
衰老自成病，
郎官未爲冗。
淒其望呂葛，
不復夢周孔。
濟世數嚮時，
斯人各枯冢。
楚星南天黑，
蜀月西霧重。
安得隨鳥翎，
迫此懼將恐。

Creation Date: 767年
Location: CN500236,瀼西
Poem Type: 古風",254,Du Fu (杜甫),767年,晚登瀼上堂,古風,Classical Chinese,True,True,,
dufu_chunk_2950,dufu_31757,allusions_context,"Poem: 晚登瀼上堂

Literary Allusions and References:
  夢周孔
  呂葛",58,Du Fu (杜甫),767年,晚登瀼上堂,古風,Classical Chinese,,,2.0,
dufu_chunk_2951,dufu_31757,annotations_context,"Poem: 晚登瀼上堂

Scholarly Annotations:
  一作似
  指房琯，張鎬，嚴武之流",55,Du Fu (杜甫),767年,晚登瀼上堂,古風,Classical Chinese,,,,2.0
dufu_chunk_2952,dufu_31414,poem_content,"Poem Title: 又上後園山脚

Poem Text:
昔我遊山東，
憶戲東嶽陽。
窮秋立日觀，
矯首望八荒。
朱崖著毫髮，
碧海吹衣裳。
蓐收困用事，
玄冥蔚強梁。
逝水自朝宗，
鎮名各其方。
平原獨顦顇，
農力廢耕桑。
非關風露凋，
曾是戍役傷。
於時國用富，
足以守邊疆。
朝廷任猛將，
遠奪戎虜場。
到今事反覆，
故老淚萬行。
龜蒙不復見，
況乃懷舊鄉。
肺萎屬久戰，
骨出熱中腸。
憂來杖匣劒，
更上林北岡。
瘴毒猨鳥落，
峽乾南日黃。
秋風亦已起，
江漢始如湯。
登高欲有往，
蕩析川無梁。
哀彼遠征人，
去家死路旁。
不及祖父塋，
纍纍冢相當。

Creation Date: 767年
Location: CN500236,瀼西
Poem Type: 古風",339,Du Fu (杜甫),767年,又上後園山脚,古風,Classical Chinese,True,True,,
dufu_chunk_2953,dufu_31414,allusions_context,"Poem: 又上後園山脚

Literary Allusions and References:
  蓐收",53,Du Fu (杜甫),767年,又上後園山脚,古風,Classical Chinese,,,1.0,
dufu_chunk_2954,dufu_31414,annotations_context,"Poem: 又上後園山脚

Scholarly Annotations:
  一作北
  在南海中
  金神，主秋
  水神，主冬
  一作石
  一作北
  追感安祿山討奚、契丹及反亂之事
  一作故",101,Du Fu (杜甫),767年,又上後園山脚,古風,Classical Chinese,,,,8.0
dufu_chunk_2955,dufu_31631,poem_content,"Poem Title: 雨

Poem Text:
山雨不作埿，
江雲薄爲霧。
晴飛半嶺鶴，
風亂平沙樹。
明滅洲景微，
隱見巖姿露。
拘悶出門遊，
曠絕經目趣。
消中日伏枕，
臥久塵及屨。
豈無平肩輿，
莫辨望鄉路。
兵戈浩未息，
蛇虺反相顧。
悠悠邊月破，
鬱鬱流年度。
針灸阻朋曹，
糠籺對童孺。
一命須屈色，
新知漸成故。
窮荒益自卑，
飄泊欲誰訴。
虺羸愁應接，
俄頃恐違迕。
浮俗何萬端，
幽人有獨步。
龐公竟獨往，
尚子終罕遇。
宿留洞庭秋，
天寒瀟湘素。
杖策可入舟，
送此齒髮暮。

Creation Date: 767年
Location: CN500236,瀼西
Poem Type: 古風",306,Du Fu (杜甫),767年,雨,古風,Classical Chinese,True,True,,
dufu_chunk_2956,dufu_31631,allusions_context,"Poem: 雨

Literary Allusions and References:
  尚子
  龐公",53,Du Fu (杜甫),767年,雨,古風,Classical Chinese,,,2.0,
dufu_chunk_2957,dufu_31631,annotations_context,"Poem: 雨

Scholarly Annotations:
  一作危
  一作高",43,Du Fu (杜甫),767年,雨,古風,Classical Chinese,,,,2.0
dufu_chunk_2958,dufu_31477,poem_content,"Poem Title: 甘林

Poem Text:
舍舟越西岡，
入林解我衣。
青芻適馬性，
好鳥知人歸。
晨光映遠岫，
夕露見日晞。
遲暮少寢食，
清曠喜荆扉。
經過倦俗態，
在野無所違。
試問甘藜藿，
未肯羨輕肥。
喧靜不同科，
出處各天機。
勿矜朱門是，
陋此白屋非。
明朝步鄰里，
長老可以依。
時危賦斂數，
脫粟爲爾揮。
相攜行荳田，
秋花靄菲菲。
子實不得喫，
貨市送王畿。
盡添軍旅用，
迫此公家威。
主人長跪問，
戎馬何時稀。
我衰易悲傷，
屈指數賊圍。
勸其死王命，
慎莫遠奮飛。

Creation Date: 767年
Location: CN500236,瀼西
Poem Type: 古風",307,Du Fu (杜甫),767年,甘林,古風,Classical Chinese,False,True,,
dufu_chunk_2959,dufu_31477,annotations_context,"Poem: 甘林

Scholarly Annotations:
  一作或
  一作辭",44,Du Fu (杜甫),767年,甘林,古風,Classical Chinese,,,,2.0
dufu_chunk_2960,dufu_31630,poem_content,"Poem Title: 雨

Poem Text:
行雲遞崇高，
飛雨靄而至。
潺潺石間溜，
汩汩松上駛。
亢陽乘秋熱，
百穀皆已棄。
皇天德澤降，
焦卷有生意。
前雨傷卒暴，
今雨喜容易。
不可無雷霆，
間作鼓增氣。
佳聲達中宵，
所望時一致。
清霜九月天，
髣髴見滯穗。
郊扉及我私，
我圃日蒼翠。
恨無抱甕力，
庶減臨江費。

Creation Date: 766年
Location: CN500236
Poem Type: 古風",219,Du Fu (杜甫),766年,雨,古風,Classical Chinese,True,True,,
dufu_chunk_2961,dufu_31630,allusions_context,"Poem: 雨

Literary Allusions and References:
  抱甕",48,Du Fu (杜甫),766年,雨,古風,Classical Chinese,,,1.0,
dufu_chunk_2962,dufu_31630,annotations_context,"Poem: 雨

Scholarly Annotations:
  一作亦
  一作栽耘
  舊注：峽內無井，取江水喫",59,Du Fu (杜甫),766年,雨,古風,Classical Chinese,,,,3.0
dufu_chunk_2963,dufu_31681,poem_content,"Poem Title: 種萵苣

Poem Text:
陰陽一錯亂，
驕蹇不復理。
枯旱於其中，
炎方慘如燬。
植物半蹉跎，
嘉生將已矣。
雲雷歘奔命，
師伯集所使。
指麾赤白日，
澒洞青光起。
雨聲先已風，
散足盡西靡。
山泉落滄江，
霹靂猶在耳。
終朝紆颯沓，
信宿罷瀟灑。
堂下可以畦，
呼童對經始。
苣兮蔬之常，
隨事蓺其子。
破塊數席間，
荷鋤功易止。
兩旬不甲坼，
空惜埋泥滓。
野莧迷汝來，
宗生實於此。
此輩豈無秋，
亦蒙寒露委。
飜然出地速，
滋蔓戶庭毀。
因知邪干正，
掩抑至沒齒。
賢良雖得祿，
守道不封己。
擁寒敗芝蘭，
衆多盛荆杞。
中園陷蕭艾，
老圃永爲恥。
登於白玉盤，
藉以如霞綺。
莧也無所施，
胡顏入筐篚。

Creation Date: 766年
Location: CN500236
Poem Type: 古風",375,Du Fu (杜甫),766年,種萵苣,古風,Classical Chinese,False,True,,
dufu_chunk_2964,dufu_31681,annotations_context,"Poem: 種萵苣

Scholarly Annotations:
  幷序。按萵苣，江東名萵筍
  一作屯
  一作雲色
  一作以
  吳都賦，宗生高岡",78,Du Fu (杜甫),766年,種萵苣,古風,Classical Chinese,,,,5.0
dufu_chunk_2965,dufu_31798,poem_content,"Poem Title: 暇日小園散病將種秋菜督勒耕牛兼書觸目

Poem Text:
不愛入州府，
畏人嫌我真。
及乎歸茅宇，
旁舍未曾嗔。
老病忌拘束，
應接喪精神。
江邨意自放，
林木心所欣。
秋耕屬地濕，
山雨近甚勻。
冬菁飯之半，
牛力晚來新。
深耕種數畝，
未甚後四鄰。
嘉蔬既不一，
名數頗具陳。
荆巫非苦寒，
采擷接青春。
飛來兩白鶴，
暮啄泥中芹。
雄者左翮垂，
損傷已露筋。
一步再流血，
尚經矰繳勤。
三步六號叫，
志屈悲哀頻。
鸞皇不相待，
側頸訴高旻。
杖藜俯沙渚，
爲汝鼻酸辛。

Creation Date: 767年
Location: CN500236,瀼西
Poem Type: 古風",309,Du Fu (杜甫),767年,暇日小園散病將種秋菜督勒耕牛兼書觸目,古風,Classical Chinese,False,True,,
dufu_chunk_2966,dufu_31798,annotations_context,"Poem: 暇日小園散病將種秋菜督勒耕牛兼書觸目

Scholarly Annotations:
  一作勤
  一作及歸在茅宇
  一作恐
  一作日
  一作曉
  一作及
  一作驚",94,Du Fu (杜甫),767年,暇日小園散病將種秋菜督勒耕牛兼書觸目,古風,Classical Chinese,,,,7.0
dufu_chunk_2967,dufu_31410,poem_content,"Poem Title: 八哀詩

Poem Text:
司空出東夷，
童稚刷勁翮。
追隨燕薊兒，
穎銳物不隔。
服事哥舒翰，
意無流沙磧。
未甚拔行間，
犬戎大充斥。
短小精悍姿，
屹然強寇敵。
貫穿百萬衆，
出入由咫尺。
馬鞍懸將首，
甲外控鳴鏑。
洗劒青海水，
刻銘天山石。
九曲非外蕃，
其王轉深壁。
飛兔不近駕，
鷙鳥資遠擊。
曉達兵家流，
飽聞春秋癖。
胷襟日沈靜，
肅肅自有適。
潼關初潰散，
萬乘猶辟易。
偏裨無所施，
元帥見手格。
太子入朔方，
至尊狩梁益。
胡馬纏伊洛，
中原氣甚逆。
肅宗登寶位，
塞望勢敦迫。
公時徒步至，
請罪將厚責。
際會清河公，
間道傳玉冊。
天王拜跪畢，
讜議果冰釋。
翠華卷飛雪，
熊虎亙阡陌。
屯兵鳳皇山，
帳殿涇渭闢。
金成賊咽喉，
詔鎮雄所搤。
禁暴清無雙，
爽氣春淅瀝。
巷有從公歌，
野多青青麥。
及夫哭廟後，
復領太原役。
恐懼祿位高，
悵望王土窄。
不得見清時，
嗚呼就窀穸。
永繫五湖舟，
悲甚田橫客。
千秋汾晉間，
事與雲水白。
昔觀文苑傳，
豈述廉藺績。
嗟嗟鄧大夫，
士卒終倒戟。

Creation Date: 766年
Location: CN500236
Poem Type: 古風",529,Du Fu (杜甫),766年,八哀詩,古風,Classical Chinese,True,True,,
dufu_chunk_2968,dufu_31410,allusions_context,"Poem: 八哀詩

Literary Allusions and References:
  五湖舟
  利穎
  春秋癖
  從公歌
  倒戟
  刻銘天山
  飛兔
  哭田橫
  廉頗
  天王",101,Du Fu (杜甫),766年,八哀詩,古風,Classical Chinese,,,10.0,
dufu_chunk_2969,dufu_31410,annotations_context,"Poem: 八哀詩

Scholarly Annotations:
  高麗也
  一作脫
  一作氣
  一作蕭蕭
  一作逼
  哥舒翰敗潼關，思禮走行在，肅宗將斬之，清河公房琯時自蜀奉冊命至，諫上以爲可收後効，遂釋之
  一作飛雪中
  景龍四年，送金成公主於始平縣，改名金城，非河西金城也。時思禮爲關內節度使鎮此，故云
  一作靖，一作靜
  長安平，思禮先入清宮，遷兵部尚書。李光弼徙河陽，代爲太原尹、北京留守，尋加守司空

... and 5 more annotations",244,Du Fu (杜甫),766年,八哀詩,古風,Classical Chinese,,,,15.0
dufu_chunk_2970,dufu_31406,poem_content,"Poem Title: 八哀詩

Poem Text:
司徒天寶末，
北收晉陽甲。
胡騎攻吾城，
愁寂意不愜。
人安若泰山，
薊北斷右脅。
朔方氣乃蘇，
黎首見帝業。
二宮泣西郊，
九廟起頹壓。
未散河陽卒，
思明僞臣妾。
復自碣石來，
火焚乾坤獵。
高視笑祿山，
公又大獻捷。
異王冊崇勳，
小敵信所怯。
擁兵鎮河汴，
千里初妥帖。
青蠅紛營營，
風雨秋一葉。
內省未入朝，
死淚終映睫。
大屋去高棟，
長城埽遺堞。
平生白羽扇，
零落蛟龍匣。
雅望與英姿，
惻愴槐里接。
三軍晦光彩，
烈士痛稠疊。
直筆在史臣，
將來洗箱篋。
吾思哭孤冢，
南紀阻歸楫。
扶顛永蕭條，
未濟失利涉。
疲苶竟何人，
灑涕巴東峽。

Creation Date: 766年
Location: CN500236
Poem Type: 古風",361,Du Fu (杜甫),766年,八哀詩,古風,Classical Chinese,True,True,,
dufu_chunk_2971,dufu_31406,allusions_context,"Poem: 八哀詩

Literary Allusions and References:
  青蠅
  臣妾
  蛟龍匣
  晉陽甲
  洗箱篋
  小敵怯
  一葉",84,Du Fu (杜甫),766年,八哀詩,古風,Classical Chinese,,,7.0,
dufu_chunk_2972,dufu_31406,annotations_context,"Poem: 八哀詩

Scholarly Annotations:
  光弼已封王，贈太保，稱司徒者，以其功名著於司徒時。《洗兵馬》亦云“司徒清鑒懸明鏡”。
  一作獷
  一作多
  一作獻大捷
  異姓封王也，寶應元年五月，光弼進封臨淮郡王
  上元二年，以光弼爲副元帥，統河南等八道行營節度，出鎮臨淮
  一作徒
  宦官魚朝恩，郭元振用事，日謀中傷之，吐蕃入寇，代宗召光弼入援，因畏禍，遷延不至，田神公等遂不受節制，恥媿成疾薨
  一作歎
  乃結切，《莊子》：“苶然疲役而不知歸。”",246,Du Fu (杜甫),766年,八哀詩,古風,Classical Chinese,,,,10.0
dufu_chunk_2973,dufu_31411,poem_content,"Poem Title: 八哀詩

Poem Text:
鄭公瑚璉器，
華岳金天晶。
昔在童子日，
已聞老成名。
嶷然大賢後，
復見秀骨清。
開口取將相，
小心事友生。
閱書百紙盡，
落筆四座驚。
歷識匪父任，
嫉邪常力爭。
漢議尚整肅，
胡騎忽縱橫。
飛傳自河隴，
逢人問公卿。
不知萬乘出，
雪涕風悲鳴。
受詞劒閣道，
謁帝蕭關城。
寂寞雲臺仗，
飄颻沙塞旌。
江山少使者，
笳鼓凝皇情。
壯士血相視，
忠臣氣不平。
密論貞觀體，
揮發岐陽征。
感激動四極，
聯翩收二京。
西郊牛酒再，
原廟丹青明。
匡汲俄寵辱，
衛霍竟哀榮。
四登會府地，
三掌華陽兵。
京兆空柳色，
尚書無履聲。
羣烏自朝夕，
白馬休橫行。
諸葛蜀人愛，
文翁儒化成。
公來雪山重，
公去雪山輕。
記室得何遜，
韜鈐延子荆。
四郊失壁壘，
虛館開逢迎。
堂上指圖畫，
軍中吹玉笙。
豈無成都酒，
憂國只細傾。
時觀錦水釣，
問俗終相幷。
意待犬戎滅，
人藏紅粟盈。
以茲報主願，
庶或裨世程。
炯炯一心在，
沈沈二豎嬰。
顏回竟短折，
賈誼徒忠貞。
飛旐出江漢，
孤舟輕荆衡。
虛無馬融笛，
悵望龍驤塋。
空餘老賓客，
身上媿簪纓。

Creation Date: 766年
Location: CN500236
Poem Type: 古風",557,Du Fu (杜甫),766年,八哀詩,古風,Classical Chinese,True,True,,
dufu_chunk_2974,dufu_31411,allusions_context,"Poem: 八哀詩

Literary Allusions and References:
  白馬
  御史府中烏
  馬融笛
  顏回
  二豎
  履聲
  何水曹
  紅粟
  瑚璉器
  賈誼
  匡汲俄寵辱
  龍驤塋
  蜀人愛諸葛
  衛霍
  文翁
  雲臺仗
  子荆",144,Du Fu (杜甫),766年,八哀詩,古風,Classical Chinese,,,17.0,
dufu_chunk_2975,dufu_31411,annotations_context,"Poem: 八哀詩

Scholarly Annotations:
  唐封華岳神爲金天王
  謂武父挺之
  一作氏
  一作乘輿
  一作見
  一作未
  一作至
  一作九
  收長安，拜京兆少尹。寶應元年，拜京兆尹。兩鎮劒南，俱兼成都尹，四登會府也
  華陽黑水惟梁州，武初出刺綿州，遷東川節度。再拜成都尹，充劒南節度。再遷黃門侍郎，拜成都尹，充劒南節度，乃三掌華陽兵也

... and 6 more annotations",218,Du Fu (杜甫),766年,八哀詩,古風,Classical Chinese,,,,16.0
dufu_chunk_2976,dufu_31409,poem_content,"Poem Title: 八哀詩

Poem Text:
汝陽讓帝子，
眉宇真天人。
虯鬚似太宗，
色映塞外春。
往者開元中，
主恩視遇頻。
出入獨非時，
禮異見羣臣。
愛其謹潔極，
倍此骨肉親。
從容聽朝後，
或在風雪晨。
忽思格猛獸，
苑囿騰清塵。
羽旗動若一，
萬馬肅駪駪。
詔王來射雁，
拜命已挺身。
箭出飛鞚內，
上又回翠麟。
飜然紫塞翮，
下拂明月輪。
胡人雖獲多，
天笑不爲新。
王每中一物，
手自與金銀。
袖中諫獵書，
扣馬久上陳。
竟無銜橛虞，
聖聰矧多仁。
官免供給費，
水有在藻鱗。
匪唯帝老大，
皆是王忠勤。
晚年務置醴，
門引申白賓。
道大容無能，
永懷侍芳茵。
好學尚貞烈，
義形必霑巾。
揮翰綺繡揚，
篇什若有神。
川廣不可泝，
墓久狐兔鄰。
宛彼漢中郡，
文雅見天倫。
何以開我悲，
泛舟俱遠津。
溫溫昔風味，
少壯已書紳。
舊遊易磨滅，
衰謝增酸辛。

Creation Date: 766年
Location: CN500236
Poem Type: 古風",445,Du Fu (杜甫),766年,八哀詩,古風,Classical Chinese,True,True,,
dufu_chunk_2977,dufu_31409,allusions_context,"Poem: 八哀詩

Literary Allusions and References:
  置醴
  扣馬陳
  天人",61,Du Fu (杜甫),766年,八哀詩,古風,Classical Chinese,,,3.0,
dufu_chunk_2978,dufu_31409,annotations_context,"Poem: 八哀詩

Scholarly Annotations:
  讓皇帝憲，本名成器，初立爲太子，後因明皇有平韋氏功，讓儲位，諡曰讓
  一作髯
  一作寒夜
  一作退
  一作入
  一作慈
  漢楚元王與白生、申公同受詩於浮丘伯，魯穆生不嗜酒，元王爲設醴
  一作正
  王弟漢中王瑀
  一作慰

... and 1 more annotations",182,Du Fu (杜甫),766年,八哀詩,古風,Classical Chinese,,,,11.0
dufu_chunk_2979,dufu_31412,poem_content,"Poem Title: 八哀詩

Poem Text:
長嘯宇宙間，
高才日陵替。
古人不可見，
前輩復誰繼。
憶昔李公存，
詞林有根柢。
聲華當健筆，
灑落富清製。
風流散金石，
追琢山岳銳。
情窮造化理，
學貫天人際。
干謁走其門，
碑版照四裔。
各滿深望還，
森然起凡例。
蕭蕭白楊路，
洞徹寶珠惠。
龍宮墖廟湧，
浩劫浮雲衛。
宗儒俎豆事，
故吏去思計。
眄睞已皆虛，
跋涉曾不泥。
向來映當時，
豈獨勸後世。
豐屋珊瑚鉤，
騏驎織成罽。
紫騮隨劒几，
義取無虛歲。
分宅脫驂間，
感激懷未濟。
衆歸賙給美，
擺落多藏穢。
獨步四十年，
風聽九臯唳。
嗚呼江夏姿，
竟掩宣尼袂。
往者武后朝，
引用多寵嬖。
否臧太常議，
面折二張勢。
衰俗凜生風，
排蕩秋旻霽。
忠貞負冤恨，
宮闕深旒綴。
放逐早聯翩，
低垂困炎厲。
日斜鵩鳥入，
魂斷蒼梧帝。
榮枯走不暇，
星駕無安稅。
幾分漢廷竹，
夙擁文侯篲。
終悲洛陽獄，
事近小臣敝。
禍階初負謗，
易力何深嚌。
伊昔臨淄亭，
酒酣託末契。
重敍東都別，
朝陰改軒砌。
論文到崔蘇，
指盡流水逝。
近伏盈川雄，
未甘特進麗。
是非張相國，
相扼一危脆。
爭名古豈然，
鍵捷歘不閉。
例及吾家詩，
曠懷埽氛翳。
慷慨嗣真作，
咨嗟玉山桂。
鍾律儼高懸，
鯤鯨噴迢遰。
坡陀青州血，
蕪沒汶陽瘞。
哀贈竟蕭條，
恩波延揭厲。
子孫存如綫，
舊客舟凝滯。
君臣尚論兵，
將帥接燕薊。
郎吟六公篇，
憂來豁蒙蔽。

Creation Date: 766年
Location: CN500236
Poem Type: 古風",683,Du Fu (杜甫),766年,八哀詩,古風,Classical Chinese,True,True,,
dufu_chunk_2980,dufu_31412,allusions_context,"Poem: 八哀詩

Literary Allusions and References:
  宣尼袂
  分漢廷竹
  分宅
  江夏姿
  九臯唳
  洛陽獄
  學貫天人際
  脫驂
  文侯篲
  小臣斃
  俎豆",111,Du Fu (杜甫),766年,八哀詩,古風,Classical Chinese,,,11.0,
dufu_chunk_2981,dufu_31412,annotations_context,"Poem: 八哀詩

Scholarly Annotations:
  一作淪
  一作涸轍
  一作踴
  一作空
  一作特
  居例切
  邕尤長碑頌，中朝衣冠及天下寺觀，多齎金帛求其文
  一作贓
  太常博士李處直議韋巨源諡曰昭，邕再駁之
  一作三

... and 17 more annotations",159,Du Fu (杜甫),766年,八哀詩,古風,Classical Chinese,,,,27.0
dufu_chunk_2982,dufu_31407,poem_content,"Poem Title: 八哀詩

Poem Text:
武功少也孤，
徒步客徐兖。
讀書東岳中，
十載考墳典。
時下萊蕪郭，
忍飢浮雲巘。
負米晚爲身，
每食臉必泫。
夜字照爇薪，
垢衣生碧蘚。
庶以勤苦志，
報茲劬勞顯。
學蔚醇儒姿，
文包舊史善。
灑落辭幽人，
歸來潛京輦。
射君東堂策，
宗匠集精選。
制可題未乾，
乙科已大闡。
文章日自負，
吏祿亦累踐。
晨趨閶闔內，
足蹋宿昔趼。
一麾出守還，
黃屋朔風卷。
不暇陪八駿，
虜庭悲所遣。
平生滿尊酒，
斷此朋知展。
憂憤病二秋，
有恨石可轉。
肅宗復社稷，
得無逆順辨。
范曄顧其兒，
李斯憶黃犬。
祕書茂松意，
溟漲本末淺。
青熒芙蓉劒，
犀兕豈獨剸。
反爲後輩褻，
予實苦懷緬。
煌煌齋房芝，
事絕萬手搴。
垂之俟來者，
正始徵勸勉。
不要懸黃金，
胡爲投乳贙。
結交三十載，
吾與誰游衍。
滎陽復冥莫，
罪罟已橫罥。
嗚呼子逝日，
始泰則終蹇。
長安米萬錢，
凋喪盡餘喘。
戰伐何當解，
歸帆阻清沔。
尚纏漳水疾，
永負蒿里餞。

Creation Date: 766年
Location: CN500236
Poem Type: 古風",501,Du Fu (杜甫),766年,八哀詩,古風,Classical Chinese,True,True,,
dufu_chunk_2983,dufu_31407,allusions_context,"Poem: 八哀詩

Literary Allusions and References:
  八駿
  憶黃犬
  范曄顧兒
  負米
  黃屋
  茂松意
  劬勞
  爇薪照字
  石可轉
  一麾出守
  齋房芝",110,Du Fu (杜甫),766年,八哀詩,古風,Classical Chinese,,,11.0,
dufu_chunk_2984,dufu_31407,annotations_context,"Poem: 八哀詩

Scholarly Annotations:
  一作寓
  一作帶
  一作願
  一作淚
  一作射策君東堂，晉武帝詔諸賢良方正輩會東堂策問
  一作制題墨
  一作休聲，經策全得爲甲科，策得四帖以上爲乙科
  一作掾吏
  一作不
  一作“祕書茂松色，屢扈祠壇墠。前後百卷文，枕藉皆禁臠。篆刻揚雄流，溟漲本末淺”。一本屢扈作再從，一本作屢侍，篆刻作制作

... and 12 more annotations",220,Du Fu (杜甫),766年,八哀詩,古風,Classical Chinese,,,,22.0
dufu_chunk_2985,dufu_31408,poem_content,"Poem Title: 八哀詩

Poem Text:
鶢鶋至魯門，
不識鐘鼓饗。
孔翠望赤霄，
愁思雕籠養。
滎陽冠衆儒，
早聞名公賞。
地崇士大夫，
況乃氣精爽。
天然生知姿，
學立游夏上。
神農極闕漏，
黃石媿師長。
藥纂西極名，
兵流指諸掌。
貫穿無遺恨，
薈蕞何技癢。
圭臬星經奧，
蟲篆丹青廣。
子雲窺未徧，
方朔諧太枉。
神翰顧不一，
體變鍾兼兩。
文傳天下口，
大字猶在牓。
昔獻書畫圖，
新詩亦俱往。
滄洲動玉陛，
宣鶴誤一響。
三絕自御題，
四方尤所仰。
嗜酒益疎放，
彈琴視天壤。
形骸實土木，
親近唯几杖。
未曾寄官曹，
突兀倚書幌。
晚就芸香閣，
胡塵昏坱莽。
反覆歸聖朝，
點染無滌盪。
老蒙台州掾，
泛泛淛江槳。
履穿四明雪，
飢拾楢溪橡。
空聞紫芝歌，
不見杏壇丈。
天長眺東南，
秋色餘魍魎。
別離慘至今，
斑白徒懷曩。
春深秦山秀，
葉墜清渭朗。
劇談王侯門，
野稅林下鞅。
操紙終夕酣，
時物集遐想。
詞場竟疎闊，
平昔濫吹獎。
百年見存歿，
牢落吾安放。
蕭條阮咸在，
出處同世網。
他日訪江樓，
含悽述飄蕩。

Creation Date: 766年
Location: CN500236
Poem Type: 古風",529,Du Fu (杜甫),766年,八哀詩,古風,Classical Chinese,True,True,,
dufu_chunk_2986,dufu_31408,allusions_context,"Poem: 八哀詩

Literary Allusions and References:
  紫芝歌
  黃石
  履穿
  方朔諧
  訪江樓
  神農
  吾安放
  子雲
  游夏
  鶢鶋",99,Du Fu (杜甫),766年,八哀詩,古風,Classical Chinese,,,10.0,
dufu_chunk_2987,dufu_31408,annotations_context,"Poem: 八哀詩

Scholarly Annotations:
  一作入
  一作氣清，一作精氣
  原注：往者公在疾，蘇許公頲位尊望重，素未相識，早愛才名，躬自撫問，後結望年之分，遠邇嘉之
  一作域
  原注：公著薈蕞等諸書，又撰胡本草七卷
  虔采集異聞，成書四十餘卷。蘇源明請名《會粹》，取《爾雅》序會粹舊說也。一云薈蕞，草多而小，言著書多小碎事也
  圭以測日景，臬以平水
  一作階
  一作寡，一作宮
  明皇題其詩與書畫曰鄭虔三絕

... and 6 more annotations",254,Du Fu (杜甫),766年,八哀詩,古風,Classical Chinese,,,,16.0
dufu_chunk_2988,dufu_31405,poem_content,"Poem Title: 八哀詩

Poem Text:
相國生南紀，
金璞無留礦。
仙鶴下人間，
獨立霜毛整。
矯然江海思，
復與雲路永。
寂寞想土階，
未遑等箕潁。
上君白玉堂，
倚君金華省。
碣石歲崢嶸，
天地日蛙黽。
退食吟大庭，
何心記榛梗。
骨驚畏曩哲，
鬒變負人境。
雖蒙換蟬冠，
右地恧多幸。
敢忘二疏歸，
痛迫蘇耽井。
紫綬映暮年，
荆州謝所領。
庾公興不淺，
黃霸鎮每靜。
賓客引調同，
諷詠在務屏。
詩罷地有餘，
篇終語清省。
一陽發陰管，
淑氣含公鼎。
乃知君子心，
用才文章境。
散帙起翠螭，
倚薄巫廬竝。
綺麗玄暉擁，
牋誄任昉騁。
自我一家則，
未缺隻字警。
千秋滄海南，
名繫朱鳥影。
歸老守故林，
戀闕悄延頸。
波濤良史筆，
蕪絕大庾嶺。
向時禮數隔，
制作難上請。
再讀徐孺碑，
猶思理煙艇。

Creation Date: 766年
Location: CN500236
Poem Type: 古風",417,Du Fu (杜甫),766年,八哀詩,古風,Classical Chinese,True,True,,
dufu_chunk_2989,dufu_31405,allusions_context,"Poem: 八哀詩

Literary Allusions and References:
  蘇耽井
  地有餘
  箕潁
  朱鳥
  大庭
  興不淺
  二疏
  黃霸
  金華省
  任昉箋
  蛙黽
  玄暉",110,Du Fu (杜甫),766年,八哀詩,古風,Classical Chinese,,,12.0,
dufu_chunk_2990,dufu_31405,annotations_context,"Poem: 八哀詩

Scholarly Annotations:
  《英華》有曲江二字
  一作漢
  一作玉
  一作嘗
  一作竭力
  一作池
  一作託
  一作鬚
  女六切
  一作志

... and 9 more annotations",128,Du Fu (杜甫),766年,八哀詩,古風,Classical Chinese,,,,19.0
dufu_chunk_2991,dufu_31459,poem_content,"Poem Title: 寫懷二首

Poem Text:
勞生共乾坤，
何處異風俗。
冉冉自趨競，
行行見羈束。
無貴賤不悲，
無富貧亦足。
萬古一骸骨，
鄰家遞歌哭。
鄙夫到巫峽，
三歲如轉燭。
全命甘留滯，
忘情任榮辱。
朝班及暮齒，
日給還脫粟。
編蓬石城東，
采藥山北谷。
用心霜雪間，
不必條蔓綠。
非關故安排，
曾是順幽獨。
達士如弦直，
小人似鉤曲。
曲直我不知，
負暄候樵牧。

Creation Date: 767年
Location: CN500236,东屯
Poem Type: 古風",253,Du Fu (杜甫),767年,寫懷二首,古風,Classical Chinese,True,True,,
dufu_chunk_2992,dufu_31459,allusions_context,"Poem: 寫懷二首

Literary Allusions and References:
  弦直鉤曲",53,Du Fu (杜甫),767年,寫懷二首,古風,Classical Chinese,,,1.0,
dufu_chunk_2993,dufu_31459,annotations_context,"Poem: 寫懷二首

Scholarly Annotations:
  一作林",40,Du Fu (杜甫),767年,寫懷二首,古風,Classical Chinese,,,,1.0
dufu_chunk_2994,dufu_31460,poem_content,"Poem Title: 寫懷二首

Poem Text:
夜深坐南軒，
明月照我膝。
驚風飜河漢，
梁棟已出日。
羣生各一宿，
飛動自儔匹。
吾亦驅其兒，
營營爲私實。
天寒行旅稀，
歲暮日月疾。
榮名忽中人，
世亂如蟣蝨。
古者三皇前，
滿腹志願畢。
胡爲有結繩，
陷此膠與漆。
禍首燧人氏，
厲階董狐筆。
君看燈燭張，
轉使飛蛾密。
放神八極外，
俯仰俱蕭瑟。
終契如往還，
得匪合仙術。

Creation Date: 767年
Location: CN500236,东屯
Poem Type: 古風",253,Du Fu (杜甫),767年,寫懷二首,古風,Classical Chinese,True,True,,
dufu_chunk_2995,dufu_31460,allusions_context,"Poem: 寫懷二首

Literary Allusions and References:
  董狐筆
  膠漆",57,Du Fu (杜甫),767年,寫懷二首,古風,Classical Chinese,,,2.0,
dufu_chunk_2996,dufu_31460,annotations_context,"Poem: 寫懷二首

Scholarly Annotations:
  一作日已出
  一作室
  一作惑
  一作終然契真如
  一作歸匪金仙術",74,Du Fu (杜甫),767年,寫懷二首,古風,Classical Chinese,,,,5.0
dufu_chunk_2997,dufu_31472,poem_content,"Poem Title: 可歎

Poem Text:
天上浮雲如白衣，
斯須改變如蒼狗。
古往今來共一時，
人生萬事無不有。
近者抉眼去其夫，
河東女兒身姓柳。
丈夫正色動引經，
酆城客子王季友。
羣書萬卷常暗誦，
孝經一通看在手。
貧窮老瘦家賣屐，
好事就之爲攜酒。
豫章太守高帝孫，
引爲賓客敬頗久。
聞道三年未曾語，
小心恐懼閉其口。
太守得之更不疑，
人生反覆看亦醜。
明月無瑕豈容易，
紫氣鬱鬱猶衝斗。
時危可仗真豪俊，
二人得置君側否。
太守頃者領山南，
邦人思之比父母。
王生早曾拜顏色，
高山之外皆培塿。
用爲羲和天爲成，
用平水土地爲厚。
王也論道阻江湖，
李也丞疑曠前後。
死爲星辰終不滅，
致君堯舜焉肯朽。
吾輩碌碌飽飯行，
風后力牧長回首。

Creation Date: 767年
Location: CN500236,东屯
Poem Type: 古風",389,Du Fu (杜甫),767年,可歎,古風,Classical Chinese,True,True,,
dufu_chunk_2998,dufu_31472,allusions_context,"Poem: 可歎

Literary Allusions and References:
  衝斗
  風后
  死爲星辰
  好事為攜酒
  論道
  平水土
  羲和
  孝經在手",92,Du Fu (杜甫),767年,可歎,古風,Classical Chinese,,,8.0,
dufu_chunk_2999,dufu_31472,annotations_context,"Poem: 可歎

Scholarly Annotations:
  一作似
  一作眯
  一作履
  謂李勉
  一作問
  一作已
  即指季友爲妻所棄事
  一作凝",86,Du Fu (杜甫),767年,可歎,古風,Classical Chinese,,,,8.0
dufu_chunk_3000,dufu_31543,poem_content,"Poem Title: 觀公孫大娘弟子舞劒器行

Poem Text:
昔有佳人公孫氏，
一舞劒氣動四方。
觀者如山色沮喪，
天地爲之久低昂。
㸌如羿射九日落，
矯如羣帝驂龍翔。
來如雷霆收震怒，
罷如江海凝清光。
絳脣珠袖兩寂莫，
況有弟子傳芬芳。
臨潁美人在白帝，
妙舞此曲神揚揚。
與余問答既有以，
感時撫事增惋傷。
先帝侍女八千人，
公孫劒器初第一。
五十年間似反掌，
風塵傾動昏王室。
棃園子弟散如煙，
女樂餘姿映寒日。
金粟堆南木已拱，
瞿唐石城草蕭瑟。
玳筵急管曲復終，
樂極哀來月東出。
老夫不知其所往，
足繭荒山轉愁疾。

Creation Date: 767年10月19日
Location: CN500236,东屯
Poem Type: 古風",332,Du Fu (杜甫),767年10月19日,觀公孫大娘弟子舞劒器行,古風,Classical Chinese,True,True,,
dufu_chunk_3001,dufu_31543,allusions_context,"Poem: 觀公孫大娘弟子舞劒器行

Literary Allusions and References:
  木已拱
  九輪燭照",66,Du Fu (杜甫),767年10月19日,觀公孫大娘弟子舞劒器行,古風,Classical Chinese,,,2.0,
dufu_chunk_3002,dufu_31543,annotations_context,"Poem: 觀公孫大娘弟子舞劒器行

Scholarly Annotations:
  音酷
  一作末
  一作脫，一作晚
  一作澒洞
  一作暮
  一作寂",81,Du Fu (杜甫),767年10月19日,觀公孫大娘弟子舞劒器行,古風,Classical Chinese,,,,6.0
dufu_chunk_3003,dufu_31612,poem_content,"Poem Title: 往在

Poem Text:
往在西京日，
胡來滿彤宮。
中宵焚九廟，
雲漢爲之紅。
解瓦飛十里，
繐帷紛曾空。
疚心惜木主，
一一灰悲風。
合昏排鐵騎，
清旭散錦𩦺。
賊臣表逆節，
相賀以成功。
是時妃嬪戮，
連爲糞土叢。
當宁陷玉座，
白間剝畫蟲。
不知二聖處，
私泣百歲翁。
車駕既云還，
楹桷歘穹崇。
故老復涕泗，
祠官樹椅桐。
宏壯不如初，
已見帝力雄。
前春禮郊廟，
祀事親聖躬。
微軀忝近臣，
景從陪羣公。
登階捧玉冊，
峨冕耿金鍾。
侍祠恧先露，
掖垣邇濯龍。
天子惟孝孫，
五雲起九重。
鏡匳換粉黛，
翠羽猶蔥朧。
前者厭羯胡，
後來遭犬戎。
俎豆腐膻肉，
罘罳行角弓。
安得自西極，
申命空山東。
盡軀詣闕下，
士庶塞關中。
主將曉逆順，
元元歸始終。
一朝自罪己，
萬里車書通。
鋒鏑供鋤犂，
征戍聽所從。
冗官各復業，
土著還力農。
君臣節儉足，
朝野歡呼同。
中興似國初，
繼體如太宗。
端拱納諫諍，
和風日沖融。
赤墀櫻桃枝，
隱映銀絲籠。
千春薦陵寢，
永永垂無窮。
京都不再火，
涇渭開愁容。
歸號故松柏，
老去苦飄蓬。

Creation Date: 766年
Location: CN500236
Poem Type: 古風",542,Du Fu (杜甫),766年,往在,古風,Classical Chinese,True,True,,
dufu_chunk_3004,dufu_31612,allusions_context,"Poem: 往在

Literary Allusions and References:
  混一車書
  鏡匳換
  濯龍",62,Du Fu (杜甫),766年,往在,古風,Classical Chinese,,,3.0,
dufu_chunk_3005,dufu_31612,annotations_context,"Poem: 往在

Scholarly Annotations:
  一作時
  一作丹
  一作粉
  一作層
  一作曉
  《廣韻》：“驢子曰𩦺”祿山陷兩京，以橐駝運御府。珍寶，故云。一作幪
  一作帥
  一作聆
  一作霑
  一作臠

... and 5 more annotations",150,Du Fu (杜甫),766年,往在,古風,Classical Chinese,,,,15.0
dufu_chunk_3006,dufu_31614,poem_content,"Poem Title: 昔遊

Poem Text:
昔者與高李，
晚登單父臺。
寒蕪際碣石，
萬里風雲來。
桑柘葉如雨，
飛藿去裴回。
清霜大澤凍，
禽獸有餘哀。
是時倉廩實，
洞達寰區開。
猛士思滅胡，
將帥望三台。
君王無所惜，
駕馭英雄材。
幽燕盛用武，
供給亦勞哉。
吳門轉粟帛，
泛海陵蓬萊。
肉食三十萬，
獵射起黃埃。
隔河憶長眺，
青歲已摧頹。
不及少年日，
無復故人杯。
賦詩獨流涕，
亂世想賢才。
有能市駿骨，
莫恨少龍媒。
商山議得失，
蜀主脫嫌猜。
呂尚封國邑，
傅說已鹽梅。
景晏楚山深，
水鶴去低回。
龐公任本性，
攜子臥蒼苔。

Creation Date: 766年
Location: CN500236
Poem Type: 古風",332,Du Fu (杜甫),766年,昔遊,古風,Classical Chinese,True,True,,
dufu_chunk_3007,dufu_31614,allusions_context,"Poem: 昔遊

Literary Allusions and References:
  商山
  市駿骨
  鹽梅
  龐公
  呂尚封國",72,Du Fu (杜甫),766年,昔遊,古風,Classical Chinese,,,5.0,
dufu_chunk_3008,dufu_31614,annotations_context,"Poem: 昔遊

Scholarly Annotations:
  適
  白
  一作同
  一作共
  一作瀛
  一作四
  一作塵
  一作君，一作若
  市駿以下，言果能求賢，則商山、諸葛、呂尚、傅說之流，世豈少其人哉。惟甫漂泊楚山，終當爲龐公高隱耳",131,Du Fu (杜甫),766年,昔遊,古風,Classical Chinese,,,,9.0
dufu_chunk_3009,dufu_31507,poem_content,"Poem Title: 壯遊

Poem Text:
往昔十四五，
出遊翰墨場。
斯文崔魏徒，
以我似班揚。
七齡思即壯，
開口詠鳳皇。
九齡書大字，
有作成一囊。
性豪業嗜酒，
嫉惡懷剛腸。
脫略小時輩，
結交皆老蒼。
飲酣視八極，
俗物都茫茫。
東下姑蘇臺，
已具浮海航。
到今有遺恨，
不得窮扶桑。
王謝風流遠，
闔廬丘墓荒。
劒池石壁仄，
長洲荷芰香。
嵯峨閶門北，
清廟映回塘。
每趨吳太伯，
撫事淚浪浪。
枕戈憶句踐，
渡浙想秦皇。
蒸魚聞匕首，
除道哂要章。
越女天下白，
鑑湖五月涼。
剡溪蘊秀異，
欲罷不能忘。
歸帆拂天姥，
中歲貢舊鄉。
氣劘屈賈壘，
目短曹劉牆。
忤下考功第，
獨辭京尹堂。
放蕩齊趙間，
裘馬頗清狂。
春歌叢臺上，
冬獵青丘旁。
呼鷹皁櫪林，
逐獸雲雪岡。
射飛曾縱鞚，
引臂落鶖鶬。
蘇侯據鞍喜，
忽如攜葛強。
快意八九年，
西歸到咸陽。
許與必詞伯，
賞遊實賢王。
曳裾置醴地，
奏賦入明光。
天子廢食召，
羣公會軒裳。
脫身無所愛，
痛飲信行藏。
黑貂不免敝，
斑鬢兀稱觴。
杜曲晚耆舊，
四郊多白楊。
坐深鄉黨敬，
日覺死生忙。
朱門任傾奪，
赤族迭罹殃。
國馬竭粟豆，
官雞輸稻粱。
舉隅見煩費，
引古惜興亡。
河朔風塵起，
岷山行幸長。
兩宮各警蹕，
萬里遙相望。
崆峒殺氣黑，
少海旌旗黃。
禹功亦命子，
涿鹿親戎行。
翠華擁英岳，
螭虎噉豺狼。
爪牙一不中，
胡兵更陸梁。
大軍載草草，
凋瘵滿膏肓。
備員竊補衮，
憂憤心飛揚。
上感九廟焚，
下憫萬民瘡。
斯時伏青蒲，
延爭守御牀。
君辱敢愛死，
赫怒幸無傷。
聖哲體仁恕，
宇縣復小康。
哭廟灰燼中，
鼻酸朝未央。
小臣議論絕，
老病客殊方。
鬱鬱苦不展，
羽翮困低昂。
秋風動哀壑，
碧蕙捐微芳。
之推避賞從，
漁父濯滄浪。
榮華敵勳業，
歲暮有嚴霜。
吾觀鴟夷子，
才格出尋常。
羣凶逆未定，
側佇英俊翔。

Creation Date: 766年
Location: CN500236
Poem Type: 古風",864,Du Fu (杜甫),766年,壯遊,古風,Classical Chinese,True,True,,
dufu_chunk_3010,dufu_31507,allusions_context,"Poem: 壯遊

Literary Allusions and References:
  班揚
  濯滄浪
  下機人
  曹劉
  曳裾
  屈賈
  鴟夷子
  除道
  置醴
  葛強
  渡浙
  王謝風流
  伏青蒲
  膏肓
  入侍明光
  俗物
  禹命子",138,Du Fu (杜甫),766年,壯遊,古風,Classical Chinese,,,17.0,
dufu_chunk_3011,dufu_31507,annotations_context,"Poem: 壯遊

Scholarly Annotations:
  一作者
  一作入
  原注：崔鄭州尚、魏豫州啓心
  一作比
  一作落
  一作池
  《說文》腰作要。除道腰章，用朱買臣事
  一作日
  一作紫
  一作櫟

... and 13 more annotations",146,Du Fu (杜甫),766年,壯遊,古風,Classical Chinese,,,,23.0
dufu_chunk_3012,dufu_31823,poem_content,"Poem Title: 遣懷

Poem Text:
昔我遊宋中，
惟梁孝王都。
名今陳留亞，
劇則貝魏俱。
邑中九萬家，
高棟照通衢。
舟車半天下，
主客多歡娛。
白刃讐不義，
黃金傾有無。
殺人紅塵裏，
報答在斯須。
憶與高李輩，
論交入酒壚。
兩公壯藻思，
得我色敷腴。
氣酣登吹臺，
懷古視平蕪。
芒碭雲一去，
雁鶩空相呼。
先帝正好武，
寰海未凋枯。
猛將收西域，
長戟破林胡。
百萬攻一城，
獻捷不云輸。
組練棄如泥，
尺土負百夫。
拓境功未已，
元和辭大爐。
亂離朋友盡，
合沓歲月徂。
吾衰將焉託，
存歿再嗚呼。
蕭條益堪媿，
獨在天一隅。
乘黃已去矣，
凡馬徒區區。
不復見顏鮑，
繫舟臥荆巫。
臨餐吐更食，
常恐違撫孤。

Creation Date: 766年
Location: CN500236
Poem Type: 古風",374,Du Fu (杜甫),766年,遣懷,古風,Classical Chinese,True,True,,
dufu_chunk_3013,dufu_31823,allusions_context,"Poem: 遣懷

Literary Allusions and References:
  賣酒壚
  顏鮑",55,Du Fu (杜甫),766年,遣懷,古風,Classical Chinese,,,2.0,
dufu_chunk_3014,dufu_31823,annotations_context,"Poem: 遣懷

Scholarly Annotations:
  適、白
  一作文
  一作勝
  一作蕭條病益甚，塊獨天一隅",66,Du Fu (杜甫),766年,遣懷,古風,Classical Chinese,,,,4.0
dufu_chunk_3015,dufu_31497,poem_content,"Poem Title: 同元使君舂陵行

Poem Text:
遭亂髮盡白，
轉衰病相嬰。
沈緜盜賊際，
狼狽江漢行。
歎時藥力薄，
爲客羸瘵成。
吾人詩家秀，
博采世上名。
粲粲元道州，
前聖畏後生。
觀呼舂陵作，
歘見俊哲情。
復覽賊退篇，
結也實國楨。
賈誼昔流慟，
匡衡常引經。
道州憂黎庶，
詞氣浩縱橫。
兩章對秋月，
一字偕華星。
至君唐虞際，
純樸憶大庭。
何時降璽書，
用爾爲丹青。
獄訟永衰息，
豈唯偃甲兵。
悽惻念誅求，
薄斂近休明。
乃知正人意，
不苟飛長纓。
涼飆振南岳，
之子寵若驚。
色阻金印大，
興含滄浪清。
我多長卿病，
日夕思朝廷。
肺枯渴太甚，
漂泊公孫城。
呼兒具紙筆，
隱几臨軒楹。
作詩呻吟內，
黑澹字攲傾。
感彼危苦詞，
庶幾知者聽。

Creation Date: 767年
Location: CN500236
Poem Type: 古風",393,Du Fu (杜甫),767年,同元使君舂陵行,古風,Classical Chinese,True,True,,
dufu_chunk_3016,dufu_31497,allusions_context,"Poem: 同元使君舂陵行

Literary Allusions and References:
  長卿病
  滄浪
  印佩黃金斗
  大庭
  丹青
  三太息
  匡衡引經",91,Du Fu (杜甫),767年,同元使君舂陵行,古風,Classical Chinese,,,7.0,
dufu_chunk_3017,dufu_31497,annotations_context,"Poem: 同元使君舂陵行

Scholarly Annotations:
  一作遽
  一作縈
  一作流
  一作哀
  一作水
  一作皆
  一作淳
  一作意
  公卿者，神化之丹青
  一作久

... and 2 more annotations",131,Du Fu (杜甫),767年,同元使君舂陵行,古風,Classical Chinese,,,,12.0
dufu_chunk_3018,dufu_31570,poem_content,"Poem Title: 李潮八分小篆歌

Poem Text:
蒼頡鳥跡既茫昧，
字體變化如浮雲。
陳倉石鼓又已訛，
大小二篆生八分。
秦有李斯漢蔡邕，
中間作者寂不聞。
嶧山之碑野火焚，
棗木傳刻肥失真。
苦縣光和尚骨立，
書貴瘦硬方通神。
惜哉李蔡不復得，
吾甥李潮下筆親。
尚書韓擇木，
騎曹蔡有鄰。
開元已來數八分，
潮也奄有二子成三人。
況潮小篆逼秦相，
快劒長戟森相向。
八分一字直百金，
蛟龍盤拏肉屈強。
吳郡張顛誇草書，
草書非古空雄壯。
豈如吾甥不流宕，
丞相中郎丈人行。
巴東逢李潮，
逾月求我歌。
我今衰老才力薄，
潮乎潮乎奈汝何。

Creation Date: 766年
Location: CN500236
Poem Type: 古風",331,Du Fu (杜甫),766年,李潮八分小篆歌,古風,Classical Chinese,False,True,,
dufu_chunk_3019,dufu_31570,annotations_context,"Poem: 李潮八分小篆歌

Scholarly Annotations:
  其石粗有鼓形，字刻石旁，其數有十，初在陳蒼野中。韓愈爲博士時，請於祭酒，欲以數橐駝輿致太學，不從。鄭餘慶始遷之鳳翔，愈以爲宣王鼓，韋應物以爲文王鼓，宣王刻，歐陽修集古錄始設三疑，鄭樵摘㞼殹二字，見於秦斤、秦權，而以爲秦鼓，程大昌又云成王之鼓，《左傳》成有岐陽之蒐，其字乃番吾之跡
  一作文
  宣王太史籀著大篆十五篇，與蒼頡古文或異。秦李斯、胡毋敬輩，改省爲小篆。程邈獻隸書，主於徒隸簡易，王次仲作八分。蓋小篆古形猶存其半，八分已減小篆之半，隸又減八分之半，本謂之楷書，楷隸大範相同。張懷瓘謂程邈以後之隸與鍾、王之今楷爲一意。歐陽修以八分爲隸，洪适因之，迄無定說
  苦縣老子碑，蔡邕書，樊毅西岳碑，漢光和中立
  一作力
  一作畫
  一作可
  昌黎人
  濟陽人
  一作千

... and 1 more annotations",410,Du Fu (杜甫),766年,李潮八分小篆歌,古風,Classical Chinese,,,,11.0
dufu_chunk_3020,dufu_31684,poem_content,"Poem Title: 覽柏中允兼子姪數人除官制詞因述父子兄弟四美載歌絲綸

Poem Text:
紛然喪亂際，
見此忠孝門。
蜀中寇亦甚，
柏氏功彌存。
深誠補王室，
戮力自元昆。
三止錦江沸，
獨清玉壘昏。
高名入竹帛，
新渥照乾坤。
子弟先卒伍，
芝蘭疊璵璠。
同心注師律，
灑血在戎軒。
絲綸實具載，
紱冕已殊恩。
奉公舉骨肉，
誅叛經寒溫。
金甲雪猶凍，
朱旗塵不飜。
每聞戰場說，
歘激懦氣奔。
聖主國多盜，
賢臣官則尊。
方當節鉞用，
必絕祲沴根。
吾病日回首，
雲臺誰再論。
作歌挹盛事，
推轂期孤騫。

Creation Date: 766年
Location: CN500236
Poem Type: 古風",313,Du Fu (杜甫),766年,覽柏中允兼子姪數人除官制詞因述父子兄弟四美載歌絲綸,古風,Classical Chinese,True,True,,
dufu_chunk_3021,dufu_31684,allusions_context,"Poem: 覽柏中允兼子姪數人除官制詞因述父子兄弟四美載歌絲綸

Literary Allusions and References:
  璵璠
  芝蘭
  舉骨肉
  雲臺",88,Du Fu (杜甫),766年,覽柏中允兼子姪數人除官制詞因述父子兄弟四美載歌絲綸,古風,Classical Chinese,,,4.0,
dufu_chunk_3022,dufu_31684,annotations_context,"Poem: 覽柏中允兼子姪數人除官制詞因述父子兄弟四美載歌絲綸

Scholarly Annotations:
  一作丞
  一作暄
  音戾",72,Du Fu (杜甫),766年,覽柏中允兼子姪數人除官制詞因述父子兄弟四美載歌絲綸,古風,Classical Chinese,,,,3.0
dufu_chunk_3023,dufu_31562,poem_content,"Poem Title: 聽楊氏歌

Poem Text:
佳人絕代歌，
獨立發皓齒。
滿堂慘不樂，
響下清虛裏。
江城帶素月，
況乃清夜起。
老夫悲暮年，
壯士淚如水。
玉杯久寂寞，
金管迷宮徵。
勿云聽者疲，
愚智心盡死。
古來傑出士，
豈待一知己。
吾聞昔秦青，
傾側天下耳。

Creation Date: 766年
Location: CN500236
Poem Type: 古風",194,Du Fu (杜甫),766年,聽楊氏歌,古風,Classical Chinese,True,True,,
dufu_chunk_3024,dufu_31562,allusions_context,"Poem: 聽楊氏歌

Literary Allusions and References:
  秦青
  佳人絕世
  皓齒",63,Du Fu (杜甫),766年,聽楊氏歌,古風,Classical Chinese,,,3.0,
dufu_chunk_3025,dufu_31562,annotations_context,"Poem: 聽楊氏歌

Scholarly Annotations:
  一作浮雲裏
  一作事
  一作特
  一作倒",60,Du Fu (杜甫),766年,聽楊氏歌,古風,Classical Chinese,,,,4.0
dufu_chunk_3026,dufu_31682,poem_content,"Poem Title: 荆南兵馬使太常卿趙公大食刀歌

Poem Text:
太常樓船聲嗷嘈，
問兵刮寇趨下牢。
牧出令奔飛百艘，
猛蛟突獸紛騰逃。
白帝寒城駐錦袍，
玄冬示我胡國刀。
壯士短衣頭虎毛，
憑軒拔鞘天爲高。
翻風轉日木怒號，
冰翼雪澹傷哀猱。
鐫錯碧甖鸊鵜膏，
鋩鍔已瑩虛秋濤。
鬼物撇捩辭坑壕，
蒼水使者捫赤條。
龍伯國人罷釣鼇，
芮公回首顏色勞。
分閫救世用賢豪，
趙公玉立高歌起。
攬環結佩相終始，
萬歲持之護天子。
得君亂絲與君理，
蜀江如線如鍼水。
荆岑彈丸心未已，
賊臣惡子休干紀。
魑魅魍魎徒爲耳，
妖腰亂領敢欣喜。
用之不高亦不庳，
不似長劒須天倚。
吁嗟光祿英雄弭，
大食寶刀聊可比。
丹青宛轉麒麟裏，
光芒六合無泥滓。

Creation Date: 766年
Location: CN500236
Poem Type: 古風",380,Du Fu (杜甫),766年,荆南兵馬使太常卿趙公大食刀歌,古風,Classical Chinese,True,True,,
dufu_chunk_3027,dufu_31682,allusions_context,"Poem: 荆南兵馬使太常卿趙公大食刀歌

Literary Allusions and References:
  倚刃",61,Du Fu (杜甫),766年,荆南兵馬使太常卿趙公大食刀歌,古風,Classical Chinese,,,1.0,
dufu_chunk_3028,dufu_31682,annotations_context,"Poem: 荆南兵馬使太常卿趙公大食刀歌

Scholarly Annotations:
  一作超
  楚地有上、下牢
  一作水
  一作雲
  一作銛鋒
  一作靈
  一作亂
  恐是衛伯玉
  一作壺
  一作鍼如水",113,Du Fu (杜甫),766年,荆南兵馬使太常卿趙公大食刀歌,古風,Classical Chinese,,,,10.0
dufu_chunk_3029,dufu_31454,poem_content,"Poem Title: 王兵馬使二角鷹

Poem Text:
悲臺蕭颯石巃嵸，
哀壑杈枒浩呼洶。
中有萬里之長江，
迴風滔日孤光動。
角鷹飜倒壯士臂，
將軍玉帳軒翠氣。
二鷹猛腦徐侯穟，
目如愁胡視天地。
杉雞竹兔不自惜，
溪虎野羊俱辟易。
韝上鋒稜十二翮，
將軍勇銳與之敵。
將軍樹勳起安西，
崑崙虞泉入馬蹄。
白羽曾肉三狻猊，
敢決豈不與之齊。
荆南芮公得將軍，
亦如角鷹下翔雲。
惡鳥飛飛啄金屋，
安得爾輩開其羣，
驅出六合梟鸞分。

Creation Date: 766年
Location: CN500236
Poem Type: 古風",274,Du Fu (杜甫),766年,王兵馬使二角鷹,古風,Classical Chinese,True,True,,
dufu_chunk_3030,dufu_31454,allusions_context,"Poem: 王兵馬使二角鷹

Literary Allusions and References:
  虞泉",54,Du Fu (杜甫),766年,王兵馬使二角鷹,古風,Classical Chinese,,,1.0,
dufu_chunk_3031,dufu_31454,annotations_context,"Poem: 王兵馬使二角鷹

Scholarly Annotations:
  一作瑟
  一作污
  一作陷
  一作昂，一作勇
  一作絛徐墜
  一作孩
  一作入朔",86,Du Fu (杜甫),766年,王兵馬使二角鷹,古風,Classical Chinese,,,,7.0
dufu_chunk_3032,dufu_31579,poem_content,"Poem Title: 狄明府

Poem Text:
梁公曾孫我姨弟，
不見十年官濟濟。
大賢之後竟陵遲，
浩蕩古今同一體。
比看叔伯四十人，
有才無命百寮底。
今者兄弟一百人，
幾人卓絕秉周禮。
在汝更用文章爲，
長兄白眉復天啓。
汝門請從曾翁說，
太后當朝多巧詆。
狄公執政在末年，
濁河終不污清濟。
國嗣初將付諸武，
公獨廷諍守丹陛。
禁中決冊請房陵，
前朝長老皆流涕。
太宗社稷一朝正，
漢宮威儀重昭洗。
時危始識不世才，
誰謂荼苦甘如薺。
汝曹又宜列土食，
身使門戶多旌棨。
胡爲漂泊岷漢間，
干謁王侯頗歷抵。
況乃山高水有波，
秋風蕭蕭露泥泥。
虎之飢，
下巉嵒。
蛟之橫，
出清泚。
早歸來，
黃土泥衣眼易眯。

Creation Date: 767年
Location: CN500236,瀼西
Poem Type: 古風",370,Du Fu (杜甫),767年,狄明府,古風,Classical Chinese,True,True,,
dufu_chunk_3033,dufu_31579,allusions_context,"Poem: 狄明府

Literary Allusions and References:
  白眉
  漢儀再睹
  誰謂荼苦",64,Du Fu (杜甫),767年,狄明府,古風,Classical Chinese,,,3.0,
dufu_chunk_3034,dufu_31579,annotations_context,"Poem: 狄明府

Scholarly Annotations:
  博濟，一作寄狄明府。
  一作公
  一作計
  一作中
  一作冊決
  一作詔
  武后革唐，廢中宗爲廬陵王，遷房州，欲立武三思爲太子。仁傑泣諫曰：“母子姑姪孰親，若立三思，他日廟不祔姑。”后感悟，迎中宗還宮
  一作滿
  一作鼎
  一作詆

... and 1 more annotations",188,Du Fu (杜甫),767年,狄明府,古風,Classical Chinese,,,,11.0
dufu_chunk_3035,dufu_31675,poem_content,"Poem Title: 秋風二首

Poem Text:
秋風淅淅吹巫山，
上牢下牢修水關。
吳檣楚柁牽百丈，
暖向神都寒未還。
要路何日罷長戟，
戰自青羌連百蠻。
中巴不曾消息好，
暝傳戍鼓長雲間。

Creation Date: 767年
Location: CN500236,瀼西
Poem Type: 古風",157,Du Fu (杜甫),767年,秋風二首,古風,Classical Chinese,False,True,,
dufu_chunk_3036,dufu_31675,annotations_context,"Poem: 秋風二首

Scholarly Annotations:
  一作成
  《唐志》：“光宅元年，號東都曰神都。”
  一作白
  一作得",74,Du Fu (杜甫),767年,秋風二首,古風,Classical Chinese,,,,4.0
dufu_chunk_3037,dufu_31676,poem_content,"Poem Title: 秋風二首

Poem Text:
秋風淅淅吹我衣，
東流之外西日微。
天清小城搗練急，
石古細路行人稀。
不知明月爲誰好，
早晚孤帆他夜歸。
會將白髮倚庭樹，
故園池臺今是非。

Creation Date: 767年
Location: CN500236,瀼西
Poem Type: 古風",157,Du Fu (杜甫),767年,秋風二首,古風,Classical Chinese,False,True,,
dufu_chunk_3038,dufu_31676,annotations_context,"Poem: 秋風二首

Scholarly Annotations:
  一作晴
  一作也",46,Du Fu (杜甫),767年,秋風二首,古風,Classical Chinese,,,,2.0
dufu_chunk_3039,dufu_31427,poem_content,"Poem Title: 久雨期王將軍不至

Poem Text:
天雨蕭蕭滯茅屋，
空山無以慰幽獨。
銳頭將軍來何遲，
令我心中苦不足。
數看黃霧亂玄雲，
時聽嚴風折喬木。
泉源泠泠雜猿狖，
泥濘漠漠飢鴻鵠。
歲暮窮陰耿未已，
人生會面難再得。
憶爾腰下鐵絲箭，
射殺林中雪色鹿。
前者坐皮因問毛，
知子歷險人馬勞。
異獸如飛星宿落，
應弦不礙蒼山高。
安得突騎只五千，
崒然眉骨皆爾曹。
走平亂世相催促，
一豁明主正鬱陶。
憶昔范增碎玉斗，
未使吳兵著白袍。
昏昏閶闔閉氛祲，
十月荆南雷怒號。

Creation Date: 767年
Location: CN500236,东屯
Poem Type: 古風",305,Du Fu (杜甫),767年,久雨期王將軍不至,古風,Classical Chinese,True,True,,
dufu_chunk_3040,dufu_31427,allusions_context,"Poem: 久雨期王將軍不至

Literary Allusions and References:
  白袍
  銳頭將軍
  碎玉斗
  突騎五千",75,Du Fu (杜甫),767年,久雨期王將軍不至,古風,Classical Chinese,,,4.0,
dufu_chunk_3041,dufu_31427,annotations_context,"Poem: 久雨期王將軍不至

Scholarly Annotations:
  一作山
  一作帶
  一作滓
  一作恨",62,Du Fu (杜甫),767年,久雨期王將軍不至,古風,Classical Chinese,,,,4.0
dufu_chunk_3042,dufu_31556,poem_content,"Poem Title: 別李祕書始興寺所居

Poem Text:
不見祕書心若失，
及見祕書失心疾。
安爲動主理信然，
我獨覺子神充實。
重聞西方止觀經，
老身古寺風泠泠。
妻兒待我且歸去，
他日杖藜來細聽。

Creation Date: 767年
Location: CN500236,瀼西
Poem Type: 古風",162,Du Fu (杜甫),767年,別李祕書始興寺所居,古風,Classical Chinese,False,True,,
dufu_chunk_3043,dufu_31556,annotations_context,"Poem: 別李祕書始興寺所居

Scholarly Annotations:
  一作精神實
  一作正
  一作來，一作米",63,Du Fu (杜甫),767年,別李祕書始興寺所居,古風,Classical Chinese,,,,3.0
dufu_chunk_3044,dufu_31621,poem_content,"Poem Title: 虎牙行

Poem Text:
秋風歘吸吹南國，
天地慘慘無顏色。
洞庭揚波江漢迴，
虎牙銅柱皆傾側。
巫峽陰岑朔漠氣，
峰巒窈窕谿谷黑。
杜鵑不來猿狖寒，
山鬼幽憂雪霜逼。
楚老長嗟憶炎瘴，
三尺角弓兩斛力。
壁立石城橫塞起，
金錯旌竿滿雲直。
漁陽突騎獵青丘，
犬戎鎖甲聞丹極。
八荒十年防盜賊，
征戍誅求寡妻哭，
遠客中宵淚霑臆。

Creation Date: 767年
Location: CN500236,东屯
Poem Type: 古風",237,Du Fu (杜甫),767年,虎牙行,古風,Classical Chinese,False,True,,
dufu_chunk_3045,dufu_31621,annotations_context,"Poem: 虎牙行

Scholarly Annotations:
  虎牙在荆門之北，江水峻急。
  一作北
  一作歘歘
  一作啼
  一作圍",74,Du Fu (杜甫),767年,虎牙行,古風,Classical Chinese,,,,5.0
dufu_chunk_3046,dufu_31825,poem_content,"Poem Title: 錦樹行

Poem Text:
今日苦短昨日休，
歲云暮矣增離憂。
霜凋碧樹待錦樹，
萬壑東逝無停留。
荒戍之城石色古，
東郭老人住青丘。
飛書白帝營斗粟，
琴瑟几杖柴門幽。
青草萋萋盡枯死，
天馬跂足隨氂牛。
自古聖賢多薄命，
姦雄惡少皆封侯。
故國三年一消息，
終南渭水寒悠悠。
五陵豪貴反顛倒，
鄉里小兒狐白裘。
生男墮地要膂力，
一生富貴傾邦國。
莫愁父母少黃金，
天下風塵兒亦得。

Creation Date: 767年
Location: CN500236,东屯
Poem Type: 古風",264,Du Fu (杜甫),767年,錦樹行,古風,Classical Chinese,True,True,,
dufu_chunk_3047,dufu_31825,allusions_context,"Poem: 錦樹行

Literary Allusions and References:
  天馬",50,Du Fu (杜甫),767年,錦樹行,古風,Classical Chinese,,,1.0,
dufu_chunk_3048,dufu_31825,annotations_context,"Poem: 錦樹行

Scholarly Annotations:
  因篇內有錦樹二字，摘以爲題，非正賦錦樹也。與上虎牙同。
  一作行
  一作春
  一作驥
  一作跛
  一作封公侯
  一作生女",102,Du Fu (杜甫),767年,錦樹行,古風,Classical Chinese,,,,7.0
dufu_chunk_3049,dufu_31587,poem_content,"Poem Title: 赤霄行

Poem Text:
孔雀未知牛有角，
渴飲寒泉逢觝觸。
赤霄懸圃須往來，
翠尾金花不辭辱。
江中淘河嚇飛燕，
銜泥却落羞華屋。
皇孫猶曾蓮勺困，
衛莊見貶傷其足。
老翁慎莫怪少年，
葛亮貴和書有篇。
丈夫垂名動萬年，
記憶細故非高賢。

Creation Date: 765年
Location: CN5101
Poem Type: 古風",187,Du Fu (杜甫),765年,赤霄行,古風,Classical Chinese,True,True,,
dufu_chunk_3050,dufu_31587,allusions_context,"Poem: 赤霄行

Literary Allusions and References:
  嚇飛燕
  葛亮貴和篇
  蓮勺困
  傷足",70,Du Fu (杜甫),765年,赤霄行,古風,Classical Chinese,,,4.0,
dufu_chunk_3051,dufu_31587,annotations_context,"Poem: 赤霄行

Scholarly Annotations:
  即鵜鶘
  音輦
  下邽有蓮勺故城，漢宣帝微時嘗受困處
  一作鮑
  陳壽定諸葛氏集目錄，凡二十四篇，貴和第十一",94,Du Fu (杜甫),765年,赤霄行,古風,Classical Chinese,,,,5.0
dufu_chunk_3052,dufu_31505,poem_content,"Poem Title: 後苦寒行二首

Poem Text:
南紀巫廬瘴不絕，
太古以來無尺雪。
蠻夷長老怨苦寒，
崑崙天關凍應折。
玄猿口噤不能嘯，
白鵠翅垂眼流血。
安得春泥補地裂。

Creation Date: 767年
Location: CN500236,东屯
Poem Type: 古風",150,Du Fu (杜甫),767年,後苦寒行二首,古風,Classical Chinese,False,True,,
dufu_chunk_3053,dufu_31505,annotations_context,"Poem: 後苦寒行二首

Scholarly Annotations:
  一作相和歌辭 後苦寒行二首 一
  一作欲",60,Du Fu (杜甫),767年,後苦寒行二首,古風,Classical Chinese,,,,2.0
dufu_chunk_3054,dufu_31506,poem_content,"Poem Title: 後苦寒行二首

Poem Text:
晚來江門失大木，
猛風中夜吹白屋。
天兵斬斷青海戎，
殺氣南行動地軸，
不爾苦寒何太酷。
巴東之峽生凌澌，
彼蒼回軒人得知。

Creation Date: 767年
Location: CN500236,东屯
Poem Type: 古風",150,Du Fu (杜甫),767年,後苦寒行二首,古風,Classical Chinese,False,True,,
dufu_chunk_3055,dufu_31506,annotations_context,"Poem: 後苦寒行二首

Scholarly Annotations:
  一作相和歌辭 後苦寒行二首 二
  一作曉
  一作邊，一作間
  一作飛
  一作新斬
  一作其
  一作軻，一作斡",99,Du Fu (杜甫),767年,後苦寒行二首,古風,Classical Chinese,,,,7.0
dufu_chunk_3056,dufu_31756,poem_content,"Poem Title: 晚晴

Poem Text:
高唐暮冬雪壯哉，
舊瘴無復似塵埃。
崖沈谷沒白皚皚，
江石缺裂青楓摧。
南天三旬苦霧開，
赤日照耀從西來。
六龍寒急光裴回，
照我衰顏忽落地，
口雖吟詠心中哀。
未怪及時少年子，
揚眉結義黃金臺。
洎乎吾生何飄零，
支離委絕同死灰。

Creation Date: 767年
Location: CN500236,东屯
Poem Type: 古風",200,Du Fu (杜甫),767年,晚晴,古風,Classical Chinese,True,True,,
dufu_chunk_3057,dufu_31756,allusions_context,"Poem: 晚晴

Literary Allusions and References:
  黃金臺",50,Du Fu (杜甫),767年,晚晴,古風,Classical Chinese,,,1.0,
dufu_chunk_3058,dufu_31756,annotations_context,"Poem: 晚晴

Scholarly Annotations:
  一作堂
  一作汨",44,Du Fu (杜甫),767年,晚晴,古風,Classical Chinese,,,,2.0
dufu_chunk_3059,dufu_31654,poem_content,"Poem Title: 復陰

Poem Text:
方冬合沓玄陰塞，
昨日晚晴今日黑。
萬里飛蓬映天過，
孤城樹羽揚風直。
江濤簸岸黃沙走，
雲雪埋山蒼兕吼。
君不見夔子之國杜陵翁，
牙齒半落左耳聾。

Creation Date: 767年
Location: CN500236,东屯
Poem Type: 古風",158,Du Fu (杜甫),767年,復陰,古風,Classical Chinese,True,True,,
dufu_chunk_3060,dufu_31654,allusions_context,"Poem: 復陰

Literary Allusions and References:
  夔子國",50,Du Fu (杜甫),767年,復陰,古風,Classical Chinese,,,1.0,
dufu_chunk_3061,dufu_31654,annotations_context,"Poem: 復陰

Scholarly Annotations:
  一作欺",38,Du Fu (杜甫),767年,復陰,古風,Classical Chinese,,,,1.0
dufu_chunk_3062,dufu_31599,poem_content,"Poem Title: 夜歸

Poem Text:
夜來歸來衝虎過，
山黑家中已眠臥。
傍見北斗向江低，
仰看明星當空大。
庭前把燭嗔兩炬，
峽口驚猿聞一箇。
白頭老罷舞復歌，
杖藜不睡誰能那。

Creation Date: 767年
Location: CN500236,东屯
Poem Type: 古風",155,Du Fu (杜甫),767年,夜歸,古風,Classical Chinese,False,True,,
dufu_chunk_3063,dufu_31599,annotations_context,"Poem: 夜歸

Scholarly Annotations:
  一作喚",38,Du Fu (杜甫),767年,夜歸,古風,Classical Chinese,,,,1.0
dufu_chunk_3064,dufu_31746,poem_content,"Poem Title: 寄柏學士林居

Poem Text:
自胡之反持干戈，
天下學士亦奔波。
歎彼幽棲載典籍，
蕭然暴露依山阿。
青山萬里靜散地，
白雨一洗空垂蘿。
亂代飄零余到此，
古人成敗子如何。
荆揚春冬異風土，
巫峽日夜多雲雨。
赤葉楓林百舌鳴，
黃泥野岸天雞舞。
盜賊縱橫甚密邇，
形神寂莫甘辛苦。
幾時高議排金門，
各使蒼生有環堵。

Creation Date: 767年
Location: CN500236
Poem Type: 古風",228,Du Fu (杜甫),767年,寄柏學士林居,古風,Classical Chinese,True,True,,
dufu_chunk_3065,dufu_31746,allusions_context,"Poem: 寄柏學士林居

Literary Allusions and References:
  巫峽",53,Du Fu (杜甫),767年,寄柏學士林居,古風,Classical Chinese,,,1.0,
dufu_chunk_3066,dufu_31746,annotations_context,"Poem: 寄柏學士林居

Scholarly Annotations:
  一作向
  一作重
  一作羽
  一作餘
  一作風
  一作花",72,Du Fu (杜甫),767年,寄柏學士林居,古風,Classical Chinese,,,,6.0
dufu_chunk_3067,dufu_31364,poem_content,"Poem Title: 寄從孫崇簡

Poem Text:
嵯峨白帝城東西，
南有龍湫北虎溪。
吾孫騎曹不騎馬，
業學尸鄉多養雞。
龐公隱時盡室去，
武陵春樹他人迷。
與汝林居未相失，
近身藥裹酒長攜。
牧豎樵童亦無賴，
莫令斬斷青雲梯。

Creation Date: 767年
Location: CN500236
Poem Type: 古風",173,Du Fu (杜甫),767年,寄從孫崇簡,古風,Classical Chinese,True,True,,
dufu_chunk_3068,dufu_31364,allusions_context,"Poem: 寄從孫崇簡

Literary Allusions and References:
  武陵春
  不記馬
  龐公
  養雞",69,Du Fu (杜甫),767年,寄從孫崇簡,古風,Classical Chinese,,,4.0,
dufu_chunk_3069,dufu_31364,annotations_context,"Poem: 寄從孫崇簡

Scholarly Annotations:
  一作記
  一作叟",47,Du Fu (杜甫),767年,寄從孫崇簡,古風,Classical Chinese,,,,2.0
dufu_chunk_3070,dufu_31605,poem_content,"Poem Title: 奉酬薛十二丈判官見贈

Poem Text:
忽忽峽中睡，
悲風方一醒。
西來有好鳥，
爲我下青冥。
羽毛淨白雪，
慘澹飛雲汀。
既蒙主人顧，
舉翮唳孤亭。
持以比佳士，
及此慰揚舲。
清文動哀玉，
見道發新硎。
欲學鴟夷子，
待勒燕山銘。
誰重斷蛇劒，
致君君未聽。
志在麒麟閣，
無心雲母屏。
卓氏近新寡，
豪家朱門扃。
相如才調逸，
銀漢會雙星。
客來洗粉黛，
日暮拾流螢。
不是無膏火，
勸郎勤六經。
老夫自汲澗，
野水日泠泠。
我歎黑頭白，
君看銀印青。
臥病識山鬼，
爲農知地形。
誰矜坐錦帳，
苦厭食魚腥。
東西兩岸坼，
橫水注滄溟。
碧色忽惆悵，
風雷搜百靈。
空中右白虎，
赤節引娉婷。
自云帝里女，
噀雨鳳凰翎。
襄王薄行跡，
莫學冷如丁。
千秋一拭淚，
夢覺有微馨。
人生相感動，
金石兩青熒。
丈人但安坐，
休辨渭與涇。
龍蛇尚格鬬，
灑血暗郊坰。
吾聞聰明主，
治國用輕刑。
銷兵鑄農器，
今古歲方寧。
文王日儉德，
俊乂始盈庭。
榮華貴少壯，
豈食楚江萍。

Creation Date: 767年
Location: CN500236,东屯
Poem Type: 古風",511,Du Fu (杜甫),767年,奉酬薛十二丈判官見贈,古風,Classical Chinese,True,True,,
dufu_chunk_3071,dufu_31605,allusions_context,"Poem: 奉酬薛十二丈判官見贈

Literary Allusions and References:
  拾流螢
  丁仙化鶴
  丁解牛
  襄王
  會雙星
  鴟夷子
  楚江萍
  卓氏
  燕山銘
  麒麟閣
  金石兩青熒
  錦帳
  噀雨
  洗粉黛
  銀印",140,Du Fu (杜甫),767年,奉酬薛十二丈判官見贈,古風,Classical Chinese,,,15.0,
dufu_chunk_3072,dufu_31605,annotations_context,"Poem: 奉酬薛十二丈判官見贈

Scholarly Annotations:
  一作秋
  一作盡
  一作國重斬邪劒
  一作戶
  一作琴
  一作岸兩坼
  一作積
  一作苦
  一作有
  一作季

... and 3 more annotations",134,Du Fu (杜甫),767年,奉酬薛十二丈判官見贈,古風,Classical Chinese,,,,13.0
dufu_chunk_3073,dufu_31834,poem_content,"Poem Title: 醉爲馬墜諸公攜酒相看

Poem Text:
甫也諸侯老賓客，
罷酒酣歌拓金戟。
騎馬忽憶少年時，
散蹄迸落瞿塘石。
白帝城門水雲外，
低身直下八千尺。
粉堞電轉紫遊韁，
東得平岡出天壁。
江村野堂爭入眼，
垂鞭嚲鞚凌紫陌。
向來皓首驚萬人，
自倚紅顏能騎射。
安知決臆追風足，
朱汗驂驔猶噴玉。
不虞一蹶終損傷，
人生快意多所辱。
職當憂戚伏衾枕，
況乃遲暮加煩促。
明知來問腆我顏，
杖藜強起依僮僕。
語盡還成開口笑，
提攜別埽清谿曲。
酒肉如山又一時，
初筵哀絲動豪竹。
共指西日不相貸，
喧呼且覆杯中淥。
何必走馬來爲問，
君不見嵇康養生遭殺戮。

Creation Date: 767年
Location: CN500236,瀼西
Poem Type: 古風",346,Du Fu (杜甫),767年,醉爲馬墜諸公攜酒相看,古風,Classical Chinese,True,True,,
dufu_chunk_3074,dufu_31834,allusions_context,"Poem: 醉爲馬墜諸公攜酒相看

Literary Allusions and References:
  開口笑
  噴玉
  養生遭殺",70,Du Fu (杜甫),767年,醉爲馬墜諸公攜酒相看,古風,Classical Chinese,,,3.0,
dufu_chunk_3075,dufu_31834,annotations_context,"Poem: 醉爲馬墜諸公攜酒相看

Scholarly Annotations:
  一作肩
  一作朋
  一作不爲身
  一作被",66,Du Fu (杜甫),767年,醉爲馬墜諸公攜酒相看,古風,Classical Chinese,,,,4.0
dufu_chunk_3076,dufu_31555,poem_content,"Poem Title: 別李義

Poem Text:
神堯十八子，
十七王其門。
道國洎舒國，
督唯親弟昆。
中外貴賤殊，
余亦忝諸孫。
丈人嗣三葉，
之子白玉溫。
道國繼德業，
請從丈人論。
丈人領宗卿，
肅穆古制敦。
先朝納諫諍，
直氣橫乾坤。
子建文筆壯，
河間經術存。
爾克富詩禮，
骨清慮不喧。
洗然遇知几，
談論淮湖奔。
憶昔初見時，
小襦繡芳蓀。
長成忽會面，
慰我久疾魂。
三峽春冬交，
江山雲霧昏。
正宜且聚集，
恨此當離尊。
莫怪執杯遲，
我衰涕唾煩。
重問子何之，
西上岷江源。
願子少干謁，
蜀都足戎軒。
誤失將帥意，
不如親故恩。
少年早歸來，
梅花已飛飜。
努力慎風水，
豈惟數盤飧。
猛虎臥在岸，
蛟螭出無痕。
王子自愛惜，
老夫困石根。
生別古所嗟，
發聲爲爾吞。

Creation Date: 767年12月
Location: CN500236,东屯
Poem Type: 古風",409,Du Fu (杜甫),767年12月,別李義,古風,Classical Chinese,True,True,,
dufu_chunk_3077,dufu_31555,allusions_context,"Poem: 別李義

Literary Allusions and References:
  河間經術
  子建",57,Du Fu (杜甫),767年12月,別李義,古風,Classical Chinese,,,2.0,
dufu_chunk_3078,dufu_31555,annotations_context,"Poem: 別李義

Scholarly Annotations:
  道王元慶
  一作及
  舒王元明
  一作實
  李義當是道國之裔，甫則舒國後裔之外孫也
  一作王業
  一作溫
  一作洒
  一作河",106,Du Fu (杜甫),767年12月,別李義,古風,Classical Chinese,,,,9.0
dufu_chunk_3079,dufu_31697,poem_content,"Poem Title: 送高司直尋封閬州

Poem Text:
丹雀銜書來，
暮棲何鄉樹。
驊騮事天子，
辛苦在道路。
司直非冗官，
荒山甚無趣。
借問泛舟人，
胡爲入雲霧。
與子姻婭間，
即親亦有故。
萬里長江邊，
邂逅一相遇。
長卿消渴再，
公幹沈緜屢。
清談慰老夫，
開卷得佳句。
時見文章士，
欣然澹情素。
伏枕聞別離，
疇能忍漂寓。
良會苦短促，
溪行水奔注。
熊羆咆空林，
游子慎馳騖。
西謁巴中侯，
艱險如跬步。
主人不世才，
先帝常特顧。
拔爲天軍佐，
崇大王法度。
淮海生清風，
南翁尚思慕。
公宮造廣廈，
木石乃無數。
初聞伐松柏，
猶臥天一柱。
我瘦書不成，
成字讀亦誤。
爲我問故人，
勞心練征戍。

Creation Date: 767年
Location: CN500236,东屯
Poem Type: 古風",369,Du Fu (杜甫),767年,送高司直尋封閬州,古風,Classical Chinese,True,True,,
dufu_chunk_3080,dufu_31697,allusions_context,"Poem: 送高司直尋封閬州

Literary Allusions and References:
  消渴
  公幹沈緜
  丹雀銜書
  驊騮
  天柱",79,Du Fu (杜甫),767年,送高司直尋封閬州,古風,Classical Chinese,,,5.0,
dufu_chunk_3081,dufu_31697,annotations_context,"Poem: 送高司直尋封閬州

Scholarly Annotations:
  一作談
  一作病
  一作字",56,Du Fu (杜甫),767年,送高司直尋封閬州,古風,Classical Chinese,,,,3.0
dufu_chunk_3082,dufu_31561,poem_content,"Poem Title: 君不見簡蘇徯

Poem Text:
君不見道邊廢棄池，
君不見前者摧折桐。
百年死樹中琴瑟，
一斛舊水藏蛟龍。
丈夫蓋棺事始定，
君今幸未成老翁。
何恨顦顇在山中，
深山窮谷不可處，
霹靂魍魎兼狂風。

Creation Date: 767年
Location: CN500236,瀼西
Poem Type: 古風",170,Du Fu (杜甫),767年,君不見簡蘇徯,古風,Classical Chinese,True,True,,
dufu_chunk_3083,dufu_31561,allusions_context,"Poem: 君不見簡蘇徯

Literary Allusions and References:
  摧折桐
  樹中琴瑟",61,Du Fu (杜甫),767年,君不見簡蘇徯,古風,Classical Chinese,,,2.0,
dufu_chunk_3084,dufu_31561,annotations_context,"Poem: 君不見簡蘇徯

Scholarly Annotations:
  一作幷",42,Du Fu (杜甫),767年,君不見簡蘇徯,古風,Classical Chinese,,,,1.0
dufu_chunk_3085,dufu_31848,poem_content,"Poem Title: 贈蘇四徯

Poem Text:
異縣昔同遊，
各云厭轉蓬。
別離已五年，
尚在行李中。
戎馬日衰息，
乘輿安九重。
有才何棲棲，
將老委所窮。
爲郎未爲賤，
其奈疾病攻。
子何面黧黑，
不得豁心胷。
巴蜀倦剽掠，
下愚成土風。
幽薊已削平，
荒徼尚彎弓。
斯人脫身來，
豈非吾道東。
乾坤雖寬大，
所適裝囊空。
肉食哂菜色，
少壯欺老翁。
況乃主客間，
古來偪側同。
君今下荆揚，
獨帆如飛鴻。
二州豪俠場，
人馬皆自雄。
一請甘飢寒，
再請甘養蒙。

Creation Date: 767年
Location: CN500236,瀼西
Poem Type: 古風",295,Du Fu (杜甫),767年,贈蘇四徯,古風,Classical Chinese,True,True,,
dufu_chunk_3086,dufu_31848,allusions_context,"Poem: 贈蘇四徯

Literary Allusions and References:
  吾道東",52,Du Fu (杜甫),767年,贈蘇四徯,古風,Classical Chinese,,,1.0,
dufu_chunk_3087,dufu_31848,annotations_context,"Poem: 贈蘇四徯

Scholarly Annotations:
  一作焉
  一作劫",46,Du Fu (杜甫),767年,贈蘇四徯,古風,Classical Chinese,,,,2.0
dufu_chunk_3088,dufu_31750,poem_content,"Poem Title: 寄薛三郎中

Poem Text:
人生無賢愚，
飄颻若埃塵。
自非得神仙，
誰免危其身。
與子俱白頭，
役役常苦辛。
雖爲尚書郎，
不及村野人。
憶昔村野人，
其樂難具陳。
藹藹桑麻交，
公侯爲等倫。
天未厭戎馬，
我輩本常貧。
子尚客荆州，
我亦滯江濱。
峽中一臥病，
瘧癘終冬春。
春復加肺氣，
此病蓋有因。
早歲與蘇鄭，
痛飲情相親。
二公化爲土，
嗜酒不失真。
余今委修短，
豈得恨命屯。
聞子心甚壯，
所遇信席珍。
上馬不用扶，
每扶必怒嗔。
賦詩賓客間，
揮灑動八垠。
乃知蓋代手，
才力老益神。
青草洞庭湖，
東浮滄海漘。
君山可避暑，
況足采白蘋。
子豈無扁舟，
往復江漢津。
我未下瞿塘，
空念禹功勤。
聽說松門峽，
吐藥攬衣巾。
高秋却束帶，
鼓枻視青旻。
鳳池日澄碧，
濟濟多士新。
余病不能起，
健者勿逡巡。
上有明哲君，
下有行化臣。

Creation Date: 767年
Location: CN500236,瀼西
Poem Type: 古風",450,Du Fu (杜甫),767年,寄薛三郎中,古風,Classical Chinese,True,True,,
dufu_chunk_3089,dufu_31750,allusions_context,"Poem: 寄薛三郎中

Literary Allusions and References:
  鳳池
  濟濟多士
  席上儒",65,Du Fu (杜甫),767年,寄薛三郎中,古風,Classical Chinese,,,3.0,
dufu_chunk_3090,dufu_31750,annotations_context,"Poem: 寄薛三郎中

Scholarly Annotations:
  據
  一作克免
  一作沒沒
  一作長
  一作忽
  一作力",71,Du Fu (杜甫),767年,寄薛三郎中,古風,Classical Chinese,,,,6.0
dufu_chunk_3091,dufu_31431,poem_content,"Poem Title: 大覺高僧蘭若

Poem Text:
巫山不見廬山遠，
松林蘭若秋風晚。
一老猶鳴日暮鐘，
諸僧尚乞齋時飯。
香爐峰色隱晴湖，
種杏仙家近白榆。
飛錫去年啼邑子，
獻花何日許門徒。

Creation Date: 767年9月
Location: CN500236,大觉寺
Poem Type: 古風",162,Du Fu (杜甫),767年9月,大覺高僧蘭若,古風,Classical Chinese,True,True,,
dufu_chunk_3092,dufu_31431,allusions_context,"Poem: 大覺高僧蘭若

Literary Allusions and References:
  飛錫
  種杏",58,Du Fu (杜甫),767年9月,大覺高僧蘭若,古風,Classical Chinese,,,2.0,
dufu_chunk_3093,dufu_31431,annotations_context,"Poem: 大覺高僧蘭若

Scholarly Annotations:
  原注：和尚去冬往湖南。
  一作間",56,Du Fu (杜甫),767年9月,大覺高僧蘭若,古風,Classical Chinese,,,,2.0
dufu_chunk_3094,dufu_31742,poem_content,"Poem Title: 宿青溪驛奉懷張員外十五兄之緒

Poem Text:
漾舟千山內，
日入泊枉渚。
我生本飄飄，
今復在何許。
石根青楓林，
猿鳥聚儔侶。
月明游子靜，
畏虎不得語。
中夜懷友朋，
乾坤此深阻。
浩蕩前後間，
佳期付荆楚。

Creation Date: 765年
Location: CN5111
Poem Type: 古風",174,Du Fu (杜甫),765年,宿青溪驛奉懷張員外十五兄之緒,古風,Classical Chinese,False,True,,
dufu_chunk_3095,dufu_31742,annotations_context,"Poem: 宿青溪驛奉懷張員外十五兄之緒

Scholarly Annotations:
  一作荒
  一作赴",56,Du Fu (杜甫),765年,宿青溪驛奉懷張員外十五兄之緒,古風,Classical Chinese,,,,2.0
dufu_chunk_3096,dufu_31779,poem_content,"Poem Title: 敬寄族弟唐十八使君

Poem Text:
與君陶唐後，
盛族多其人。
聖賢冠史籍，
枝派羅源津。
在今氣磊落，
巧僞莫敢親。
介立實吾弟，
濟時肯殺身。
物白諱受玷，
行高無污真。
得罪永泰末，
放之五溪濱。
鸞鳳有鎩翮，
先儒曾抱麟。
雷霆霹長松，
骨大却生筋。
一失不足傷，
念子孰自珍。
泊舟楚宮岸，
戀闕浩酸辛。
除名配清江，
厥土巫峽鄰。
登陸將首途，
筆札枉所申。
歸朝跼病肺，
敘舊思重陳。
春風洪濤壯，
谷轉頗彌旬。
我能泛中流，
搪突鼉獺瞋。
長年已省柁，
慰此貞良臣。

Creation Date: 768年
Location: CN500237
Poem Type: 古風",311,Du Fu (杜甫),768年,敬寄族弟唐十八使君,古風,Classical Chinese,True,True,,
dufu_chunk_3097,dufu_31779,allusions_context,"Poem: 敬寄族弟唐十八使君

Literary Allusions and References:
  抱麟
  鎩翮",61,Du Fu (杜甫),768年,敬寄族弟唐十八使君,古風,Classical Chinese,,,2.0,
dufu_chunk_3098,dufu_31779,annotations_context,"Poem: 敬寄族弟唐十八使君

Scholarly Annotations:
  甫自撰萬年縣君京兆杜氏墓誌云：其先系統於伊祁，分姓於唐杜。
  一作最
  一作劈",83,Du Fu (杜甫),768年,敬寄族弟唐十八使君,古風,Classical Chinese,,,,3.0
dufu_chunk_3099,dufu_31446,poem_content,"Poem Title: 憶昔行

Poem Text:
憶昔北尋小有洞，
洪河怒濤過輕舸。
辛勤不見華蓋君，
艮岑青輝慘么麼。
千崖無人萬壑靜，
三步回頭五步坐。
秋山眼冷魂未歸，
仙賞心違淚交墮。
弟子誰依白茅室，
盧老獨啓青銅鎖。
巾拂香餘搗藥塵，
階除灰死燒丹火。
懸圃滄洲莽空闊，
金節羽衣飄婀娜。
落日初霞閃餘映，
倏忽東西無不可。
松風澗水聲合時，
青兕黃熊啼向我。
徒然咨嗟撫遺迹，
至今夢想仍猶佐。
祕訣隱文須內教，
晚歲何功使願果。
更討衡陽董鍊師，
南浮早鼓瀟湘柁。

Creation Date: 768年
Location: CN421024
Poem Type: 古風",297,Du Fu (杜甫),768年,憶昔行,古風,Classical Chinese,False,True,,
dufu_chunk_3100,dufu_31446,annotations_context,"Poem: 憶昔行

Scholarly Annotations:
  不長曰么，細小曰麼
  一作石
  一作前
  一作左
  一作收
  一作覓
  一作游",81,Du Fu (杜甫),768年,憶昔行,古風,Classical Chinese,,,,7.0
dufu_chunk_3101,dufu_31851,poem_content,"Poem Title: 魏將軍歌

Poem Text:
將軍昔著從事衫，
鐵馬馳突重兩銜。
披堅執銳略西極，
崑崙月窟東嶄巖。
君門羽林萬猛士，
惡若哮虎子所監。
五年起家列霜戟，
一日過海收風帆。
平生流輩徒蠢蠢，
長安少年氣欲盡。
魏侯骨聳精爽緊，
華岳峰尖見秋隼。
星躔寶校金盤陀，
夜騎天駟超天河。
欃槍熒惑不敢動，
翠蕤雲旓相蕩摩。
吾爲子起歌都護，
酒闌插劒肝膽露。
鉤陳蒼蒼風玄武，
萬歲千秋奉明主，
臨江節士安足數。

Creation Date: 755年
Location: CN6101
Poem Type: 古風",269,Du Fu (杜甫),755年,魏將軍歌,古風,Classical Chinese,True,True,,
dufu_chunk_3102,dufu_31851,allusions_context,"Poem: 魏將軍歌

Literary Allusions and References:
  月窟",51,Du Fu (杜甫),755年,魏將軍歌,古風,Classical Chinese,,,1.0,
dufu_chunk_3103,dufu_31851,annotations_context,"Poem: 魏將軍歌

Scholarly Annotations:
  馬裝也
  《樂府》有《丁督護歌》，一曰《阿都護》，李白集亦作《丁都護》
  一作玄武暮",81,Du Fu (杜甫),755年,魏將軍歌,古風,Classical Chinese,,,,3.0
dufu_chunk_3104,dufu_31463,poem_content,"Poem Title: 北風

Poem Text:
北風破南極，
朱鳳日威垂。
洞庭秋欲雪，
鴻雁將安歸。
十年殺氣盛，
六合人煙稀。
吾慕漢初老，
時清猶茹芝。

Creation Date: 769年
Location: CN430121
Poem Type: 古風",136,Du Fu (杜甫),769年,北風,古風,Classical Chinese,False,True,,
dufu_chunk_3105,dufu_31463,annotations_context,"Poem: 北風

Scholarly Annotations:
  一坐低",38,Du Fu (杜甫),769年,北風,古風,Classical Chinese,,,,1.0
dufu_chunk_3106,dufu_31656,poem_content,"Poem Title: 客從

Poem Text:
客從南溟來，
遺我泉客珠。
珠中有隱字，
欲辨不成書。
緘之篋笥久，
以俟公家須。
開視化爲血，
哀今徵斂無。

Creation Date: 769年
Location: CN430121
Poem Type: 古風",136,Du Fu (杜甫),769年,客從,古風,Classical Chinese,True,True,,
dufu_chunk_3107,dufu_31656,allusions_context,"Poem: 客從

Literary Allusions and References:
  泉客珠",50,Du Fu (杜甫),769年,客從,古風,Classical Chinese,,,1.0,
dufu_chunk_3108,dufu_31656,annotations_context,"Poem: 客從

Scholarly Annotations:
  泉先又名泉客，即鮫人，泣則成珠",50,Du Fu (杜甫),769年,客從,古風,Classical Chinese,,,,1.0
dufu_chunk_3109,dufu_31478,poem_content,"Poem Title: 白馬

Poem Text:
白馬東北來，
空鞍貫雙箭。
可憐馬上郎，
意氣今誰見。
近時主將戳，
中夜商於戰。
喪亂死多門，
嗚呼淚如霰。

Creation Date: 770年
Location: CN430423
Poem Type: 古風",136,Du Fu (杜甫),770年,白馬,古風,Classical Chinese,False,True,,
dufu_chunk_3110,dufu_31478,annotations_context,"Poem: 白馬

Scholarly Annotations:
  一作傷",38,Du Fu (杜甫),770年,白馬,古風,Classical Chinese,,,,1.0
dufu_chunk_3111,dufu_31481,poem_content,"Poem Title: 白鳧行

Poem Text:
君不見黃鵠高於五尺童，
化爲白鳧似老翁。
故畦遺穗已蕩盡，
天寒歲暮波濤中。
鱗介腥羶素不食，
終日忍飢西復東。
魯門鶢鶋亦蹭蹬，
聞道如今猶避風。

Creation Date: 769年
Location: CN430121
Poem Type: 古風",156,Du Fu (杜甫),769年,白鳧行,古風,Classical Chinese,True,True,,
dufu_chunk_3112,dufu_31481,allusions_context,"Poem: 白鳧行

Literary Allusions and References:
  鶢鶋",50,Du Fu (杜甫),769年,白鳧行,古風,Classical Chinese,,,1.0,
dufu_chunk_3113,dufu_31481,annotations_context,"Poem: 白鳧行

Scholarly Annotations:
  一作象
  一作日
  一作于",51,Du Fu (杜甫),769年,白鳧行,古風,Classical Chinese,,,,3.0
dufu_chunk_3114,dufu_31526,poem_content,"Poem Title: 朱鳳行

Poem Text:
君不見瀟湘之山衡山高，
山巔朱鳳聲嗷嗷。
側身長顧求其羣，
翅垂口噤心甚勞。
下愍百鳥在羅網，
黃雀最小猶難逃。
願分竹實及螻蟻，
盡使鴟梟相怒號。

Creation Date: 769年
Location: CN430121
Poem Type: 古風",156,Du Fu (杜甫),769年,朱鳳行,古風,Classical Chinese,False,True,,
dufu_chunk_3115,dufu_31526,annotations_context,"Poem: 朱鳳行

Scholarly Annotations:
  一作巖
  一作鳴
  一作曹
  一作勞勞
  一作忍",64,Du Fu (杜甫),769年,朱鳳行,古風,Classical Chinese,,,,5.0
dufu_chunk_3116,dufu_31755,poem_content,"Poem Title: 惜別行送向卿進奉端午御衣之上都

Poem Text:
肅宗昔在靈武城，
指揮猛將收咸京。
向公泣血灑行殿，
佐佑卿相乾坤平。
逆胡冥寞隨煙燼，
卿家兄弟功名震。
麒麟圖畫鴻雁行，
紫極出入黃金印。
尚書勳業超千古，
雄鎮荆州繼吾祖。
裁縫雲霧成御衣，
拜跪題封向端午。
向卿將命寸心赤，
青山落日江潮白。
卿到朝廷說老翁，
漂零已是滄浪客。

Creation Date: 768年
Location: CN421024
Poem Type: 古風",237,Du Fu (杜甫),768年,惜別行送向卿進奉端午御衣之上都,古風,Classical Chinese,True,True,,
dufu_chunk_3117,dufu_31755,allusions_context,"Poem: 惜別行送向卿進奉端午御衣之上都

Literary Allusions and References:
  滄浪
  雁行",67,Du Fu (杜甫),768年,惜別行送向卿進奉端午御衣之上都,古風,Classical Chinese,,,2.0,
dufu_chunk_3118,dufu_31755,annotations_context,"Poem: 惜別行送向卿進奉端午御衣之上都

Scholarly Annotations:
  一作閣
  一作賀
  廣德元年，衛伯玉拜江陵尹，尋加檢校工部尚書，此云鎮荆州，謂伯玉也。繼吾祖者，杜預昔以鎮南大將軍都督荆州諸軍事。向卿者，尚書將命之人也",126,Du Fu (杜甫),768年,惜別行送向卿進奉端午御衣之上都,古風,Classical Chinese,,,,3.0
dufu_chunk_3119,dufu_31837,poem_content,"Poem Title: 醉歌行贈公安顏少府請顧八題壁

Poem Text:
神仙中人不易得，
顏氏之子才孤標。
天馬長鳴待駕馭，
秋鷹整翮當雲霄。
君不見東吳顧文學，
君不見西漢杜陵老。
詩家筆勢君不嫌，
詞翰升堂爲君埽。
是日霜風凍七澤，
烏蠻落照銜赤壁。
酒酣耳熱忘頭白，
感君意氣無所惜，
一爲歌行歌主客。

Creation Date: 768年
Location: CN421022
Poem Type: 古風",211,Du Fu (杜甫),768年,醉歌行贈公安顏少府請顧八題壁,古風,Classical Chinese,True,True,,
dufu_chunk_3120,dufu_31837,allusions_context,"Poem: 醉歌行贈公安顏少府請顧八題壁

Literary Allusions and References:
  神仙中人
  顏氏公子",70,Du Fu (杜甫),768年,醉歌行贈公安顏少府請顧八題壁,古風,Classical Chinese,,,2.0,
dufu_chunk_3121,dufu_31837,annotations_context,"Poem: 醉歌行贈公安顏少府請顧八題壁

Scholarly Annotations:
  一作贈公安縣顏十少府
  一作醉歌行，歌主客",69,Du Fu (杜甫),768年,醉歌行贈公安顏少府請顧八題壁,古風,Classical Chinese,,,,2.0
dufu_chunk_3122,dufu_31601,poem_content,"Poem Title: 夜聞觱篥

Poem Text:
夜聞觱篥滄江上，
衰年側耳情所嚮。
鄰舟一聽多感傷，
塞曲三更歘悲壯。
積雪飛霜此夜寒，
孤燈急管復風湍。
君知天地干戈滿，
不見江湖行路難。

Creation Date: 768年
Location: CN421081
Poem Type: 古風",154,Du Fu (杜甫),768年,夜聞觱篥,古風,Classical Chinese,False,True,,
dufu_chunk_3123,dufu_31601,annotations_context,"Poem: 夜聞觱篥

Scholarly Annotations:
  一作奔
  一作下
  一作湘",52,Du Fu (杜甫),768年,夜聞觱篥,古風,Classical Chinese,,,,3.0
dufu_chunk_3124,dufu_31467,poem_content,"Poem Title: 發劉郎浦

Poem Text:
挂帆早發劉郎浦，
疾風颯颯昏亭午。
舟中無日不沙塵，
岸上空村盡豺虎。
十日北風風未回，
客行歲晚晚相催。
白頭厭伴漁人宿，
黃帽青鞋歸去來。

Creation Date: 768年
Location: CN421081
Poem Type: 古風",154,Du Fu (杜甫),768年,發劉郎浦,古風,Classical Chinese,False,True,,
dufu_chunk_3125,dufu_31467,annotations_context,"Poem: 發劉郎浦

Scholarly Annotations:
  浦在石首縣，昭烈納吳女處。
  一作尤",56,Du Fu (杜甫),768年,發劉郎浦,古風,Classical Chinese,,,,2.0
dufu_chunk_3126,dufu_31558,poem_content,"Poem Title: 別董頲

Poem Text:
窮冬急風水，
逆浪開帆難。
士子甘旨闕，
不知道里寒。
有求彼樂土，
南適小長安。
到我舟檝去，
覺君衣裳單。
素聞趙公節，
兼盡賓主歡。
已結門廬望，
無令霜雪殘。
老夫纜亦解，
脫粟朝未餐。
飄蕩兵甲際，
幾時懷抱寬。
漢陽頗寧靜，
峴首試考槃。
當念著白帽，
采薇青雲端。

Creation Date: 768年
Location: CN421081
Poem Type: 古風",221,Du Fu (杜甫),768年,別董頲,古風,Classical Chinese,True,True,,
dufu_chunk_3127,dufu_31558,allusions_context,"Poem: 別董頲

Literary Allusions and References:
  倚堂門
  樂土",56,Du Fu (杜甫),768年,別董頲,古風,Classical Chinese,,,2.0,
dufu_chunk_3128,dufu_31558,annotations_context,"Poem: 別董頲

Scholarly Annotations:
  地在南陽縣
  一作別
  鄧州守
  一作閭
  一作皂褐",66,Du Fu (杜甫),768年,別董頲,古風,Classical Chinese,,,,5.0
dufu_chunk_3129,dufu_31694,poem_content,"Poem Title: 送重表姪王砅評事使南海

Poem Text:
我之曾祖姑，
爾之高祖母。
爾祖未顯時，
歸爲尚書婦。
隋朝大業末，
房杜俱交友。
長者來在門，
荒年自餬口。
家貧無供給，
客位但箕帚。
俄頃羞頗珍，
寂寥人散後。
入怪鬢髮空，
吁嗟爲之久。
自陳剪髻鬟，
鬻市充杯酒。
上云天下亂，
宜與英俊厚。
向竊窺數公，
經綸亦俱有。
次問最少年，
虯髯十八九。
子等成大名，
皆因此人手。
下云風雲合，
龍虎一吟吼。
願展丈夫雄，
得辭兒女醜。
秦王時在坐，
真氣驚戶牖。
及乎貞觀初，
尚書踐台斗。
夫人常肩輿，
上殿稱萬壽。
六宮師柔順，
法則化妃后。
至尊均嫂叔，
盛事垂不朽。
鳳雛無凡毛，
五色非爾曹。
往者胡作逆，
乾坤沸嗷嗷。
吾客左馮翊，
爾家同遁逃。
爭奪至徒步，
塊獨委蓬蒿。
逗留熱爾腸，
十里却呼號。
自下所騎馬，
右持腰間刀。
左牽紫遊韁，
飛走使我高。
苟活到今日，
寸心銘佩牢。
亂離又聚散，
宿昔恨滔滔。
水花笑白首，
春草隨青袍。
廷評近要津，
節制收英髦。
北驅漢陽傳，
南泛上瀧舠。
家聲肯墜地，
利器當秋毫。
番禺親賢領，
籌運神功操。
大夫出盧宋，
寶貝休脂膏。
洞主降接武，
海胡舶千艘。
我欲就丹砂，
跋涉覺身勞。
安能陷糞土，
有志乘鯨鼇。
或驂鸞騰天，
聊作鶴鳴臯。

Creation Date: 770年
Location: CN430121
Poem Type: 古風",621,Du Fu (杜甫),770年,送重表姪王砅評事使南海,古風,Classical Chinese,True,True,,
dufu_chunk_3130,dufu_31694,allusions_context,"Poem: 送重表姪王砅評事使南海

Literary Allusions and References:
  得鳳
  剪髻",63,Du Fu (杜甫),770年,送重表姪王砅評事使南海,古風,Classical Chinese,,,2.0,
dufu_chunk_3131,dufu_31694,annotations_context,"Poem: 送重表姪王砅評事使南海

Scholarly Annotations:
  一作殊。砅，力制切，履石渡水也。今作厲
  一作老
  王圭也
  史載王珪微時，與房、杜游，其母窺見大驚，敕具酒食盡歡，曰：“二客公輔器，子必與之偕貴。”
  一作頗羞珍
  一作酤
  一作在
  一作宗
  一作不",154,Du Fu (杜甫),770年,送重表姪王砅評事使南海,古風,Classical Chinese,,,,9.0
dufu_chunk_3132,dufu_31596,poem_content,"Poem Title: 詠懷二首

Poem Text:
人生貴是男，
丈夫重天機。
未達善一身，
得志行所爲。
嗟余竟轗軻，
將老逢艱危。
胡雛逼神器，
逆節同所歸。
河雒化爲血，
公侯草間啼。
西京復陷沒，
翠蓋蒙塵飛。
萬姓悲赤子，
兩宮棄紫微。
倏忽向二紀，
奸雄多是非。
本朝再樹立，
未及貞觀時。
日給在軍儲，
上官督有司。
高賢迫形勢，
豈暇相扶持。
疲苶苟懷策，
棲屑無所施。
先王實罪己，
愁痛正爲茲。
歲月不我與，
蹉跎病於斯。
夜看豐城氣，
回首蛟龍池。
齒髮已自料，
意深陳苦詞。

Creation Date: 769年
Location: CN4303
Poem Type: 古風",304,Du Fu (杜甫),769年,詠懷二首,古風,Classical Chinese,True,True,,
dufu_chunk_3133,dufu_31596,allusions_context,"Poem: 詠懷二首

Literary Allusions and References:
  豐城氣",52,Du Fu (杜甫),769年,詠懷二首,古風,Classical Chinese,,,1.0,
dufu_chunk_3134,dufu_31596,annotations_context,"Poem: 詠懷二首

Scholarly Annotations:
  一作卿
  一作昔",46,Du Fu (杜甫),769年,詠懷二首,古風,Classical Chinese,,,,2.0
dufu_chunk_3135,dufu_31597,poem_content,"Poem Title: 詠懷二首

Poem Text:
邦危壞法則，
聖遠益愁慕。
飄颻桂水遊，
悵望蒼梧暮。
潛魚不銜鉤，
走鹿無反顧。
皦皦幽曠心，
拳拳異平素。
衣食相拘閡，
朋知限流寓。
風濤上春沙，
千里侵江樹。
逆行少吉日，
時節空復度。
井竈任塵埃，
舟航煩數具。
牽纏加老病，
瑣細隘俗務。
萬古一死生，
胡爲足名數。
多憂污桃源，
拙計泥銅柱。
未辭炎瘴毒，
擺落跋涉懼。
虎狼窺中原，
焉得所歷住。
葛洪及許靖，
避世常此路。
賢愚誠等差，
自愛各馳騖。
羸瘠且如何，
魄奪鍼灸屢。
擁滯僮僕慵，
稽留篙師怒。
終當挂帆席，
天意難告訴。
南爲祝融客，
勉強親杖屨。
結託老人星，
羅浮展衰步。

Creation Date: 769年
Location: CN4303
Poem Type: 古風",360,Du Fu (杜甫),769年,詠懷二首,古風,Classical Chinese,True,True,,
dufu_chunk_3136,dufu_31597,allusions_context,"Poem: 詠懷二首

Literary Allusions and References:
  葛洪
  老人星
  許靖",62,Du Fu (杜甫),769年,詠懷二首,古風,Classical Chinese,,,3.0,
dufu_chunk_3137,dufu_31597,annotations_context,"Poem: 詠懷二首

Scholarly Annotations:
  五嘅切
  一作十
  一作浸
  一作值",58,Du Fu (杜甫),769年,詠懷二首,古風,Classical Chinese,,,,4.0
dufu_chunk_3138,dufu_31695,poem_content,"Poem Title: 送顧八分文學適洪吉州

Poem Text:
中郎石經後，
八分蓋顦顇。
願侯運鑪錘，
筆力破餘地。
昔在開元中，
韓蔡同贔屭。
玄宗妙其書，
是以數子至。
御札早流傳，
揄揚非造次。
三人竝入直，
恩澤各不二。
願於韓蔡內，
辨眼工小字。
分日示諸王，
鉤深法更祕。
文學與我遊，
蕭疎外聲利。
追隨二十載，
浩蕩長安醉。
高歌卿相宅，
文翰飛省寺。
視我揚馬間，
白首不相棄。
驊騮入窮巷，
必脫黃金轡。
一論朋友難，
遲暮敢失墜。
古來事反覆，
相見橫涕泗。
嚮者玉珂人，
誰是青雲器。
才盡傷形體，
病渴污官位。
故舊獨依然，
時危話顛躓。
我甘多病老，
子負憂世志。
胡爲困衣食，
顏色少稱遂。
遠作辛苦行，
順從衆多意。
舟檝無根蔕，
蛟鼉好爲祟。
況兼水賊繁，
特戒風飆駛。
崩騰戎馬際，
往往殺長吏。
子干東諸侯，
勸勉防縱恣。
邦以民爲本，
魚飢費香餌。
請哀瘡痍深，
告訴皇華使。
使臣精所擇，
進德知歷試。
惻隱誅求情，
固應賢愚異。
列士惡苟得，
俊傑思自致。
贈子猛虎行，
出效載酸鼻。

Creation Date: 768年
Location: CN421022
Poem Type: 古風",522,Du Fu (杜甫),768年,送顧八分文學適洪吉州,古風,Classical Chinese,True,True,,
dufu_chunk_3139,dufu_31695,allusions_context,"Poem: 送顧八分文學適洪吉州

Literary Allusions and References:
  才盡
  驊騮
  青雲器",68,Du Fu (杜甫),768年,送顧八分文學適洪吉州,古風,Classical Chinese,,,3.0,
dufu_chunk_3140,dufu_31695,annotations_context,"Poem: 送顧八分文學適洪吉州

Scholarly Annotations:
  《集古錄》：“顧戒奢善八分。”《英華》題內無洪字。
  擇木
  有鄰
  一作侍
  一作班揚
  一作骸
  一作險
  一作勤
  一作烈",115,Du Fu (杜甫),768年,送顧八分文學適洪吉州,古風,Classical Chinese,,,,9.0
dufu_chunk_3141,dufu_31425,poem_content,"Poem Title: 上水遣懷

Poem Text:
我衰太平時，
身病戎馬後。
蹭蹬多拙爲，
安得不皓首。
驅馳四海內，
童稚日餬口。
但遇新少年，
少逢舊親友。
低顏下色地，
故人知善誘。
後生血氣豪，
舉動見老醜。
窮迫挫曩懷，
常如中風走。
一紀出西蜀，
於今向南斗。
孤舟亂春華，
暮齒依蒲柳。
冥冥九疑葬，
聖者骨亦朽。
蹉跎陶唐人，
鞭撻日月久。
中間屈賈輩，
讒毀竟自取。
鬱沒二悲魂，
蕭條猶在否。
崷崒清湘石，
逆行雜林藪。
篙工密逞巧，
氣若酣杯酒。
歌謳互激遠，
回斡明受授。
善知應觸類，
各藉穎脫手。
古來經濟才，
何事獨罕有。
蒼蒼衆色晚，
熊挂玄蛇吼。
黃羆在樹顛，
正爲羣虎守。
羸骸將何適，
履險顏益厚。
庶與達者論，
吞聲混瑕垢。

Creation Date: 769年
Location: CN430624
Poem Type: 古風",390,Du Fu (杜甫),769年,上水遣懷,古風,Classical Chinese,True,True,,
dufu_chunk_3142,dufu_31425,allusions_context,"Poem: 上水遣懷

Literary Allusions and References:
  鞭撻日月
  屈賈
  穎脫
  依蒲柳
  中風走",75,Du Fu (杜甫),769年,上水遣懷,古風,Classical Chinese,,,5.0,
dufu_chunk_3143,dufu_31425,annotations_context,"Poem: 上水遣懷

Scholarly Annotations:
  一作草
  一作已
  一作悒
  一作越
  一作相
  一作蓋",70,Du Fu (杜甫),769年,上水遣懷,古風,Classical Chinese,,,,6.0
dufu_chunk_3144,dufu_31824,poem_content,"Poem Title: 遣遇

Poem Text:
磬折辭主人，
開帆駕洪濤。
春水滿南國，
朱崖雲日高。
舟子廢寢食，
飄風爭所操。
我行匪利涉，
謝爾從者勞。
石間采蕨女，
鬻菜輸官曹。
丈夫死百役，
暮返空邨號。
聞見事略同，
刻剥及錐刀。
貴人豈不仁，
視汝如莠蒿。
索錢多門戶，
喪亂紛嗷嗷。
奈何黠吏徒，
漁奪成逋逃。
自喜遂生理，
花時甘緼袍。

Creation Date: 769年
Location: CN430624
Poem Type: 古風",234,Du Fu (杜甫),769年,遣遇,古風,Classical Chinese,True,True,,
dufu_chunk_3145,dufu_31824,allusions_context,"Poem: 遣遇

Literary Allusions and References:
  磬折",49,Du Fu (杜甫),769年,遣遇,古風,Classical Chinese,,,1.0,
dufu_chunk_3146,dufu_31824,annotations_context,"Poem: 遣遇

Scholarly Annotations:
  一作市
  一作貰",44,Du Fu (杜甫),769年,遣遇,古風,Classical Chinese,,,,2.0
dufu_chunk_3147,dufu_31805,poem_content,"Poem Title: 解憂

Poem Text:
減米散同舟，
路難恩共濟。
向來雲濤盤，
衆力亦不細。
呀坑瞥眼過，
飛櫓本無蔕。
得失瞬息間，
致遠宜恐泥。
百慮視安危，
分明曩賢計。
茲理庶可廣，
拳拳期勿替。

Creation Date: 769年
Location: CN430624
Poem Type: 古風",164,Du Fu (杜甫),769年,解憂,古風,Classical Chinese,False,True,,
dufu_chunk_3148,dufu_31805,annotations_context,"Poem: 解憂

Scholarly Annotations:
  一作遣
  一作帆，一作吭。夢弼曰：“呀坑乃灘口也。”趙曰：“淤坑如口之呀開也。”",76,Du Fu (杜甫),769年,解憂,古風,Classical Chinese,,,,2.0
dufu_chunk_3149,dufu_31743,poem_content,"Poem Title: 宿鑿石浦

Poem Text:
早宿賓從勞，
仲春江山麗。
飄風過無時，
舟檝敢不繫。
回塘澹暮色，
日沒衆星嘒。
缺月殊未生，
青燈死分翳。
窮途多俊異，
亂世少恩惠。
鄙夫亦放蕩，
草草頻卒歲。
斯文憂患餘，
聖哲垂彖繫。

Creation Date: 769年2月2日
Location: CN4303,凿石浦
Poem Type: 古風",186,Du Fu (杜甫),769年2月2日,宿鑿石浦,古風,Classical Chinese,False,True,,
dufu_chunk_3150,dufu_31743,annotations_context,"Poem: 宿鑿石浦

Scholarly Annotations:
  浦在湘潭縣西
  一作不敢
  一作年",56,Du Fu (杜甫),769年2月2日,宿鑿石浦,古風,Classical Chinese,,,,3.0
dufu_chunk_3151,dufu_31520,poem_content,"Poem Title: 早行

Poem Text:
歌哭俱在曉，
行邁有期程。
孤舟似昨日，
聞見同一聲。
飛鳥數求食，
潛魚亦獨驚。
前王作網罟，
設法害生成。
碧藻非不茂，
高帆終日征。
干戈未揖讓，
崩迫開其情。

Creation Date: 769年2月3日
Location: CN4303
Poem Type: 古風",166,Du Fu (杜甫),769年2月3日,早行,古風,Classical Chinese,False,True,,
dufu_chunk_3152,dufu_31520,annotations_context,"Poem: 早行

Scholarly Annotations:
  一作散
  一作何
  一作異
  一作關",56,Du Fu (杜甫),769年2月3日,早行,古風,Classical Chinese,,,,4.0
dufu_chunk_3153,dufu_31547,poem_content,"Poem Title: 過津口

Poem Text:
南岳自茲近，
湘流東逝深。
和風引桂楫，
春日漲雲岑。
回首過津口，
而多楓樹林。
白魚困密網，
黃鳥喧嘉音。
物微限通塞，
惻隱仁者心。
甕餘不盡酒，
膝有無聲琴。
聖賢兩寂寞，
眇眇獨開襟。

Creation Date: 769年
Location: CN4302
Poem Type: 古風",177,Du Fu (杜甫),769年,過津口,古風,Classical Chinese,False,True,,
dufu_chunk_3154,dufu_31547,annotations_context,"Poem: 過津口

Scholarly Annotations:
  一作道",39,Du Fu (杜甫),769年,過津口,古風,Classical Chinese,,,,1.0
dufu_chunk_3155,dufu_31527,poem_content,"Poem Title: 次空靈岸

Poem Text:
沄沄逆素浪，
落落展清眺。
幸有舟檝遲，
得盡所歷妙。
空靈霞石峻，
楓栝隱奔峭。
青春猶無私，
白日亦偏照。
可使營吾居，
終焉託長嘯。
毒瘴未足憂，
兵戈滿邊徼。
嚮者留遺恨，
恥爲達人誚。
迴帆凱賞延，
佳處領其要。

Creation Date: 769年
Location: CN4302
Poem Type: 古風",192,Du Fu (杜甫),769年,次空靈岸,古風,Classical Chinese,False,True,,
dufu_chunk_3156,dufu_31527,annotations_context,"Poem: 次空靈岸

Scholarly Annotations:
  宜作空舲，湘水縣有空泠峽，又有空舲灘。
  一作枯
  一作有
  一作已
  一作屋",80,Du Fu (杜甫),769年,次空靈岸,古風,Classical Chinese,,,,5.0
dufu_chunk_3157,dufu_31741,poem_content,"Poem Title: 宿花石戍

Poem Text:
午辭空靈岑，
夕得花石戍。
岸疏開闢水，
木雜今古樹。
地蒸南風盛，
春熱西日暮。
四序本平分，
氣候何迴互。
茫茫天造間，
理亂豈恒數。
繫舟盤藤輪，
策杖古樵路。
罷人不在村，
野圃泉自注。
柴扉雖蕪沒，
農器尚牢固。
山東殘逆氣，
吳楚守王度。
誰能扣君門，
下令減征賦。

Creation Date: 769年
Location: CN4302
Poem Type: 古風",220,Du Fu (杜甫),769年,宿花石戍,古風,Classical Chinese,False,True,,
dufu_chunk_3158,dufu_31741,annotations_context,"Poem: 宿花石戍

Scholarly Annotations:
  長沙有淥口、花石二戍。
  一作山
  一作地
  一作開
  音疲",71,Du Fu (杜甫),769年,宿花石戍,古風,Classical Chinese,,,,5.0
dufu_chunk_3159,dufu_31518,poem_content,"Poem Title: 早發

Poem Text:
有求常百慮，
斯文亦吾病。
以茲朋故多，
窮老驅馳幷。
早行篙師怠，
席挂風不正。
昔人戒垂堂，
今則奚奔命。
濤飜黑蛟躍，
日山黃霧映。
煩促瘴豈侵，
頹倚睡未醒。
僕夫問盥櫛，
暮顏靦青鏡。
隨意簪葛巾，
仰慙林花盛。
側聞夜來寇，
幸喜囊中淨。
艱危作遠客，
干請傷直性。
薇蕨餓首陽，
粟馬資歷聘。
賤子欲適從，
疑誤此二柄。

Creation Date: 769年
Location: CN4302
Poem Type: 古風",246,Du Fu (杜甫),769年,早發,古風,Classical Chinese,True,True,,
dufu_chunk_3160,dufu_31518,allusions_context,"Poem: 早發

Literary Allusions and References:
  餓首陽",50,Du Fu (杜甫),769年,早發,古風,Classical Chinese,,,1.0,
dufu_chunk_3161,dufu_31518,annotations_context,"Poem: 早發

Scholarly Annotations:
  一作還
  一作未
  謂采薇、歷聘，借用韓非二柄篇字",62,Du Fu (杜甫),769年,早發,古風,Classical Chinese,,,,3.0
dufu_chunk_3162,dufu_31528,poem_content,"Poem Title: 次晚洲

Poem Text:
參錯雲石稠，
坡陀風濤壯。
晚洲適知名，
秀色固異狀。
櫂經垂猨把，
身在度鳥上。
擺浪散帙妨，
危沙折花當。
羈離暫愉悅，
羸老反惆悵。
中原未解兵，
吾得終疎放。

Creation Date: 769年
Location: CN4302
Poem Type: 古風",163,Du Fu (杜甫),769年,次晚洲,古風,Classical Chinese,False,True,,
dufu_chunk_3163,dufu_31528,annotations_context,"Poem: 次晚洲

Scholarly Annotations:
  一作坼",39,Du Fu (杜甫),769年,次晚洲,古風,Classical Chinese,,,,1.0
dufu_chunk_3164,dufu_31760,poem_content,"Poem Title: 望嶽

Poem Text:
南嶽配朱鳥，
秩禮自百王。
歘吸領地靈，
鴻洞半炎方。
邦家用祀典，
在徳非馨香。
廵守何寂寥，
有虞今則亡。
洎吾隘世網，
行邁越瀟湘。
渇日絶壁出，
漾舟清光旁。
祝融五峯尊，
峯峯次低昂。
紫盖獨不朝，
争長嶪相望。
恭聞魏夫人，
羣僊夾翺翔。
有時五峯氣，
散風如飛霜。
牽廹限修途，
未暇杖崇岡。
歸來覬命駕，
沐浴休玉堂。
三歎問府主，
曷以贊我皇。
牲璧忍衰俗，
神其思降祥。

Creation Date: 769年
Location: CN4304,衡山
Poem Type: 古風",277,Du Fu (杜甫),769年,望嶽,古風,Classical Chinese,False,True,,
dufu_chunk_3165,dufu_31760,annotations_context,"Poem: 望嶽

Scholarly Annotations:
  一作澒
  一作汨
  一作三
  南岳夫人，姓魏名華存，字賢安，晉司徒魏舒女，劉文生妻，後得道升天
  一作恨
  即岳神仙府洞府之主也
  一作感",110,Du Fu (杜甫),769年,望嶽,古風,Classical Chinese,,,,7.0
dufu_chunk_3166,dufu_31786,poem_content,"Poem Title: 湘江宴餞裴二端公赴道州

Poem Text:
白日照舟師，
朱旗散廣川。
羣公餞南伯，
肅肅秩初筵。
鄙人奉末眷，
佩服自早年。
義均骨肉地，
懷抱罄所宣。
盛名富事業，
無取媿高賢。
不以喪亂嬰，
保愛金石堅。
計拙百僚下，
氣蘇君子前。
會合苦不久，
哀樂本相纏。
交遊颯向盡，
宿昔浩茫然。
促觴激百慮，
掩抑淚潺湲。
熱雲集曛黑，
缺月未生天。
白團爲我破，
華燭蟠長煙。
鴰鶡催明星，
解袂從此旋。
上請減兵甲，
下請安井田。
永念病渴老，
附書遠山巔。

Creation Date: 769年
Location: CN430121
Poem Type: 古風",299,Du Fu (杜甫),769年,湘江宴餞裴二端公赴道州,古風,Classical Chinese,False,True,,
dufu_chunk_3167,dufu_31786,annotations_context,"Poem: 湘江宴餞裴二端公赴道州

Scholarly Annotations:
  裴虯
  一作初集
  一作鶡鷃，一作鴰鶬",65,Du Fu (杜甫),769年,湘江宴餞裴二端公赴道州,古風,Classical Chinese,,,,3.0
dufu_chunk_3168,dufu_31764,poem_content,"Poem Title: 清明

Poem Text:
著處繁花務是日，
長沙千人萬人出。
渡頭翠柳豔明眉，
爭道朱蹄驕齧膝。
此都好遊湘西寺，
諸將亦自軍中至。
馬援征行在眼前，
葛強親近同心事。
金鐙下山紅粉晚，
牙檣捩柁青樓遠。
古時喪亂皆可知，
人世悲歡暫相遣。
弟姪雖存不得書，
干戈未息苦離居。
逢迎少壯非吾道，
況乃今朝更祓除。

Creation Date: 770年
Location: CN430121
Poem Type: 古風",224,Du Fu (杜甫),770年,清明,古風,Classical Chinese,True,True,,
dufu_chunk_3169,dufu_31764,allusions_context,"Poem: 清明

Literary Allusions and References:
  葛強
  馬援",54,Du Fu (杜甫),770年,清明,古風,Classical Chinese,,,2.0,
dufu_chunk_3170,dufu_31764,annotations_context,"Poem: 清明

Scholarly Annotations:
  一作華矜
  一作足
  一作遠，一作方
  一作日
  一作難",67,Du Fu (杜甫),770年,清明,古風,Classical Chinese,,,,5.0
dufu_chunk_3171,dufu_31457,poem_content,"Poem Title: 風雨看舟前落花戲爲新句

Poem Text:
江上人家桃樹枝，
春寒細雨出疎籬。
影遭碧水潛勾引，
風妒紅花却倒吹。
吹花困癲傍舟檝，
水光風力俱相怯。
赤憎輕薄遮入懷，
珍重分明不來接。
濕久飛遲半日高，
縈沙惹草細於毛。
蜜蜂蝴蝶生情性，
偷眼蜻蜓避百勞。
Poem Type: 古風",157,Du Fu (杜甫),Unknown,風雨看舟前落花戲爲新句,古風,Classical Chinese,False,True,,
dufu_chunk_3172,dufu_31457,annotations_context,"Poem: 風雨看舟前落花戲爲新句

Scholarly Annotations:
  一作李
  一作風
  一作嬾
  赤憎，猶生憎，亦方言也
  一作人
  一作折
  一作欲
  一作住",97,Du Fu (杜甫),Unknown,風雨看舟前落花戲爲新句,古風,Classical Chinese,,,,8.0
dufu_chunk_3173,dufu_31610,poem_content,"Poem Title: 岳麓山道林二寺行

Poem Text:
玉泉之南麓山殊，
道林林壑爭盤紆。
寺門高開洞庭野，
殿脚插入赤沙湖。
五月寒風冷佛骨，
六時天樂朝香爐。
地靈步步雪山草，
僧寶人人滄海珠。
墖劫宮牆壯麗敵，
香廚松道清涼俱。
連花交響共命鳥，
金牓雙迴三足烏。
方丈涉海費時節，
懸圃尋河知有無。
暮年且喜經行近，
春日兼蒙暄暖扶。
飄然斑白身奚適，
傍此煙霞茅可誅。
桃源人家易制度，
橘洲田土仍膏腴。
潭府邑中甚淳古，
太守庭內不喧呼。
昔遭衰世皆晦迹，
今幸樂國養微軀。
依止老宿亦未晚，
富貴功名焉足圖。
久爲野客尋幽慣，
細學何顒免興孤。
一重一掩吾肺腑，
山鳥山花吾友于。
宋公放逐曾題壁，
物色分留與老夫。

Creation Date: 769年
Location: CN430121,岳麓、道林二寺
Poem Type: 古風",382,Du Fu (杜甫),769年,岳麓山道林二寺行,古風,Classical Chinese,True,True,,
dufu_chunk_3174,dufu_31610,allusions_context,"Poem: 岳麓山道林二寺行

Literary Allusions and References:
  桃源人
  三足烏
  尋河
  金牓
  脂韋
  周顒",82,Du Fu (杜甫),769年,岳麓山道林二寺行,古風,Classical Chinese,,,6.0,
dufu_chunk_3175,dufu_31610,annotations_context,"Poem: 岳麓山道林二寺行

Scholarly Annotations:
  一作拂
  一作級
  一作壇
  一作石
  一作崇
  一作池
  一作將
  一作謝
  當作周
  一作仙

... and 2 more annotations",126,Du Fu (杜甫),769年,岳麓山道林二寺行,古風,Classical Chinese,,,,12.0
dufu_chunk_3176,dufu_31604,poem_content,"Poem Title: 奉送魏六丈佑少府之交廣

Poem Text:
賢豪贊經綸，
功成空名垂。
子孫不振耀，
歷代皆有之。
鄭公四葉孫，
長大常苦飢。
衆中見毛骨，
猶是麒麟兒。
磊落貞觀事，
致君樸直詞。
家聲蓋六合，
行色何其微。
遇我蒼吾陰，
忽驚會面稀。
議論有餘地，
公侯來未遲。
虛思黃金貴，
自笑青雲期。
長卿久病渴，
武帝元同時。
季子黑貂敝，
得無妻嫂欺。
尚爲諸侯客，
獨屈州縣卑。
南游炎海甸，
浩蕩從此辭。
窮途仗神道，
世亂輕土宜。
解帆歲云暮，
可與春風歸。
出入朱門家，
華屋刻蛟螭。
玉食亞王者，
樂張游子悲。
侍婢豔傾城，
綃綺輕霧霏。
掌中琥珀鍾，
行酒雙逶迤。
新歡繼明燭，
梁棟星辰飛。
兩情顧盼合，
珠碧贈于斯。
上貴見肝膽，
下貴不相疑。
心事披寫間，
氣酣達所爲。
錯揮鐵如意，
莫避珊瑚枝。
始兼逸邁興，
終慎賓主儀。
戎馬闇天宇，
嗚呼生別離。
Poem Type: 古風",413,Du Fu (杜甫),Unknown,奉送魏六丈佑少府之交廣,古風,Classical Chinese,True,True,,
dufu_chunk_3177,dufu_31604,allusions_context,"Poem: 奉送魏六丈佑少府之交廣

Literary Allusions and References:
  病渴
  有餘地
  妻嫂欺
  傾城
  珊瑚枝
  毛骨",86,Du Fu (杜甫),Unknown,奉送魏六丈佑少府之交廣,古風,Classical Chinese,,,6.0,
dufu_chunk_3178,dufu_31604,annotations_context,"Poem: 奉送魏六丈佑少府之交廣

Scholarly Annotations:
  一作名空
  一作沒不振
  一作野
  一作煙
  一作堂
  一作見
  一作遠
  一作無",92,Du Fu (杜甫),Unknown,奉送魏六丈佑少府之交廣,古風,Classical Chinese,,,,8.0
dufu_chunk_3179,dufu_31554,poem_content,"Poem Title: 別張十三建封

Poem Text:
嘗讀唐實錄，
國家草昧初。
劉裴建首義，
龍見尚躊躇。
秦王撥亂姿，
一劒總兵符。
汾晉爲豐沛，
暴隋竟滌除。
宗臣則廟食，
後祀何疎蕪。
彭城英雄種，
宜膺將相圖。
爾惟外曾孫，
倜儻汗血駒。
眼中萬少年，
用意盡崎嶇。
相逢長沙亭，
乍問緒業餘。
乃吾故人子，
童丱聊居諸。
揮手灑衰淚，
仰看八尺軀。
內外名家流，
風神蕩江湖。
范雲堪晚友，
嵇紹自不孤。
擇材征南幕，
湖落回鯨魚。
載感賈生慟，
復聞樂毅書。
主憂急盜賊，
師老荒京都。
舊丘豈稅駕，
大廈傾宜扶。
君臣各有分，
管葛本時須。
雖當霰雪嚴，
未覺栝柏枯。
高義在雲臺，
嘶鳴望天衢。
羽人埽碧海，
功業竟何如。

Creation Date: 769年
Location: CN430121
Poem Type: 古風",378,Du Fu (杜甫),769年,別張十三建封,古風,Classical Chinese,True,True,,
dufu_chunk_3180,dufu_31554,allusions_context,"Poem: 別張十三建封

Literary Allusions and References:
  范雲
  管葛
  賈生慟
  山嵇
  樂毅書",75,Du Fu (杜甫),769年,別張十三建封,古風,Classical Chinese,,,5.0,
dufu_chunk_3181,dufu_31554,annotations_context,"Poem: 別張十三建封

Scholarly Annotations:
  文靜
  寂
  張建封，兖州人。父玠，少豪俠，安祿山將李庭偉脅下城邑，玠率鄉豪集兵殺之。太守韓擇木方遣使奏聞，玠流蕩江南，不言其功。甫父爲兖州司馬，當以趨庭之日，與玠遊也
  一作結
  大曆初，道州刺史裴虯薦建於觀察使韋之晉，辟爲參謀，奏授左清道兵曹，不樂吏役而去
  一作潮",179,Du Fu (杜甫),769年,別張十三建封,古風,Classical Chinese,,,,6.0
dufu_chunk_3182,dufu_31829,poem_content,"Poem Title: 暮秋枉裴道州手札率爾遣興寄近呈蘇渙侍御

Poem Text:
久客多枉友朋書，
素書一月凡一束。
虛名但蒙寒溫問，
泛愛不救溝壑辱。
齒落未是無心人，
舌存恥作窮途哭。
道州手札適復至，
紙長要自三過讀。
盈把那須滄海珠，
入懷本倚崑山玉。
撥棄潭州百斛酒，
蕪沒瀟岸千株菊。
使我晝立煩兒孫，
令我夜坐費燈燭。
憶子初尉永嘉去，
紅顏白面花映肉。
軍符侯印取豈遲，
紫燕騄耳行甚速。
聖朝尚飛戰鬬塵，
濟世宜引英俊人。
黎元愁痛會蘇息，
夷狄跋扈徒逡巡。
授鉞築壇聞意旨，
頹綱漏網期彌綸。
郭欽上書見大計，
劉毅答詔驚羣臣。
他日更僕語不淺，
明公論兵氣益振。
傾壺簫管黑白髮，
儛劒霜雪吹青春。
宴筵曾語蘇季子，
後來傑出雲孫比。
茅齋定王城郭門，
藥物楚老漁商市。
市北肩輿每聯袂，
郭南抱甕亦隱几。
無數將軍西第成，
早作丞相東山起。
鳥雀苦肥秋粟菽，
蛟龍欲蟄寒沙水。
天下鼓角何時休，
陣前部曲終日死。
附書與裴因示蘇，
此生已媿須人扶。
致君堯舜付公等，
早據要路思捐軀。

Creation Date: 769年
Location: CN430121
Poem Type: 古風",511,Du Fu (杜甫),769年,暮秋枉裴道州手札率爾遣興寄近呈蘇渙侍御,古風,Classical Chinese,True,True,,
dufu_chunk_3183,dufu_31829,allusions_context,"Poem: 暮秋枉裴道州手札率爾遣興寄近呈蘇渙侍御

Literary Allusions and References:
  窮途哭
  築壇
  舌存
  東山起
  郭欽上書
  入懷
  蘇季子
  將軍西第
  劉毅答詔
  授鉞
  紫燕",125,Du Fu (杜甫),769年,暮秋枉裴道州手札率爾遣興寄近呈蘇渙侍御,古風,Classical Chinese,,,11.0,
dufu_chunk_3184,dufu_31829,annotations_context,"Poem: 暮秋枉裴道州手札率爾遣興寄近呈蘇渙侍御

Scholarly Annotations:
  一作遞
  一作暄
  一作理，一作動",71,Du Fu (杜甫),769年,暮秋枉裴道州手札率爾遣興寄近呈蘇渙侍御,古風,Classical Chinese,,,,3.0
dufu_chunk_3185,dufu_31607,poem_content,"Poem Title: 奉贈李八丈判官

Poem Text:
我丈時英特，
宗枝神堯後。
珊瑚市則無，
騄驥人得有。
早年見標格，
秀氣衝星斗。
事業富清機，
官曹正獨守。
頃來樹嘉政，
皆已傳衆口。
艱難體貴安，
冗長吾敢取。
區區猶歷試，
炯炯更持久。
討論實解頤，
操割紛應手。
篋書積諷諫，
宮闕限奔走。
入幕未展材，
秉鈞孰爲偶。
所親問淹泊，
泛愛惜衰朽。
垂白亂南翁，
委身希北叟。
真成窮轍鮒，
或似喪家狗。
秋枯洞庭石，
風颯長沙柳。
高興激荆衡，
知音爲回首。

Creation Date: 769年
Location: CN430121
Poem Type: 古風",295,Du Fu (杜甫),769年,奉贈李八丈判官,古風,Classical Chinese,True,True,,
dufu_chunk_3186,dufu_31607,allusions_context,"Poem: 奉贈李八丈判官

Literary Allusions and References:
  窮轍鮒
  解頤
  喪家狗
  珊瑚市",72,Du Fu (杜甫),769年,奉贈李八丈判官,古風,Classical Chinese,,,4.0,
dufu_chunk_3187,dufu_31607,annotations_context,"Poem: 奉贈李八丈判官

Scholarly Annotations:
  曛
  一作特
  一作通
  一作佳
  一作懷
  一作辭，一作慕
  南翁、北叟，俱知陰陽倚伏事",91,Du Fu (杜甫),769年,奉贈李八丈判官,古風,Classical Chinese,,,,7.0
dufu_chunk_3188,dufu_31508,poem_content,"Poem Title: 歲晏行

Poem Text:
歲云暮矣多北風，
瀟湘洞庭白雪中。
漁父天寒網罟凍，
莫徭射雁鳴桑弓。
去年米貴闕軍食，
今年米賤大傷農。
高馬達官厭酒肉，
此輩杼軸茅茨空。
楚人重魚不重鳥，
汝休枉殺南飛鴻。
況聞處處鬻男女，
割慈忍愛還租庸。
往日用錢捉私鑄，
今許鉛錫和青銅。
刻泥爲之最易得，
好惡不合長相蒙。
萬國城頭吹畫角，
此曲哀怨何時終。

Creation Date: 768年
Location: CN4306
Poem Type: 古風",241,Du Fu (杜甫),768年,歲晏行,古風,Classical Chinese,False,True,,
dufu_chunk_3189,dufu_31508,annotations_context,"Poem: 歲晏行

Scholarly Annotations:
  一作雲
  長沙雜夷，有名莫徭
  一作來",57,Du Fu (杜甫),768年,歲晏行,古風,Classical Chinese,,,,3.0
dufu_chunk_3190,dufu_31687,poem_content,"Poem Title: 追酬故高蜀州人日見寄

Poem Text:
自蒙蜀州人日作，
不意清詩久零落。
今晨散帙眼忽開，
迸淚幽吟事如昨。
嗚呼壯士多慷慨，
合沓高名動寥廓。
歎我悽悽求友篇，
感時鬱鬱匡君略。
錦里春光空爛熳，
瑤墀侍臣已冥莫。
瀟湘水國傍黿鼉，
鄠杜秋天失鵰鶚。
東西南北更誰論，
白首扁舟病獨存。
遙拱北辰纏寇盜，
欲傾東海洗乾坤。
邊塞西蕃最充斥，
衣冠南渡多崩奔。
鼓瑟至今悲帝子，
曳裾何處覓王門。
文章曹植波瀾闊，
服食劉安德業尊。
長笛誰能亂愁思，
昭州詞翰與招魂。

Creation Date: 770年1月21日
Location: CN430121
Poem Type: 古風",309,Du Fu (杜甫),770年1月21日,追酬故高蜀州人日見寄,古風,Classical Chinese,True,True,,
dufu_chunk_3191,dufu_31687,allusions_context,"Poem: 追酬故高蜀州人日見寄

Literary Allusions and References:
  鼓瑟
  曹植
  曳裾
  招魂
  劉安",77,Du Fu (杜甫),770年1月21日,追酬故高蜀州人日見寄,古風,Classical Chinese,,,5.0,
dufu_chunk_3192,dufu_31687,annotations_context,"Poem: 追酬故高蜀州人日見寄

Scholarly Annotations:
  一作枉
  一作明
  一作君
  一作時
  一作堪
  一作猶
  一作羌
  一作鄰家",89,Du Fu (杜甫),770年1月21日,追酬故高蜀州人日見寄,古風,Classical Chinese,,,,8.0
dufu_chunk_3193,dufu_31313,poem_content,"Poem Title: 蘇大侍御訪江浦賦八韻記異

Poem Text:
龐公不浪出，
蘇氏今有之。
再聞誦新作，
突過黃初詩。
乾坤幾反覆，
揚馬宣同時。
今晨清鏡中，
勝食齋房芝。
余髮喜却變，
白間生黑絲。
昨夜舟火滅，
湘娥簾外悲。
百靈未敢散，
風破寒江遲。
Poem Type: 古風",148,Du Fu (杜甫),Unknown,蘇大侍御訪江浦賦八韻記異,古風,Classical Chinese,True,True,,
dufu_chunk_3194,dufu_31313,allusions_context,"Poem: 蘇大侍御訪江浦賦八韻記異

Literary Allusions and References:
  湘娥
  龐公
  揚馬
  齋房芝",75,Du Fu (杜甫),Unknown,蘇大侍御訪江浦賦八韻記異,古風,Classical Chinese,,,4.0,
dufu_chunk_3195,dufu_31313,annotations_context,"Poem: 蘇大侍御訪江浦賦八韻記異

Scholarly Annotations:
  草堂詩本無此題，竟以序爲題，八韻詩止七韻，疑有脫誤。
  一作洎
  一作添
  一作永
  一作接天，一作天接
  一作波，一作浪",111,Du Fu (杜甫),Unknown,蘇大侍御訪江浦賦八韻記異,古風,Classical Chinese,,,,6.0
dufu_chunk_3196,dufu_31840,poem_content,"Poem Title: 題衡山縣文宣王廟新學堂呈陸宰

Poem Text:
旄頭彗紫微，
無復俎豆事。
金甲相排蕩，
青衿一顦顇。
嗚呼已十年，
儒服弊於地。
征夫不遑息，
學者淪素志。
我行洞庭野，
歘得文翁肆。
侁侁胄子行，
若舞風雩至。
周室宜中興，
孔門未應棄。
是以資雅才，
渙然立新意。
衡山雖小邑，
首唱恢大義。
因見縣尹心，
根源舊宮閟。
講堂非曩搆，
大屋加塗墍。
下可容百人，
牆隅亦深邃。
何必三千徒，
始壓戎馬氣。
林木在庭戶，
密幹疊蒼翠。
有井朱夏時，
轆轤凍階戺。
耳聞讀書聲，
殺伐災髣髴。
故國延歸望，
衰顏減愁思。
南紀改波瀾，
西河共風味。
采詩倦跋涉，
載筆尚可記。
高歌激宇宙，
凡百慎失墜。

Creation Date: 770年
Location: CN430423
Poem Type: 古風",372,Du Fu (杜甫),770年,題衡山縣文宣王廟新學堂呈陸宰,古風,Classical Chinese,True,True,,
dufu_chunk_3197,dufu_31840,allusions_context,"Poem: 題衡山縣文宣王廟新學堂呈陸宰

Literary Allusions and References:
  采詩
  青衿
  三千徒
  殺伐仿佛
  文翁
  西河風味
  俎豆",96,Du Fu (杜甫),770年,題衡山縣文宣王廟新學堂呈陸宰,古風,Classical Chinese,,,7.0,
dufu_chunk_3198,dufu_31840,annotations_context,"Poem: 題衡山縣文宣王廟新學堂呈陸宰

Scholarly Annotations:
  一作萬
  音士
  一作收
  一作常記異，一作紀奇異",75,Du Fu (杜甫),770年,題衡山縣文宣王廟新學堂呈陸宰,古風,Classical Chinese,,,,4.0
dufu_chunk_3199,dufu_31404,poem_content,"Poem Title: 入衡州

Poem Text:
兵革自久逺，
興衰看帝王。
漢儀甚照耀，
胡馬何猖狂。
老將一失律，
清邊生戰場。
君臣忍瑕垢，
河岳空金湯。
重鎮如割據，
輕權絶紀綱。
軍州體不一，
寛猛性所將。
嗟彼苦節士，
素于圓鑿方。
寡妻從爲郡，
兀者安堵牆。
凋弊惜邦本，
哀矜存事常。
旌麾非其任，
府庫實過防。
恕己獨在此，
多憂增内傷。
偏裨限酒肉，
卒伍單衣裳。
元惡迷是似，
聚謀洩康莊。
竟流帳下血，
大降湖南殃。
烈火發中夜，
高煙焦上蒼。
至今分粟帛，
殺氣吹沅湘。
福善理顚倒，
明徴天莽茫。
銷魂避飛鏑，
累足穿豺狼。
隱忍枳棘刺，
遷延胝趼瘡。
逺歸兒侍側，
猶乳女在旁。
久客幸脫免，
暮年慙激昂。
蕭條向水陸，
汨沒隨魚商。
報主身已老，
入朝病見妨。
悠悠委薄俗，
鬱鬱囘剛腸。
參錯走洲渚，
舂容轉林篁。
片帆左郴岸，
通郭前衡陽。
華表雲鳥埤，
名園花草香。
旗亭壯邑屋，
烽櫓蟠城隍。
中有古刺史，
盛才冠巖廊。
扶顚待柱石，
獨坐飛風霜。
昨者間瓊樹，
髙談隨羽觴。
無論再繾綣，
已是安蒼黄。
劇孟七國畏，
馬卿四賦良。
門闌蘇生在，
勇銳白起強。
問罪富形勢，
凱歌懸否臧。
氛埃期必埽，
蚉蚋焉能當。
橘井舊地宅，
仙山引舟航。
此行厭暑雨，
厥土聞清凉。
諸舅剖符近，
開緘書札光。
頻繁命屢及，
磊落字百行。
江總外家養，
謝安乗興長。
下流匪珠玉，
擇木羞鸞皇。
我師嵇叔夜，
世賢張子房。
柴荆寄樂土，
鵬路觀翺翔。

Creation Date: 770年
Location: CN430423
Poem Type: 古風",697,Du Fu (杜甫),770年,入衡州,古風,Classical Chinese,True,True,,
dufu_chunk_3200,dufu_31404,allusions_context,"Poem: 入衡州

Literary Allusions and References:
  謝安
  白起
  馬卿
  獨坐
  圓鑿方枘
  嵇叔夜
  江總外家養
  金湯
  桔井
  劇孟
  門闌蘇生
  瓊樹
  岩廊
  張子房",124,Du Fu (杜甫),770年,入衡州,古風,Classical Chinese,,,14.0,
dufu_chunk_3201,dufu_31404,annotations_context,"Poem: 入衡州

Scholarly Annotations:
  謂潭州刺史崔瓘爲臧玠所殺
  一作短
  一作怒
  謂臧玠
  一作諜
  一作在
  一作陣
  一作臥
  謂陽濟也
  蘇生，侍御渙

... and 4 more annotations",134,Du Fu (杜甫),770年,入衡州,古風,Classical Chinese,,,,14.0
dufu_chunk_3202,dufu_31537,poem_content,"Poem Title: 舟中苦熱遣懷奉呈陽中丞通簡臺省諸公

Poem Text:
媿爲湖外客，
看此戎馬亂。
中夜混黎甿，
脫身亦奔竄。
平生方寸心，
反掌帳下難。
嗚呼殺賢良，
不叱白刃散。
吾非丈夫特，
沒齒埋冰炭。
恥以風病辭，
胡然泊湘岸。
入舟雖苦熱，
垢膩可溉灌。
痛彼道邊人，
形骸改昏旦。
中丞連帥職，
封內權得按。
身當問罪先，
縣實諸侯半。
士卒既輯睦，
啓行促精悍。
似聞上游兵，
稍逼長沙館。
鄰好彼克修，
天機自明斷。
南圖卷雲水，
北拱戴霄漢。
美名光史臣，
長策何壯觀。
驅馳數公子，
咸願同伐叛。
聲節衰有餘，
夫何激衰懦。
偏裨表三上，
鹵莽同一貫。
始謀誰其間，
回首增憤惋。
宗英李端公，
守職甚昭煥。
變通迫脅地，
謀畫焉得算。
王室不肯微，
凶徒略無憚。
此流須卒斬，
神器資強幹。
扣寂豁煩襟，
皇天照嗟歎。

Creation Date: 770年
Location: CN430423
Poem Type: 古風",431,Du Fu (杜甫),770年,舟中苦熱遣懷奉呈陽中丞通簡臺省諸公,古風,Classical Chinese,True,True,,
dufu_chunk_3203,dufu_31537,allusions_context,"Poem: 舟中苦熱遣懷奉呈陽中丞通簡臺省諸公

Literary Allusions and References:
  風病辭",65,Du Fu (杜甫),770年,舟中苦熱遣懷奉呈陽中丞通簡臺省諸公,古風,Classical Chinese,,,1.0,
dufu_chunk_3204,dufu_31537,annotations_context,"Poem: 舟中苦熱遣懷奉呈陽中丞通簡臺省諸公

Scholarly Annotations:
  即陽濟，時兼御史中丞
  一作當
  叶煖去聲
  《通鑒》：“臧玠之亂，澧州刺史楊子琳討之，取賂而還。初，崔旰殺郭英乂，子琳起兵討旰，杜鴻漸各授官以和解之。及子琳攻旰敗還，縱兵涪夔，衛伯玉請於朝，以爲峽州團練使。”甫詩所謂“褊裨表三上，鹵莽同一貫”者，合前後三叛言之也。“始謀誰其間”，蓋追論鴻漸、伯玉，故曰“回首增憤惋”。唐藩鎮有事，俱用偏裨上表，假衆論以脅制朝廷也",235,Du Fu (杜甫),770年,舟中苦熱遣懷奉呈陽中丞通簡臺省諸公,古風,Classical Chinese,,,,4.0
dufu_chunk_3205,dufu_31722,poem_content,"Poem Title: 聶耒陽以僕阻水書致酒肉療飢荒江詩得代懷興盡本韻至縣呈聶令陸路去方田驛四十里舟行一日時屬江漲泊於方田

Poem Text:
耒陽馳尺素，
見訪荒江眇。
義士烈女家，
風流吾賢紹。
昨見狄相孫，
許公人倫表。
前期翰林後，
屈跡縣邑小。
知我礙湍濤，
半旬獲浩溔。
麾下殺元戎，
湖邊有飛旐。
孤舟增鬱鬱，
僻路殊悄悄。
側驚猿猱捷，
仰羨鸛鶴矯。
禮過宰肥羊，
愁當置清醥。
人非西喻蜀，
興在北坑趙。
方行郴岸靜，
未話長沙擾。
崔師乞已至，
澧卒用矜少。
問罪消息真，
開顏憩亭沼。

Creation Date: 770年
Location: CN430481,方田驿
Poem Type: 古風",313,Du Fu (杜甫),770年,聶耒陽以僕阻水書致酒肉療飢荒江詩得代懷興盡本韻至縣呈聶令陸路去方田驛四十里舟行一日時屬江漲泊於方田,古風,Classical Chinese,True,True,,
dufu_chunk_3206,dufu_31722,allusions_context,"Poem: 聶耒陽以僕阻水書致酒肉療飢荒江詩得代懷興盡本韻至縣呈聶令陸路去方田驛四十里舟行一日時屬江漲泊於方田

Literary Allusions and References:
  坑趙
  喻蜀",101,Du Fu (杜甫),770年,聶耒陽以僕阻水書致酒肉療飢荒江詩得代懷興盡本韻至縣呈聶令陸路去方田驛四十里舟行一日時屬江漲泊於方田,古風,Classical Chinese,,,2.0,
dufu_chunk_3207,dufu_31722,annotations_context,"Poem: 聶耒陽以僕阻水書致酒肉療飢荒江詩得代懷興盡本韻至縣呈聶令陸路去方田驛四十里舟行一日時屬江漲泊於方田

Scholarly Annotations:
  一作渺
  一作朝
  溔，玉篇以沼切，上林賦，浩溔演漾
  原注：聞崔侍御潩乞師於洪府，師已至袁州北，楊中丞琳問罪將士，自澧上達長沙矣。錢謙益曰：“《舊書》本傳：‘甫遊衡山，寓居耒陽，啗牛肉白酒，一夕而卒於耒陽。’元稹墓誌：‘扁舟下荆楚間，竟以寓卒，旅殯岳陽。’公卒於耒陽，殯於岳陽，史誌皆可考據。近代有爲杜工部耒陽祠堂記者，大略曰：‘子美出瞿塘，下江陵，登岳陽樓，覽衡岳，抵耒陽，適江水暴漲，爲驚湍所漂，僅得遣靴，因壘土築虛冢瘞之。解縉有詩云：蔡倫池上霧如紙，杜老祠前秋日黃。爲問靴洲江上水，流船三日到衡陽。’按此則杜甫之歿，不特以牛肉白酒，并罹汨羅之酷矣。”耒陽縣志：“杜甫祠墓在縣治北二里。”《苕溪漁隱》謂考襄陽、岳陽倶無杜甫墓，惟耒陽有之。大抵賢者所在，人各引以爲重，不妨耒陽自葬子美之遣靴，而嗣業所葬，元稹所誌，乃在鞏縣首陽，可不必聚辨也",457,Du Fu (杜甫),770年,聶耒陽以僕阻水書致酒肉療飢荒江詩得代懷興盡本韻至縣呈聶令陸路去方田驛四十里舟行一日時屬江漲泊於方田,古風,Classical Chinese,,,,4.0
dufu_chunk_3208,dufu_31628,poem_content,"Poem Title: 鄭駙馬宅宴洞中

Poem Text:
主家陰洞細煙霧，
留客夏簟清琅玕。
春酒杯濃琥珀薄，
冰漿椀碧瑪瑙寒。
誤疑茅堂過江麓，
已入風磴霾雲端。
自是秦樓壓鄭谷，
時聞雜佩聲珊珊。

Creation Date: 746年
Location: CN6101
Poem Type: 古風",155,Du Fu (杜甫),746年,鄭駙馬宅宴洞中,古風,Classical Chinese,True,True,,
dufu_chunk_3209,dufu_31628,allusions_context,"Poem: 鄭駙馬宅宴洞中

Literary Allusions and References:
  秦樓
  鄭谷",59,Du Fu (杜甫),746年,鄭駙馬宅宴洞中,古風,Classical Chinese,,,2.0,
dufu_chunk_3210,dufu_31628,annotations_context,"Poem: 鄭駙馬宅宴洞中

Scholarly Annotations:
  明皇臨晉公主下嫁鄭潛曜，神木原有蓮花洞，乃鄭氏故居。
  一作青
  一作屋
  一作底",84,Du Fu (杜甫),746年,鄭駙馬宅宴洞中,古風,Classical Chinese,,,,4.0
dufu_chunk_3211,dufu_31752,poem_content,"Poem Title: 崔氏東山草堂

Poem Text:
愛汝玉山草堂靜，
高秋爽氣相鮮新。
有時自發鐘磬響，
落日更見漁樵人。
盤剝白鴉谷口栗，
飯煮青泥坊底芹。
何爲西莊王給事，
柴門空閉鏁松筠。

Creation Date: 758年
Location: CN610122
Poem Type: 古風",156,Du Fu (杜甫),758年,崔氏東山草堂,古風,Classical Chinese,False,True,,
dufu_chunk_3212,dufu_31752,annotations_context,"Poem: 崔氏東山草堂

Scholarly Annotations:
  一作多
  谷在縣東南二十里
  縣有青泥驛
  一作蓴
  一作好
  王維官給事中，晚築輞川別業，後捨爲清源寺",96,Du Fu (杜甫),758年,崔氏東山草堂,古風,Classical Chinese,,,,6.0
dufu_chunk_3213,dufu_31521,poem_content,"Poem Title: 早秋苦熱堆案相仍

Poem Text:
七月六日苦炎熱，
對食暫餐還不能。
每愁夜中自足蝎，
況乃秋後轉多蠅。
束帶發狂欲大叫，
簿書何急來相仍。
南望青松架短壑，
安得赤脚蹋層冰。

Creation Date: 758年7月6日
Location: CN610521
Poem Type: 古風",162,Du Fu (杜甫),758年7月6日,早秋苦熱堆案相仍,古風,Classical Chinese,False,True,,
dufu_chunk_3214,dufu_31521,annotations_context,"Poem: 早秋苦熱堆案相仍

Scholarly Annotations:
  原注：時任華州司功。
  一作蒸
  一作常
  一作來
  一作仍
  一作絕
  一作能",87,Du Fu (杜甫),758年7月6日,早秋苦熱堆案相仍,古風,Classical Chinese,,,,7.0
dufu_chunk_3215,dufu_31761,poem_content,"Poem Title: 望岳

Poem Text:
西岳崚嶒竦處尊，
諸峰羅立如兒孫。
安得仙人九節杖，
拄到玉女洗頭盆。
車箱入谷無歸路，
箭栝通天有一門。
稍待西風涼冷後，
高尋白帝問真源。

Creation Date: 758年
Location: CN610521
Poem Type: 古風",152,Du Fu (杜甫),758年,望岳,古風,Classical Chinese,False,True,,
dufu_chunk_3216,dufu_31761,annotations_context,"Poem: 望岳

Scholarly Annotations:
  一作危稜
  一作列
  一作似
  漢武帝登少室，見一女子以九節杖指日，閉目食日精
  華山玉女祠前有五石缸，名玉女洗頭盆
  一作回
  一作閣，一作闕，一作筈，按韻會，栝與筈括俱通
  一作秋
  白帝治西岳",142,Du Fu (杜甫),758年,望岳,古風,Classical Chinese,,,,9.0
dufu_chunk_3217,dufu_31126,poem_content,"Poem Title: 得舍弟消息

Poem Text:
亂後誰歸得，
他鄉勝故鄉。
直爲心厄苦，
久念與存亡。
汝書猶在壁，
汝妾已辭房。
舊犬知愁恨，
垂頭傍我牀。

Creation Date: 757年
Location: CN6101
Poem Type: 古風",137,Du Fu (杜甫),757年,得舍弟消息,古風,Classical Chinese,False,True,,
dufu_chunk_3218,dufu_31126,annotations_context,"Poem: 得舍弟消息

Scholarly Annotations:
  一作若
  一作得
  一作汝
  一作室",59,Du Fu (杜甫),757年,得舍弟消息,古風,Classical Chinese,,,,4.0
dufu_chunk_3219,dufu_31663,poem_content,"Poem Title: 春水生二絕

Poem Text:
二月六夜春水生，
門前小灘渾欲平。
鸕鶿鸂鶒莫漫喜，
吾與汝曹俱眼明。

Creation Date: 761年
Location: CN5101
Poem Type: 古風",117,Du Fu (杜甫),761年,春水生二絕,古風,Classical Chinese,False,True,,
dufu_chunk_3220,dufu_31663,annotations_context,"Poem: 春水生二絕

Scholarly Annotations:
  一作籬",41,Du Fu (杜甫),761年,春水生二絕,古風,Classical Chinese,,,,1.0
dufu_chunk_3221,dufu_31664,poem_content,"Poem Title: 春水生二絕

Poem Text:
一夜水高二尺強，
數日不可更禁當。
南市津頭有船賣，
無錢即買繫籬旁。

Creation Date: 761年
Location: CN5101
Poem Type: 古風",117,Du Fu (杜甫),761年,春水生二絕,古風,Classical Chinese,False,False,,
dufu_chunk_3222,dufu_31595,poem_content,"Poem Title: 憑何十一少府邕覓榿木栽

Poem Text:
草堂塹西無樹林，
非子誰復見幽心。
飽聞榿木三年大，
與致溪邊十畝陰。

Creation Date: 760年
Location: CN5101
Poem Type: 古風",123,Du Fu (杜甫),760年,憑何十一少府邕覓榿木栽,古風,Classical Chinese,False,True,,
dufu_chunk_3223,dufu_31595,annotations_context,"Poem: 憑何十一少府邕覓榿木栽

Scholarly Annotations:
  一作木",47,Du Fu (杜甫),760年,憑何十一少府邕覓榿木栽,古風,Classical Chinese,,,,1.0
dufu_chunk_3224,dufu_31622,poem_content,"Poem Title: 詣徐卿覓果栽

Poem Text:
草堂少花今欲栽，
不問綠李與黃梅。
石笋街中却歸去，
果園坊裏爲求來。

Creation Date: 760年
Location: CN5101
Poem Type: 古風",118,Du Fu (杜甫),760年,詣徐卿覓果栽,古風,Classical Chinese,False,False,,
dufu_chunk_3225,dufu_30477,poem_content,"Poem Title: 絕句漫興九首

Poem Text:
眼見客愁愁不醒，
無賴春色到江亭。
即遣花開深造次，
便覺鶯語太丁寧。

Creation Date: 761年
Location: CN5101
Poem Type: 古風",118,Du Fu (杜甫),761年,絕句漫興九首,古風,Classical Chinese,False,True,,
dufu_chunk_3226,dufu_30477,annotations_context,"Poem: 絕句漫興九首

Scholarly Annotations:
  《冷齋詩話》：“漫興當作漫與，言即景率意之作也。蘇軾、黃庭堅、楊廷秀襲用之，俱押入語韻，姜堯章《蟋蟀詞》與段復之詞亦然。元以前未有讀作興字者，迨楊廉夫始作《漫興》七言，妄云學杜，其徒吳復從而傅會之，於是世人盡改杜集之與爲興吳。”
  一作前
  一作飛
  一作從
  一作教",177,Du Fu (杜甫),761年,絕句漫興九首,古風,Classical Chinese,,,,5.0
dufu_chunk_3227,dufu_30478,poem_content,"Poem Title: 絕句漫興九首

Poem Text:
手種桃李非無主，
野老牆低還似家。
恰似春風相欺得，
夜來吹折數枝花。

Creation Date: 761年
Location: CN5101
Poem Type: 古風",118,Du Fu (杜甫),761年,絕句漫興九首,古風,Classical Chinese,False,True,,
dufu_chunk_3228,dufu_30478,annotations_context,"Poem: 絕句漫興九首

Scholarly Annotations:
  《冷齋詩話》：“漫興當作漫與，言即景率意之作也。蘇軾、黃庭堅、楊廷秀襲用之，俱押入語韻，姜堯章《蟋蟀詞》與段復之詞亦然。元以前未有讀作興字者，迨楊廉夫始作《漫興》七言，妄云學杜，其徒吳復從而傅會之，於是世人盡改杜集之與爲興吳。”
  一作是
  入聲",164,Du Fu (杜甫),761年,絕句漫興九首,古風,Classical Chinese,,,,3.0
dufu_chunk_3229,dufu_30479,poem_content,"Poem Title: 絕句漫興九首

Poem Text:
熟知茅齋絕低小，
江上燕子故來頻。
銜泥點污琴書內，
更接飛蟲打著人。

Creation Date: 761年
Location: CN5101
Poem Type: 古風",118,Du Fu (杜甫),761年,絕句漫興九首,古風,Classical Chinese,False,True,,
dufu_chunk_3230,dufu_30479,annotations_context,"Poem: 絕句漫興九首

Scholarly Annotations:
  《冷齋詩話》：“漫興當作漫與，言即景率意之作也。蘇軾、黃庭堅、楊廷秀襲用之，俱押入語韻，姜堯章《蟋蟀詞》與段復之詞亦然。元以前未有讀作興字者，迨楊廉夫始作《漫興》七言，妄云學杜，其徒吳復從而傅會之，於是世人盡改杜集之與爲興吳。”
  一作耐
  一作孰如",166,Du Fu (杜甫),761年,絕句漫興九首,古風,Classical Chinese,,,,3.0
dufu_chunk_3231,dufu_30480,poem_content,"Poem Title: 絕句漫興九首

Poem Text:
二月已破三月來，
漸老逢春能幾迴。
莫思身外無窮事，
且盡生前有限桮。

Creation Date: 761年
Location: CN5101
Poem Type: 古風",118,Du Fu (杜甫),761年,絕句漫興九首,古風,Classical Chinese,True,True,,
dufu_chunk_3232,dufu_30480,allusions_context,"Poem: 絕句漫興九首

Literary Allusions and References:
  一杯酒",54,Du Fu (杜甫),761年,絕句漫興九首,古風,Classical Chinese,,,1.0,
dufu_chunk_3233,dufu_30480,annotations_context,"Poem: 絕句漫興九首

Scholarly Annotations:
  《冷齋詩話》：“漫興當作漫與，言即景率意之作也。蘇軾、黃庭堅、楊廷秀襲用之，俱押入語韻，姜堯章《蟋蟀詞》與段復之詞亦然。元以前未有讀作興字者，迨楊廉夫始作《漫興》七言，妄云學杜，其徒吳復從而傅會之，於是世人盡改杜集之與爲興吳。”
  一作辭",159,Du Fu (杜甫),761年,絕句漫興九首,古風,Classical Chinese,,,,2.0
dufu_chunk_3234,dufu_30481,poem_content,"Poem Title: 絕句漫興九首

Poem Text:
腸斷春江欲盡頭，
杖藜徐步立芳洲。
顛狂柳絮隨風去，
輕薄桃花逐水流。

Creation Date: 761年
Location: CN5101
Poem Type: 古風",118,Du Fu (杜甫),761年,絕句漫興九首,古風,Classical Chinese,False,True,,
dufu_chunk_3235,dufu_30481,annotations_context,"Poem: 絕句漫興九首

Scholarly Annotations:
  《冷齋詩話》：“漫興當作漫與，言即景率意之作也。蘇軾、黃庭堅、楊廷秀襲用之，俱押入語韻，姜堯章《蟋蟀詞》與段復之詞亦然。元以前未有讀作興字者，迨楊廉夫始作《漫興》七言，妄云學杜，其徒吳復從而傅會之，於是世人盡改杜集之與爲興吳。”
  一作江春
  一作白",166,Du Fu (杜甫),761年,絕句漫興九首,古風,Classical Chinese,,,,3.0
dufu_chunk_3236,dufu_30482,poem_content,"Poem Title: 絕句漫興九首

Poem Text:
嬾慢無堪不出村，
呼兒日在掩柴門。
蒼苔濁酒林中靜，
碧水春風野外昏。

Creation Date: 761年
Location: CN5101
Poem Type: 古風",118,Du Fu (杜甫),761年,絕句漫興九首,古風,Classical Chinese,False,True,,
dufu_chunk_3237,dufu_30482,annotations_context,"Poem: 絕句漫興九首

Scholarly Annotations:
  《冷齋詩話》：“漫興當作漫與，言即景率意之作也。蘇軾、黃庭堅、楊廷秀襲用之，俱押入語韻，姜堯章《蟋蟀詞》與段復之詞亦然。元以前未有讀作興字者，迨楊廉夫始作《漫興》七言，妄云學杜，其徒吳復從而傅會之，於是世人盡改杜集之與爲興吳。”",153,Du Fu (杜甫),761年,絕句漫興九首,古風,Classical Chinese,,,,1.0
dufu_chunk_3238,dufu_30483,poem_content,"Poem Title: 絕句漫興九首

Poem Text:
糝徑楊花鋪白氈，
點溪荷葉疊青錢。
筍根稚子無人見，
沙上鳧雛傍母眠。

Creation Date: 761年
Location: CN5101
Poem Type: 古風",118,Du Fu (杜甫),761年,絕句漫興九首,古風,Classical Chinese,False,True,,
dufu_chunk_3239,dufu_30483,annotations_context,"Poem: 絕句漫興九首

Scholarly Annotations:
  《冷齋詩話》：“漫興當作漫與，言即景率意之作也。蘇軾、黃庭堅、楊廷秀襲用之，俱押入語韻，姜堯章《蟋蟀詞》與段復之詞亦然。元以前未有讀作興字者，迨楊廉夫始作《漫興》七言，妄云學杜，其徒吳復從而傅會之，於是世人盡改杜集之與爲興吳。”
  一作累
  一作鈿
  一作竹
  一作雉",177,Du Fu (杜甫),761年,絕句漫興九首,古風,Classical Chinese,,,,5.0
dufu_chunk_3240,dufu_30484,poem_content,"Poem Title: 絕句漫興九首

Poem Text:
舍西柔桑葉可拈，
江畔細麥復纖纖。
人生幾何春已夏，
不放香醪如蜜甜。

Creation Date: 761年
Location: CN5101
Poem Type: 古風",118,Du Fu (杜甫),761年,絕句漫興九首,古風,Classical Chinese,False,True,,
dufu_chunk_3241,dufu_30484,annotations_context,"Poem: 絕句漫興九首

Scholarly Annotations:
  《冷齋詩話》：“漫興當作漫與，言即景率意之作也。蘇軾、黃庭堅、楊廷秀襲用之，俱押入語韻，姜堯章《蟋蟀詞》與段復之詞亦然。元以前未有讀作興字者，迨楊廉夫始作《漫興》七言，妄云學杜，其徒吳復從而傅會之，於是世人盡改杜集之與爲興吳。”",153,Du Fu (杜甫),761年,絕句漫興九首,古風,Classical Chinese,,,,1.0
dufu_chunk_3242,dufu_30485,poem_content,"Poem Title: 絕句漫興九首

Poem Text:
隔戶楊柳弱嫋嫋，
恰似十五女兒腰。
誰謂朝來不作意，
狂風挽斷最長條。

Creation Date: 761年
Location: CN5101
Poem Type: 古風",118,Du Fu (杜甫),761年,絕句漫興九首,古風,Classical Chinese,False,True,,
dufu_chunk_3243,dufu_30485,annotations_context,"Poem: 絕句漫興九首

Scholarly Annotations:
  《冷齋詩話》：“漫興當作漫與，言即景率意之作也。蘇軾、黃庭堅、楊廷秀襲用之，俱押入語韻，姜堯章《蟋蟀詞》與段復之詞亦然。元以前未有讀作興字者，迨楊廉夫始作《漫興》七言，妄云學杜，其徒吳復從而傅會之，於是世人盡改杜集之與爲興吳。”
  一作戶外",160,Du Fu (杜甫),761年,絕句漫興九首,古風,Classical Chinese,,,,2.0
dufu_chunk_3244,dufu_30420,poem_content,"Poem Title: 江畔獨步尋花七絕句

Poem Text:
江上被花惱不徹，
無處告訴只顛狂。
走覓南鄰愛酒伴，
經旬出飲獨空牀。

Creation Date: 761年
Location: CN5101
Poem Type: 古風",121,Du Fu (杜甫),761年,江畔獨步尋花七絕句,古風,Classical Chinese,False,True,,
dufu_chunk_3245,dufu_30420,annotations_context,"Poem: 江畔獨步尋花七絕句

Scholarly Annotations:
  原注：斛斯融，吾酒徒",52,Du Fu (杜甫),761年,江畔獨步尋花七絕句,古風,Classical Chinese,,,,1.0
dufu_chunk_3246,dufu_30421,poem_content,"Poem Title: 江畔獨步尋花七絕句

Poem Text:
稠花亂蘂畏江濱，
行步欹危實怕春。
詩酒尚堪驅使在，
未須料理白頭人。

Creation Date: 761年
Location: CN5101
Poem Type: 古風",121,Du Fu (杜甫),761年,江畔獨步尋花七絕句,古風,Classical Chinese,False,True,,
dufu_chunk_3247,dufu_30421,annotations_context,"Poem: 江畔獨步尋花七絕句

Scholarly Annotations:
  一作裹
  一作獨",51,Du Fu (杜甫),761年,江畔獨步尋花七絕句,古風,Classical Chinese,,,,2.0
dufu_chunk_3248,dufu_30422,poem_content,"Poem Title: 江畔獨步尋花七絕句

Poem Text:
江深竹靜兩三家，
多事紅花映白花。
報答春光知有處，
應須美酒送生涯。

Creation Date: 761年
Location: CN5101
Poem Type: 古風",121,Du Fu (杜甫),761年,江畔獨步尋花七絕句,古風,Classical Chinese,False,False,,
dufu_chunk_3249,dufu_30423,poem_content,"Poem Title: 江畔獨步尋花七絕句

Poem Text:
東望少城花滿煙，
百花高樓更可憐。
誰能載酒開金盞，
喚取佳人舞繡筵。

Creation Date: 761年
Location: CN5101
Poem Type: 古風",121,Du Fu (杜甫),761年,江畔獨步尋花七絕句,古風,Classical Chinese,False,True,,
dufu_chunk_3250,dufu_30423,annotations_context,"Poem: 江畔獨步尋花七絕句

Scholarly Annotations:
  一作鎖",45,Du Fu (杜甫),761年,江畔獨步尋花七絕句,古風,Classical Chinese,,,,1.0
dufu_chunk_3251,dufu_30424,poem_content,"Poem Title: 江畔獨步尋花七絕句

Poem Text:
黃師塔前江水東，
春光嬾困倚微風。
桃花一簇開無主，
可愛深紅愛淺紅。

Creation Date: 761年
Location: CN5101
Poem Type: 古風",121,Du Fu (杜甫),761年,江畔獨步尋花七絕句,古風,Classical Chinese,False,True,,
dufu_chunk_3252,dufu_30424,annotations_context,"Poem: 江畔獨步尋花七絕句

Scholarly Annotations:
  一作映，一作與",49,Du Fu (杜甫),761年,江畔獨步尋花七絕句,古風,Classical Chinese,,,,1.0
dufu_chunk_3253,dufu_30425,poem_content,"Poem Title: 江畔獨步尋花七絕句

Poem Text:
黃四娘家花滿蹊，
千朵萬朵壓枝低。
留連戲蝶時時舞，
自在嬌鶯恰恰啼。

Creation Date: 761年
Location: CN5101
Poem Type: 古風",121,Du Fu (杜甫),761年,江畔獨步尋花七絕句,古風,Classical Chinese,False,False,,
dufu_chunk_3254,dufu_30426,poem_content,"Poem Title: 江畔獨步尋花七絕句

Poem Text:
不是愛花即肯死，
只恐花盡老相催。
繁枝容易紛紛落，
嫩葉商量細細開。

Creation Date: 761年
Location: CN5101
Poem Type: 古風",121,Du Fu (杜甫),761年,江畔獨步尋花七絕句,古風,Classical Chinese,False,True,,
dufu_chunk_3255,dufu_30426,annotations_context,"Poem: 江畔獨步尋花七絕句

Scholarly Annotations:
  一作看
  一作欲，一作索
  一作蘂",61,Du Fu (杜甫),761年,江畔獨步尋花七絕句,古風,Classical Chinese,,,,3.0
dufu_chunk_3256,dufu_31529,poem_content,"Poem Title: 江頭五詠

Poem Text:
丁香體柔弱，
亂結枝猶墊。
細葉帶浮毛，
疎花披素豔。
深栽小齋後，
庶近幽人占。
晚墮蘭麝中，
休懷粉身念。

Creation Date: 762年
Location: CN5101
Poem Type: 古風",136,Du Fu (杜甫),762年,江頭五詠,古風,Classical Chinese,False,True,,
dufu_chunk_3257,dufu_31529,annotations_context,"Poem: 江頭五詠

Scholarly Annotations:
  一作使",40,Du Fu (杜甫),762年,江頭五詠,古風,Classical Chinese,,,,1.0
dufu_chunk_3258,dufu_31552,poem_content,"Poem Title: 江頭五詠

Poem Text:
百草競春華，
麗春應最勝。
少須好顏色，
多漫枝條賸。
紛紛桃李枝，
處處總能移。
如何貴此重，
却怕有人知。

Creation Date: 762年
Location: CN5101
Poem Type: 古風",136,Du Fu (杜甫),762年,江頭五詠,古風,Classical Chinese,False,True,,
dufu_chunk_3259,dufu_31552,annotations_context,"Poem: 江頭五詠

Scholarly Annotations:
  一作頃
  一作顏色好
  一作稀如可貴重",58,Du Fu (杜甫),762年,江頭五詠,古風,Classical Chinese,,,,3.0
dufu_chunk_3260,dufu_30910,poem_content,"Poem Title: 屏跡三首

Poem Text:
衰顏甘屏迹，
幽事供高臥。
鳥下竹根行，
龜開萍葉過。
年荒酒價乏，
日併園蔬課。
猶酌甘泉歌，
歌長擊樽破。

Creation Date: 762年
Location: CN5101
Poem Type: 古風",136,Du Fu (杜甫),762年,屏跡三首,古風,Classical Chinese,True,True,,
dufu_chunk_3261,dufu_30910,allusions_context,"Poem: 屏跡三首

Literary Allusions and References:
  擊樽破",52,Du Fu (杜甫),762年,屏跡三首,古風,Classical Chinese,,,1.0,
dufu_chunk_3262,dufu_30910,annotations_context,"Poem: 屏跡三首

Scholarly Annotations:
  一作年
  一作獨酌酣且歌，一作獨酌酌甘泉",58,Du Fu (杜甫),762年,屏跡三首,古風,Classical Chinese,,,,2.0
dufu_chunk_3263,dufu_31455,poem_content,"Poem Title: 王閬州筵奉酬十一舅惜別之作

Poem Text:
萬壑樹聲滿，
千崖秋氣高。
浮舟出郡郭，
別酒寄江濤。
良會不復久，
此生何太勞。
窮愁但有骨，
羣盜尚如毛。
吾舅惜分手，
使君寒贈袍。
沙頭暮黃鴣，
失侶自哀號。

Creation Date: 763年
Location: CN511381
Poem Type: 古風",175,Du Fu (杜甫),763年,王閬州筵奉酬十一舅惜別之作,古風,Classical Chinese,False,True,,
dufu_chunk_3264,dufu_31455,annotations_context,"Poem: 王閬州筵奉酬十一舅惜別之作

Scholarly Annotations:
  一作雲
  一作惟
  一作亦",61,Du Fu (杜甫),763年,王閬州筵奉酬十一舅惜別之作,古風,Classical Chinese,,,,3.0
dufu_chunk_3265,dufu_31536,poem_content,"Poem Title: 至後

Poem Text:
冬至至後日初長，
遠在劒南思洛陽。
青袍白馬有何意，
金谷銅駝非故鄉。
梅花欲開不自覺，
棣蕚一別永相望。
愁極本憑詩遣興，
詩成吟詠轉淒涼。

Creation Date: 764年
Location: CN5101
Poem Type: 古風",150,Du Fu (杜甫),764年,至後,古風,Classical Chinese,False,False,,
dufu_chunk_3266,dufu_31744,poem_content,"Poem Title: 寄岑嘉州

Poem Text:
不見故人十年餘，
不道故人無素書。
願逢顏色關塞遠，
豈意出守江城居。
外江三峽且相接，
斗酒新詩終日疎。
謝朓每篇堪諷誦，
馮唐已老聽吹噓。
泊船秋夜經春草，
伏枕青楓限玉除。
眼前所寄選何物，
贈子雲安雙鯉魚。

Creation Date: 766年
Location: CN500235
Poem Type: 古風",190,Du Fu (杜甫),766年,寄岑嘉州,古風,Classical Chinese,True,True,,
dufu_chunk_3267,dufu_31744,allusions_context,"Poem: 寄岑嘉州

Literary Allusions and References:
  馮唐
  謝朓",56,Du Fu (杜甫),766年,寄岑嘉州,古風,Classical Chinese,,,2.0,
dufu_chunk_3268,dufu_31744,annotations_context,"Poem: 寄岑嘉州

Scholarly Annotations:
  原注：州據蜀江外。
  一作自",52,Du Fu (杜甫),766年,寄岑嘉州,古風,Classical Chinese,,,,2.0
dufu_chunk_3269,dufu_31584,poem_content,"Poem Title: 赤甲

Poem Text:
卜居赤甲遷居新，
兩見巫山楚水春。
炙背可以獻天子，
美芹由來知野人。
荆州鄭薛寄書近，
蜀客郗岑非我鄰。
笑接郎中評事飲，
病從深酌道吾真。

Creation Date: 767年
Location: CN500236,赤甲
Poem Type: 古風",155,Du Fu (杜甫),767年,赤甲,古風,Classical Chinese,True,True,,
dufu_chunk_3270,dufu_31584,allusions_context,"Poem: 赤甲

Literary Allusions and References:
  炙背
  美芹",54,Du Fu (杜甫),767年,赤甲,古風,Classical Chinese,,,2.0,
dufu_chunk_3271,dufu_31584,annotations_context,"Poem: 赤甲

Scholarly Annotations:
  鄭審、薛據
  一作詩
  郗昂、岑參",54,Du Fu (杜甫),767年,赤甲,古風,Classical Chinese,,,,3.0
dufu_chunk_3272,dufu_31484,poem_content,"Poem Title: 白帝城最高樓

Poem Text:
城尖徑昃旌斾愁，
獨立縹緲之飛樓。
峽坼雲霾龍虎臥，
江清日抱黿鼉遊。
扶桑西枝對斷石，
弱水東影隨長流。
杖藜歎世者誰子，
泣血迸空迴白頭。

Creation Date: 766年
Location: CN500236
Poem Type: 古風",156,Du Fu (杜甫),766年,白帝城最高樓,古風,Classical Chinese,False,True,,
dufu_chunk_3273,dufu_31484,annotations_context,"Poem: 白帝城最高樓

Scholarly Annotations:
  一作翼
  一作睡
  一作封",54,Du Fu (杜甫),766年,白帝城最高樓,古風,Classical Chinese,,,,3.0
dufu_chunk_3274,dufu_30516,poem_content,"Poem Title: 夔州歌十絕句

Poem Text:
中巴之東巴東山，
江水開闢流其間。
白帝高爲三峽鎮，
夔州險過百牢關。

Creation Date: 766年
Location: CN500236
Poem Type: 古風",120,Du Fu (杜甫),766年,夔州歌十絕句,古風,Classical Chinese,False,True,,
dufu_chunk_3275,dufu_30516,annotations_context,"Poem: 夔州歌十絕句

Scholarly Annotations:
  一作瞿唐
  關在漢中西南",52,Du Fu (杜甫),766年,夔州歌十絕句,古風,Classical Chinese,,,,2.0
dufu_chunk_3276,dufu_30517,poem_content,"Poem Title: 夔州歌十絕句

Poem Text:
白帝夔州各異城，
蜀江楚峽混殊名。
英雄割據非天意，
霸主幷吞在物情。

Creation Date: 766年
Location: CN500236
Poem Type: 古風",120,Du Fu (杜甫),766年,夔州歌十絕句,古風,Classical Chinese,False,True,,
dufu_chunk_3277,dufu_30517,annotations_context,"Poem: 夔州歌十絕句

Scholarly Annotations:
  古白帝在夔州城東
  瞿唐舊名西陵峽，與荆州西陵峽相混
  一作王",72,Du Fu (杜甫),766年,夔州歌十絕句,古風,Classical Chinese,,,,3.0
dufu_chunk_3278,dufu_30518,poem_content,"Poem Title: 夔州歌十絕句

Poem Text:
羣雄競起問前朝，
王者無外見今朝。
比訝漁陽結怨恨，
元聽舜日舊簫韶。

Creation Date: 766年
Location: CN500236
Poem Type: 古風",120,Du Fu (杜甫),766年,夔州歌十絕句,古風,Classical Chinese,True,True,,
dufu_chunk_3279,dufu_30518,allusions_context,"Poem: 夔州歌十絕句

Literary Allusions and References:
  漁陽結怨",55,Du Fu (杜甫),766年,夔州歌十絕句,古風,Classical Chinese,,,1.0,
dufu_chunk_3280,dufu_30518,annotations_context,"Poem: 夔州歌十絕句

Scholarly Annotations:
  一作聞，一作向
  音潮",51,Du Fu (杜甫),766年,夔州歌十絕句,古風,Classical Chinese,,,,2.0
dufu_chunk_3281,dufu_30519,poem_content,"Poem Title: 夔州歌十絕句

Poem Text:
赤甲白鹽俱刺天，
閭閻繚繞接山巔。
楓林橘樹丹青合，
複道重樓錦繡懸。

Creation Date: 766年
Location: CN500236
Poem Type: 古風",120,Du Fu (杜甫),766年,夔州歌十絕句,古風,Classical Chinese,False,False,,
dufu_chunk_3282,dufu_30520,poem_content,"Poem Title: 夔州歌十絕句

Poem Text:
瀼東瀼西一萬家，
江北江南春冬花。
背飛鶴子遺瓊蘂，
相趁鳧雛入蔣牙。

Creation Date: 766年
Location: CN500236
Poem Type: 古風",120,Du Fu (杜甫),766年,夔州歌十絕句,古風,Classical Chinese,False,True,,
dufu_chunk_3283,dufu_30520,annotations_context,"Poem: 夔州歌十絕句

Scholarly Annotations:
  一作江南江北",45,Du Fu (杜甫),766年,夔州歌十絕句,古風,Classical Chinese,,,,1.0
dufu_chunk_3284,dufu_30521,poem_content,"Poem Title: 夔州歌十絕句

Poem Text:
東屯稻畦一百頃，
北有澗水通青苗。
晴浴狎鷗分處處，
雨隨神女下朝朝。

Creation Date: 766年
Location: CN500236
Poem Type: 古風",120,Du Fu (杜甫),766年,夔州歌十絕句,古風,Classical Chinese,True,False,,
dufu_chunk_3285,dufu_30521,allusions_context,"Poem: 夔州歌十絕句

Literary Allusions and References:
  神女",53,Du Fu (杜甫),766年,夔州歌十絕句,古風,Classical Chinese,,,1.0,
dufu_chunk_3286,dufu_30522,poem_content,"Poem Title: 夔州歌十絕句

Poem Text:
蜀麻吳鹽自古通，
萬斛之舟行若風。
長年三老長歌裏，
白晝攤錢高浪中。

Creation Date: 766年
Location: CN500236
Poem Type: 古風",120,Du Fu (杜甫),766年,夔州歌十絕句,古風,Classical Chinese,True,True,,
dufu_chunk_3287,dufu_30522,allusions_context,"Poem: 夔州歌十絕句

Literary Allusions and References:
  萬斛舟",54,Du Fu (杜甫),766年,夔州歌十絕句,古風,Classical Chinese,,,1.0,
dufu_chunk_3288,dufu_30522,annotations_context,"Poem: 夔州歌十絕句

Scholarly Annotations:
  一作買
  一作白馬灘前",51,Du Fu (杜甫),766年,夔州歌十絕句,古風,Classical Chinese,,,,2.0
dufu_chunk_3289,dufu_30523,poem_content,"Poem Title: 夔州歌十絕句

Poem Text:
憶昔咸陽都市合，
山水之圖張賣時。
巫峽曾經寶屏見，
楚宮猶對碧峰疑。

Creation Date: 766年
Location: CN500236
Poem Type: 古風",120,Du Fu (杜甫),766年,夔州歌十絕句,古風,Classical Chinese,True,False,,
dufu_chunk_3290,dufu_30523,allusions_context,"Poem: 夔州歌十絕句

Literary Allusions and References:
  寶屏",53,Du Fu (杜甫),766年,夔州歌十絕句,古風,Classical Chinese,,,1.0,
dufu_chunk_3291,dufu_30524,poem_content,"Poem Title: 夔州歌十絕句

Poem Text:
武侯祠堂不可忘，
中有松柏參天長。
干戈滿地客愁破，
雲日如火炎天涼。

Creation Date: 766年
Location: CN500236
Poem Type: 古風",120,Du Fu (杜甫),766年,夔州歌十絕句,古風,Classical Chinese,False,True,,
dufu_chunk_3292,dufu_30524,annotations_context,"Poem: 夔州歌十絕句

Scholarly Annotations:
  一作生祠",43,Du Fu (杜甫),766年,夔州歌十絕句,古風,Classical Chinese,,,,1.0
dufu_chunk_3293,dufu_30525,poem_content,"Poem Title: 夔州歌十絕句

Poem Text:
閬風玄圃與蓬壺，
中有高堂天下無。
借問夔州壓何處，
峽門江腹擁城隅。

Creation Date: 766年
Location: CN500236
Poem Type: 古風",120,Du Fu (杜甫),766年,夔州歌十絕句,古風,Classical Chinese,True,True,,
dufu_chunk_3294,dufu_30525,allusions_context,"Poem: 夔州歌十絕句

Literary Allusions and References:
  蓬壺
  閬風玄圃",60,Du Fu (杜甫),766年,夔州歌十絕句,古風,Classical Chinese,,,2.0,
dufu_chunk_3295,dufu_30525,annotations_context,"Poem: 夔州歌十絕句

Scholarly Annotations:
  一作唐",42,Du Fu (杜甫),766年,夔州歌十絕句,古風,Classical Chinese,,,,1.0
dufu_chunk_3296,dufu_30500,poem_content,"Poem Title: 解悶十二首

Poem Text:
草閣柴扉星散居，
浪翻江黑雨飛初。
山禽引子哺紅果，
溪友得錢留白魚。

Creation Date: 767年
Location: CN500236,东屯
Poem Type: 古風",122,Du Fu (杜甫),767年,解悶十二首,古風,Classical Chinese,False,True,,
dufu_chunk_3297,dufu_30500,annotations_context,"Poem: 解悶十二首

Scholarly Annotations:
  一作女",41,Du Fu (杜甫),767年,解悶十二首,古風,Classical Chinese,,,,1.0
dufu_chunk_3298,dufu_30501,poem_content,"Poem Title: 解悶十二首

Poem Text:
商胡離別下揚州，
憶上西陵故驛樓。
爲問淮南米貴賤，
老夫乘興欲東流。

Creation Date: 767年
Location: CN500236,东屯
Poem Type: 古風",122,Du Fu (杜甫),767年,解悶十二首,古風,Classical Chinese,False,True,,
dufu_chunk_3299,dufu_30501,annotations_context,"Poem: 解悶十二首

Scholarly Annotations:
  一作蘭
  一作遊",47,Du Fu (杜甫),767年,解悶十二首,古風,Classical Chinese,,,,2.0
dufu_chunk_3300,dufu_30502,poem_content,"Poem Title: 解悶十二首

Poem Text:
一辭故國十經秋，
每見秋瓜憶故丘。
今日南湖采薇蕨，
何人爲覓鄭瓜州。

Creation Date: 767年
Location: CN500236,东屯
Poem Type: 古風",122,Du Fu (杜甫),767年,解悶十二首,古風,Classical Chinese,False,True,,
dufu_chunk_3301,dufu_30502,annotations_context,"Poem: 解悶十二首

Scholarly Annotations:
  一作侯
  一作東
  一作袁
  原注：今鄭祕書審",64,Du Fu (杜甫),767年,解悶十二首,古風,Classical Chinese,,,,4.0
dufu_chunk_3302,dufu_30503,poem_content,"Poem Title: 解悶十二首

Poem Text:
沈范早知何水部，
曹劉不待薛郎中。
獨當省署開文苑，
兼泛滄浪學釣翁。

Creation Date: 767年
Location: CN500236,东屯
Poem Type: 古風",122,Du Fu (杜甫),767年,解悶十二首,古風,Classical Chinese,True,True,,
dufu_chunk_3303,dufu_30503,allusions_context,"Poem: 解悶十二首

Literary Allusions and References:
  滄浪
  曹劉
  何范",62,Du Fu (杜甫),767年,解悶十二首,古風,Classical Chinese,,,3.0,
dufu_chunk_3304,dufu_30503,annotations_context,"Poem: 解悶十二首

Scholarly Annotations:
  原注：水部郎中薛據",47,Du Fu (杜甫),767年,解悶十二首,古風,Classical Chinese,,,,1.0
dufu_chunk_3305,dufu_30504,poem_content,"Poem Title: 解悶十二首

Poem Text:
李陵蘇武是吾師，
孟子論文更不疑。
一飯未曾留俗客，
數篇今見古人詩。

Creation Date: 767年
Location: CN500236,东屯
Poem Type: 古風",122,Du Fu (杜甫),767年,解悶十二首,古風,Classical Chinese,False,True,,
dufu_chunk_3306,dufu_30504,annotations_context,"Poem: 解悶十二首

Scholarly Annotations:
  原注：校書郎雲卿
  一本第二句作首句",57,Du Fu (杜甫),767年,解悶十二首,古風,Classical Chinese,,,,2.0
dufu_chunk_3307,dufu_30505,poem_content,"Poem Title: 解悶十二首

Poem Text:
復憶襄陽孟浩然，
清詩句句盡堪傳。
即今耆舊無新語，
漫釣槎頭縮頸鯿。

Creation Date: 767年
Location: CN500236,东屯
Poem Type: 古風",122,Du Fu (杜甫),767年,解悶十二首,古風,Classical Chinese,False,True,,
dufu_chunk_3308,dufu_30505,annotations_context,"Poem: 解悶十二首

Scholarly Annotations:
  一作項",41,Du Fu (杜甫),767年,解悶十二首,古風,Classical Chinese,,,,1.0
dufu_chunk_3309,dufu_30506,poem_content,"Poem Title: 解悶十二首

Poem Text:
陶冶性靈在底物，
新詩改罷自長吟。
孰知二謝將能事，
頗學陰何苦用心。

Creation Date: 767年
Location: CN500236,东屯
Poem Type: 古風",122,Du Fu (杜甫),767年,解悶十二首,古風,Classical Chinese,True,True,,
dufu_chunk_3310,dufu_30506,allusions_context,"Poem: 解悶十二首

Literary Allusions and References:
  兩謝
  陰何",57,Du Fu (杜甫),767年,解悶十二首,古風,Classical Chinese,,,2.0,
dufu_chunk_3311,dufu_30506,annotations_context,"Poem: 解悶十二首

Scholarly Annotations:
  一作存
  一作熟
  一作覺",53,Du Fu (杜甫),767年,解悶十二首,古風,Classical Chinese,,,,3.0
dufu_chunk_3312,dufu_30507,poem_content,"Poem Title: 解悶十二首

Poem Text:
不見高人王右丞，
藍田丘壑漫寒藤。
最傳秀句寰區滿，
未絕風流相國能。

Creation Date: 767年
Location: CN500236,东屯
Poem Type: 古風",122,Du Fu (杜甫),767年,解悶十二首,古風,Classical Chinese,False,True,,
dufu_chunk_3313,dufu_30507,annotations_context,"Poem: 解悶十二首

Scholarly Annotations:
  一作蔓
  原注：右丞弟，今相國縉",55,Du Fu (杜甫),767年,解悶十二首,古風,Classical Chinese,,,,2.0
dufu_chunk_3314,dufu_30508,poem_content,"Poem Title: 解悶十二首

Poem Text:
先帝貴妃今寂寞，
荔枝還復入長安。
炎方每續朱櫻獻，
玉座應悲白露團。

Creation Date: 767年
Location: CN500236,东屯
Poem Type: 古風",122,Du Fu (杜甫),767年,解悶十二首,古風,Classical Chinese,False,True,,
dufu_chunk_3315,dufu_30508,annotations_context,"Poem: 解悶十二首

Scholarly Annotations:
  一作俱
  以下四首，專言荔枝，追感驛送之事，卒致嘆於士之不遇，不及一物，隱括張九齡荔枝賦意",84,Du Fu (杜甫),767年,解悶十二首,古風,Classical Chinese,,,,2.0
dufu_chunk_3316,dufu_30509,poem_content,"Poem Title: 解悶十二首

Poem Text:
憶過瀘戎摘荔枝，
青峰隱暎石逶迤。
京中舊見無顏色，
紅顆酸甜只自知。

Creation Date: 767年
Location: CN500236,东屯
Poem Type: 古風",122,Du Fu (杜甫),767年,解悶十二首,古風,Classical Chinese,False,True,,
dufu_chunk_3317,dufu_30509,annotations_context,"Poem: 解悶十二首

Scholarly Annotations:
  一作華應",42,Du Fu (杜甫),767年,解悶十二首,古風,Classical Chinese,,,,1.0
dufu_chunk_3318,dufu_30510,poem_content,"Poem Title: 解悶十二首

Poem Text:
翠瓜碧李沈玉甃，
赤梨葡萄寒露成。
可憐先不異枝蔓，
此物娟娟長遠生。

Creation Date: 767年
Location: CN500236,东屯
Poem Type: 古風",122,Du Fu (杜甫),767年,解悶十二首,古風,Classical Chinese,False,False,,
dufu_chunk_3319,dufu_30511,poem_content,"Poem Title: 解悶十二首

Poem Text:
側生野岸及江蒲，
不熟丹宮滿玉壺。
雲壑布衣駘背死，
勞生重馬翠眉須。

Creation Date: 767年
Location: CN500236,东屯
Poem Type: 古風",122,Du Fu (杜甫),767年,解悶十二首,古風,Classical Chinese,False,True,,
dufu_chunk_3320,dufu_30511,annotations_context,"Poem: 解悶十二首

Scholarly Annotations:
  蜀都賦，側生荔枝
  一作浦，趙注：“戎僰以畝爲蒲。”《釋名》：“以草團屋曰蒲。”
  一作人害",86,Du Fu (杜甫),767年,解悶十二首,古風,Classical Chinese,,,,3.0
dufu_chunk_3321,dufu_31828,poem_content,"Poem Title: 暮春

Poem Text:
臥病擁塞在峽中，
瀟湘洞庭虛暎空。
楚天不斷四時雨，
巫峽常吹千里風。
沙上草閣柳新闇，
城邊野池蓮欲紅。
暮春鴛鷺立洲渚，
挾子翻飛還一叢。

Creation Date: 767年
Location: CN500236
Poem Type: 古風",152,Du Fu (杜甫),767年,暮春,古風,Classical Chinese,False,True,,
dufu_chunk_3322,dufu_31828,annotations_context,"Poem: 暮春

Scholarly Annotations:
  一作暗",38,Du Fu (杜甫),767年,暮春,古風,Classical Chinese,,,,1.0
dufu_chunk_3323,dufu_31795,poem_content,"Poem Title: 愁

Poem Text:
江草日日喚愁生，
巫峽泠泠非世情。
盤渦鷺浴底心性，
獨樹花發自分明。
十年戎馬暗萬國，
異域賓客老孤城。
渭水秦山得見否，
人經罷病虎縱橫。

Creation Date: 767年
Location: CN500236,西阁
Poem Type: 古風",154,Du Fu (杜甫),767年,愁,古風,Classical Chinese,False,True,,
dufu_chunk_3324,dufu_31795,annotations_context,"Poem: 愁

Scholarly Annotations:
  原注：強戲爲吳體。
  一作春
  一作川",55,Du Fu (杜甫),767年,愁,古風,Classical Chinese,,,,3.0
dufu_chunk_3325,dufu_31665,poem_content,"Poem Title: 晝夢

Poem Text:
二月饒睡昏昏然，
不獨夜短晝分眠。
桃花氣暖眼自醉，
春渚日落夢相牽。
故鄉門巷荆棘底，
中原君臣豺虎邊。
安得務農息戰鬬，
普天無吏橫索錢。

Creation Date: 767年2月
Location: CN500236,西阁
Poem Type: 古風",157,Du Fu (杜甫),767年2月,晝夢,古風,Classical Chinese,False,False,,
dufu_chunk_3326,dufu_31531,poem_content,"Poem Title: 江雨有懷鄭典設

Poem Text:
春雨闇闇塞峽中，
早晚來自楚王宮。
亂波分披已打岸，
弱雲狼籍不禁風。
寵光蕙葉與多碧，
點注桃花舒小紅。
谷口子真正憶汝，
岸高瀼滑限西東。

Creation Date: 767年
Location: CN500236,瀼西
Poem Type: 古風",160,Du Fu (杜甫),767年,江雨有懷鄭典設,古風,Classical Chinese,True,True,,
dufu_chunk_3327,dufu_31531,allusions_context,"Poem: 江雨有懷鄭典設

Literary Allusions and References:
  谷口子真",56,Du Fu (杜甫),767年,江雨有懷鄭典設,古風,Classical Chinese,,,1.0,
dufu_chunk_3328,dufu_31531,annotations_context,"Poem: 江雨有懷鄭典設

Scholarly Annotations:
  一作發
  一作闊",49,Du Fu (杜甫),767年,江雨有懷鄭典設,古風,Classical Chinese,,,,2.0
dufu_chunk_3329,dufu_31668,poem_content,"Poem Title: 柏學士茅屋

Poem Text:
碧山學士焚銀魚，
白馬却走身巖居。
古人已用三冬足，
年少今開萬卷餘。
晴雲滿戶團傾蓋，
秋水浮階溜決渠。
富貴必從勤苦得，
男兒須讀五車書。

Creation Date: 767年
Location: CN500236,柏学士茅屋
Poem Type: 古風",161,Du Fu (杜甫),767年,柏學士茅屋,古風,Classical Chinese,True,True,,
dufu_chunk_3330,dufu_31668,allusions_context,"Poem: 柏學士茅屋

Literary Allusions and References:
  白馬
  三冬足",58,Du Fu (杜甫),767年,柏學士茅屋,古風,Classical Chinese,,,2.0,
dufu_chunk_3331,dufu_31668,annotations_context,"Poem: 柏學士茅屋

Scholarly Annotations:
  一作曾",41,Du Fu (杜甫),767年,柏學士茅屋,古風,Classical Chinese,,,,1.0
dufu_chunk_3332,dufu_31708,poem_content,"Poem Title: 曉發公安

Poem Text:
北城擊柝復欲罷，
東方明星亦不遲。
鄰雞野哭如昨日，
物色生態能幾時。
舟檝眇然自此去，
江湖遠適無前期。
出門轉眄已陳迹，
藥餌扶吾隨所之。

Creation Date: 768年
Location: CN421022
Poem Type: 古風",154,Du Fu (杜甫),768年,曉發公安,古風,Classical Chinese,False,True,,
dufu_chunk_3333,dufu_31708,annotations_context,"Poem: 曉發公安

Scholarly Annotations:
  原注：數月憩息此縣。",47,Du Fu (杜甫),768年,曉發公安,古風,Classical Chinese,,,,1.0
dufu_chunk_3334,dufu_31573,poem_content,"Poem Title: 杜鵑行

Poem Text:
古時杜宇稱望帝，
魂作杜鵑何微細。
跳枝竄葉樹木中，
搶佯瞥捩雌隨雄。
毛衣慘黑貌顦顇，
衆鳥安肯相尊崇。
隳形不敢棲華屋，
短翮唯願巢深叢。
穿皮啄朽觜欲禿，
苦飢始得食一蟲。
誰言養雛不自哺，
此語亦足爲愚蒙。
聲音咽咽如有謂，
號啼略與嬰兒同。
口乾垂血轉迫促，
似欲上訴於蒼穹。
蜀人聞之皆起立，
至今斅學傳遺風。
迺知變化不可窮，
豈知昔日居深宮，
嬪嬙左右如花紅。

Creation Date: 760年
Location: CN5101
Poem Type: 古風",268,Du Fu (杜甫),760年,杜鵑行,古風,Classical Chinese,True,True,,
dufu_chunk_3335,dufu_31573,allusions_context,"Poem: 杜鵑行

Literary Allusions and References:
  冤魂化禽",52,Du Fu (杜甫),760年,杜鵑行,古風,Classical Chinese,,,1.0,
dufu_chunk_3336,dufu_31573,annotations_context,"Poem: 杜鵑行

Scholarly Annotations:
  一作司空曙詩。
  一作翔
  一作自
  一作陋
  一作噦若
  一作欲以
  一作相效
  一作妃",88,Du Fu (杜甫),760年,杜鵑行,古風,Classical Chinese,,,,8.0
dufu_chunk_3337,dufu_31754,poem_content,"Poem Title: 惜別行送劉僕射判官

Poem Text:
聞道南行市駿馬，
不限匹數軍中須。
襄陽幕府天下異，
主將儉省憂艱虞。
祗收壯健勝鐵甲，
豈因格鬬求龍駒。
而今西北自反胡，
騏驎蕩盡一匹無。
龍媒真種在帝都，
子孫永落西南隅。
向非戎事備征伐，
君肯辛苦越江湖。
江湖凡馬多顦顇，
衣冠往往乘蹇驢。
梁公富貴於身疎，
號令明白人安居。
俸錢時散士子盡，
府庫不爲驕豪虛。
以茲報主寸心赤，
氣却西戎迴北狄。
羅網羣馬籍馬多，
氣在驅馳出金帛。
劉侯奉使光推擇，
滔滔才略滄溟窄。
杜陵老翁秋繫船，
扶病相識長沙驛。
強梳白髮提胡盧，
手把菊花路旁摘。
九州兵革浩茫茫，
三歎聚散臨重陽。
當杯對客忍流涕，
君不覺老夫神內傷。

Creation Date: 769年
Location: CN430121
Poem Type: 古風",376,Du Fu (杜甫),769年,惜別行送劉僕射判官,古風,Classical Chinese,True,True,,
dufu_chunk_3338,dufu_31754,allusions_context,"Poem: 惜別行送劉僕射判官

Literary Allusions and References:
  俸錢散",57,Du Fu (杜甫),769年,惜別行送劉僕射判官,古風,Classical Chinese,,,1.0,
dufu_chunk_3339,dufu_31754,annotations_context,"Poem: 惜別行送劉僕射判官

Scholarly Annotations:
  僕射乃其主將，劉乃僕射之判官也。
  一作官
  疑梁崇義，曾爲山南節度
  一作藉
  一作用
  一作兼
  一作涕淚
  一無君字",110,Du Fu (杜甫),769年,惜別行送劉僕射判官,古風,Classical Chinese,,,,8.0
dufu_chunk_3340,dufu_31563,poem_content,"Poem Title: 呀鶻行

Poem Text:
病鶻孤飛俗眼醜，
每夜江邊宿衰柳。
清秋落日已側身，
過雁歸鵶錯回首。
緊腦雄姿迷所向，
疎翮稀毛不可狀。
強神迷復皁雕前，
俊才早在蒼鷹上。
風濤颯颯寒山陰，
熊羆欲蟄龍蛇深。
念爾此時有一擲，
失聲濺血非其心。

Creation Date: 768年
Location: CN421024
Poem Type: 古風",189,Du Fu (杜甫),768年,呀鶻行,古風,Classical Chinese,False,True,,
dufu_chunk_3341,dufu_31563,annotations_context,"Poem: 呀鶻行

Scholarly Annotations:
  張口貌
  一作卑
  一作月
  一作縶",57,Du Fu (杜甫),768年,呀鶻行,古風,Classical Chinese,,,,4.0
dufu_chunk_3342,dufu_31578,poem_content,"Poem Title: 狂歌行贈四兄

Poem Text:
與兄行年校一歲，
賢者是兄愚者弟。
兄將富貴等浮雲，
弟切功名好權勢。
長安秋雨十日泥，
我曹鞴馬聽晨雞。
公卿朱門未開鎖，
我曹已到肩相齊。
吾兄睡穩方舒膝，
不襪不巾蹋曉日。
男啼女哭莫我知，
身上須繒腹中實。
今年思我來嘉州，
嘉州酒重花繞樓。
樓頭喫酒樓下臥，
長歌短詠還相酬。
四時八節還拘禮，
女拜弟妻男拜弟。
幅巾鞶帶不挂身，
頭脂足垢何曾洗。
吾兄吾兄巢許倫，
一生喜怒長任真。
日斜枕肘寢已熟，
啾啾唧唧為何人。

Creation Date: 765年
Location: CN5111
Poem Type: 古風",298,Du Fu (杜甫),765年,狂歌行贈四兄,古風,Classical Chinese,True,True,,
dufu_chunk_3343,dufu_31578,allusions_context,"Poem: 狂歌行贈四兄

Literary Allusions and References:
  等浮雲",54,Du Fu (杜甫),765年,狂歌行贈四兄,古風,Classical Chinese,,,1.0,
dufu_chunk_3344,dufu_31578,annotations_context,"Poem: 狂歌行贈四兄

Scholarly Annotations:
  一作短
  一作是
  一作香
  一作滿
  一作歌",66,Du Fu (杜甫),765年,狂歌行贈四兄,古風,Classical Chinese,,,,5.0
dufu_chunk_3345,dufu_31701,poem_content,"Poem Title: 逃難

Poem Text:
五十頭白翁，
南北逃世難。
疎布纏枯骨，
奔走苦不暖。
已衰病方入，
四海一塗炭。
乾坤萬里內，
莫見容身畔。
妻孥復隨我，
回首共悲歡。
故國莽丘墟，
鄰里各分散。
歸路從此迷，
涕盡湘江岸。

Creation Date: 770年
Location: CN430423
Poem Type: 古風",178,Du Fu (杜甫),770年,逃難,古風,Classical Chinese,False,True,,
dufu_chunk_3346,dufu_31701,annotations_context,"Poem: 逃難

Scholarly Annotations:
  叶去聲",38,Du Fu (杜甫),770年,逃難,古風,Classical Chinese,,,,1.0
dufu_chunk_3347,dufu_31809,poem_content,"Poem Title: 遣興五首

Poem Text:
天用莫如龍，
有時繫扶桑。
頓轡海徒涌，
神人身更長。
性命苟不存，
英雄徒自強。
吞聲勿復道，
真宰意茫茫。
Poem Type: 古風",98,Du Fu (杜甫),Unknown,遣興五首,古風,Classical Chinese,True,False,,
dufu_chunk_3348,dufu_31809,allusions_context,"Poem: 遣興五首

Literary Allusions and References:
  繫扶桑
  神人身長
  天用莫如龍",67,Du Fu (杜甫),Unknown,遣興五首,古風,Classical Chinese,,,3.0,
dufu_chunk_3349,dufu_31813,poem_content,"Poem Title: 遣興五首

Poem Text:
地用莫如馬，
無良復誰記。
此日千里鳴，
追風可君意。
君看渥洼種，
態與駑駘異。
不雜蹄齧間，
逍遙有能事。
Poem Type: 古風",98,Du Fu (杜甫),Unknown,遣興五首,古風,Classical Chinese,True,True,,
dufu_chunk_3350,dufu_31813,allusions_context,"Poem: 遣興五首

Literary Allusions and References:
  地用莫如馬
  渥洼種",60,Du Fu (杜甫),Unknown,遣興五首,古風,Classical Chinese,,,2.0,
dufu_chunk_3351,dufu_31813,annotations_context,"Poem: 遣興五首

Scholarly Annotations:
  一作在",40,Du Fu (杜甫),Unknown,遣興五首,古風,Classical Chinese,,,,1.0
dufu_chunk_3352,dufu_31815,poem_content,"Poem Title: 遣興五首

Poem Text:
我今日夜憂，
諸弟各異方。
不知死與生，
何況道路長。
避寇一分散，
飢寒永相望。
豈無柴門歸，
欲出畏虎狼。
仰看雲中雁，
禽鳥亦有行。
Poem Type: 古風",112,Du Fu (杜甫),Unknown,遣興五首,古風,Classical Chinese,False,True,,
dufu_chunk_3353,dufu_31815,annotations_context,"Poem: 遣興五首

Scholarly Annotations:
  一作埽",40,Du Fu (杜甫),Unknown,遣興五首,古風,Classical Chinese,,,,1.0
dufu_chunk_3354,dufu_31819,poem_content,"Poem Title: 遣興五首

Poem Text:
蓬生非無根，
漂蕩隨高風。
天寒落萬里，
不復歸本叢。
客子念故宅，
三年門巷空。
悵望但烽火，
戎車滿關東。
生涯能幾何，
常在羈旅中。
Poem Type: 古風",112,Du Fu (杜甫),Unknown,遣興五首,古風,Classical Chinese,False,False,,
dufu_chunk_3355,dufu_31820,poem_content,"Poem Title: 遣興五首

Poem Text:
昔在洛陽時，
親友相追攀。
送客東郊道，
遨遊宿南山。
煙塵阻長河，
樹羽成臯間。
回首載酒地，
豈無一日還。
丈夫貴壯健，
慘戚非朱顏。
Poem Type: 古風",112,Du Fu (杜甫),Unknown,遣興五首,古風,Classical Chinese,False,False,,
dufu_chunk_3356,dufu_31639,poem_content,"Poem Title: 前出塞九首

Poem Text:
戚戚去故里，
悠悠赴交河。
公家有程期，
亡命嬰禍羅。
君已富土境，
開邊一何多。
棄絕父母恩，
吞聲行負戈。

Creation Date: 751年
Location: CN6101
Poem Type: 古風",137,Du Fu (杜甫),751年,前出塞九首,古風,Classical Chinese,False,True,,
dufu_chunk_3357,dufu_31639,annotations_context,"Poem: 前出塞九首

Scholarly Annotations:
  草堂本，《前出》塞編入天寶未亂以前在京師作，諸本皆與《後出塞》同編。《前出塞》爲徵奏隴之兵赴交河而作，《後出塞》爲徵東都之兵赴薊門而作也。",107,Du Fu (杜甫),751年,前出塞九首,古風,Classical Chinese,,,,1.0
dufu_chunk_3358,dufu_31640,poem_content,"Poem Title: 前出塞九首

Poem Text:
出門日已遠，
不受徒旅欺。
骨肉恩豈斷，
男兒死無時。
走馬脫轡頭，
手中挑青絲。
捷下萬仞岡，
俯身試搴旗。

Creation Date: 751年
Location: CN6101
Poem Type: 古風",137,Du Fu (杜甫),751年,前出塞九首,古風,Classical Chinese,False,True,,
dufu_chunk_3359,dufu_31640,annotations_context,"Poem: 前出塞九首

Scholarly Annotations:
  草堂本，《前出》塞編入天寶未亂以前在京師作，諸本皆與《後出塞》同編。《前出塞》爲徵奏隴之兵赴交河而作，《後出塞》爲徵東都之兵赴薊門而作也。
  一作丈",113,Du Fu (杜甫),751年,前出塞九首,古風,Classical Chinese,,,,2.0
dufu_chunk_3360,dufu_31641,poem_content,"Poem Title: 前出塞九首

Poem Text:
磨刀嗚咽水，
水赤刃傷手。
欲輕腸斷聲，
心緒亂已久。
丈夫誓許國，
憤惋復何有。
功名圖騏驎，
戰骨當速朽。

Creation Date: 751年
Location: CN6101
Poem Type: 古風",137,Du Fu (杜甫),751年,前出塞九首,古風,Classical Chinese,False,True,,
dufu_chunk_3361,dufu_31641,annotations_context,"Poem: 前出塞九首

Scholarly Annotations:
  草堂本，《前出》塞編入天寶未亂以前在京師作，諸本皆與《後出塞》同編。《前出塞》爲徵奏隴之兵赴交河而作，《後出塞》爲徵東都之兵赴薊門而作也。",107,Du Fu (杜甫),751年,前出塞九首,古風,Classical Chinese,,,,1.0
dufu_chunk_3362,dufu_31642,poem_content,"Poem Title: 前出塞九首

Poem Text:
送徒既有長，
遠戍亦有身。
生死向前去，
不勞吏怒嗔。
路逢相識人，
附書與六親。
哀哉兩決絕，
不復同苦辛。

Creation Date: 751年
Location: CN6101
Poem Type: 古風",137,Du Fu (杜甫),751年,前出塞九首,古風,Classical Chinese,False,True,,
dufu_chunk_3363,dufu_31642,annotations_context,"Poem: 前出塞九首

Scholarly Annotations:
  草堂本，《前出》塞編入天寶未亂以前在京師作，諸本皆與《後出塞》同編。《前出塞》爲徵奏隴之兵赴交河而作，《後出塞》爲徵東都之兵赴薊門而作也。
  一作問",113,Du Fu (杜甫),751年,前出塞九首,古風,Classical Chinese,,,,2.0
dufu_chunk_3364,dufu_31643,poem_content,"Poem Title: 前出塞九首

Poem Text:
迢迢萬餘里，
領我赴三軍。
軍中異苦樂，
主將寧盡聞。
隔河見胡騎，
倏忽數百羣。
我始爲奴僕，
幾時樹功勳。

Creation Date: 751年
Location: CN6101
Poem Type: 古風",137,Du Fu (杜甫),751年,前出塞九首,古風,Classical Chinese,False,True,,
dufu_chunk_3365,dufu_31643,annotations_context,"Poem: 前出塞九首

Scholarly Annotations:
  草堂本，《前出》塞編入天寶未亂以前在京師作，諸本皆與《後出塞》同編。《前出塞》爲徵奏隴之兵赴交河而作，《後出塞》爲徵東都之兵赴薊門而作也。
  衛青奮於奴僕",116,Du Fu (杜甫),751年,前出塞九首,古風,Classical Chinese,,,,2.0
dufu_chunk_3366,dufu_31644,poem_content,"Poem Title: 前出塞九首

Poem Text:
挽弓當挽強，
用箭當用長。
射人先射馬，
擒賊先擒王。
殺人亦有限，
列國自有疆。
苟能制侵陵，
豈在多殺傷。

Creation Date: 751年
Location: CN6101
Poem Type: 古風",137,Du Fu (杜甫),751年,前出塞九首,古風,Classical Chinese,False,True,,
dufu_chunk_3367,dufu_31644,annotations_context,"Poem: 前出塞九首

Scholarly Annotations:
  草堂本，《前出》塞編入天寶未亂以前在京師作，諸本皆與《後出塞》同編。《前出塞》爲徵奏隴之兵赴交河而作，《後出塞》爲徵東都之兵赴薊門而作也。
  一作寇
  一作立",119,Du Fu (杜甫),751年,前出塞九首,古風,Classical Chinese,,,,3.0
dufu_chunk_3368,dufu_31645,poem_content,"Poem Title: 前出塞九首

Poem Text:
驅馬天雨雪，
軍行入高山。
逕危抱寒石，
指落曾冰間。
已去漢月遠，
何時築城還。
浮雲暮南征，
可望不可攀。

Creation Date: 751年
Location: CN6101
Poem Type: 古風",137,Du Fu (杜甫),751年,前出塞九首,古風,Classical Chinese,False,True,,
dufu_chunk_3369,dufu_31645,annotations_context,"Poem: 前出塞九首

Scholarly Annotations:
  草堂本，《前出》塞編入天寶未亂以前在京師作，諸本皆與《後出塞》同編。《前出塞》爲徵奏隴之兵赴交河而作，《後出塞》爲徵東都之兵赴薊門而作也。",107,Du Fu (杜甫),751年,前出塞九首,古風,Classical Chinese,,,,1.0
dufu_chunk_3370,dufu_31646,poem_content,"Poem Title: 前出塞九首

Poem Text:
單于寇我壘，
百里風塵昏。
雄劒四五動，
彼軍爲我奔。
虜其名王歸，
繫頸授轅門。
潛身備行列，
一勝何足論。

Creation Date: 751年
Location: CN6101
Poem Type: 古風",137,Du Fu (杜甫),751年,前出塞九首,古風,Classical Chinese,False,True,,
dufu_chunk_3371,dufu_31646,annotations_context,"Poem: 前出塞九首

Scholarly Annotations:
  草堂本，《前出》塞編入天寶未亂以前在京師作，諸本皆與《後出塞》同編。《前出塞》爲徵奏隴之兵赴交河而作，《後出塞》爲徵東都之兵赴薊門而作也。",107,Du Fu (杜甫),751年,前出塞九首,古風,Classical Chinese,,,,1.0
dufu_chunk_3372,dufu_31647,poem_content,"Poem Title: 前出塞九首

Poem Text:
從軍十年餘，
能無分寸功。
衆人貴苟得，
欲語羞雷同。
中原有鬬爭，
況在狄與戎。
丈夫四方志，
安可辭固窮。

Creation Date: 751年
Location: CN6101
Poem Type: 古風",137,Du Fu (杜甫),751年,前出塞九首,古風,Classical Chinese,False,True,,
dufu_chunk_3373,dufu_31647,annotations_context,"Poem: 前出塞九首

Scholarly Annotations:
  草堂本，《前出》塞編入天寶未亂以前在京師作，諸本皆與《後出塞》同編。《前出塞》爲徵奏隴之兵赴交河而作，《後出塞》爲徵東都之兵赴薊門而作也。
  一作困",113,Du Fu (杜甫),751年,前出塞九首,古風,Classical Chinese,,,,2.0
dufu_chunk_3374,dufu_31500,poem_content,"Poem Title: 後出塞五首

Poem Text:
男兒生世間，
及壯當封侯。
戰伐有功業，
焉能守舊丘。
召募赴薊門，
軍動不可留。
千金買馬鞭，
百金裝刀頭。
閭里送我行，
親戚擁道周。
斑白居上列，
酒酣進庶羞。
少年別有贈，
含笑看吳鉤。

Creation Date: 755年
Location: CN6101
Poem Type: 古風",179,Du Fu (杜甫),755年,後出塞五首,古風,Classical Chinese,True,True,,
dufu_chunk_3375,dufu_31500,allusions_context,"Poem: 後出塞五首

Literary Allusions and References:
  封侯",52,Du Fu (杜甫),755年,後出塞五首,古風,Classical Chinese,,,1.0,
dufu_chunk_3376,dufu_31500,annotations_context,"Poem: 後出塞五首

Scholarly Annotations:
  一作橫吹曲辭 後出塞五首 一
  一作鞍",58,Du Fu (杜甫),755年,後出塞五首,古風,Classical Chinese,,,,2.0
dufu_chunk_3377,dufu_31501,poem_content,"Poem Title: 後出塞五首

Poem Text:
朝進東門營，
暮上河陽橋。
落日照大旗，
馬鳴風蕭蕭。
平沙列萬幕，
部伍各見招。
中天懸明月，
令嚴夜寂寥。
悲笳數聲動，
壯士慘不驕。
借問大將誰，
恐是霍嫖姚。

Creation Date: 755年
Location: CN6101
Poem Type: 古風",165,Du Fu (杜甫),755年,後出塞五首,古風,Classical Chinese,True,True,,
dufu_chunk_3378,dufu_31501,allusions_context,"Poem: 後出塞五首

Literary Allusions and References:
  霍嫖姚",53,Du Fu (杜甫),755年,後出塞五首,古風,Classical Chinese,,,1.0,
dufu_chunk_3379,dufu_31501,annotations_context,"Poem: 後出塞五首

Scholarly Annotations:
  一作橫吹曲辭 後出塞五首 二
  一作營門
  天寶二年，祿山入朝，進驃騎大將軍",78,Du Fu (杜甫),755年,後出塞五首,古風,Classical Chinese,,,,3.0
dufu_chunk_3380,dufu_31502,poem_content,"Poem Title: 後出塞五首

Poem Text:
古人重守邊，
今人重高勳。
豈知英雄主，
出師亙長雲。
六合已一家，
四夷且孤軍。
遂使貔虎士，
奮身勇所聞。
拔劒擊大荒，
日收胡馬羣。
誓開玄冥北，
持以奉吾君。

Creation Date: 755年
Location: CN6101
Poem Type: 古風",165,Du Fu (杜甫),755年,後出塞五首,古風,Classical Chinese,False,True,,
dufu_chunk_3381,dufu_31502,annotations_context,"Poem: 後出塞五首

Scholarly Annotations:
  一作橫吹曲辭 後出塞五首 三
  一作日
  一作直
  一作螭
  一作武",76,Du Fu (杜甫),755年,後出塞五首,古風,Classical Chinese,,,,5.0
dufu_chunk_3382,dufu_31503,poem_content,"Poem Title: 後出塞五首

Poem Text:
獻凱日繼踵，
兩蕃靜無虞。
漁陽豪俠地，
擊鼓吹笙竽。
雲帆轉遼海，
稉稻來東吳。
越羅與楚練，
照耀輿臺軀。
主將位益崇，
氣驕凌上都。
邊人不敢議，
議者死路衢。

Creation Date: 755年
Location: CN6101
Poem Type: 古風",165,Du Fu (杜甫),755年,後出塞五首,古風,Classical Chinese,False,True,,
dufu_chunk_3383,dufu_31503,annotations_context,"Poem: 後出塞五首

Scholarly Annotations:
  一作橫吹曲辭 後出塞五首 四
  初，祿山逆節漸露。有言其反者，明皇輒縛送之，遂無敢言者",82,Du Fu (杜甫),755年,後出塞五首,古風,Classical Chinese,,,,2.0
dufu_chunk_3384,dufu_31504,poem_content,"Poem Title: 後出塞五首

Poem Text:
我本良家子，
出師亦多門。
將驕益愁思，
身貴不足論。
躍馬二十年，
恐辜明主恩。
坐見幽州騎，
長驅河洛昏。
中夜間道歸，
故里但空邨。
惡名幸脫免，
窮老無兒孫。

Creation Date: 755年
Location: CN6101
Poem Type: 古風",165,Du Fu (杜甫),755年,後出塞五首,古風,Classical Chinese,False,True,,
dufu_chunk_3385,dufu_31504,annotations_context,"Poem: 後出塞五首

Scholarly Annotations:
  一作橫吹曲辭 後出塞五首 五",52,Du Fu (杜甫),755年,後出塞五首,古風,Classical Chinese,,,,1.0
dufu_chunk_3386,dufu_31648,poem_content,"Poem Title: 前苦寒行二首

Poem Text:
漢時長安雪一丈，
牛馬毛寒縮如蝟。
楚江巫峽冰入懷，
虎豹哀號又堪記。
秦城老翁荆揚客，
慣習炎蒸歲絺綌。
玄冥祝融氣或交，
手持白羽未敢釋。

Creation Date: 767年
Location: CN500236,东屯
Poem Type: 古風",159,Du Fu (杜甫),767年,前苦寒行二首,古風,Classical Chinese,False,True,,
dufu_chunk_3387,dufu_31648,annotations_context,"Poem: 前苦寒行二首

Scholarly Annotations:
  王僧虔《技錄》：“清調有六曲，一《苦寒行》。”",62,Du Fu (杜甫),767年,前苦寒行二首,古風,Classical Chinese,,,,1.0
dufu_chunk_3388,dufu_31649,poem_content,"Poem Title: 前苦寒行二首

Poem Text:
去年白帝雪在山，
今年白帝雪在地。
凍埋蛟龍南浦縮，
寒刮肌膚北風利。
楚人四時皆麻衣，
楚天萬里無晶輝。
三足之烏足恐斷，
羲和送將何所歸。

Creation Date: 767年
Location: CN500236,东屯
Poem Type: 古風",159,Du Fu (杜甫),767年,前苦寒行二首,古風,Classical Chinese,True,True,,
dufu_chunk_3389,dufu_31649,allusions_context,"Poem: 前苦寒行二首

Literary Allusions and References:
  羲和
  三足之鳥",60,Du Fu (杜甫),767年,前苦寒行二首,古風,Classical Chinese,,,2.0,
dufu_chunk_3390,dufu_31649,annotations_context,"Poem: 前苦寒行二首

Scholarly Annotations:
  王僧虔《技錄》：“清調有六曲，一《苦寒行》。”
  一作割
  一作頃
  一作骨
  一作迭送將安歸，一作送之將安歸",98,Du Fu (杜甫),767年,前苦寒行二首,古風,Classical Chinese,,,,5.0
dufu_chunk_3391,dufu_31485,poem_content,"Poem Title: 石文詩

Poem Text:
詩王本在陳芳國，
九夜捫之麟篆熟，
聲振扶桑享天福。
Poem Type: 古風",68,Du Fu (杜甫),Unknown,石文詩,古風,Classical Chinese,False,False,,
dufu_chunk_3392,dufu_1367127,poem_content,"Poem Title: 畫馬讚

Poem Text:
韓幹畫馬，
毫端有神。
驊騮老大，
腰褭清新。
魚目瘦腦，
龍文長身。
雪垂白肉，
風蹙蘭筋。
逸態蕭疎，
高驤縱恣。
四蹄雷雹，
一日天地。
御者閑敏，
去何難易。
愚夫乘騎，
動必顛躓。
瞻彼駿骨，
實惟龍媒。
漢歌燕市，
已矣茫哉。
但見駑駘，
紛然往來。
良工惆悵，
落筆雄才。
Poem Type: 四言詩",186,Du Fu (杜甫),Unknown,畫馬讚,四言詩,Classical Chinese,False,False,,
dufu_chunk_3393,dufu_30406,poem_content,"Poem Title: 句

Poem Text:
寒食少天氣，
東風多柳花。
小桃知客意，
春盡始開花。
Poem Type: 句",66,Du Fu (杜甫),Unknown,句,句,Classical Chinese,False,False,,
dufu_chunk_3394,dufu_31853,poem_content,"Poem Title: 句

Poem Text:
狨擲寒條馬見驚。
Poem Type: 句",47,Du Fu (杜甫),Unknown,句,句,Classical Chinese,False,False,,
dufu_chunk_3395,dufu_31854,poem_content,"Poem Title: 句

Poem Text:
君看墻頭桃樹花，
盡是行人眼中血。
Poem Type: 句",56,Du Fu (杜甫),Unknown,句,句,Classical Chinese,False,False,,
dufu_chunk_3396,dufu_31855,poem_content,"Poem Title: 閬中行

Poem Text:
豺狼當路，
無地遊從。
Poem Type: 句",52,Du Fu (杜甫),Unknown,閬中行,句,Classical Chinese,False,False,,
dufu_chunk_3397,dufu_31551,poem_content,"Poem Title: 雜曲歌辭 麗人行

Poem Text:
三月三日天氣新，
長安水邊多麗人。
態濃意遠淑且真，
肌理細膩骨肉勻。
繡羅衣裳照暮春，
蹙金孔雀銀麒麟。
頭上何所有，
翠微㔩葉垂鬢脣。
背後何所見，
珠壓腰衱穩稱身。
就中雲幕椒房親，
賜名大國虢與秦。
紫駝之峰出翠釜，
水精之盤行素鱗。
犀箸厭飫久未下，
鑾刀縷切空紛綸。
黃門飛鞚不動塵，
御廚絡繹送八珍。
簫鼓哀吟感鬼神，
賓從雜遝實要津。
後來鞍馬何逡巡，
當軒下馬入錦茵。
楊花雪落覆白蘋，
青鳥飛去銜紅巾。
炙手可熱勢絕倫，
慎莫近前丞相嗔。

Creation Date: 753年
Location: CN6101
Poem Type: 樂府曲辭",316,Du Fu (杜甫),753年,雜曲歌辭 麗人行,樂府曲辭,Classical Chinese,False,True,,
dufu_chunk_3398,dufu_31551,annotations_context,"Poem: 雜曲歌辭 麗人行

Scholarly Annotations:
  一作畫
  一作爲
  烏合反
  一作匌㔩
  一作身
  一作襻，一作肢
  一作珍
  一作坐
  一作絲絡
  一作管

... and 6 more annotations",132,Du Fu (杜甫),753年,雜曲歌辭 麗人行,樂府曲辭,Classical Chinese,,,,16.0
dufu_chunk_3399,dufu_31429,poem_content,"Poem Title: 大麥行

Poem Text:
大麥乾枯小麥黃，
婦女行泣夫走藏。
東至集壁西梁洋，
問誰腰鐮胡與羌。
豈無蜀兵三千人，
部領辛苦江山長。
安得如鳥有羽翅，
托身白雲還故鄉。

Creation Date: 762年
Location: CN5101
Poem Type: 樂府曲辭",153,Du Fu (杜甫),762年,大麥行,樂府曲辭,Classical Chinese,False,True,,
dufu_chunk_3400,dufu_31429,annotations_context,"Poem: 大麥行

Scholarly Annotations:
  一作人
  四川皆屬山南西道
  一作簿",56,Du Fu (杜甫),762年,大麥行,樂府曲辭,Classical Chinese,,,,3.0
dufu_chunk_3401,dufu_31788,poem_content,"Poem Title: 短歌行贈王郎司直

Poem Text:
王郎酒酣拔劒斫地歌莫哀，
我能拔爾抑塞磊落之奇才。
豫章翻風白日動，
鯨魚跋浪滄溟開。
且脫佩劒休裴回，
西得諸侯櫂錦水。
欲向何門趿珠履，
仲宣樓頭春色深。
青眼高歌望吾子，
眼中之人吾老矣。

Creation Date: 768年
Location: CN421024
Poem Type: 樂府曲辭",186,Du Fu (杜甫),768年,短歌行贈王郎司直,樂府曲辭,Classical Chinese,True,True,,
dufu_chunk_3402,dufu_31788,allusions_context,"Poem: 短歌行贈王郎司直

Literary Allusions and References:
  青眼高歌
  豫章",62,Du Fu (杜甫),768年,短歌行贈王郎司直,樂府曲辭,Classical Chinese,,,2.0,
dufu_chunk_3403,dufu_31788,annotations_context,"Poem: 短歌行贈王郎司直

Scholarly Annotations:
  草堂本此首編入大曆三年，以詩中仲宣樓頭之句，宜客荆州時作也。
  一作劒佩
  一作颯
  一作已",90,Du Fu (杜甫),768年,短歌行贈王郎司直,樂府曲辭,Classical Chinese,,,,4.0
dufu_chunk_3404,dufu_31787,poem_content,"Poem Title: 短歌行送祁錄事歸合州因寄蘇使君

Poem Text:
前者途中一相見，
人事經年記君面。
後生相動何寂寥，
君有長才不貧賤。
君今起柁春江流，
余亦沙邊具小舟。
幸爲達書賢府主，
江花未盡會江樓。

Creation Date: 763年
Location: CN510722
Poem Type: 樂府曲辭",167,Du Fu (杜甫),763年,短歌行送祁錄事歸合州因寄蘇使君,樂府曲辭,Classical Chinese,False,True,,
dufu_chunk_3405,dufu_31787,annotations_context,"Poem: 短歌行送祁錄事歸合州因寄蘇使君

Scholarly Annotations:
  一作邛
  一作勸",57,Du Fu (杜甫),763年,短歌行送祁錄事歸合州因寄蘇使君,樂府曲辭,Classical Chinese,,,,2.0
dufu_chunk_3406,dufu_30515,poem_content,"Poem Title: 贈花卿

Poem Text:
錦城絲管日紛紛，
半入江風半入雲。
此曲秪應天上有，
人間能得幾回聞。

Creation Date: 761年
Location: CN5101
Poem Type: 樂府曲辭",117,Du Fu (杜甫),761年,贈花卿,樂府曲辭,Classical Chinese,False,True,,
dufu_chunk_3407,dufu_30515,annotations_context,"Poem: 贈花卿

Scholarly Annotations:
  一作去",39,Du Fu (杜甫),761年,贈花卿,樂府曲辭,Classical Chinese,,,,1.0
dufu_chunk_3408,dufu_30402,poem_content,"Poem Title: 少年行

Poem Text:
馬上誰家薄媚郎，
臨堦下馬坐人牀。
不通姓字麤豪甚，
指點銀瓶索酒嘗。

Creation Date: 762年
Location: CN5101
Poem Type: 樂府曲辭",117,Du Fu (杜甫),762年,少年行,樂府曲辭,Classical Chinese,False,True,,
dufu_chunk_3409,dufu_30402,annotations_context,"Poem: 少年行

Scholarly Annotations:
  一作騎馬
  一作白面
  一作軒
  一作踏
  一作疎
  一作酒未嘗",73,Du Fu (杜甫),762年,少年行,樂府曲辭,Classical Chinese,,,,6.0
dufu_chunk_3410,dufu_30403,poem_content,"Poem Title: 少年行二首

Poem Text:
莫笑田家老瓦盆，
自從盛酒長兒孫。
傾銀注瓦驚人眼，
共醉終同臥竹根。

Creation Date: 761年
Location: CN5101
Poem Type: 樂府曲辭",119,Du Fu (杜甫),761年,少年行二首,樂府曲辭,Classical Chinese,False,True,,
dufu_chunk_3411,dufu_30403,annotations_context,"Poem: 少年行二首

Scholarly Annotations:
  一作養
  一作玉",47,Du Fu (杜甫),761年,少年行二首,樂府曲辭,Classical Chinese,,,,2.0
dufu_chunk_3412,dufu_30404,poem_content,"Poem Title: 少年行二首

Poem Text:
巢燕養雛渾去盡，
江花結子已無多。
黃衫年少來宜數，
不見堂前東逝波。

Creation Date: 761年
Location: CN5101
Poem Type: 樂府曲辭",119,Du Fu (杜甫),761年,少年行二首,樂府曲辭,Classical Chinese,False,True,,
dufu_chunk_3413,dufu_30404,annotations_context,"Poem: 少年行二首

Scholarly Annotations:
  一作引
  一作兒
  一作也
  一作宜來",60,Du Fu (杜甫),761年,少年行二首,樂府曲辭,Classical Chinese,,,,4.0
dufu_chunk_3414,dufu_1367105,poem_content,"Poem Title: 朝獻太清宮賦

Poem Text:
冬十有一月。
天子既納處士之議。
承漢繼周。
革弊用古。
勒崇揚休。
明年孟陬。
將攄大禮以相籍。
越彞倫而莫儔。
歷良辰而戒吉。
分祀事而孔修。
營室主夫宗廟。
乘輿備乎冕裘。
甲子王以昧爽。
春寒薄而清浮。
虛閶闔。
逗蚩尤。
張猛馬。
出騰虬。
捎熒惑。
墮旄頭。
風伯扶道。
雷公挾輈。
通天台之雙闕。
警溟漲之十洲。
浩劫礧砢。
萬山颼飀。
欻臻於長樂之舍。
嵬入乎崑崙之邱。
太乙奉引。
庖犧左右。
堯步舜趨。
禹馳湯驟。
鬱閟宮之嵂崒。
坼元氣以經構。
斷紫雲而竦牆。
撫流沙而承霤。
紛隳珠而陷碧。
㸌波錦而浪繡。
森青冥而欲雨。
赩光炯而初晝。
於是翠蕤俄的。
藻藉舒就。
祝融擲火以焚香。
溪女捧盤而盥潄。
㣥有司之望幸。
辨名物之難究。
瓊漿自閒於粢盛。
羽客先來於介冑。
爍聖主之儲祉。
敬雲孫而及此。
詔軒轅使合符。
敕王喬以視履。
積昭感於嗣續。
匪正辭於祝史。
若肸蠁之有憑。
肅風飇而乍起。
揚流蘇於浮柱。
金英霏而披靡。
擬雜佩於曾巔。
芝葢欹以颯纚。
中漎漎以迴復。
外蕭蕭而未已。
上穆然注道為身。
覺天傾耳。
陳僭號於五代。
復戰國於千祀。
曰嗚呼。
昔蒼生纏孟德之禍。
為仲達所愚。
鑿齒其俗。
窫窳其孤。
赤烏高飛。
不肯止其屋。
黃龍哮吼。
不肯負其圖。
伊神器臬兀。
而小人呴喻。
歷紀大破。
瘡痍未蘇。
尚攫拏於吳蜀。
又顛躓於羯胡。
縱㣥雄之發憤。
誰一統於亨衢。
在拓跋與宇文。
豈風塵之不殊。
比聰廆及堅特。
渾貔豹而齊驅。
愁陰鬼嘯。
落日梟呼。
各擁兵甲。
俱稱國都。
且耕且戰。
何有何無。
惟累聖之徽典。
恭淑慎以允緝。
茲火土之相生。
非符讖之備及。
煬帝終暴。
叔寶初襲。
編尚新。
義旗爰入。
既清國難。
方覩家給。
竊以為數子自誣。
敢正乎五行攸執。
而觀者潛晤。
或喜至於泣。
矧鱗介以之鳴簴。
昆蚑以之振蟄。
感而遂通。
罔不具集。
仡神光而𧮳閜。
羅詭異以戢孴。
地軸傾而融曳。
洞宮儼以嶷岌。
九天之雲下垂。
四海之水皆立。
鳳鳥威遲而不去。
鯨魚屈矯以相吸。
掃太始之含靈。
卷殊形而可挹。
則有虹蜺為鉤帶者。
入自於東。
揭莽蒼。
履崆峒。
素髮漠漠。
至精濃濃。
條弛張於巨細。
覬披寫於心胷。
蓋修竿無隙。
而仄席以容。
裂手中之黑簿。
睨堂下之金鐘。
得非擬斯人於壽域。
明返樸於元蹤。
忽翳日而翻萬象。
却浮雲而留六龍。
咸讋跖而壯茲應。
終蒼黃而昧所從。
上猶色若不足。
處之彌恭。
天師張道陵等洎左元君者前千二百官吏。
謁而進曰。
今王巨唐。
帝之苗裔。
坤之紀綱。
土配君服。
宮尊臣商。
起數得統。
特立中央。
且大樂在懸。
黃鐘冠八音之首。
太昊斯啟。
青陸獻千春之祥。
曠哉勤力耳目。
宜乎大帶斧裳。
故風后孔甲充其佐。
山稽岐伯翼其傍。
至於易制取法。
足以朝登五帝。
夕宿三皇。
信周武之多幸。
存漢祖之自強。
且近朝之濫吹。
仍改卜乎祠堂。
初降素車。
終勤恤其後。
有客白馬。
固漂淪不忘。
伊庶人得議。
實邦家之光。
臣道陵等試本之於青。
探之於縹囊。
列聖有差。
夫子聞斯於老氏。
好問自久。
宰我同科於季康。
敢撥亂返正。
乃此其所長。
萬神開。
八駿迴。
旗掩月。
車奮雷。
騫七曜。
燭九垓。
能事㯋脫。
清光大來。
或曰今太平之人。
莫不優游以自得。
況是蹴魏踏晉批周抉隋之後。
與夫更始者哉。

Creation Date: 750年
Location: CN6101
Poem Type: 辭賦",1492,Du Fu (杜甫),750年,朝獻太清宮賦,辭賦,Classical Chinese,False,False,,
dufu_chunk_3415,dufu_1367106,poem_content,"Poem Title: 朝享太廟賦

Poem Text:
初高祖太宗之櫛風沐雨。
勞身焦思。
用黃鉞白旗者五年。
而天下始一。
歷三朝而戮力。
今庶績之大備。
上方采厖俗之謠。
稽正統之類。
蓋王者盛事。
臣聞之於里曰。
昔武德已前。
黔黎蕭條。
無復生意。
遭鯨鯢之蕩汩。
荒歲月而沸渭。
衮服紛紛。
朝廷多閏者。
仍亘乎晉魏。
臣竊以自赤精之衰歇。
曠千載而無真人。
及黃圖之經綸。
息五行而歸厚地。
則知至數不可以久缺。
凡材不可以長寄。
故高下相形。
而尊卑各異。
惟神斷繫之於是。
本先帝取之以義。
壬辰既格於道祖。
乘輿即以是日致齋於九室。
所以昭達孝之誠。
所以明繼天之質。
具禮有素。
六官咸秩。
大輅每出。
或黎元不知。
豐年則多。
而筐筥甚實。
既而太尉參乘。
司僕扈蹕。
望重闉以肅恭。
順法駕之徐疾。
公卿淳古。
士卒精一。
黕宗廟之愈深。
抵職司之所密。
宿翠華於外戶。
曙黃屋於通術。
氣淒淒於前旒。
光靡靡於嘉栗。
階有賓阼。
帳有甲乙。
升降之際。
見玉柱生芝。
擊拊之初。
覺鈞天合律。
筍簴仡以碣磍。
干戚宛而婆娑。
鞉皷塤篪為之主。
鐘磬竽瑟以之和。
雲門咸池取之至。
空桑孤竹貴之多。
八音修通。
既比乎旭日昇而氛埃滅。
萬舞陵亂。
又似乎春風壯而江海波。
鳥不敢飛。
而元甲𡷸嵺以岳峙。
象不敢去。
而鳴佩剡爚以星羅。
已而上乾豆以登歌。
美休成之既饗。
璧玉儲精以稠謺。
門闌洞豁而森爽。
黑帝歸寒而激昂。
蒼靈戒曉而來往。
熙事莽而充塞。
㣥心麌以振蕩。
桐花未吐。
孫枝之鸞鳳相鮮。
雲氣何多。
官井之蛟龍亂上。
若夫生宏佐命之道。
死配貴神之列。
則殷劉房魏之勳。
是可以中摩伊呂。
上冠夔卨。
代天之工。
為人之傑。
丹青滿地。
松竹高節。
自唐興以來。
若此時哲。
皆朝有數四。
名垂卓絕。
向不遇撥亂反正之主。
君臣父子之別。
奕葉文武之雄。
注意生靈之切。
雖前輩之溫良寬大。
豪俊果決。
曾何以措其筋力與韜鈐。
載其刀筆與喉舌。
使祭則與食則血。
若斯之盛而已。
爾乃直于主。
索于祊。
警幽全之物。
散純道之精。
蓋我后常用。
惟時克貞。
膋以蕭合。
酌以茅明。
嘏以慈告。
祝以孝成。
故天意張皇。
不敢殄其瑞。
神姦妥帖。
不敢祕其精。
而撫絕軌享鴻名者矣。
于以奏永安。
于以奏王夏。
福穰穰于絳闕。
芳霏霏于玉斚。
沛枯骨而破聾盲。
施殀胎而逮𩻴寡。
園陵動色。
躍在藻之泉魚。
弓劒皆鳴。
汗鑄金之風馬。
霜露堪吸。
禎祥可把。
曾宮歔欷。
陰事儼雅。
薄清輝于鼎湖之上。
靜餘響於蒼梧之野。
上窅然漠漠。
惕然兢兢。
紛益所慕。
若不自勝。
瞰牙旗而獨立。
吟翠駮而未乘。
五老侍祠而精駭。
千官逖聽而思凝。
於是二丞相進曰。
陛下應道而作。
惟天與能。
澆訛散。
淳樸登。
尚猶日慎業業。
孝思烝烝。
恐一物之失所。
懼先王之咎徵。
如此之勤恤匪懈。
是百姓何以報夫元首。
在臣等何以充其股肱。
且如周宣之教親不暇。
漢武之淫祀相仍。
諸侯敢於迫脅。
方士奮其威稜。
一則以微言勸內。
一則以輕舉虛憑。
又非陛下恢廓緒業。
其瑣細亦曷足稱。
丞相退。
上跼天蹐地。
授綏登車。
伊鴻洞槍櫐。
先出為儲胥。
本枝根株乎萬代。
睿想經緯乎六虛。
甲午方有事於采壇。
紺席宿夫行所如初。

Creation Date: 750年
Location: CN6101
Poem Type: 辭賦",1431,Du Fu (杜甫),750年,朝享太廟賦,辭賦,Classical Chinese,False,False,,
dufu_chunk_3416,dufu_1367107,poem_content,"Poem Title: 有事於南郊賦

Poem Text:
蓋主上兆於南郊。
聿懷多福者舊矣。
今茲練時日。
就陽位之美。
又所以厚祖考通神明而已。
職在宗伯。
首崇禋祀。
先是春官條頌祇之書。
獻祭天之紀。
令泰龜而不昧。
俟萬事之將履。
掌次閱氊邸之則。
封人考壝宮之旨。
司門轉致乎牲牢之繫。
小胥專達乎懸位之使。
二之日朝廟之禮既畢。
天子蒼然視於無形。
澹然若有所聽。
又齋心於宿設。
將旰食而匪寧。
旌門坡陁以前騖。
彀騎反覆以相經。
頓曾城之軋軋。
軼萬戶之熒熒。
馳道端而如砥。
浴日上而如萍。
掣翠旄於華葢之角。
彗黃屋於鉤陳之星。
神仙戌削以落羽。
魍魎幽憂以固扃。
戰岐慄華。
擺渭掉涇。
地回回而風淅淅。
天泱泱而氣青青。
甲冑乘陵。
轉迅雷於荊門巫峽。
玉帛清迥。
霽夕雨於瀟湘洞庭。
於是乘輿。
霈然乃作。
翳夫鸞鳳將至以沖融。
寥廓不可乎彌度。
聲明通乎純粹。
溟涬為之垠堮。
駟蒼螭而蜿蜒。
若無骨以柔順。
奔烏攫而黝蟉。
徒有勢於殺縛。
朱輪竟野而杳冥。
金鋄成陰以結絡。
吹堪輿以軒輊。
槍寒暑以前却。
中營密擁乎太陽。
宸眷眇臨乎長薄。
熊羆弭耳以相舐。
虎豹高跳以虛攫。
上方將降帷宮之綝縭。
屏玉軑以蠖畧。
人門行馬。
以拱乎合沓之場。
皮弁大裘。
始進於穹崇之幕。
衝牙鏗鏘以將集。
周衞轇轕而咸若。
月窟黑而扶桑寒。
田燭稠而曉星落。
肅定位以告潔。
藹嚴上而清超。
雲菡萏以張葢。
春葳蕤以建杓。
簪裾斐斐。
樽俎蕭蕭。
方回曲折。
周旋寂寥。
必本於天。
王宮與夜明相射。
動而之地。
山林與川谷俱標。
於是乎官有御。
事有職。
所以敬鬼神。
所以勤稼穡。
所以報本反始。
所以度長立極。
元酒明水之上。
越席疏布之側。
必取先於稻秫麴糱之勤。
必取著於紛純文繡之飾。
雖三牲八簋豐備以相沿。
而蒼璧黃琮實歸乎正色。
先王之丕業繼起。
信可以永其昭配。
㣥望之徧祭在斯。
示有以明其翼戴。
由是播其聲音以陳列。
從乎節奏以進退。
韶夏濩武。
采之於訓謨。
鍾石陶匏。
具之於梗槩。
變方形於動植。
聽宮徵於砰礚。
英華發外。
非因乎筍簴之高。
和順積中。
不在乎雷鼓之大。
既而膟膋挂罥。
柴燎窟塊。
騞砉擘赫。
葩斜晦潰。
電纏風升。
雪颯星碎。
拂勿⿰濙。
眇溟蓯㵏。
聖慮岑寂。
元黃增霈。
蒼生禺卬。
毛髮清籟。
雷公河伯。
咸𩣚騃以修聳。
霜女江妃。
乍紛綸而晻曖。
執紱秉翟。
朱干玉戚。
鼓瑟吹笙。
金支翠旌。
神光倏斂。
祀事虛明。
於是涾𣵺乎渙汙。
紆餘乎經營。
浸朱崖而灑朔漠。
洶暘谷而濡若英。
耆艾涕而童子儛。
叢棘坼而狴牢傾。
是率土之濱。
覃酺醵以涵泳。
非奉郊之縣。
獨宴慰以縱橫。
元澤淡泞乎無極。
殷薦綢繆乎至精。
稽古之時。
屢應符而合契。
聖人有作。
不逆寡而雄成。
爾乃孤卿侯伯。
㣥儒三老。
儼而絕皮軒。
趨帳殿。
稽首曰。
臣聞燧人氏已往。
法度難知。
文質未變。
太昊氏繼天而王。
根啟閉於厥初。
以木傳子。
攄終始而可見。
洎虞夏殷周。
茲煥炳而葱蒨。
秦失之於狼貪蠶食。
漢綴之以虵斷龍戰。
中莽茫茫夫何以從。
聖蓄縮曾不下眷。
伏惟道祖視生靈之磔裂。
醜害馬之蹄齧。
呵五精之息肩。
考正氣之無轍。
協夫貽孫以降。
使之造命更挈。
累聖昭洗。
中祚觸蹶。
氣慘黷乎脂夜之妖。
勢迴薄乎龍蛇之孼。
伏惟陛下勃然憤激之際。
天闕不敢旅拒。
鬼神為之嗚咽。
高衢騰塵。
長劍吼血。
尊卑配。
宇縣刷。
插紫極之將頹。
拾清芬於已缺。
鑪之以仁義。
鍛之以賢哲。
聯祖宗之耿光。
卷夷狄之彯撇。
蓋九五之後。
人人自以遭唐虞。
四十年來。
家家自以為稷卨。
王綱近古而不軌。
天聽貞觀以高揭。
蠢爾差僭。
粲然優劣。
宜其課密於空積忽微。
刊定於興廢繼絕。
而後覩數統從首。
八音六律而惟新。
日起算外。
一字千金而不滅。
上曰吁。
昊天有成命。
惟五聖以受。
我其夙夜匪遑。
宴用素樸以守。
吁嗟乎麟鳳。
胡為乎郊藪。
豈上帝之降鑒及茲。
元元之垂裕於後。
夫聖以百年為鶉鷇。
道以萬物為芻狗。
今何以茫茫臨乎八極。
眇眇託乎㣥后。
端策拂龜於周漢之餘。
緩視濶步於魏晉之首。
斯上古成法。
蓋其人已朽。
不足道也。
於是天子默然而徐思。
終將固之又固之。
意不在抑殊方之貢。
亦不必廣無用之祠。
金馬碧雞。
非理人之術。
珊瑚翡翠。
此一物何疑。
奉郊廟以為寶。
增怵惕以孜孜。
況大庭氏之時。
六龍飛御之歸。

Creation Date: 750年
Location: CN6101
Poem Type: 辭賦",1907,Du Fu (杜甫),750年,有事於南郊賦,辭賦,Classical Chinese,False,True,,
dufu_chunk_3417,dufu_1367107,annotations_context,"Poem: 有事於南郊賦

Scholarly Annotations:
  氵侹",41,Du Fu (杜甫),750年,有事於南郊賦,辭賦,Classical Chinese,,,,1.0
dufu_chunk_3418,dufu_1367108,poem_content,"Poem Title: 封西嶽賦

Poem Text:
維時孟冬。
百工乃休。
上將陟西嶽。
覽八荒。
御白帝之都。
見金天之王。
既刊石乎岱宗。
又合符乎軒皇。
茲事體大。
越不可載已。
先是禮官草具其儀。
各有典司。
俯叶吉日。
欽若神祇。
而千乘萬騎。
已蠖畧佁儗。
屈矯陸離。
唯君所之。
然後拭翠鳳之駕。
開日月之旗。
撞鴻鐘。
發雷輜。
辨格澤之修竿。
決河漢之淋漓。
彍天狼之威弧。
墜魍魎之霏霏。
赤松前驅。
彭祖後馳。
方明夾轂。
昌㝢侍衣。
山靈秉鉞而踉蹡。
海若護蹕而參差。
風馭冉以縱𡾼。
雲螭縒而遲蚭。
地軸軋軋。
殷以下折。
原隰草木。
儼而東飛。
岐梁閃倏。
涇渭反覆。
而天府載萬侯之玉。
尚方具左纛黃屋。
已焜煌於山足矣。
乘輿尚鳴鑾和。
儲精澹慮。
華葢之大角低回。
北斗之七星皆去。
屆蒼山而信宿。
屯絕壁之清曙。
既臻夫陰宮。
犀象硉兀。
戈鋋窸窣。
飄飄蕭蕭。
洶洶如也。
於是太一抱式。
元冥司直。
天子迺宿袚齋。
就登陟。
駢素虬。
超崱屴。
天語祕而不可知。
代欲聞而不可得。
柴燎上達。
神光充塞。
泥金乎菡萏之南。
刻石乎青冥之北。
上意由是茫然。
延降天老。
與之相識。
問太微之所居。
稽上帝之遺則。
颯弭節以徘徊。
撫八紘而黬黑。
忽風翻而景倒。
澹殊狀而異色。
冏若褰袪開帷。
下辨宸極者。
久之。
雲氣蓊以迴複。
山嘑嶪而未息。
祀事孔明。
有嚴有翼。
神保是格。
時萬時億。
爾乃駐飛龍之秋秋。
詔王屬以中休。
覲㣥后於高掌之下。
張大樂於洪河之洲。
芬樹羽林。
莽不可收。
千人舞。
萬人謳。
麒麟踆踆而在郊。
鳳凰蔚跋而來遊。
雷公伐鼓而揮汗。
地祇被震而悲愁。
樂師拊石而具。
發激越乎遐陬。
㣥山為之相峽。
萬穴為之倒流。
又不可得載已。
久而景移樂闋。
上悠然垂思曰。
嗟乎。
余昔歲封泰山。
禪梁父。
以為王者成功。
己纂終古。
嘗覽前史。
至於周穆漢武。
豫遊寥濶。
亦所不取。
惟此西嶽。
作鎮三輔。
非無意乎。
頃者猶恐百姓不足。
人所疾苦。
未暇瘞斯玉帛。
考乃鐘鼓。
是以視嶽於諸侯。
錫神以茅土。
豈惟壯設險於甸服。
報西成之農扈。
亦所以感一念之精靈。
答應時之風雨者矣。
今茲冢宰庶尹。
醇儒碩生僉曰。
黃帝顓頊。
乘龍遊乎四海。
發軔匝乎六合。
竹帛有云。
得非古之聖君。
而泰華最為難上。
故封禪之事。
鬱沒罕聞。
以余在位。
發祥隤祉者。
焉可勝紀。
而不得已。
遂建翠華之旗。
用塞雲臺之議。
矧乎殊方奔走。
萬國皆至。
元元從助。
清廟歔欷也。
臣甫舞手蹈足曰。
大哉爍乎。
真天子之表。
奉天為子者已。
不然。
何數千萬載獨繼軒轅氏之美。
彼七十二君又疇能臻此。
蓋知明主聖罔不克正。
功罔不克成。
放百靈。
歸華清。

Creation Date: 754年
Location: CN6101
Poem Type: 辭賦",1214,Du Fu (杜甫),754年,封西嶽賦,辭賦,Classical Chinese,False,False,,
dufu_chunk_3419,dufu_1367109,poem_content,"Poem Title: 越人獻馴象賦

Poem Text:
倬彼馴象。
毛㣥所推。
特稟靈於荒徼。
思入貢於昌期。
豈不以獻我令辰。
自林邑而來者。
稽之舊史。
在成康而紀之。
一則識王者之無外。
一則見遐方之不遺。
苟形瓌之足偉。
孰路遠之云辭。
於是出豐草。
去長林。
殊狒狒之被格。
異猩猩之就擒。
厲其容也。
故獸伏我力。
和其性也。
故人知我心。
作蠻方之貢。
為上國之琛。
萬國標奇。
名已馳於魏闕。
千年表慶。
價實越於南金。
況乘之便習。
或訛或立。
動高足以巍峩。
引修鼻而噓吸。
塵隨蹤而忽起。
水將飲而迴入。
牙櫛比而槮槮。
眼星翻而熠熠。
中黃雖勇。
力不能加。
蒼舒信奇。
知之莫及。
服我后之皁棧。
光有唐之域邑。
驅之則百獸風馳。
翫之則萬夫雲集。
故其威容足尚。
筋力殊壯。
輪囷而重若旄邱。
贔屭而高如巨防。
執燧奔戰。
牽鉤委貺。
遇之者或驚駭而反行。
覘之者或披靡而遙望。
何斯象之剛克。
兼美義之不忒。
懼有齒而焚軀。
故全身而利國。
縱使牛能任重。
馬有報德。
徒久困於輪轅。
又每傷於銜勒。
豈如我邈自遠藩。
來朝至尊。
辭桂林之小郡。
入閶闔之通門。
負名聞之藉藉。
守馴擾以存誠。
幸投之於芻藳。
豈敢昧於君恩。
Poem Type: 辭賦",545,Du Fu (杜甫),Unknown,越人獻馴象賦,辭賦,Classical Chinese,False,True,,
dufu_chunk_3420,dufu_1367109,annotations_context,"Poem: 越人獻馴象賦

Scholarly Annotations:
  以辭林邑望國門為韻",48,Du Fu (杜甫),Unknown,越人獻馴象賦,辭賦,Classical Chinese,,,,1.0
dufu_chunk_3421,dufu_1367110,poem_content,"Poem Title: 雕賦

Poem Text:
當九秋之淒清。
見一鶚之直上。
以雄才為已任。
橫殺氣而獨往。
梢梢勁翮。
肅肅逸響。
杳不可追。
俊無留賞。
彼何鄉之性命。
碎今日之指掌。
伊鷙鳥之累百。
敢同年而爭長。
此雕之大畧也。
若乃虞人之所得也。
必以氣稟元冥。
陰乘甲子。
河海蕩潏。
風雲亂起。
雪沍山陰。
冰纏樹死。
迷向背於八極。
絕飛走於萬里。
朝無所充腸。
夕違其所止。
頗愁呼而蹭蹬。
信求食而依倚。
用此時而椓杙。
待弋者而綱紀。
表狎羽而潛窺。
順雄姿之所擬。
欻捷來於森木。
固先繫於利觜。
解騰攫而竦神。
開網羅而有喜。
獻禽之課。
數備而已。
及乎閩隸受之也。
則擇其清質。
列在周垣。
揮拘攣之掣曳。
挫豪梗之飛翻。
識畋遊之所使。
登馬上而孤騫。
然後綴以珠飾。
呈於至尊。
摶風槍櫐。
用壯旌門。
乘輿或幸別館。
獵平原。
寒蕪空濶。
霜仗喧繁。
觀其夾翠華而上下。
卷毛血之崩奔。
隨意氣而電落。
引塵沙而晝昬。
豁堵牆之榮觀。
棄功効而不論。
斯亦足重也。
至如千年孼狐。
三窟狡兔。
恃古冢之荊棘。
飽荒城之霜露。
迴惑我往來。
趦趄我場圃。
雖有青骹載角。
白鼻如瓠。
蹙奔蹄而俯臨。
飛迅翼而遐寓。
而料全於果。
見迫寧遽。
屢攬之而㯋脫。
便有若於神助。
是以嘵哮其音。
颯爽其慮。
續下鞲而繚繞。
尚投跡而容與。
奮威逐北。
施巧無據。
方蹉●而就擒。
亦造次而難去。
一奇卒獲。
百勝昭著。
夙昔多端。
蕭條何處。
斯又足稱也。
爾其鶬鵠隝鶂之倫。
莫益於物。
空生此身。
聯拳拾穗。
長大如人。
肉多奚有。
味乃不珍。
輕鷹隼而自若。
託鴻鵠而為鄰。
彼壯夫之慷慨。
假強敵而逡巡。
拉先鳴之異者。
及將起而遄臻。
忽隔天路。
終辭水濱。
寧掩㣥而盡取。
且快意而驚新。
此又一時之俊也。
夫其降精於金。
立骨如鐵。
目通於腦。
筋入於節。
架軒楹之上。
純漆光芒。
掣梁棟之閒。
寒風凜冽。
雖趾蹻千變。
林嶺萬穴。
擊叢薄之不開。
突杈枒而皆折。
此又有觸邪之義也。
久而服勤。
是可呀畏。
必使烏攫之黨。
罷鈔盜而潛飛。
梟怪之㣥。
想英靈而遽墜。
豈比乎虛陳其力。
叨竊其位。
等摩天而自安。
與搶榆而無事者矣。
故不見其用也。
則晨飛絕壑。
暮起長汀。
來雖自負。
去若無形。
置巢嶻嵲。
養子青冥。
倏爾年歲。
茫然闕庭。
莫試鉤爪。
空迴斗星。
眾雛儻割鮮於金殿。
此鳥已將老於巖扃。

Creation Date: 754年
Location: CN6101
Poem Type: 辭賦",1084,Du Fu (杜甫),754年,雕賦,辭賦,Classical Chinese,False,True,,
dufu_chunk_3422,dufu_1367110,annotations_context,"Poem: 雕賦

Scholarly Annotations:
  8BCA",39,Du Fu (杜甫),754年,雕賦,辭賦,Classical Chinese,,,,1.0
dufu_chunk_3423,dufu_1367111,poem_content,"Poem Title: 天狗賦

Poem Text:
瞻華清之莘萃漠漠。
而山殿戌削。
縹焉天風。
崛乎迴薄。
上揚雲旓兮下列猛獸。
夫何天狗嶙峋兮氣獨神秀。
色似狻猊。
小如猿狖。
忽不樂雖萬夫不敢前兮。
非胡人焉能知其去就。
向若鐵柱欹而金鎖斷兮。
事未可救。
瞥流沙而歸月窟兮。
斯豈踰晝。
日食君之鮮肥兮。
性剛而清瘦。
敏於一擲。
威解兩鬬。
終無自私。
必不虛透。
常觀乎副君暇豫。
奉命於畋。
則蚩尤之倫。
已腳渭㦸涇。
提挈邱陵。
與南山周旋。
而慢圍者戮。
實禽有所穿。
伊鷹隼之不制兮。
呵犬豹以相纏。
蹙乾坤之翕習兮。
望麋鹿而飄然。
由是天狗捷來。
發自於左。
頓六軍之蒼黃兮。
劈萬馬以超過。
材官未及唱。
野虞未及和。
冏𩩉矢與流星兮。
圍要害而俱破。
洎千蹄之並集兮。
始拗怒以相賀。
真雄姿之自異兮。
已歷塊而高臥。
不愛力以許人兮。
能絕等以為大。
既而㣥有噉咋。
勢爭割據。
垂小亡而大傷兮。
翻投跡以來預。
劃雷殷而有聲兮。
紛膽破而何遽。
似爪牙之便禿兮。
無魂魄以自助。
各弭耳低徊。
閉目而去。
每歲天子騎白日。
御東山。
百獸踿蹌以皆從兮。
四猛仡銛銳乎其閒。
夫靈物固不合多兮。
胡役役隨此輩而往還。
惟昔西域之遠致兮。
聖人為之豁迎風。
虛露寒。
體蒼螭。
軋金盤。
初一顧而雄材稱是兮。
召㣥公與之俱觀。
宜其立閶闔而吼紫微兮。
却妖孼而不得上干。
時駐君之玉輦兮。
近奉君之渥歡。
使奧處而誰何兮。
備周垣而辛酸。
彼用事之意然兮。
匪至尊之賞闌。
仰千門之崚嶒兮。
覺行路之艱難。
懼精爽之衰落兮。
驚歲月之忽殫。
顧同儕之甚少兮。
混非類以摧殘。
偶快意於校獵兮。
尤見疑於蹻捷。
此乃獨步受之於天兮。
孰知㣥材之所不接。
且置身之暴露兮。
遭縱觀之稠謺。
俗眼空多。
生涯未愜。
吾君倘憶耳尖之有長毛兮。
寧久被斯人終日馴狎已。

Creation Date: 747年
Location: CN6101
Poem Type: 辭賦",847,Du Fu (杜甫),747年,天狗賦,辭賦,Classical Chinese,False,False,,
dufu_chunk_3424,dufu_1367112,poem_content,"Poem Title: 乾元元年華州試進士策問五首

Poem Text:
問。
古之山林藪澤之地。
各以肥磽多少為差。
故供甲兵士徒之役。
府庫賜與之用。
給郊廟宗社之祀。
奉養祿食之出。
辨乎名物。
存乎有司。
是謂公賦知歸。
地著不撓者已。
今聖朝紹宣王中興之洪業於上。
庶尹備山甫補衮之能事於下。
而東寇猶小梗。
率土未甚闢。
總彼賦稅之獲。
盡贍軍旅之用。
是官御之舊典闕矣。
人神之攸序乖矣。
欲使軍旅足食。
則賦稅未能充備矣。
欲將誅求不時。
則黎元轉罹於疾苦矣。
子等以待問之實。
知新之明。
觀志氣之所存。
於應對乎何有。
佇渴救敝之通術。
願聞強學之所措。
意蓋在此矣。
得遊說乎。

Creation Date: 758年
Location: CN610521
Poem Type: 文",354,Du Fu (杜甫),758年,乾元元年華州試進士策問五首,文,Classical Chinese,False,False,,
dufu_chunk_3425,dufu_1367113,poem_content,"Poem Title: 乾元元年華州試進士策問五首

Poem Text:
問。
國有軺車。
廬有飲食。
古之按風俗。
遣使臣。
在王官之一守。
得馳傳而分命。
蓋地有要害。
郊有遠近。
供給之比。
省費相懸。
今茲華惟襟帶。
關逼輦轂。
行人受辭於朝夕。
使者相望於道路。
屬年歲無蓄積之虞。
職司有愁痛之歎。
況軍書未絕。
王命急宣。
插羽先翥於騰鷹。
敝帷不供於埋馬。
豈芻粟之勤獨爾。
實驂騑之價闕如。
人主之軫念。
屢及於茲。
邦伯之分憂。
何嘗敢怠。
乞恩難再。
近日已降水衡之錢。
積骨頗多。
無暇更入燕王之市。
欲使輶軒有喜。
主客合宜。
閭閻罷杼軸之嗟。
官吏得從容之計。
側佇嘉論。
當聞濟時。

Creation Date: 758年
Location: CN610521
Poem Type: 文",360,Du Fu (杜甫),758年,乾元元年華州試進士策問五首,文,Classical Chinese,False,False,,
dufu_chunk_3426,dufu_1367114,poem_content,"Poem Title: 乾元元年華州試進士策問五首

Poem Text:
問。
通道陂澤。
隨山濬川。
經啟之理。
疏奠之術。
抑有可觀。
其來尚矣。
初聖人盡力溝洫。
有國作為隄防。
洎後代控引淮海。
漕通涇渭。
因舟楫之利。
達倉庾之儲。
又賴此而殷。
亦行之自久。
近者有司相土。
決彼支渠。
既潰渭而亂河。
竟功多而事寢。
人實勞止。
岸乃善崩。
遂使委輸之勤。
中道而棄。
今軍用蓋寡。
國儲未贍。
雖遠方之粟大來。
而助挽之車不給。
是以國朝仗彼天使。
徵茲水工。
議下淇園之竹。
更鑿商顏之井。
又恐煩費居多。
績用莫立。
空荷成雲之鍤。
復擁填淤之泥。
若然。
則舟車之用。
大小相妨矣。
軍國之食。
轉致或闕矣。
矧夫人烟尚稀。
牛力不足者已。
子等飽隨時之要。
挺賓王之資。
副乎求賢。
敷厥讜議。

Creation Date: 758年
Location: CN610521
Poem Type: 文",413,Du Fu (杜甫),758年,乾元元年華州試進士策問五首,文,Classical Chinese,False,False,,
dufu_chunk_3427,dufu_1367115,poem_content,"Poem Title: 乾元元年華州試進士策問五首

Poem Text:
問。
足食足兵。
先哲雅誥。
蓋有兵無食。
是謂棄之。
致能掉鞅靡旌。
斯可用矣。
況寇猶作梗。
兵不可去。
日聞將軍之令。
親覩司馬之法。
闕中之卒未息。
灞上之營何遠。
近者鄭南訓練。
城下屯集。
瞻彼三千之徒。
有異什一而稅。
竊見明發教以戰鬬。
亭午放其庸保。
課乃菽麥。
以為尋常。
夫悅以使人。
是能用古。
伊歲則云暮。
實慮休止。
未卜及瓜之還。
交比翳桑之餓。
㣥有司自救不暇。
二三子謂之何哉。

Creation Date: 758年
Location: CN610521
Poem Type: 文",297,Du Fu (杜甫),758年,乾元元年華州試進士策問五首,文,Classical Chinese,False,False,,
dufu_chunk_3428,dufu_1367116,poem_content,"Poem Title: 乾元元年華州試進士策問五首

Poem Text:
問。
昔唐堯之為君也。
則天之大。
敬授人時。
十六升自唐侯者已。
昔帝舜之為臣也。
舉禹之功。
克平水土。
三十登為天子者已。
本之以文思聰明。
加之以勞身焦思。
既睦九族。
協和萬邦。
黜去四兇。
舉十六相。
故五帝之後。
傳載唐虞之美。
無德而稱焉。
易曰君子終日乾乾。
詩曰文王小心翼翼。
竊觀古人之聖哲。
未有不以君唱於上。
臣和於下。
致乎人和年豐。
成乎無為而理者也。
主上躬純孝之聖。
樹非常之功。
內則拳拳然事親如有闕。
外則悸悸然求賢如不及。
伊百姓不知帝力。
庶官但恭已而已。
寇孼未平。
咎徵之至數也。
倉廩未實。
物理之固然也。
今大軍虎步。
列國鶴立。
山東之諸將雲合。
淇上之捷書日至。
二三子議論宏正。
詞氣高雅。
則遺祲盪滌之後。
聖朝砥礪之辰。
雖遭明主。
必致之於堯舜。
降及元輔。
必要之於稷卨。
驅蒼生於仁壽之域。
反淳樸於羲皇之上。
自古哲王立極。
大臣為體。
眇然坦途。
利往何順。
子有說否。
庶復見子之志。
豈徒瑣瑣射策。
趨競一第哉。
頃之問孝秀。
取備尋常之對。
多忽經濟之體。
考諸詞學。
自有文章在。
策以徵事。
曷成凡例焉。
今愚之粗徵。
貴切時務而已。
夫時患錢輕。
以至於量資幣權子母。
代復改鑄。
或行乎前榆莢後契刀。
當此之際。
百姓蒙利厚薄。
何人所制輕重。
又穀者。
所以阜俗康時聚人守位者也。
下至十室之邑。
必有千鍾之藏。
苟凶穰以之。
貴賤失度。
雖封丞相而猶困。
侯大農而謂何。
是以繼絕表微。
無或區分踰越。
蒙實不敏。
仁遠何哉。

Creation Date: 758年
Location: CN610521
Poem Type: 文",748,Du Fu (杜甫),758年,乾元元年華州試進士策問五首,文,Classical Chinese,False,False,,
dufu_chunk_3429,dufu_1367117,poem_content,"Poem Title: 進三大禮賦表

Poem Text:
臣甫言。
臣生長陛下淳樸之俗。
行四十載矣。
與麋鹿同㣥而處。
浪跡於陛下豐草長林。
實自弱冠之年矣。
豈九州牧伯不歲貢豪俊於外。
豈陛下明詔不仄席思賢於中哉。
臣之愚頑。
靜無所取。
以此知分。
沈埋盛時。
不敢依違。
不敢激訏。
默以漁樵之樂。
自遣而已。
頃者賣藥都市。
寄食朋友。
竊慕堯翁擊壤之謳。
適遇國家郊廟之禮。
不覺手足蹈舞。
形於篇章。
潄吮甘液。
游泳和氣。
聲韻寖廣。
卷軸斯存。
抑亦古詩之流。
希乎述者之意。
然詞理野質。
終不足以拂天聽之崇高。
配史籍以永久。
恐倏先狗馬。
遺恨九原。
謹稽首投延恩匭。
獻納上表。
進明主朝獻太清宮朝享太廟有事於南郊等三賦以聞。
臣甫誠惶誠恐頓首頓首。
謹言。

Creation Date: 750年12月
Location: CN6101
Poem Type: 文",398,Du Fu (杜甫),750年12月,進三大禮賦表,文,Classical Chinese,False,False,,
dufu_chunk_3430,dufu_1367118,poem_content,"Poem Title: 進封西嶽賦表

Poem Text:
臣甫言。
臣本杜陵諸生。
年過四十。
經術淺陋。
進無補於明時。
退常困於衣食。
蓋長安一匹夫耳。
頃歲國家有事於郊廟。
幸得奏賦。
待制於集賢。
委學官試文章。
再降恩澤。
仍猥以臣名實相副。
送隸有司。
參列選序。
然臣之本分。
甘棄置永休。
望不及此。
豈意頭白之後。
竟以短篇隻字。
遂曾聞徹宸極。
一動人主。
是臣無負於少小多病貧窮好學者已。
在臣光榮。
雖死萬足。
至於仕進。
非敢望也。
日夜憂迫。
復未知何以上答聖慈。
明臣子之効。
況臣常有肺氣之疾。
恐忽復先草露塗糞土。
而所懷冥寞。
孤負皇恩。
敢攄竭憤懣。
領畧丕則。
作封西嶽賦一首以勸。
所覬明主覽而留意焉。
先是御製西嶽碑文之卒章曰。
待余安人治國。
然後徐思其事。
此蓋陛下之至謙也。
今茲人安是已。
今茲國富是已。
況符瑞翕集。
福應交至。
何翠華之脈脈乎。
維嶽固陛下本命。
以永嗣業。
維嶽授陛下元弻。
克生司空。
斯又不可以寢已。
伏惟天子霈然留意焉。
春將披圖視典。
冬乃展采錯事。
日尚浩濶。
人匪勞止。
庶可試哉。
微臣不任區區懇到之極。
謹詣延恩匭獻納奉表進賦以聞。
臣甫誠惶誠恐頓首頓首。
謹言。

Creation Date: 754年
Location: CN6101
Poem Type: 文",580,Du Fu (杜甫),754年,進封西嶽賦表,文,Classical Chinese,False,False,,
dufu_chunk_3431,dufu_1367119,poem_content,"Poem Title: 進雕賦表

Poem Text:
臣甫言。
臣之近代陵夷。
公侯之貴磨滅。
鼎銘之勳。
不復照耀於明時。
自先君恕預以降。
奉儒守官。
未墜素業矣。
亡祖故尚書膳部員外郎先臣審言。
修文於中宗之朝。
高視於藏書之府。
故天下學士。
到於今而師之。
臣幸賴先臣緒業。
自七歲所綴詩筆。
向四十載矣。
約千有餘篇。
今賈馬之徒。
得排金門上玉堂者甚眾矣。
惟臣衣不蓋體。
常寄食於人。
奔走不暇。
只恐轉死溝壑。
安敢望仕進乎。
伏惟明主哀憐之。
倘使執先祖之故事。
拔泥塗之久辱。
則臣之述作。
雖不足以鼓吹六經。
先鳴數子。
至於沈鬱頓挫。
隨時敏捷。
而揚雄枚皋之流。
庶可跂及也。
有臣如此。
陛下其舍諸。
伏惟明主哀憐之。
無令役役便至於衰老也。
臣甫誠惶誠恐頓首頓首死罪死罪。
臣以為雕者。
鷙鳥之殊特。
搏擊而不可當。
豈但壯觀於旌門。
發狂於原隰。
引以為類。
是大臣正色立朝之義也。
臣竊重其有英雄之姿。
故作此賦。
實望以此達於聖聰耳。
不揆蕪淺。
謹投延恩匭進表獻賦以聞。
謹言。

Creation Date: 754年
Location: CN6101
Poem Type: 文",512,Du Fu (杜甫),754年,進雕賦表,文,Classical Chinese,False,False,,
dufu_chunk_3432,dufu_1367120,poem_content,"Poem Title: 為夔府柏都督謝上表

Poem Text:
臣某言。
伏奉今月某日制。
授臣某官。
臣某祗拜休命。
內顧殞越。
策駑馬之力。
冒累踐之寵。
自數勳力。
萬無一稱。
再三怵惕。
流汗至踵。
謹以某月日到任上訖。
臣某誠戰誠懼頓首頓首死罪死罪。
伏惟陛下以君父任使之久。
掩臣子不逮之過。
就其小效。
復分深憂。
察臣劒南區區恐失臣節如彼。
加臣頻煩階級鎮守要衝如此。
勉勵疲鈍。
伏揚陛下之聖德。
愛惜陛下之百姓。
先之以易。
閒之以樂業。
均之以賦斂。
終之以敦勸。
然後畢禁將士之暴。
宏洽主客之宜。
示以刑典難犯之科。
寬以困窮計無所出。
哀今之人。
庶古之道。
內救惸獨。
外攘師寇。
上報君父。
曲盡庸拙之分。
下循臣子。
勤補失墜之目。
灰粉骸骨。
以備守官。
伏惟恩慈。
胡忍容易。
愚臣之願也。
明主之望也。
限以所領。
未遑謁對。
無任兢灼之極。
謹遣某官奉表馳謝以聞。
臣誠喜誠懼死罪死罪。

Creation Date: 766年
Location: CN500236
Poem Type: 文",469,Du Fu (杜甫),766年,為夔府柏都督謝上表,文,Classical Chinese,False,False,,
dufu_chunk_3433,dufu_1367121,poem_content,"Poem Title: 為閬州王使君進論巴蜀安危表

Poem Text:
臣某言。
伏自陛下平山東。
收燕薊。
洎海隅萬里。
百姓感動。
喜王業再康。
瘡痏蘇息。
陛下明聖。
社稷之靈。
以至於此。
然河南河北。
貢賦未入。
江淮轉輸。
異於曩時。
惟獨劒南自用兵以來。
稅斂則殷。
部領不絕。
瓊林諸庫。
仰給最多。
是蜀之土地膏腴。
物產繁富。
足以供王命也。
近者賊臣惡子。
頻有亂常。
巴蜀之人。
橫被煩費。
猶相勸勉。
充備百役。
不敢怨嗟。
吐蕃今下松維等州。
成都已不安矣。
楊琳師再脅普合。
禺禺兩川。
不得相救。
百姓騷動。
未知所裁。
況臣本州。
山南所管。
初置節度。
庶事草創。
豈暇力及東西兩川矣。
伏願陛下聽政之餘。
料巴蜀之理亂。
審救援之得失。
定兩川之異同。
問分管之可否。
度長計大。
速以親賢出鎮。
哀罷人以安反仄。
犬戎侵軼。
㣥盜窺伺。
庶可遏矣。
而三蜀天府也。
徵取萬計。
陛下忍坐見其狼狽哉。
不即為之。
臣竊恐蠻夷得恣屠割耳。
實為陛下有所痛惜。
必以親王委之節鉞。
此古之維城磐石之計明矣。
陛下何疑哉。
在近擇親賢。
加以醇厚明哲之老。
為之師傅。
則萬無覆敗之跡。
又何疑焉。
其次付重臣舊德。
智畧經久。
舉事允愜。
不隕穫於蒼黃之際。
臨危制變之明者。
觀其樹勳庸於當時。
扶泥塗於已墜。
整頓理體。
竭露臣節。
必見方面小康也。
今梁州既置節度。
與成都足以久遠相應矣。
東川更分管數州於內。
幕府取給。
破敝滋甚。
若兵馬悉付西川。
梁州益坦為聲援。
是重斂之下。
免至多門。
西南之人。
有活望矣。
必以戰伐未息。
勢資多軍。
應須遣朝廷任使舊人。
授之使節。
留後之寄。
綿歷歲時。
非所以塞眾望也。
臣於所守封界。
連接梓州。
正可為成都東鄙。
其中別作法度。
亦不足成要害哉。
徒擾人矣。
伏惟明主裁之。
又天下徵收。
赦文減省軍用外。
諸色雜賦名目。
伏願損之又損之。
劒南諸州。
亦困而復振矣。
將相之任。
內外交遷。
西川分壼。
以仗賢俊。
愚臣特望以親王總戎者。
意在根固流長。
國家萬代之利也。
敢輕易而言。
次請慎擇重臣。
亦願任使舊人。
鎮撫不缺。
借如犬戎俶擾。
臣素知之。
臣之兄承訓。
自沒蕃以來。
長望生還。
偽親信於贊普。
探其深意。
意者報復摩彌青海之役決矣。
同謀誓眾於前後沒落之徒。
曲成翻動。
陰合應接。
積有歲時。
每漢使回蕃使至。
帛書隱語。
累嘗懇論。
臣皆進封上聞。
屢達臣兄承訓憂國家緣邊之急。
願亦勤矣。
況臣本隨兄在蜀。
向二十年。
兄既辱身蠻夷。
相見無日。
臣比未忍離蜀者。
望兄消息時通。
所以戮力邊隅。
累踐班秩。
補拙之分淺。
待罪之日深。
蜀之安危。
敢竭聞見。
臣子之義。
貴有所盡於君親。
愚臣迂濶之說。
萬一少裨聖慮。
遠人之福也。
愚臣之幸也。
昨竊聞諸道路。
云吐蕃已來。
草竊岐隴。
逼近咸陽。
似是之閒。
憂憤隕迫。
益增尸祿寄重之懼。
寤寐報効之懇。
謹冒死具巴蜀成敗形勢。
奉表以聞。

Creation Date: 764年
Location: CN511381
Poem Type: 文",1320,Du Fu (杜甫),764年,為閬州王使君進論巴蜀安危表,文,Classical Chinese,False,False,,
dufu_chunk_3434,dufu_1367122,poem_content,"Poem Title: 奉謝口勅放三司推問狀

Poem Text:
右。
臣甫智識淺昧。
向所論事。
涉近激訐。
違忤聖旨。
既下有司。
具已舉劾。
甘從自棄。
就戮為幸。
今日已時。
中書侍郎平章事張鎬奉宣口勅。
宜放推問。
知臣愚戅。
赦臣萬死。
曲成恩造。
再賜骸骨。
臣甫誠頑誠蔽死罪死罪。
臣以陷身賊庭。
憤惋成疾。
實從間道。
獲謁龍顏。
猾逆未除。
愁痛難過。
猥厠衮職。
願少裨補。
竊見房琯以宰相子。
少自樹立。
晚為醇儒。
有大臣體。
時論許琯必位至公輔。
康濟元元。
陛下果委以樞密。
眾望甚允。
觀琯之深念主憂。
義形於色。
况畫一保泰。
素所蓄積者。
已而琯性失於簡。
酷嗜鼓琴。
董庭蘭今之琴工。
遊琯門下有日。
貧病之老。
依倚為非。
琯之愛惜人情。
一至於玷汙。
臣不自度量。
歎其功名未垂。
而志氣挫衂。
覬望陛下棄細錄大。
所以冒死稱述。
何思慮始竟。
闕於再三。
陛下貸以仁慈。
憐其懇到。
不書狂狷之罪。
復解網羅之急。
是古之深容直臣。
勸勉來者之意。
天下幸甚。
天下幸甚。
豈小臣獨蒙全軀。
就列待罪而已。
無任先懼後喜之至。
謹詣閣門進狀奉謝以聞。
謹進。

Creation Date: 757年6月1日
Location: CN610322
Poem Type: 文",560,Du Fu (杜甫),757年6月1日,奉謝口勅放三司推問狀,文,Classical Chinese,False,False,,
dufu_chunk_3435,dufu_1367123,poem_content,"Poem Title: 為遺補薦岑參狀

Poem Text:
宣議郎試大理評事攝監察御史賜緋魚袋岑參。
右。
臣等竊見岑參識度清遠。
議論雅正。
佳名早立。
時輩所仰。
今諫諍之路大開。
獻替之官未備。
恭惟近侍。
實藉茂材。
臣等謹詣閣門奉狀陳薦以聞。
伏聽進止。

Creation Date: 757年6月12日
Location: CN610322
Poem Type: 文",192,Du Fu (杜甫),757年6月12日,為遺補薦岑參狀,文,Classical Chinese,False,False,,
dufu_chunk_3436,dufu_1367124,poem_content,"Poem Title: 為華州郭使君進滅殘寇形勢圖狀

Poem Text:
右。
臣竊以逆賊束身檻中。
奔走無路。
尚假餘息。
蟻聚苟活之日久。
陛下猶覬其匍匐相率。
降款盡至。
廣務寬大之本。
用明惡殺之德。
故大軍雲合。
蔚然未進。
上以稽王師有征無戰之義。
下以成古先聖哲之用心。
茲事元遠。
非愚臣所測。
臣聞易載隨時。
不俟終日。
先王之用刑也。
抑亦小者肆諸市朝。
大者陳諸原野。
今殘孼雖窮蹙日甚。
自救不暇。
尚慮其逆帥望秋高馬肥之便。
蓄突圍拒轍之謀。
大軍不可空勤轉輸之粟。
諸將宜窮掎角之進。
頃者河北初收數州。
思明降表繼至。
實為平盧兵馬。
在賊左脅。
賊動靜乏利。
制不由已。
則降附可知。
今大軍盡離河北。
逆黨意必寬縱。
若萬一軼畧河縣。
草竊秋成。
臣伏請平盧兵馬及許叔冀等軍鄆州西北渡河。
先衝收魏。
或近軍志避實擊虛之義也。
伏惟陛下圖之。
遣李銑殷仲卿孫青漢等軍邐迤渡河佐之。
收其貝博。
賊之精銳。
撮在相魏衞之州。
賊用仰魏而給。
賊若抽其銳卒渡河救魏博。
臣則請朔方伊西北庭等軍渡沁水收相衞。
賊若迴戈距我兩軍。
臣又請郭口祁縣等軍驀嵐馳屯據林慮縣界。
候其形勢漸進。
又遣李廣琛魯炅等軍進渡河。
收黎陽臨河等縣。
相與出入掎角。
逐便撲滅。
則慶緒之首。
可翹足待之而已。
是亦恭行天罰。
豈在王師必無戰哉。
愚臣聞見淺狹。
承乏待罪。
未精慎固之守。
輕議擒縱之術。
抑臣之夢寐。
貴有裨益。
謹進前件圖如狀。
伏聽進止。
乾元元年七月日。
某官臣狀進。

Creation Date: 758年7月
Location: CN610521
Poem Type: 文",708,Du Fu (杜甫),758年7月,為華州郭使君進滅殘寇形勢圖狀,文,Classical Chinese,False,False,,
dufu_chunk_3437,dufu_1367125,poem_content,"Poem Title: 唐興縣客館記

Poem Text:
中興之四年。
王潛為唐興宰。
修厥政事。
始自𩻴寡惸獨。
而和其封內。
非侮循循。
不畏險膚。
而行而一。
咨於官屬於㣥吏於眾庶曰。
邑中之政。
庶幾繕完矣。
惟賓館上漏下濕。
吾人猶不堪其居。
以容四方賓。
賓其謂我何。
改之重勞。
我其謂人何。
咸曰。
誕事至濟厥載。
則達觀于大壯。
作之閈閎。
作之堂構。
以永圖崇高廣大。
踰越傳舍。
通梁直走。
嵬將墜壓。
素柱上承。
安若泰山。
兩傍序開。
發洩霜露。
潛靜深矣。
步櫩復霤。
萬瓦在後。
匪丹雘為實。
疏達為迴廊。
南注又為覆廊。
以容介行人。
亦如正館。
制度小劣。
直左階而東。
封殖修竹茂樹。
挾右階於南。
環廊又注。
亦可以行步。
風雨不易。
謀而集事。
邑無妨工。
亦無匱財。
人不待子來。
定不待方中矣。
宿息井樹。
或相為賓。
或與之毛。
天子之使至。
則曰邑有人焉。
某無以栗階。
州長之使至。
則曰某非敢賓也。
子無所用俎。
四方之使至。
則曰子貺某多矣。
敢辭贄。
或曰。
明府君之侈也。
何以為人。
皆曰。
我公之為人也。
何以侈。
子徒見賓館之近夫厚。
不知其私室之甚薄。
器物未備。
力取諸私室。
人民不知賦斂。
乃至於館之醯醢闕。
出於私廚。
使之乘駟闕。
辦於私廏。
君豈為亭長乎。
是躬親也。
若館宇不修。
而觀臺榭是好。
賓至無所納其車。
或浩蕩無所措手足。
獲高枕乎。
其誰不病吾人矣。
疵瑕忽生。
何以為之。
是道也施舍。
不幾乎先覺矣。
杜之友朋嘆曰。
美哉。
是館也成。
人不知。
人不怒。
廨署之福也。
府君之德也。
府君曰。
古有之也。
非吾有也。
余何能為。
是亦前州府君崔公之命也。
余何能為。
是日辛丑歲秋分。
大餘二。
小餘二千一百八十八。
杜氏之老記已。

Creation Date: 761年
Location: CN510921
Poem Type: 文",821,Du Fu (杜甫),761年,唐興縣客館記,文,Classical Chinese,False,False,,
dufu_chunk_3438,dufu_1367126,poem_content,"Poem Title: 前殿中侍御史柳公紫微仙閣畫太一天尊圖文

Poem Text:
石鼈老放神乎始清之天。
遊目乎浩劫之家。
泠泠然馭乎風。
熙熙然登乎臺。
進而俯乎寒林。
退而極乎延閣。
見龍虎日月之君。
亘乎竦梁。
塞乎高壁。
骨者鬣者。
皙者黝者。
視遇之間。
若嚴寇敵者已。
伊四司五帝天之徒。
青節崇然。
綠輿駢然。
仙官洎鬼官無央數眾。
陽者近。
陰者遠。
俱浮空不定。
目所向如一。
蓋知北闕帝君之尊。
端拱侍衛之內。
于天上最貴矣。
已而左元之屬吏三洞弟子某進曰。
經始繢事。
前柱下史河東柳涉職是樹善。
損於而家。
憂於而國。
剝私室之匱。
渴蒸人之安。
志所至也。
請梗概帝君救護之慈。
朝拜之功。
曰。
若人存思我主籙。
生之根。
死之門。
我則制伏妖之興。
毒之騰。
凡今之人。
反側未濟。
柳氏柱史也。
立乎老君之後。
獲隱嘿乎。
忍塗炭乎。
先生與道而遊。
與學而遊。
可上以昭太一之神威于下。
下以昭柱史之告訴于上。
玉京之用事也。
率土之發祥也。
惡乎寢而。
庸詎仰而。
先生藐然若往。
頹然而止。
曰噫。
夫鳥亂於雲。
魚亂於河。
獸亂於山。
是罼弋釣罟削格之智生。
是機變退邀攫拾之智極。
故自黃帝已下。
干戈崢嶸。
流血不乾。
骨蔽平原。
乖氣橫放。
淳風不返。
雖書載蠻夷率服。
詩稱徐方既來。
許其慕中夏。
與夫容成中央氏尊盧氏輩結繩而已。
百姓至死不相往來。
茲茂德困矣。
矧賢主趣之而不及。
庸主聞之而不曉。
浩穰崩蹙。
數千古哉。
至使世之仁者。
蒿目而憂世之患。
有是夫。
今聖主誅干紀。
康大業。
物尚疵癘。
戰爭未息。
必揆當世之變。
日慎一日。
眾之所惡與之惡。
眾之所善與之善。
勅有司寬政去禁。
問疾薄斂。
修其土田。
險其走集。
以此馭賊臣惡子。
自然百祥攻。
百異有漸。
天下洶洶。
何其撓哉。
已登乎種種之民。
舍夫啍啍之意。
是巍巍乎北闕帝君者。
肯不乘道腴。
卷黑簿。
詔北斗削死。
南斗注生。
與夫圓首方足。
施及乎蠢蠕之蟲。
肖翹之物。
盡驅之更始。
何病乎不得如昔在太宗之時哉。
石鼈老畢辭。
三洞弟子某又某。
靜如得。
動如失。
久而卻走。
不敢貳問。

Creation Date: 758年
Location: CN6101
Poem Type: 文",968,Du Fu (杜甫),758年,前殿中侍御史柳公紫微仙閣畫太一天尊圖文,文,Classical Chinese,False,False,,
dufu_chunk_3439,dufu_1367128,poem_content,"Poem Title: 東西兩川說

Poem Text:
聞西山漢兵。
食糧者四千人。
皆關輔山東勁卒。
多經河隴幽朔教習。
慣於戰守。
人人可用。
兼羌堪戰子弟。
向二萬人。
實足以備邊守險。
脫南蠻侵掠。
卭雅子弟不能獨制。
但分漢勁卒助之。
不足撲滅。
是吐蕃馮陵。
本自足支也。
㩁量西山卭雅兵馬卒叛援形勝明矣。
頃三城失守。
罪在職司。
非兵之過也。
糧不足故也。
今此輩見闕兵馬使。
八州素歸心於其世襲刺史。
獨漢卒自屬裨將主之。
竊恐備吐蕃在羌漢兵小昵。
而釁隙隨之矣。
况軍須不足。
姦吏減剝未已哉。
愚以為宜速擇偏裨主之。
主之勢。
明其號令。
一其刑賞。
甲其哀恤。
致其懽忻。
宜先自羌子弟始。
自漢兒易解人意。
而優勸旬月。
大浹洽矣。
仍使兵羌各繫其部落。
刺史得自教閱。
都受統於兵馬使。
更不得使八州都管。
或在一羌王。
或都關一世襲刺史。
是羌之豪族。
發源有遠近。
世封有豪家。
紛然聚藩落之議於中。
肆與奪之權於外。
已然則備守之根危矣。
又何以藉其為本。
式遏雪嶺之西哉。
比羌族封王者。
初以拔城之功得。
今城失矣。
襲王如故。
總統未已。
余諸董攘臂何。
王尹之獄是矣。
田策嗣羌王。
關王氏舊親。
西董族最高。
怨望之勢然矣。
誠於此時便宜聞上。
使各自統領。
不須王區分易制。
然後都靜聽。
取別於兵馬使。
不益元戎氣壯。
部落無語。
或縱一部落怨。
獲㣥部落喜矣。
無爽如此處分。
豈惟卭南不足憂。
八州之人願賈勇。
復取三城不日矣。
幸急擇公所素諳明了將。
正色遣之。
獠賊內編屬自久。
數擾。
背亦自久。
徒惱人耳。
憂慮蓋不至大。
昨聞受鐵券。
爵祿隨之。
今聞已小動。
為之奈何。
若不先招諭也。
穀貴人愁。
春事又起。
緣邊耕種。
即發精卒討之甚易。
恐賊星散於窮谷深林。
節度兵馬。
但驚動緣邊之人。
供給之外。
未見免刧掠。
而還賃其地。
豪族兼有其地而轉富。
蜀之土肥。
無耕之地。
流冗之輩。
近者交互其鄉村而已。
遠者漂寓諸州縣而已。
實不離蜀也。
大抵祇與兼并豪家力田耳。
但鈞畝薄斂。
則田不荒。
以此上供王命。
下安疲人。
可矣。
豪族轉安。
是否非蜀仍禁豪族受賃罷人田。
管內最大。
誅求宜約。
富家辦而貧家創痍已深矣。
今富兒非不緣子弟職掌。
盡在節度衙府州縣官長手下哉。
村正雖見面。
不敢示文書取索。
非不知其家處。
獨知貧兒家處。
兩川縣令刺史有權攝者。
須盡罷免。
苟得賢良。
不在正授權。
在進退聞上而已。

Creation Date: 764年
Location: CN5101
Poem Type: 文",1099,Du Fu (杜甫),764年,東西兩川說,文,Classical Chinese,False,False,,
dufu_chunk_3440,dufu_1367129,poem_content,"Poem Title: 雜述

Poem Text:
杜子曰。
凡今之代。
用力為賢乎。
進賢為賢乎。
進賢賢乎。
則魯之張叔卿孔巢父二才士者。
聰明深察。
博辯閎大。
固必能伸於知已。
令聞不已。
任重致遠。
速於風飇也。
是何面目黧黑。
常不得飯飽喫。
曾未得富家奴。
茲敢望縞衣乘軒乎。
豈東之諸侯深拒於汝乎。
豈新令尹之人未汝之知也。
由天乎。
有命乎。
雖岑子薛子引知名之士月數十百。
填爾逆旅請誦詩。
浮名耳。
勉之哉。
勉之哉。
夫古之君子。
知天下之不可蓋也。
故下之。
知眾人之不可先也。
故後之。
嗟乎叔卿。
遣辭工於猛健放蕩。
似不能安排者。
以我為聞人而已。
以我為益友而已。
叔卿靜而思之。
嗟乎巢父。
執雌守常。
吾無所贈若矣。
泰山冥冥崪以高。
泗水潾潾瀰以清。
悠悠友生。
復何時會于王鎬之京。
載飲我濁酒。
載呼我為兄。
Poem Type: 文",390,Du Fu (杜甫),Unknown,雜述,文,Classical Chinese,False,False,,
dufu_chunk_3441,dufu_1367130,poem_content,"Poem Title: 說旱

Poem Text:
周禮。
司巫若國大旱。
則率巫而舞雩。
傳曰。
龍見而雩。
謂建已之月。
蒼龍宿之體。
昏見東方。
萬物待雨甚大。
故祭天。
遠為百穀祈膏雨也。
今蜀自十月不雨。
月旅建卯。
非雩之時。
奈久旱何。
得非獄吏只知禁繫。
不知疏決。
怨氣積。
寃氣盛。
亦能致旱。
是何川澤之乾也。
塵霧之塞也。
行路皆菜色也。
田家其愁痛也。
自中丞下車之初。
軍郡之政。
罷弊之俗。
已下手開濟矣。
百事冗長者。
又以革削矣。
獨獄囚未聞處分。
豈次第未到。
為獄無濫繫者乎。
穀者百姓之本。
百役是出。
况冬麥黃枯。
春種不入。
公誠能暫輟諸務。
親問囚徒。
除合死者之外。
下筆盡放。
使囹圄一空。
必甘雨大降。
但怨氣消。
則和氣應矣。
躬自疏決。
請以兩縣及府繫為始。
管內東西兩川。
各遣一使。
兼委刺史縣令對巡使同疏決。
如兩縣及府等囚例處分。
眾人之望也。
隨時之義也。
昔貞觀中。
歲大旱。
文皇帝親臨長安萬年二赤縣決獄。
膏雨滂足。
即嶽鎮方面歲荒札。
皆連帥大臣之務也。
不可忽。
凡今徵求無名數。
又耆老合侍者。
兩川侍丁得異常丁乎。
不殊常丁賦斂。
是老男老女死日短促也。
國有養老。
公遽遣吏存問其疾苦。
亦和氣合應之義也。
時雨可降之徵也。
愚以為至仁之人。
常以正道應物。
天道遠。
去人不遠。

Creation Date: 762年
Location: CN5101
Poem Type: 文",633,Du Fu (杜甫),762年,說旱,文,Classical Chinese,False,False,,
dufu_chunk_3442,dufu_1367131,poem_content,"Poem Title: 秋述

Poem Text:
秋。
杜子臥病長安旅次。
多雨生魚。
青苔及榻。
常時車馬之客。
舊雨來。
今雨不來。
昔襄陽龐德公至老不入州府。
而揚子雲草元寂寞。
多為後輩所褻。
近似之矣。
嗚呼。
冠冕之窟。
名利卒卒。
雖朱門之塗泥。
士子不見其泥。
矧抱疾窮巷之多泥乎。
子魏子獨踽踽然來。
汗漫其僕夫。
夫又不假蓋。
不見我病色。
適與我神會。
我棄物也。
四十無位。
子不以官遇我。
知我處順故也。
子挺生者也。
無矜色。
無邪氣。
必見用。
則風后力牧是已。
於文章。
則子游子夏是巳。
無邪氣故也。
得正始故也。
噫。
所不至於道者。
時或賦詩如曹劉。
談話及衞霍。
豈少年壯志。
未息俊邁之機乎。
子魏子今年以進士調選。
名隸東天官。
告余將行。
既縫裳。
既聚糧。
東人怵惕。
筆札無敵。
謙謙君子。
若不得已。
知祿仕此始。
吾黨惡乎無述而止。

Creation Date: 751年
Location: CN6101
Poem Type: 文",446,Du Fu (杜甫),751年,秋述,文,Classical Chinese,False,False,,
dufu_chunk_3443,dufu_1367132,poem_content,"Poem Title: 唐故德儀贈淑妃皇甫氏神道碑

Poem Text:
后妃之制古矣。
而軒轅氏帝嚳氏次妃之跡。
最有可稱。
存乎舊史。
然則其義隱。
其文略。
周禮王者內職大備。
而陰教宣。
詩人關雎風化之始。
樂得淑女。
蓋所以教本古訓。
發皇婦道。
居具燕寢之儀。
動有環珮之節。
進賢才以輔佐君子。
不淫色以取媚閨房。
雖彤管之地。
功過必紀。
而金屋之寵。
流宕一揆。
稽女史之華實。
嗣嬪則之清高。
亦時有其人。
偉夫精選。
淑妃諱某。
姓皇甫氏。
其先安定人也。
惟卨封商。
於赫有光。
伊元祖樹德。
於今不忘。
必宋之子。
莫之與比。
伊清風繼代。
惠此餘美。
夫其系緒蕃衍。
紱冕所興。
列為公侯。
古有皇父充石。
則其宗可知也。
夫其體元消息。
經術之美。
刊正帝圖。
中有元晏先生。
則其家可知矣。
嗟乎。
我有奕葉。
承權輿矣。
我有徽猷。
展肅雍矣。
積㣥玉之氣。
自對白虹之天。
生五色之毛。
不離丹鳳之穴。
曾祖烜。
皇朝宋州刺史。
祖粹。
皇朝越州刺史都督諸軍事。
父日休。
皇朝左監門衞副率。
妃則副率府君之元女也。
粵若襁褓。
體如冰雪。
氣象受於天和。
詩禮傳乎胎教。
故列我開元神武之嬪御者。
豈易其容止法度哉。
今上昔在春宮之日。
詔詰良家女。
擇視可否。
充備淑哲。
太妃以內秉純一。
外資沈靜。
明珠在蚌。
水月鮮白。
美玉處石。
崖岸津潤。
結襦而金印相輝。
同輦而翠旗交影。
由是恩加婉順。
品列德儀。
雖掖庭三千。
爵秩十四。
掩六宮以取俊。
超㣥女以見賢。
豈渥澤之不流。
曾是不敢以露才揚已。
卑以自牧而已。
夫如是。
言足以厚人倫。
化風俗。
彌縫坤載之失。
夾輔元亨之求。
嗚呼。
彼蒼也常與善。
何有初也。
不久好奈何。
况妃亦既遘疾。
怗如慮往。
上以之服事最舊。
佳人難得。
送藥必經於御手。
見寢始迴於天步。
月氏使者。
空說返魂之香。
漢帝夫人。
終痛歸來之像。
以開元二十三年歲次乙亥十月癸未朔。
薨於東京某宮院。
春秋四十有二。
嗚呼哀哉。
望景向夕。
澄華微陰。
風驚碧樹。
霧重青岑。
天子悼履綦之蕪絕。
惜脂粉之凝冷。
下麟鳳之銀床。
到梧桐之金井。
嗚呼哀哉。
厥初權殯於崇政里之公宅。
後詔以某月二十七日己酉。
卜塟於河南縣龍門之西北原。
禮也。
制曰。
故德儀皇甫氏。
贊道中壼。
肅事後庭。
孰云疾疢。
奄見凋落。
永言懿範。
用愴於懷。
宜登四妃之列。
式旌六行之美。
可冊贈淑妃。
喪事所須。
並宜官供。
河南尹李適之充使監護。
非夫清門華冑。
積行累功。
序於王者之有始有卒。
介於嬪御之不僭不濫。
是何存榮沒哀。
視有遇之多也。
有子曰鄂王諱瑤。
兼太子太保使持節幽州大都督事。
有故在疚而卒。
豈無樂國。
今也則亡。
匪降自天。
云何吁矣。
有女曰臨晉公主。
出降代國長公主子滎陽潛曜。
官曰光祿卿。
爵曰駙馬都尉。
昔王儉以公主恩。
尚帝女為榮。
何晏兼關內侯。
是亦晉朝歸美。
公主禮承於訓。
孝自於心。
霜露之感。
形於顏色。
享祀之數。
缺於灑掃。
嘗戚然謂左右曰。
自我之西。
歲陽載紀。
彼都之外。
道里遐絕。
聖慈有蓬萊之深。
異縣有松檟之阻。
思欲輕舉。
安得黃鵠。
未議巡豫。
徒瞻白雲。
望闕塞之風煙。
尋常涕泗。
懷伊川之陵谷。
恐懼遷移。
於是下教邑司。
爰度碑版。
甫忝鄭莊之賓客。
遊竇主之園林。
以白頭之嵇阮。
豈獨步於崔蔡。
而野老何知。
斯文見託。
公子泛愛。
壯心未已。
不論官閥。
游夏入文學之科。
兼叙哀傷。
顏謝有后妃之誄。
銘曰。
積氣之清。
積陰之靈。
漢曲迴月。
高堂麗星。
驚濤洶洶。
過雨冥冥。
洗滌蒼翠。
誕生娉婷。
婉彼柔惠。
迥然開爽。
綢繆之故。
昔在明兩。
恩渥未渝。
康哉大往。
展如之媛。
孰與爭長。
珩珮是加。
翬褕克備。
先德後色。
累功居位。
壼儀孔修。
宮教咸遂。
王于獎飾。
禮亦尊異。
小苑春深。
離宮夜逼。
花間度月。
同輦未歸。
池畔臨風。
焚香不息。
嗚呼變化。
惠好終極。
馮相視祲。
太史書氛。
藏舟晦色。
逝水寒文。
翠幄成彩。
金爐罷燻。
燕趙一馬。
瀟湘片雲。
恍惚餘跡。
蒼茫具美。
王子國除。
匪他之恥。
公主愁思。
永懷於彼。
日居月諸。
邱隴荊。
巖巖禹鑿。
瀰瀰伊川。
列樹拱矣。
豐碑缺然。
爰謀述作。
歘就雕鐫。
金石照地。
蛟龍下天。
少室東立。
繚垣西走。
佛寺在前。
宮橋在後。
維山有麓。
與碑不朽。
維水有源。
與詞永久。

Creation Date: 750年
Location: CN6101
Poem Type: 文",1922,Du Fu (杜甫),750年,唐故德儀贈淑妃皇甫氏神道碑,文,Classical Chinese,False,True,,
dufu_chunk_3444,dufu_1367132,annotations_context,"Poem: 唐故德儀贈淑妃皇甫氏神道碑

Scholarly Annotations:
  其一
  其二
  其三
  其四
  其五
  其六
  其七
  其八",83,Du Fu (杜甫),750年,唐故德儀贈淑妃皇甫氏神道碑,文,Classical Chinese,,,,8.0
dufu_chunk_3445,dufu_1367133,poem_content,"Poem Title: 唐故萬年縣君京兆杜氏墓碑

Poem Text:
甫以世之錄行跡示將來者多矣。
大抵家人賄賂。
詞客阿諛。
真偽百端。
波瀾一揆。
夫載筆光芒於金石。
作程通達於神明。
立德不孤。
揚名歸實。
可以發皇內則。
標格女史。
竊見於萬年縣君得之矣。
其先系統於伊祁。
分姓於唐杜。
吾祖也。
我知之。
遠自周室。
迄於聖代。
傳之以仁義禮智信。
列之以公侯伯子男。
春秋傳云。
穆叔謂之世祿。
其在茲乎。
曾祖某。
隋河內郡司功獲嘉縣令。
王父某。
皇監察御史洛州鞏縣令。
前朝咸以士林取貴。
宰邑成名。
考某。
修文館學士尚書膳部員外郎。
天下之人。
謂之才子。
兄升。
國史有傳。
縉紳之士。
誄為孝童。
故美玉多出於崑山。
明珠必傳於江海。
蓋縣君受中和之氣。
成肅雍之德。
其來尚矣。
作配君子。
實惟好仇。
河東裴君諱榮期。
見任濟王府錄事參軍。
入在清通。
同行領袖。
素髮相敬。
朱紱有光。
縣君既早習於家風。
以陰教為已任。
執婦道而純一。
與禮法而始終。
可得聞也。
昔舅歿姑老。
承順顏色。
侍歷年之寢疾。
力不暇於須臾。
苟便於人。
皆在於手。
淚積而形骸奪氣。
憂深而巾櫛生塵。
尊卑之道然。
固出自天性。
孝養哀送。
名流稱仰。
允所為能循法度。
則可以承先祖。
供給祭祀矣。
維其矜莊門戶。
節制差服。
功成則運。
有若四時。
物或猶乖。
匪踰終日。
黼畫組就之事。
割烹煎和之宜。
規矩數及於親姻。
脫落頗盈於歲序。
若其先人後已。
上下敦睦。
懸罄知歸。
揖讓惟久。
在嫂叔則有謝氏光小郎之才。
於娣姒則有鍾氏洽介婦之德。
周給不礙於親疏。
泛愛無擇於良賤。
至於星霜伏臘。
軒騎歸寧。
慈母每謂於飛來。
幼童亦生乎感悅。
加以詩書潤業。
導誘為心。
遏悔吝於未萌。
驗是非於往事。
內則致諸子於無過之地。
外則使他人見賢而思齊。
爰自十載已還。
默契一乘之理。
絕葷血於禪味。
混出處於度門。
喻筏之文字不遺。
開卷而音義皆達。
母儀用事。
家相遵行矣。
至於膳食滑甘之美。
䪐結縫線之難。
展轉忽微。
欲參謀而縣解。
指麾補合。
猶取則於垂成。
其積行累功。
不為薰修所住著。
有如此者。
靈山鎮地。
長吐烟雲。
德水連天。
自浮星象。
則其看心定惠。
豈近於揚搉者哉。
越天寶元年某月八日。
終堂於東京仁風里。
春秋若干。
示諸生滅相。
越六月二十九日。
遷殯於河南縣平樂鄉之原。
禮也。
嗚呼哀哉。
琴瑟罷聲。
蘋蘩晦色。
骨肉號兮天地感。
中外痛兮鬼神惻。
有長子曰朝列。
次朝英。
北海郡壽光尉。
次朝牧。
女長適獨孤氏。
次閻氏。
皆稟自胎教。
成於妙年。
厥初寢疾也。
唯長子長女在側。
英牧或以遊以宦。
莫獲同曾氏之元申。
號而不哭。
傷斷鄰里。
悠哉少女。
未始聞哀。
又足酸鼻。
嗚呼。
縣君有語曰。
可以褐衣斂我。
起塔而塟。
裴公自以從大夫之後。
成縣君之榮。
愛禮實深。
遺意蓋闕。
但褐衣在斂。
而幽隧爰封。
其所廞飾。
咸遵儉素。
眷茲邑號。
未降天書。
各有司存。
成之不日。
嗚呼哀哉。
有兄子曰甫。
制服於斯。
紀德於斯。
刻石於斯。
或曰。
豈孝童之猶子歟。
奚孝義之勤若此。
甫泣而對曰。
非敢當是也。
亦為報也。
甫昔臥病於我諸姑。
姑之子又病間。
女巫至。
曰。
處楹之東南隅者吉。
姑遂易子之地以安我。
我是用存。
而姑之子卒。
後乃知之於走使。
甫常有說於人。
客將出涕感者久之。
相與定諡曰義。
君子以為魯義姑者。
遇暴客於郊。
抱其所攜。
棄其所抱。
以割私愛。
縣君有焉。
是以舉茲一隅。
昭彼百行。
銘而不韻。
蓋情至無文。
其詞曰。
嗚呼。
有唐義姑京兆杜氏之墓。

Creation Date: 742年6月
Location: CN4103
Poem Type: 文",1591,Du Fu (杜甫),742年6月,唐故萬年縣君京兆杜氏墓碑,文,Classical Chinese,False,False,,
dufu_chunk_3446,dufu_1367134,poem_content,"Poem Title: 唐故范陽太君盧氏墓誌

Poem Text:
五代祖柔。
隋吏部尚書容城侯。
大父元懿。
是渭南尉。
父元哲。
是廬州慎縣丞。
維天寶三載五月五日。
故修文館學士著作郎京兆杜府君諱某之繼室范陽縣太君盧氏卒於陳留郡之私第。
春秋六十有九。
嗚呼。
以其載八月旬有一日。
發引歸塟於河南之偃師。
以是月三十日庚申。
將入著作之大塋。
在縣首陽之東原。
我太君用甲之穴。
禮也。
墳南去大道百二十步。
奇三尺。
北去首陽山二里。
凡塗車芻靈設熬置銘之名物。
加庶人一等。
蓋遵儉素之遺意。
塋內西北去府君墓二十四步。
則壬甲可知矣。
遣奠之祭畢。
一二家相進曰。
斯至止。
將欲啟府君之墓門。
安靈櫬於其右。
豈廞飾未具。
時不練歟。
前夫人薛氏之合塟也。
初太君令之。
諸子受之。
流俗難之。
太君易之。
今茲順壬取甲。
又遺意焉。
嗚呼孝哉。
孤子登。
號如嬰兒。
視無人色。
且左右僕妾。
洎厮役之賤。
皆蓬首灰心。
嗚呼流涕。
寧或一哀所感。
片善不忘而已哉。
實惟太君積德以常。
臨下以恕。
如地之厚。
縱天之和。
運陰教之名數。
秉女儀之標格。
嗚呼。
得非太公之後。
必齊之姜乎。
薛氏所生子。
適曰某。
故朝議大夫兖州司馬。
次曰升。
幼卒。
報復父讐。
國史有傳。
次曰專。
歷開封尉。
先是不祿。
息女長適鉅鹿魏上瑜。
蜀縣丞。
次適河東裴榮期。
濟王府錄事。
次適范陽盧正均。
平陽郡司倉參軍。
嗚呼。
三家之女。
又皆前卒。
而某等夙遭內艱。
有長自太君之手者。
至於婚姻之禮。
則盡是太君主之。
慈恩穆如。
人或不知者。
咸以為盧氏之腹生也。
然則某等亦不無平津孝謹之名於當世矣。
登即太君所生。
前任武康尉。
二女。
曰適京兆王佑。
任硤石尉。
曰適會稽賀撝。
卒常熟主簿。
其往也。
既哭成位。
有若冢婦同郡盧氏介婦滎陽鄭氏鉅鹿魏氏京兆王氏。
女通諸孫子三十人。
內宗外宗。
寖以疏濶者。
或元纁玉帛。
自他日互有所至。
若以為杜氏之塟。
近於禮而可觀。
而家人亦不敢以時繼年。
式志之金石。
銘曰。
太君之子。
朝儀所尊。
貴因長子。
澤就私門。
亳邑之都。
終天之地。
享年不永。
歿而猶視。

Creation Date: 744年8月
Location: CN410381
Poem Type: 文",977,Du Fu (杜甫),744年8月,唐故范陽太君盧氏墓誌,文,Classical Chinese,False,False,,
dufu_chunk_3447,dufu_1367135,poem_content,"Poem Title: 祭遠祖當陽君文

Poem Text:
維開元二十九年歲次辛已月日。
十三葉孫甫。
謹以寒食之奠。
敢昭告於先祖晉駙馬都尉鎮南大將軍當陽成侯之靈。
初陶唐出自伊祁。
聖人之後。
世食舊德。
降及武庫。
應乎虬精。
恭聞淵深。
罕得窺測。
勇功是立。
智名克彰。
繕甲江陵。
祲清東吳。
建侯於荊。
邦於南土。
河水活活。
造舟為梁。
洪濤莽氾。
未始騰毒。
春秋主解。
稾隸躬親。
嗚呼筆跡。
流宕何人。
蒼蒼孤墳。
獨出高頂。
靜思骨肉。
悲憤心胸。
峻極於天。
神有所降。
不毛之地。
儉乃孔昭。
取象邢山。
全模祭仲。
多藏之誡。
焯序前文。
小子築室。
首陽之下。
不敢忘本。
不敢違仁。
庶刻豐石。
樹此大道。
論次昭穆。
載揚顯號。
于以采蘩。
于彼中園。
誰其尸之。
有齋列孫。
嗚呼。
敢告茲辰。
以永薄祭。
尚饗。

Creation Date: 741年4月4日
Location: CN4103
Poem Type: 文",433,Du Fu (杜甫),741年4月4日,祭遠祖當陽君文,文,Classical Chinese,False,False,,
dufu_chunk_3448,dufu_1367136,poem_content,"Poem Title: 祭外祖祖母文

Poem Text:
維年月日。
外孫滎陽鄭宏之京兆杜甫。
謹以寒食庶羞之奠。
敢昭告于外王父母之靈。
嗚呼。
外氏當房。
祭祀無主。
伯道何罪。
元陽誰撫。
緬維夙昔。
追思艱窶。
當太后秉柄。
內宗如縷。
紀國則夫人之門。
舒國則府君之外父。
聿以生居貴戚。
釁結狂豎。
雌伏單棲。
雄鳴折羽。
憂心惙惙。
獨行踽踽。
悲夫景分飛忽。
間于鳳凰。
咄彼讒人有詞。
異於鸚鵡。
初我父王之遘禍。
我母妃之下室。
深狴殊塗。
酷吏同律。
夫人於是布裙屝屨。
提餉潛出。
昊天不傭。
退藏於密。
久成凋瘵。
溘至終畢。
蓋乃事存於義陽之誄。
名播於燕公之筆。
嗚呼哀哉。
宏之等從母昆弟。
兩家因依。
弱歲俱苦。
慈顏永違。
豈無世親。
不如所愛。
豈無舅氏。
不知所歸。
誓以偏往。
測戀光輝。
漸漬相勗。
居諸造微。
幸遇聖主。
願發清機。
以顯內外。
何當奮飛。
洛城之北。
邙山之曲。
列樹風煙。
寒泉珠玉。
千秋古道。
王孫去兮不歸。
三月晴天。
春草萋兮增綠。
頃物將牽累。
事未遂欲。
使淚流頓盡。
血下相續者矣。
捧奠遲迴。
炯心依屬。
庶多載之灑掃。
循茲辰之軌躅。

Creation Date: 742年
Location: CN4103
Poem Type: 文",562,Du Fu (杜甫),742年,祭外祖祖母文,文,Classical Chinese,False,False,,
dufu_chunk_3449,dufu_1367137,poem_content,"Poem Title: 祭故相國清河房公文

Poem Text:
維唐廣德元年歲次癸卯九月辛丑朔二十二日壬戌。
京兆杜甫。
敬以醴酒茶藕蓴鯽之奠。
奉祭故相國清河房公之靈曰。
嗚呼。
純朴既散。
聖人又歿。
苟非大賢。
孰奉天秩。
唐始受命。
㣥公間出。
君臣和同。
德教充溢。
魏杜行之。
夫何畫一。
婁宋繼之。
不墜故實。
百餘年間。
見有輔弻。
及公入相。
紀綱已失。
將帥干紀。
煙塵犯闕。
王風寢頓。
神器圯裂。
關輔蕭條。
乘輿播越。
太子即位。
揖讓倉卒。
小臣用權。
尊貴倏忽。
公實匡救。
忘餐奮發。
累控直詞。
空聞泣血。
時遭祲沴。
國有征伐。
車駕還京。
朝廷就列。
盜本乘弊。
誅終不滅。
高義沈埋。
赤心蕩折。
貶官厭路。
讒口到骨。
致君之誠。
在困彌切。
天道濶遠。
元精茫昧。
偶生賢達。
不必際會。
明明我公。
可云時代。
賈誼慟哭。
雖多顛沛。
仲尼旅人。
自有遺愛。
二聖崩日。
長號荒外。
後事所委。
不在臥內。
因循寢疾。
憔悴無悔。
夭閼泉塗。
激揚風㮣。
天柱既折。
安仰翊戴。
地維則絕。
安放夾載。
豈無㣥彥。
我心忉忉。
不見君子。
逝水滔滔。
泄涕寒谷。
吞聲賊壕。
有車爰送。
有紼爰操。
撫墳日落。
脫劍秋高。
我公戒子。
無作爾勞。
斂以素帛。
付諸蓬蒿。
身瘞萬里。
家無一毫。
數子哀過。
他人鬱陶。
水漿不入。
日月其慆。
州府救喪。
一二而已。
自古所歎。
罕聞知已。
曩者書札。
望公再起。
今來禮數。
為態至此。
先帝松柏。
故鄉枌梓。
靈之忠孝。
氣則依倚。
拾遺補闕。
視君所履。
公初罷任。
人實切齒。
甫也備位此官。
蓋薄劣耳。
見時危急。
敢愛身死。
君何不聞。
刑欲加矣。
伏奏無成。
終身愧恥。
乾坤慘慘。
豺虎紛紛。
蒼生破碎。
諸將功勳。
城邑自守。
鼙皷相聞。
山東雖定。
灞上多軍。
憂恨展轉。
痛傷氤氳。
元豈正色。
白亦不分。
培塿滿地。
崑崙無㣥。
致祭者酒。
陳情者文。
何當旅櫬。
得出江雲。
嗚呼哀哉。
尚饗。

Creation Date: 763年
Location: CN511381
Poem Type: 文",913,Du Fu (杜甫),763年,祭故相國清河房公文,文,Classical Chinese,False,False,,
