id,type,title,source.url,source.wikipedia_page,source.collected,source.processed,content.full_text,content.summary,content.word_count,content.char_count,metadata.persona,metadata.time_period,metadata.content_category,metadata.language,metadata.formality,source.type,metadata.category
qe2_annus_horribilis,related_article,Annus horribilis,https://en.wikipedia.org/wiki/Annus_horribilis,Annus horribilis,2025-10-04T13:41:29.246698,2025-10-04T14:01:53.766749,"Annus horribilis (pl. anni horribiles) is a Latin phrase that means ""horrible year"". It is complementary to annus mirabilis, which means ""wonderful year"". 

Origin of phrase

 The phrase ""annus horribilis"" was used in 1891 in an Anglican publication to describe 1870, the year in which the dogma of papal infallibility was defined in the Catholic Church. 

Elizabeth II

 

= 1992

= The expression was brought to prominence by Queen Elizabeth II. In a speech at Guildhall on 24 November 1992, marking her Ruby Jubilee on the throne, she said: 1992 is not a year on which I shall look back with undiluted pleasure. In the words of one of my more sympathetic correspondents, it has turned out to be an annus horribilis. The ""sympathetic correspondent"" was later revealed to be her former assistant private secretary Sir Edward Ford. The unpleasant events which happened to the royal family in this year include: publication of photographs pertaining to an affair between Sarah, Duchess of York, and Texan oil millionaire Steve Wyatt (18 January); separation of the Queen's second son Prince Andrew, Duke of York, from his wife Sarah (19 March); divorce of the Queen's daughter, Anne, Princess Royal, from Captain Mark Phillips (23 April); publication of Diana, Princess of Wales' tell-all book Diana: Her True Story, revealing the problems in her marriage to the Queen's eldest son, Charles, Prince of Wales, particularly his affair with Camilla Parker Bowles (The Sunday Times, 7 June); publication of photographs of Sarah sunbathing topless with her friend John Bryan (20 August); publication of taped, intimate phone conversations between Diana and James Gilbey (24 August); and a fire in Windsor Castle, one of the Queen's official residences (20 November). After the Queen delivered her speech, one more notable event transpired: the separation of Charles and Diana (9 December). 

= 2019

= The year 2019 was described by some commentators as a second annus horribilis for the British royal family. In January that year, 97-year-old Prince Philip crashed his car into another carrying two women and a baby, and subsequently surrendered his driving licence. Later on in August, the Queen was involved in a constitutional crisis when Prime Minister Boris Johnson advised her to prorogue Parliament, a recommendation later ruled unlawful by the Supreme Court of the United Kingdom. Prince Andrew gave a universally-criticised BBC Newsnight interview about his relationship with convicted child-sex offender Jeffrey Epstein, and there was increased tabloid scrutiny of rifts between the Cambridge and Sussex households. 

Other uses

 

= Boris Yeltsin (1998)

= Time magazine described 1998 in Russian politics as an annus horribilis because of Boris Yeltsin's isolationist and militarist policies, the East Asian financial crisis, and Western countries cutting off the reform money that they gave to the Russian government in prior years. 

= Ben Affleck (2003)

= Hollywood actor and filmmaker Ben Affleck once said that 2003 was his annus horribilis. Affleck starred in the films Daredevil and Gigli, both of which received negative reviews from critics. Gigli was a box-office bomb and drew particular ire from Hollywood critics and moviegoers, which culminated in six wins at the 24th Golden Raspberry Awards ceremony. In addition, Affleck with his fiancée and later second wife, Jennifer Lopez, were mocked and criticised by the public for their seemingly accommodating attitudes to and henceforth over-exposure in the tabloid media. 

= Kofi Annan (2004)

= Kofi Annan, the United Nations Secretary-General, used the phrase in his year-end press conference on 21 December 2004. He reflected: ""There's no doubt that this has been a particularly difficult year, and I am relieved that this annus horribilis is coming to an end."" His remarks were widely interpreted as having alluded to persistent allegations of corruption in the UN's Iraq Oil-for-Food Program. He also spoke of upheaval and violence in Afghanistan, the Democratic Republic of the Congo, Iraq, Palestine, and Sudan; the ongoing process of UN internal reform; and ""persistent...criticism against the UN"" and himself personally. Annan's remarks came five days before the deadliest event of the year (and one of the deadliest natural disasters in history): the Indian Ocean tsunami on 26 December, which killed 227,898 people. 

= Juan Carlos I (2007)

= In 2007, the Spanish royal family, in particular King Juan Carlos I, faced a difficult year. Family tragedy and a series of controversies led Spanish newspapers to refer to the year as the king's annus horribilis. In February, Érika Ortiz Rocasolano, the youngest sister of Letizia, then Princess of Asturias, died of a sedative overdose in her apartment. In July, a humour magazine, El Jueves, published a drawing on the cover depicting Felipe VI (then Prince of Asturias), and the aforementioned Princess Letizia having sex, with a caption reading: ""Just imagine if you end up pregnant. This will be the closest thing to work I've ever done in my life."" It satirized a proposal by the government to give 2,500 euros to the parents of newborn children. The magazine was banned and removed from distribution, which led to a censorship controversy. In September, Catalan separatists were tried for having burned photographs of King Juan Carlos and Queen Sofía at an anti-monarchy and Catalan separatist rally in Girona while the royal couple toured the city. In early November at the XVII Ibero-American Summit, after a verbal altercation between Hugo Chávez, President of Venezuela, and José Luis Rodríguez Zapatero, Prime Minister of Spain, the king admonished Chávez, ""¿Por qué no te callas?"" (""Why don't you shut up?""). Shortly after the summit, the royal house announced the separation of the king's daughter, the Duchess of Lugo, and her husband, Jaime de Marichalar. The couple has two children, Felipe and Victoria. 

= COVID-19 pandemic (2020)

= The year 2020 was widely remarked as being an annus horribilis for the entire world in general, most notably due to the COVID-19 pandemic, which began in late 2019 and rapidly spread worldwide throughout 2020. 2020 was also awarded a ""Special Governors' Award for The Worst Calendar Year EVER!"" at the 41st Golden Raspberry Awards. At the end of the year, Netflix released Death to 2020, a mockumentary discussing the events of the year. 

= Iran (2024)

= Journalist David Leonhardt of the New York Times described 2024 as an annus horribilis for the Iranian government, citing the failed outcome of the strikes against Israel in April, the death of President Ebrahim Raisi in May, the death of the core leadership of the Iranian-backed Hamas and Hezbollah during their respective wars against Israel (including the assassination of Hamas's Ismail Haniyeh in Tehran on July), the reelection of Donald Trump in November, and the collapse of the Assad regime in Ba'athist Syria in December. 

See also

 List of Latin phrases Rampjaar, the Dutch ""disaster year"" of 1672 The Islamic year 311 AH (923/924 CE) was known as the ""Year of Destruction"" (sanat al-damār) due to the Qarmatians' Sack of Basra and the attack on the Hajj caravan. 

References

 

External links

 Royal.gov.uk – Transcript of The Queen's speech at Guildhall 24 November 1992 Annus Horribilis: 365 Tales of Comic Misfortune (registration required): book by Sam Jordison","Annus horribilis (pl. anni horribiles) is a Latin phrase that means ""horrible year"". It is complementary to annus mirabilis, which means ""wonderful year"".

",1180,7421.0,Queen Elizabeth II,1990s,general,English,Formal,,
qe2_british_royal_family,related_article,British royal family,https://en.wikipedia.org/wiki/British_royal_family,British royal family,2025-10-04T13:52:07.020008,2025-10-04T14:01:53.767000,"The British royal family comprises Charles III and other members of his family. There is no strict legal or formal definition of who is or is not a member, although the Royal Household has issued different lists outlining who is considered part of the royal family. Members typically support the monarch in carrying out public engagements and take part in charitable work and ceremonial duties. Senior royals collectively undertake thousands of official engagements across the United Kingdom, British Overseas Territories, Crown Dependencies and abroad each year, including state visits, national events, and patronage activities. The family also represents the UK on the global stage and contributes to soft power through diplomacy and cultural presence. Initiatives associated with the family include charitable foundations such as The King's Trust and The Royal Foundation, which focus on youth development, mental health, conservation, and early childhood. The monarchy operates within a constitutional framework, with succession determined by statute and convention. 

Members

 The Lord Chamberlain's ""List of the Royal Family"" published in August 2020 mentions all of King George VI's living descendants and their spouses (including Sarah, Duchess of York, who is divorced), along with Queen Elizabeth II's cousins with royal rank and their spouses. The list applies for the purposes of regulating the use of royal symbols and images of the family. The royal website once stated that ""generally speaking, the children, grandchildren and great-grandchildren of a Sovereign, as well as their spouses, are members of the Royal Family. First cousins of the monarch may also be included. Children are included on coming of age or after they have completed their education."" The website of the royal family also provides a list of ""Members of the Royal Family"" comprising King Charles III and Queen Camilla; William, Prince of Wales and Catherine, Princess of Wales; Prince Harry, Duke of Sussex and Meghan, Duchess of Sussex; Anne, Princess Royal; Prince Andrew, Duke of York; Prince Edward, Duke of Edinburgh and Sophie, Duchess of Edinburgh; Prince Richard, Duke of Gloucester and Birgitte, Duchess of Gloucester; Prince Edward, Duke of Kent; and Princess Alexandra, The Honourable Lady Ogilvy. Among them, the Duke of Sussex, the Duchess of Sussex, and the Duke of York do not carry out royal duties. Other members of the royal family holding royal rank who do not carry out official duties are: Prince George, Princess Charlotte, and Prince Louis of Wales; Prince Archie and Princess Lilibet of Sussex; Princess Beatrice; Princess Eugenie; and Prince Michael of Kent and his wife. 

Titles and surnames

 The monarch's children and grandchildren (if they are children of the monarch's sons), and the children of the eldest son of the Prince of Wales, are automatically entitled to be known as prince or princess with the style His or Her Royal Highness (HRH). Peerages, often dukedoms, are bestowed upon most princes prior to marriage. Peter Phillips and Zara Tindall, children of the King's sister, Princess Anne, are, therefore, not prince and princess. Lady Louise Mountbatten-Windsor and James Mountbatten-Windsor, Earl of Wessex, though entitled to the styles ""Princess Louise of Edinburgh"" and ""Prince James of Edinburgh"", respectively, are not called prince and princess, as their parents, the Duke and Duchess of Edinburgh, wanted them to have more modest titles. The King reportedly wants to reduce the number of titled members of the royal family. By tradition, wives of male members of the royal family share their husbands' title and style. Princesses by marriage do not have the title prefixed to their own name but to their husband's; for example, the wife of Prince Michael of Kent is Princess Michael of Kent. Sons of monarchs are customarily given dukedoms upon marriage, and these peerage titles pass to their eldest sons. Male-line descendants of King George V, including women until they marry, bear the surname Windsor. The surname of the male-line descendants of Queen Elizabeth II, except for women who marry, is Mountbatten-Windsor, reflecting the name taken by her Greek-born husband, Prince Philip, Duke of Edinburgh, upon his naturalisation. A surname is generally not needed by members of the royal family who are entitled to the titles of prince or princess and the style His or Her Royal Highness. Such individuals use surnames on official documents such as marriage registers, however. 

Public role

 Members of the royal family support the monarch in ""state and national duties"", while also carrying out charity work of their own. If the sovereign is indisposed, two counsellors of state are required to fulfil his/her role, with those eligible being restricted to the sovereign's spouse, and the first four people in the line of succession over the age of 21. In 2022 the then Earl of Wessex and the Princess Royal were added to the list by special legislation. Each year the family ""carries out over 2,000 official engagements throughout the UK and worldwide"", entertaining 70,000 guests and answering 100,000 letters. Engagements include state funerals, national festivities, garden parties, receptions, and visits to the Armed Forces. Many members have served in the Armed Forces themselves, including the King's brothers and sons. Engagements are recorded in the Court Circular, a list of daily appointments and events attended by the royal family. Public appearances are often accompanied by walkabouts, where royals greet and converse with members of the public outside events. The start of this tradition is sometimes attributed to a trip Queen Elizabeth II made in 1970 to Australia and New Zealand. Queen Elizabeth The Queen Mother also interacted with crowds on a trip to Canada in 1939 and in 1940 during The Blitz in London. Annual events attended by the royal family include the State Opening of Parliament, Trooping the Colour, and the National Service of Remembrance. According to historian Robert Lacey, Queen Elizabeth II once said that investitures of the honours recipients are the most important thing she does. Besides the King, Prince William and Princess Anne also perform investitures. Family members represent the monarch on official visits and tours to other countries as ambassadors to foster diplomatic relations. They have also attended Commonwealth meetings on the monarch's behalf. The royal family also participates in state visits on the advice of the Foreign and Commonwealth Office, which includes the welcoming of dignitaries and a formal banquet. Journalist James Forsyth has referred to the family as ""soft power assets"". Given the royal family's public role and activities, it is sometimes referred to by courtiers as ""The Firm"", a term that originated with George VI. Members of the royal family are politically and commercially independent, avoiding conflict of interest with their public roles. The royal family are considered British cultural icons, with young adults from abroad naming the family among a group of people who they most associated with British culture. Members are expected to promote British industry. Royals are typically members of the Church of England, headed by the monarch. When in Scotland they attend the Church of Scotland as members and some have served as Lord High Commissioner to the Church of Scotland. Members of the royal family are patrons for approximately 3,000 charities, and have also started their own nonprofit organisations. The King started The Prince's Trust, which helps young people in the UK that are disadvantaged. Princess Anne started The Princess Royal Trust for Carers, which helps unpaid carers, giving them emotional support and information about benefit claims and disability aids. The Earl and Countess of Wessex (as the Duke and Duchess of Edinburgh were then known) founded the Wessex Youth Trust, since renamed The Earl and Countess of Wessex Charitable Trust, in 1999. The Prince and Princess of Wales are founding patrons of The Royal Foundation, whose projects revolve around mental health, conservation, early childhood, and emergency responders. In 2019, following the negative reactions to the ""Prince Andrew & the Epstein Scandal"" interview, the Duke of York was forced to resign from public roles; the retirement became permanent in 2020. The Duke and Duchess of Sussex permanently withdrew from royal duties in early 2020. Following these departures, there is a shortage of royal family members to cover the increasing number of patronages and engagements. 

Media and criticism

 Royal biographer Penny Junor says that the royal family has presented itself ""as the model family"" since the 1930s. Author Edward Owen wrote that during the Second World War, the monarchy sought an image of a ""more informal and vulnerable family"" that had a unifying effect on the nation during instability. In 1992, the Princess Royal and her husband Mark Phillips divorced; the Prince and Princess of Wales separated; a biography detailing the Princess's bulimia and self-harming was published; her private telephone conversations surfaced, as did the Prince's intimate telephone conversations with his lover, Camilla Parker Bowles; the Duke and Duchess of York separated; and photographs of the topless Duchess having her toes sucked by another man appeared in tabloids. Historian Robert Lacey said that this ""put paid to any claim to being a model of family life"". The scandals contributed to the public's unwillingness to pay for the repairs to Windsor Castle after the 1992 fire. A further ""PR disaster"" was the royal family's initial response to the death of Diana, Princess of Wales, in 1997. In the 1990s, the royal family formed the Way Ahead Group, made up of senior family members and advisers and headed by Elizabeth II, in a quest to change in accordance with public opinion. The wedding of Prince William and Catherine Middleton in April 2011 led to a ""tide of goodwill"", and by Elizabeth II's Diamond Jubilee in 2012 the royal family's image had recovered. A 2019 YouGov poll showed that two-thirds of British people were in favour of maintaining the royal family. The role and public relations of the extended royal family again came under increased scrutiny due to the Duke of York's friendship with convicted sex offenders Jeffrey Epstein and Ghislaine Maxwell, and allegations of sexual abuse, along with his unapologetic conduct in the 2019 interview about these subjects and subsequent 2021 lawsuit. In June 2019, the royal family, several members of which advocate for environmental causes, faced criticism after it was revealed that they ""had doubled [their] carbon footprint from business travel"". In a 2021 interview, the Duchess of Sussex, who is of biracial heritage, relayed second-hand that there had been ""concerns and conversations"" within the royal family about the skin colour of their son, Archie, while the Duke of Sussex stated it was a single instance. The interview received a mixed reaction from the British public and media, and several of their claims were called into question. The Duke of Cambridge said the royal family were ""very much not a racist family"". In June 2021, documents revealed that ""coloured immigrants or foreigners"" were banned by Elizabeth II's chief financial manager at the time from working for the family as clerks in the 1960s, prompting black studies professor Kehinde Andrews to state that ""the royal family has a terrible record on race"". In response, the palace stated that it complied ""in principle and in practice"" with anti-discrimination legislation, and that second-hand claims of ""conversations from over 50 years ago should not be used to draw or infer conclusions about modern-day events or operations."" In March 2022 and during the Caribbean tour of the then Duke and Duchess of Cambridge as part of the Queen's Platinum Jubilee celebrations, the family encountered criticism from a number of political figures and the press, given their past connections to colonialism and the Atlantic slave trade via the Royal African Company. Reparations for slavery emerged as a major demand of protesters during the couple's visit. Both the then Prince of Wales and Duke of Cambridge have condemned slavery in their speeches, and the Prince has described acknowledging the wrongs of the past as a necessity for the Commonwealth countries to realise their potential. In a 2023 interview, the Duke of Sussex was questioned if he and his wife had accused members of his family of racism during their 2021 interview, to which Harry responded ""No. The British press said that, right? Did Meghan ever mention 'they're racists'?"" Historically, the royal family and the media have benefited from each other; the family used the press to communicate with the public, while the media used the family to attract readers and viewers. With the advent of television, however, the media started paying less respect to the royal family's privacy. Princes William and Harry have had informal arrangements with the press whereby they would be left alone by the paparazzi during their education in return for invitations to staged photograph opportunities. William has continued the practice with his family posts on Instagram. Relations between the media and British royals have been destabilized by the rise of the digital media, with the quantity of articles becoming paramount toward gaining advertising revenue, with neither side able to exercise control. In the 2000s, the phones of Prince William and Catherine Middleton, and Prince Harry and his then-girlfriend Chelsy Davy, were hacked multiple times by media outlets, most notably by a private investigator working for a News of the World journalist. A 2021 BBC documentary suggested that briefings and counter-briefings from different royal households was the reason behind the negative coverage about members of the royal family. Buckingham Palace, Clarence House and Kensington Palace, which represented the Queen, the then Prince of Wales and Duke of Cambridge respectively, described these suggestions as ""overblown and unfounded claims"". 

Funding

 Senior members of the royal family, who represent the monarch, draw their income from public funds known as the Sovereign Grant, an annual payment of the British government to the monarch. It comes from the revenues of the Crown Estate, which are commercial properties owned by the Crown. Members of the royal family who receive money from the sovereign grant must be accountable to the public for it and are not allowed to make money from their name. The monarch also receives the income of the Duchy of Lancaster, and the Prince of Wales from the Duchy of Cornwall. The security expenses for the royal family are typically covered by the Metropolitan Police rather than the sovereign grant. The royal family, the Home Office, and the Metropolitan Police decide which members have a right to taxpayer-funded police security. Extended members do not retain automatic right to protection; in 2011 Princesses Beatrice and Eugenie ceased receiving police security. 

Residences

 The sovereign's official residence in London is Buckingham Palace. Announcements of the births and deaths of members of the royal family are traditionally attached to its front railings. Both Buckingham Palace and Windsor Castle, the monarch's weekend home in Berkshire, are used to host state visits. The Palace of Holyroodhouse and Hillsborough Castle serve as official royal residences when the monarch is in Scotland or Northern Ireland, respectively. Clarence House served as the official residence of Charles III from 2003, when he was Prince of Wales, until he ascended to the throne on 8 September 2022. Another London residence of his when Prince of Wales was St James's Palace, which he shared with the Princess Royal and Princess Alexandra. Princess Alexandra also resides at Thatched House Lodge in Richmond. The King also privately owns Sandringham House in Norfolk and Balmoral Castle in Aberdeenshire, which are his personal property. He inherited them from Elizabeth II upon her death. The Prince and Princess of Wales and the Duke and Duchess of Gloucester have their official London residences and offices at apartments in Kensington Palace, London. The former and their children officially moved into Adelaide Cottage in Windsor Home Park in September 2022. The Duke of Kent resides in Wren House in the grounds of Kensington Palace. The Duke and Duchess of Sussex's official residence in the United Kingdom is Frogmore Cottage, near Windsor. The Duke of York lives at the Royal Lodge in Windsor Great Park, while the Duke and Duchess of Edinburgh reside at Bagshot Park in Surrey. 

See also

 List of current British princes and princesses Education of the British royal family Finances of the British royal family List of films about British royalty List of honours of the British royal family by country List of longest-living members of the British royal family Military service by British royalty Royal descent Monarchy of the United Kingdom 

References

 

Further reading

 Burke's Guide to the Royal Family. Burke's Peerage, 1973. Cannon, John Ashton. The Oxford Illustrated History of the British Monarchy. Oxford University Press, 1988. Churchill, Randolph S. They Serve the Queen: A New and Authoritative Account of the Royal Household (""Prepared for Coronation Year""). Hutchinson, 1953. Fraser, Antonia (ed). The Lives of the Kings & Queens of England. Revised & updated edition. University of California Press, 1998. Hayden, Ilse. Symbol and Privilege: The Ritual Context of British Royalty. University of Arizona Press, 1987. Longford, Elizabeth Harman (Countess of Longford). The Royal House of Windsor. Revised edition. Crown, 1984. Weir, Alison. Britain's Royal Families: The Complete Genealogy. Pimlico/Random House, 2002. Royal Family (1969), a BBC documentary made by Richard Cawston to accompany the investiture of the then Prince of Wales. 

External links

 Official website ""House of Windsor Family Tree"" (PDF). Archived from the original (PDF) on 2 December 2010. (74.2 KB)","The British royal family comprises Charles III and other members of his family. There is no strict legal or formal definition of who is or is not a member, although the Royal Household has issued different lists outlining who is considered part of the royal family. Members typically support the monarch in carrying out public engagements and take part in charitable work and ceremonial duties.
Senior royals collectively undertake thousands of official engagements across the United Kingdom, British Overseas Territories, Crown Dependencies and abroad each year, including state visits, national events, and patronage activities. The family also represents the UK on the global stage and contributes to soft power through diplomacy and cultural presence.
Initiatives associated with the family include charitable foundations such as The King's Trust and The Royal Foundation, which focus on youth development, mental health, conservation, and early childhood. The monarchy operates within a constitutional framework, with succession determined by statute and convention.

",2863,18193.0,Queen Elizabeth II,1952-2022,family,English,Formal,,
qe2_commonwealth_of_nations,related_article,Commonwealth of Nations,https://en.wikipedia.org/wiki/Commonwealth_of_Nations,Commonwealth of Nations,2025-10-04T13:52:12.039278,2025-10-04T14:01:53.767059,"The Commonwealth of Nations, often referred to as the British Commonwealth or simply the Commonwealth, is an international association of 56 member states, the vast majority of which are former territories of the British Empire from which it developed. They are connected through their use of the English language and cultural and historical ties. The chief institutions of the association are the Commonwealth Secretariat, which focuses on intergovernmental relations, and the Commonwealth Foundation, which focuses on non-governmental relations between member nations. Numerous organisations are associated with and operate within the Commonwealth. The Commonwealth dates back to the first half of the 20th century with the decolonisation of the British Empire through increased self-governance of its territories. It was created as the British Commonwealth of Nations through the Balfour Declaration at the 1926 Imperial Conference, and formalised by the United Kingdom through the Statute of Westminster in 1931. In 1949, the London Declaration allowed India to remain in the Commonwealth as a republic, marking a significant evolution of the association. The Head of the Commonwealth is Charles III. He is king of 15 member states, known as the Commonwealth realms, while 36 other members are republics, and five others have different monarchs. Although he became head upon the death of his mother, Elizabeth II, the position is not technically hereditary. Commonwealth citizens enjoy benefits in some member countries, particularly in the United Kingdom, and Commonwealth countries are represented to one another by high commissions rather than embassies. Member states have no legal obligations to one another, though various economic, judicial and military arrangements exist between countries. The Commonwealth Charter defines their shared values of democracy, human rights and the rule of law, as promoted by the quadrennial Commonwealth Games. A majority of Commonwealth countries are small states, with small island developing states constituting almost half its membership. 

History

 

= Conceptual origins

= Queen Elizabeth II, in her address to Canada on Dominion Day in 1959, pointed out that the Confederation of Canada on 1 July 1867 had been the birth of the ""first independent country within the British Empire"". She declared: ""So, it also marks the beginning of that free association of independent states which is now known as the Commonwealth of Nations."" As long ago as 18 January 1884 Lord Rosebery, while visiting Adelaide, South Australia, had described the changing British Empire, as some of its colonies became more independent, as a ""Commonwealth of Nations"". Conferences of British and colonial prime ministers occurred periodically from the first one in 1887, leading to the creation of the Imperial Conferences in 1911. The Commonwealth developed from the imperial conferences. A specific proposal was presented by Jan Smuts in 1917 when he coined the term ""the British Commonwealth of Nations"" and envisioned the ""future constitutional relations and readjustments in essence"" at the Paris Peace Conference of 1919, attended by delegates from the Dominions as well as the United Kingdom. The term first received imperial statutory recognition in the Anglo-Irish Treaty of 1921, when the term British Commonwealth of Nations was substituted for British Empire in the wording of the oath taken by members of parliament of the Irish Free State. 

= Adoption and formalisation

= In the Balfour Declaration at the 1926 Imperial Conference, the United Kingdom and its dominions agreed that they were ""autonomous Communities within the British Empire, equal in status, in no way subordinate one to another in any aspect of their domestic or external affairs, though united by a common allegiance to the Crown, and freely associated as members of the British Commonwealth of Nations."" The term 'Commonwealth' was officially adopted to describe the community. These aspects of the relationship were formalised by the Statute of Westminster in 1931, which applied to Canada without the need for ratification, but Australia, New Zealand and Newfoundland had to ratify the statute for it to take effect. Newfoundland never did as due to economic hardship and the need for financial assistance from London, Newfoundland voluntarily accepted the suspension of self-government in 1934 and governance reverted to direct control from London. Newfoundland later joined Canada as its tenth province in 1949. Australia and New Zealand ratified the statute in 1942 and 1947 respectively. Although the Union of South Africa was not among the Dominions that needed to adopt the Statute of Westminster for it to take effect, two laws — the Status of the Union Act, 1934, and the Royal Executive Functions and Seals Act, 1934 — were passed by the Parliament of South Africa to confirm South Africa's status as a sovereign state, and to incorporate the Statute of Westminster into the law of South Africa. 

= Second World War

= Commonwealth countries and the Empire were involved in every major theatre of the Second World War. The British Commonwealth Air Training Plan was established for pilots from across the Empire and Dominions, created by the governments of the United Kingdom, Canada, Australia and New Zealand. Troops from Australia, Britain, the British Raj and New Zealand made up the British Commonwealth Occupation Force in post-war Japan. 

= Decolonisation and self-governance

= After the Second World War ended, the British Empire was gradually dismantled. Most of its components have become independent countries, whether Commonwealth realms or republics, and members of the Commonwealth. There remain the 14 mainly self-governing British overseas territories which retain some political association with the United Kingdom. In April 1949, following the London Declaration, the word ""British"" was dropped from the title of the Commonwealth to reflect its changing nature. Burma (Myanmar since 1989) and Aden (now part of Yemen) are the only states that were British colonies at the time of the war not to have joined the Commonwealth upon independence. Former British protectorates and mandates that did not become members of the Commonwealth are Egypt (independent in 1922), Iraq (1932), Transjordan (1946), Mandatory Palestine (part of which became the State of Israel in 1948), Sudan (1956), British Somaliland (which united with the former Italian Somaliland in 1960 to form the Somali Republic), Kuwait (1961), Bahrain (1971), Oman (1971), Qatar (1971) and the United Arab Emirates (1971). The post-war Commonwealth was given a fresh mission by Queen Elizabeth II in her Christmas Day 1953 broadcast, in which she envisioned the Commonwealth as ""an entirely new conception – built on the highest qualities of the Spirit of Man: friendship, loyalty, and the desire for freedom and peace"". However, the British treasury was so weak that it could not operate independently of the United States. Furthermore, the loss of defence and financial roles undermined Joseph Chamberlain's early 20th-century vision of a world empire that could combine Imperial Preference, mutual defence and social growth. In addition, the United Kingdom's cosmopolitan role in world affairs became increasingly limited, especially with the losses of India and Singapore. While British politicians at first hoped that the Commonwealth would preserve and project British influence, they gradually lost their enthusiasm, argues Krishnan Srinivasan. Early enthusiasm waned as British policies came under fire at Commonwealth meetings. Public opinion became troubled as immigration from non-white member states became large-scale (see also: Commonwealth diaspora). The term ""New Commonwealth"" gained usage in the UK (especially in the 1960s and 1970s) to refer to recently decolonised countries, predominantly non-white and developing countries. It was often used in debates regarding immigration from these countries. The United Kingdom and the pre-1945 dominions became informally known as the ""Old Commonwealth"", or more pointedly as the ""white Commonwealth"", in reference to what had been known as the ""White Dominions"". 

= Commonwealth republics

= On 18 April 1949, Ireland formally became a republic in accordance with the Irish Republic of Ireland Act 1948; in doing so, it also formally left the Commonwealth. While Ireland had not actively participated in the Commonwealth since the early 1930s, other dominions wished to become republics without losing Commonwealth ties. The issue came to a head in April 1949 at a Commonwealth prime ministers' meeting in London. Under the London Declaration, as drafted by V. K. Krishna Menon, India agreed, when it became a republic in January 1950, it would remain in the Commonwealth and accept the British Sovereign as a ""symbol of the free association of its independent member nations and as such the Head of the Commonwealth"". Upon hearing this, King George VI told Menon: ""So, I've become 'as such'."" Some other Commonwealth countries that have since become republics have chosen to leave, while others, such as Guyana, Mauritius and Dominica, have remained members. India's inaugural prime minister Jawaharlal Nehru declared on 16 May 1949, shortly following the Declaration, during the Constituent Assembly Debates that: We join the Commonwealth obviously because we think it is beneficial to us and to certain causes in the world that we wish to advance. The other countries of the Commonwealth want us to remain there because they think it is beneficial to them. It is mutually understood that it is to the advantage of the nations in the Commonwealth and therefore they join. At the same time, it is made perfectly clear that each country is completely free to go its own way; it may be that they may go, sometimes go so far as to break away from the Commonwealth...Otherwise, apart from breaking the evil parts of the association, it is better to keep a co-operative association going which may do good in this world rather than break it.The London Declaration is often seen as marking the beginning of the modern Commonwealth. Following India's precedent, other nations became republics, or constitutional monarchies with their own monarchs. While some countries retained the same monarch as the United Kingdom, their monarchies developed differently and soon became (or had already become) essentially independent of the British monarchy. The monarch is regarded as a separate legal personality in each realm, even though the same person is monarch of each realm. 

= Proposals to include Europe

= At a time when Germany and France, together with Belgium, Italy, Luxembourg, and the Netherlands, were planning what later became the European Union, and newly independent African countries were joining the Commonwealth, new ideas were floated to prevent the United Kingdom from becoming isolated in economic affairs. British trade with the Commonwealth was four times larger than its trade with Europe. In 1956 and 1957, the British government, under Prime Minister Anthony Eden, considered a ""Plan G"" to create a European free trade zone while also protecting the favoured status of the Commonwealth. At the time of the Suez Crisis in 1956, and in the face of colonial unrest and international tensions, French prime minister Guy Mollet proposed to British prime minister Anthony Eden that their two countries be joined in a ""union"". When that proposal was turned down, Mollet suggested that France join the Commonwealth, possibly with ""a common citizenship arrangement on the Irish basis"". These ideas faded away with the end of the Suez Crisis. 

= Expansion and renewed focus

= The first member admitted without any constitutional link to the British Empire was Mozambique – a former Portuguese colony – in 1995 following its first democratic elections. Its entry preceded the Edinburgh Declaration and the current membership guidelines. In 2009, Rwanda became the second country admitted to the Commonwealth without any constitutional links to Britain. It was a Belgian trust territory that had been a district of German East Africa until World War I. In 2022, Togo, a former French mandate territory, and Gabon, a former French colony, joined the Commonwealth, despite never having been under British rule. Togolese foreign minister Robert Dussey expected Commonwealth membership to provide opportunities for Togolese citizens to learn English, and increase access to education and culture. The country sought closer ties with the Anglophone world. Gabon was partially suspended from the Commonwealth in September 2023 following a military coup, with two years given by the Commonwealth Ministerial Action Group for the country to hold new elections before a full suspension of Commonwealth membership would be considered. In 2024 alone, trade between Togo and Britain increased by 94 percent; the country also sought to expand trade with India. Gabon's partial suspension was lifted in July 2025, following a presidential election. Commonwealth relations saw renewed interest during the second term of United States president Donald Trump. In 2025, during Russia's invasion of Ukraine, Commonwealth countries Australia, Canada, Cyprus and New Zealand aligned themselves with the ""coalition of the willing"" spearheaded by British prime minister Keir Starmer to provide support for Ukraine. During the 2025 Liberal Party leadership contest in Canada, in light of aggressive actions taken by the United States, the ultimate victor Mark Carney expressed support for deepening relations with Britain, Australia and New Zealand. Trump expressed interest in the United States becoming a member or ""associate"" member following tabloid reporting that this would be offered by Britain. Writing about America's shirking of global responsibility and the supposed ineffectiveness of the United Nations, Australian-British lawyer Geoffrey Robertson opined that ""Europe and the Commonwealth countries, plus Japan and Brazil and Indonesia, might together have more impact than the Security Council – if for example China moved to invade Taiwan."" In the midst of the Gaza war, Commonwealth countries Britain, Canada, Australia and New Zealand imposed sanctions on two Israeli ministers, in tandem with Norway. 

Structure

 

= Head of the Commonwealth

= Under the formula of the London Declaration, Charles III is the Head of the Commonwealth. However, when the monarch dies, the successor to the crown does not automatically become the new head of the Commonwealth. Despite this, at their meeting in April 2018, Commonwealth leaders agreed that Prince Charles should succeed his mother Elizabeth II as head after her death. The position is symbolic, representing the free association of independent members, the majority of which (36) are republics, and five have monarchs of different royal houses (Brunei, Eswatini, Lesotho, Malaysia and Tonga). 

= Commonwealth Heads of Government Meeting

= The main decision-making forum of the organisation is the biennial Commonwealth Heads of Government Meeting (CHOGM), where Commonwealth Heads of Government, including (among others) prime ministers and presidents, assemble for several days to discuss matters of mutual interest. CHOGM is the successor to the Commonwealth Prime Ministers Meetings and, earlier, the Imperial Conferences and Colonial Conferences, dating back to 1887. There are also regular meetings of finance ministers, law ministers, health ministers and others. Members in arrears, as special members before them, are not invited to send representatives to either ministerial meetings or CHOGMs. The head of government hosting the CHOGM is called the chair-in-office (CIO) and retains the position until the following CHOGM. 

= Commonwealth Secretariat

= The Commonwealth Secretariat, established in 1965, is the main intergovernmental agency of the Commonwealth, facilitating consultation and co-operation among member governments and countries. It is responsible to member governments collectively. The Commonwealth of Nations is represented in the United Nations General Assembly by the Secretariat as an observer. The secretariat organises Commonwealth summits, meetings of ministers, consultative meetings and technical discussions; it assists policy development and provides policy advice, and facilitates multilateral communication among the member governments. It also provides technical assistance to help governments in the social and economic development of their countries and in support of the Commonwealth's fundamental political values. The secretariat is headed by the Commonwealth secretary-general, who is elected by the CHOG for no more than two four-year terms. The secretary-general and two deputy secretaries-general direct the divisions of the Secretariat. The present secretary-general is Shirley Ayorkor Botchwey, from Ghana, succeeding Patricia Scotland. The first secretary-general was Arnold Smith of Canada (1965–1975), followed by Sir Shridath Ramphal of Guyana (1975–1990), Chief Emeka Anyaoku of Nigeria (1990–1999), Don McKinnon of New Zealand (2000–2008), and Kamalesh Sharma of India (2008–2016). 

= Commonwealth citizenship and high commissioners

= Some member states grant particular rights to Commonwealth citizens. The United Kingdom and several others, mostly in the Caribbean, grant the right to vote to resident Commonwealth citizens. Some countries, including the United Kingdom, have preferential citizenship acquisition or residency policies for Commonwealth citizens. Initially, Commonwealth countries were not considered to be ""foreign"" to each other as their citizens were British subjects. Citizenship laws evolved as the Commonwealth developed from the Empire. In Australia, for the purpose of considering certain constitutional and legal provisions in the High Court case of Sue v Hill, the United Kingdom was held to be a ""foreign power"". Similarly, in Nolan v Minister for Immigration and Ethnic Affairs, the nationals of other Commonwealth realms were held to be ""aliens"" though they were subjects of the Queen. Commonwealth citizens may receive consular assistance from other Commonwealth countries. In particular, British embassies and consulates may provide assistance to Commonwealth nationals in non-Commonwealth countries if their own country is not represented. Commonwealth citizens are eligible to apply for British emergency passports. Australia issues Documents of Identity in exceptional circumstances to resident Commonwealth citizens who are unable to obtain valid travel documents from their countries of origin and must travel urgently. The close association among Commonwealth countries is reflected in their diplomatic protocols. For example, when engaging bilaterally with one another, Commonwealth governments exchange high commissioners instead of ambassadors. 

= Additional components

= Various judicial and military arrangements exist within the Commonwealth. 

== Judicial



The Judicial Committee of the Privy Council is the supreme court of 14 Commonwealth countries, including the Cook Islands and Niue which are under the Realm of New Zealand (though New Zealand itself does not make appeals to the Privy Council). Judges from other Commonwealth countries are frequently appointed in Pacific Island nations. For instance, Commonwealth nationals are eligible for appointment to the High Court of Fiji.



Military



Commonwealth citizens are eligible to serve in the British Armed Forces. According to the British Army, ""Commonwealth soldiers are, and always will be, an important and valued part of the fabric of the British Army."" Visa fees for Commonwealth personnel seeking to settle in Britain were scrapped in 2022. The Five Power Defence Arrangements is a defence partnership between Commonwealth countries Australia, Malaysia, New Zealand, Singapore and Britain. Gurkha soldiers from Nepal, a non-Commonwealth country, have long served in the British Army and the forces of several Commonwealth countries. They are employed by the British Army (Brigade of Gurkhas), Indian Army (Gorkha regiments) and Royal Brunei Armed Forces (Gurkha Reserve Unit), as well the Gurkha Contingent of the Singapore Police Force. Most members of Brunei's Gurkha Reserve Unit are veterans from the British Army and Singaporean police.

 Membership 

=

 Criteria 

= The criteria for membership of the Commonwealth of Nations have developed over time from a series of separate documents. The Statute of Westminster 1931, as a fundamental founding document of the organisation, laid out that membership required dominionhood. The 1949 London Declaration ended this, allowing republican and indigenous monarchic members on the condition that they recognised King George VI as ""Head of the Commonwealth"". In the wake of the wave of decolonisation in the 1960s, these constitutional principles were augmented by political, economic, and social principles. The first of these was set out in 1961, when it was decided that respect for racial equality would be a requirement for membership, leading directly to the withdrawal of South Africa's re-application (which they were required to make under the formula of the London Declaration upon becoming a republic). The 14 points of the 1971 Singapore Declaration dedicated all members to the principles of world peace, liberty, human rights, equality, and free trade. These criteria were unenforceable for two decades, until, in 1991, the Harare Declaration was issued, dedicating the leaders to applying the Singapore principles to the completion of decolonisation, the end of the Cold War, and the end of apartheid in South Africa. The mechanisms by which these principles would be applied were created, and the manner clarified, by the 1995 Millbrook Commonwealth Action Programme, which created the Commonwealth Ministerial Action Group (CMAG), which has the power to rule on whether members meet the requirements for membership under the Harare Declaration. Also in 1995, an Inter-Governmental Group was created to finalise and codify the full requirements for membership. Upon reporting in 1997, as adopted under the Edinburgh Declaration, the Inter-Governmental Group ruled that any future members would ""as a rule"" have to have a direct constitutional link with an existing member. In addition to this new rule, the former rules were consolidated into a single document. These requirements are that members must accept and comply with the Harare principles, be fully sovereign states, recognise King Charles III as head of the Commonwealth, accept the English language as the means of Commonwealth communication, and respect the wishes of the general population with regard to Commonwealth membership. These requirements had undergone review, and a report on potential amendments was presented by the Committee on Commonwealth Membership at the 2007 Commonwealth Heads of Government Meeting. New members were not admitted at this meeting, though applications for admission were considered at the 2009 CHOGM. New members must ""as a general rule"" have a direct constitutional link to an existing member. In most cases, this is due to being a former colony of the United Kingdom, but some have links to other countries, either exclusively or more directly (e.g., Bangladesh to Pakistan, Samoa to New Zealand, Papua New Guinea to Australia, and Singapore to Malaysia). Mozambique, in 1995, was the first country to join without such a constitutional connection, leading to the Edinburgh Declaration and the current membership guidelines. In 2009, Rwanda, formerly under Belgian and German rule, joined. Consideration for Rwanda's admission was considered an ""exceptional circumstance"" by the Commonwealth Secretariat. Rwanda was permitted to join despite the Commonwealth Human Rights Initiative (CHRI) finding that ""the state of governance and human rights in Rwanda does not satisfy Commonwealth standards"", and that it ""does not therefore qualify for admission"". The CHRI commented that: ""It does not make sense to admit a state that already does not satisfy Commonwealth standards. This would tarnish the reputation of the Commonwealth and confirm the opinion of many people and civic organisations that the leaders of its governments do not really care for democracy and human rights, and that its periodic, solemn declarations are merely hot air."" In 2022, the former French territories of Togo and Gabon joined the Commonwealth.

= Members 

= The Commonwealth comprises 56 countries, across all inhabited continents. 33 members are small states, including 25 small island developing states. In 2023, the Commonwealth had a population of 2.5 billion. The Commonwealth is the largest association of 'Third World' or 'Global South' countries. With a population of 1.4 billion in 2023, India is the most populous Commonwealth country. Tuvalu is the smallest member, with about 12,000 people at the time. The status of ""member in arrears"" is used to denote those that are in arrears in paying subscription dues. The status was originally known as ""special membership"", but was renamed on the Committee on Commonwealth Membership's recommendation. There are currently no members in arrears. The last member in arrears, Nauru, returned to full membership in June 2011. Nauru previously alternated between special and full membership since joining the Commonwealth, depending on its financial situation.

= Economy of member countries 

= In 2019, the Commonwealth members had a combined gross domestic product of over $9 trillion, 78% of which is accounted for by the four largest economies: India ($3.737 trillion), United Kingdom ($3.124 trillion), Canada ($1.652 trillion), and Australia ($1.379 trillion).

= Applicants 

= In 1997 the Commonwealth Heads of Government agreed that, to become a member of the Commonwealth, an applicant country should, as a rule, have had a constitutional association with an existing Commonwealth member; that it should comply with Commonwealth values, principles and priorities as set out in the Harare Declaration; and that it should accept Commonwealth norms and conventions. South Sudanese politicians have expressed interest in joining the Commonwealth. A senior Commonwealth source stated in 2006 that ""many people have assumed an interest from Israel, but there has been no formal approach"". Israel and Palestine are both potential candidates for membership. President Yahya Jammeh unilaterally withdrew the Gambia from the Commonwealth in October 2013. However, newly elected president Adama Barrow returned the country to the organisation in February 2018. Other eligible applicants could be any of the remaining inhabited British Overseas Territories, Crown Dependencies, Australian external territories and the Associated States of New Zealand if they become fully independent. Many such jurisdictions are already directly represented within the Commonwealth, particularly through the Commonwealth Family. There are also former British possessions that have not become independent. Although Hong Kong has become part of China, it continues to participate in some of the institutions within the Commonwealth Family, including the Commonwealth Lawyers Association, the Association of Commonwealth Universities, the Commonwealth Association of Legislative Counsel and the Commonwealth War Graves Commission (CWGC). All three of the Crown dependencies regard their existing situation as unsatisfactory and have lobbied for change. In 2012, the States of Jersey called on the UK foreign secretary to request that the Commonwealth heads of government ""consider granting associate membership to Jersey and the other Crown Dependencies as well as any other territories at a similarly advanced stage of autonomy"". Jersey proposed that it be accorded ""self-representation in all Commonwealth meetings; full participation in debates and procedures, with a right to speak where relevant and the opportunity to enter into discussions with those who are full members; and no right to vote in the Ministerial or Heads of Government meetings, which is reserved for full members"". The States of Guernsey and the Government of the Isle of Man made calls of a similar nature in the same year for a more integrated relationship with the Commonwealth, including more direct representation and enhanced participation in Commonwealth organisations and meetings, including Commonwealth Heads of Government Meetings. The Chief Minister of the Isle of Man said that a ""closer connection with the Commonwealth itself would be a welcome further development of the Island's international relationships"".

= Suspension 

= Members can be suspended ""from the Councils of the Commonwealth"" for ""serious or persistent violations"" of the Harare Declaration, particularly in abrogating their responsibility to have democratic government. Suspensions are agreed by the Commonwealth Ministerial Action Group (CMAG), which meets regularly to address potential breaches of the Harare Declaration. Suspended members are not represented at meetings of Commonwealth leaders and ministers, although they remain members of the organisation. Nigeria was suspended between 11 November 1995 and 29 May 1999, following its execution of Ken Saro-Wiwa on the eve of the 1995 CHOGM. Pakistan was the second country to be suspended, on 18 October 1999, following the military coup by Pervez Musharraf. The Commonwealth's longest suspension came to an end on 22 May 2004, when Pakistan's suspension was lifted following the restoration of the country's constitution. Pakistan was suspended for a second time, far more briefly, for six months from 22 November 2007, when Musharraf called a state of emergency. Zimbabwe was suspended in 2002 over concerns regarding the electoral and land reform policies of Robert Mugabe's ZANU-PF government, before it withdrew from the organisation in 2003. On 15 May 2018, Zimbabwe applied to rejoin the Commonwealth. The declaration of a Republic in Fiji in 1987, after military coups designed to deny Indo-Fijians political power, was not accompanied by an application to remain. Commonwealth membership was held to have lapsed until 1997, after discriminatory provisions in the republican constitution were repealed and reapplication for membership made. Fiji has since been suspended twice, with the first imposed from 6 June 2000 to 20 December 2001 after another coup. Fiji was suspended yet again in December 2006, following the most recent coup. At first, the suspension applied only to membership on the Councils of the Commonwealth. After failing to meet a Commonwealth deadline for setting a date for national elections by 2010, Fiji was ""fully suspended"" on 1 September 2009. The secretary-general of the Commonwealth, Kamalesh Sharma, confirmed that full suspension meant that Fiji would be excluded from Commonwealth meetings, sporting events and the technical assistance programme (with an exception for assistance in re-establishing democracy). Sharma stated that Fiji would remain a member of the Commonwealth during its suspension, but would be excluded from emblematic representation by the secretariat. On 19 March 2014 Fiji's full suspension was amended to a suspension from councils of the Commonwealth by the Commonwealth Ministerial Action Group, permitting Fiji to join a number of Commonwealth activities, including the Commonwealth Games. Fiji's suspension was lifted in September 2014. The Commonwealth Ministerial Action Group fully reinstated Fiji as a member following elections in September 2014. Most recently, during 2013 and 2014, international pressure mounted to suspend Sri Lanka from the Commonwealth, citing grave human rights violations by the government of President Mahinda Rajapaksa. There were also calls to change the Commonwealth Heads of Government Meeting 2013 from Sri Lanka to another member country. Canadian prime minister Stephen Harper threatened to boycott the event, but was instead represented at the meeting by Deepak Obhrai. UK prime minister David Cameron also chose to attend. These concerns were rendered moot by the election of opposition leader Maithripala Sirisena as president in 2015.

= Withdrawal and termination 

= As membership is purely voluntary, member governments can choose at any time to leave the Commonwealth. The first state to do so was Ireland in 1949 following its decision to declare itself a republic, although it had not participated in the Commonwealth since 1932. At the time, all members accepted the British monarch as head of state as a condition of membership. This rule was changed after Ireland's departure to allow India to retain membership when it became a republic in 1950, although Ireland did not rejoin. Now, the majority of the Commonwealth members, including all those from Africa, are republics or have their own native monarch. Pakistan left on 30 January 1972 in protest at the Commonwealth's recognition of breakaway Bangladesh, but rejoined on 2 August 1989. Zimbabwe's membership was suspended in 2002 on the grounds of alleged human rights violations and deliberate misgovernment, and Zimbabwe's government terminated its membership in 2003. The Gambia left the Commonwealth on 3 October 2013, and rejoined on 8 February 2018. The Maldives withdrew from the Commonwealth on 13 October 2016, citing the Commonwealth's ""punitive actions against the Maldives since 2012"" after the allegedly forced resignation of Maldivian President Mohamed Nasheed among the reasons for withdrawal. Following the election of Ibrahim Mohamed Solih as president in November 2018, the Maldives announced its intention to reapply to join the Commonwealth. It rejoined on 1 February 2020. No country has been formally expelled from the Commonwealth. However, South Africa's application to remain a member of the organisation after becoming a republic in 1961 was effectively blocked due to hostility from many members, particularly those in Africa and Asia as well as Canada, to apartheid. The South African government withdrew its application when it became clear at the 1961 Commonwealth Prime Ministers' Conference that it would be rejected. South Africa was re-admitted to the Commonwealth in 1994, following its first multiracial elections that year. The Commonwealth provided technical assistance and training for a peacekeeping force prior to election, with Commonwealth observers significantly present during the election itself. The transfer of sovereignty over Hong Kong in 1997 ended the territory's status as a part of the Commonwealth through the United Kingdom. Non-sovereign states or regions are not permitted to become members of the Commonwealth. The government of China has not pursued membership. Hong Kong has nevertheless continued to participate in some of the organisations of the Commonwealth Family, such as the Commonwealth Lawyers Association (hosted the Commonwealth Lawyers Conference in 1983 and 2009), the Commonwealth Parliamentary Association (and the Westminster Seminar on Parliamentary Practice and Procedures), the Association of Commonwealth Universities and the Commonwealth Association of Legislative Counsel, as well as the Commonwealth War Graves Commission (CWGC).

 Politics 

=

 Objectives and activities 

= The Commonwealth's objectives were first outlined in the 1971 Singapore Declaration, which committed the Commonwealth to the institution of world peace; promotion of representative democracy and individual liberty; the pursuit of equality and opposition to racism; the fight against poverty, ignorance, and disease; and free trade. To these were added opposition to discrimination on the basis of sex by the Lusaka Declaration of 1979, and environmental sustainability by the Langkawi Declaration of 1989. These objectives were reinforced by the Harare Declaration in 1991. The Commonwealth's highest-priority aims concern the promotion of democracy and development, as outlined in the 2003 Aso Rock Declaration, which built on those in Singapore and Harare and clarified their terms of reference, stating, ""We are committed to democracy, good governance, human rights, gender equality, and a more equitable sharing of the benefits of globalisation.""

= Competence 

= In October 2010, a leaked memo from the Secretary General instructing staff not to speak out on human rights was published, leading to accusations that the Commonwealth was not being vocal enough on its core values. The Commonwealth Heads of Government Meeting 2011 considered a report by a Commonwealth Eminent Persons Group (EPG) panel which asserted that the organisation had lost its relevance and was decaying due to the lack of a mechanism to censure member countries when they violated human rights or democratic norms. The panel made 106 ""urgent"" recommendations including the adoption of a Charter of the Commonwealth, the creation of a new commissioner on the rule of law, democracy and human rights to track persistent human rights abuses and allegations of political repression by Commonwealth member states, recommendations for the repeal of laws against homosexuality in 41 Commonwealth states and a ban on forced marriage. The failure to release the report, or accept its recommendations for reforms in the area of human rights, democracy and the rule of law, was described as a ""disgrace"" by former British foreign secretary Malcolm Rifkind, a member of the EPG, who told a press conference: ""The Commonwealth faces a very significant problem. It's not a problem of hostility or antagonism, it's more of a problem of indifference. Its purpose is being questioned, its relevance is being questioned and part of that is because its commitment to enforce the values for which it stands is becoming ambiguous in the eyes of many member states. The Commonwealth is not a private club of the governments or the secretariat. It belongs to the people of the Commonwealth."" In the end, two-thirds of the EPG's 106 urgently recommended reforms were referred to study groups, an act described by one EPG member as having them ""kicked into the long grass"". There was no agreement to create the recommended position of human rights commissioner, instead a ministerial management group was empowered with enforcement: the group includes alleged human rights offenders. It was agreed to develop a charter of values for the Commonwealth without any decision on how compliance with its principles would be enforced. The result of the effort was that a new Charter of the Commonwealth was signed by Queen Elizabeth II on 11 March 2013 at Marlborough House, which opposes ""all forms of discrimination, whether rooted in gender, race, colour, creed, political belief or other grounds"".

 Economy 

=

 Economic data by member 

=

= Postwar 

= During the Second World War, the British Empire played a major role in supporting British finances. Foreign exchange reserves were pooled in London, to be used to fight the war. In effect the United Kingdom procured £2.3 billion, of which £1.3 billion was from British India. The debt was held in the form of British government securities and became known as ""sterling balances"". By 1950, India, Pakistan and Ceylon had spent much of their sterling, while other countries accumulated more. The sterling area included all of the Commonwealth except for Canada, together with some smaller countries especially in the Persian Gulf. They held their foreign-exchange in sterling, protecting that currency from runs and facilitating trade and investment inside the Commonwealth. It was a formal relationship with fixed exchange rates, periodic meetings at Commonwealth summits to coordinate trade policy, and domestic economic policies. The United Kingdom ran a trade surplus, and the other countries were mostly producers of raw materials sold to the United Kingdom. The commercial rationale was gradually less attractive to the Commonwealth; however, access to the growing London capital market remained an important advantage to the newly independent nations. As the United Kingdom moved increasingly close to Europe, however, the long-term ties began to be in doubt.



UK joins the European Economic Community



By 1961, with a sluggish economy, the United Kingdom attempted to join the European Economic Community, but this was repeatedly vetoed by Charles de Gaulle. Entry was finally achieved in 1973. Queen Elizabeth was one of the few remaining links between the UK and the Commonwealth. Historian Ben Pimlott argues that joining Europe ""constituted the most decisive step yet in the progress of severance of familial ties between the United Kingdom and its former Empire... It reduced the remaining links to sentimental and cultural ones, and legal niceties."" The newly independent countries of Africa and Asia concentrated on their own internal political and economic development, and sometimes their role in the Cold War. The United States, international agencies, and the Soviet Union became important players, and the British role receded. While there was opposition to British entry into the EEC from many countries, such as Australia, others preferred the economic advantages brought by British access to the Common Market. The historic ties between the former dominion nations and the United Kingdom were rapidly fraying. The Canadian economy increasingly focused on trade with the United States, and not on trade with the United Kingdom or other Commonwealth nations. Internal Canadian disputes revolved around the growing American cultural and economic presence, and the strong force of Quebec nationalism. In 1964, the Maple Leaf flag replaced the Canadian Ensign, with Gregory Johnson describing it as ""the last gasp of empire"". Australia and New Zealand were generally opposed to the United Kingdom's entry and exerted considerable influence on the eventual terms of accession in 1972, for which the United Kingdom agreed to transitional arrangements and monetary compensation to protect important export markets. Russell Ward summarises the period in economic terms: ""In fact the United Kingdom, as Australia's chief trading partner, was being very rapidly replaced just at this time by the United States and an economically resurgent Japan, but most people were scarcely aware of this.... It was feared that British entry into the Common Market was bound to mean abolition, or at least scaling down, of preferential tariff arrangements for Australians goods.""

= Trade 

= Although the Commonwealth does not have a multilateral trade agreement, 2010 research by the Royal Commonwealth Society showed that trade with another Commonwealth member is up to 50% greater than with a non-member on average, with smaller and less wealthy states having a higher propensity to trade within the Commonwealth. In 2024 alone, trade between Togo and Britain increased by 94 percent, two years after the former joined the Commonwealth. At the 2005 Summit in Malta, the heads of government endorsed pursuing free trade among Commonwealth members on a bilateral basis. Commonwealth Secretary-General Shirley Ayorkor Botchwey endorsed the idea of a Commonwealth free trade area in 2025. Following its vote in June 2016 to leave the European Union, some in the United Kingdom suggested the Commonwealth as an alternative to its membership in the EU; however, it was far from clear that this would either offer sufficient economic benefit to replace the impact of leaving the EU or be acceptable to other member states. In 2021, following the United Kingdom's exit from the European Union, Australia and the United Kingdom signed the Australia–United Kingdom Free Trade Agreement, which on ratification eliminated tariffs and increased opportunities for movement between the two countries. Canada exempts most goods from the Commonwealth Caribbean, consisting of Commonwealth countries and British Overseas Territories in the region, from import duties.

 Commonwealth Family 

Commonwealth countries share many links outside government, with various non-governmental organisations, notably for sport, culture, education, law, and charity claiming to operate on a Commonwealth-wide basis. Some, such as Sight Savers International and the English-Speaking Union, also operate outside the Commonwealth, though their operations began and largely remain within the association. The Commonwealth Secretariat regulates formal accreditation with the Commonwealth through its Accreditation Committee. The admittance criteria includes upholding a commitment to the Commonwealth Charter. Formally accredited organisations include the Association of Commonwealth Universities, which manages the Commonwealth Scholarship allowing students to study in other Commonwealth countries, and the Commonwealth Parliamentary Association which links together over 180 Commonwealth parliaments.

= Commonwealth Foundation 

= The Commonwealth Foundation is an intergovernmental organisation, resourced by and reporting to Commonwealth governments, and guided by Commonwealth values and priorities. Its mandate is to strengthen civil society in the achievement of Commonwealth priorities: democracy and good governance, respect for human rights and gender equality, poverty eradication, people-centred and sustainable development, and to promote arts and culture. The Foundation was established in 1965 by the Heads of Government. Admittance is open to all members of the Commonwealth, and in December 2008, stood at 46 out of the 53 member countries. Associate Membership, which is open to associated states or overseas territories of member governments, has been granted to Gibraltar. 2005 saw celebrations for the Foundation's 40th Anniversary. The Foundation is headquartered in Marlborough House, Pall Mall, London. Regular liaison and co-operation between the Secretariat and the Foundation is in place. The Foundation continues to serve the broad purposes for which it was established as written in the Memorandum of Understanding.

= Commonwealth Games 

= The Commonwealth Games, a multi-sport event, is held every four years; the 2018 Commonwealth Games were held in Gold Coast, Australia, 2022 Commonwealth Games in Birmingham and 2026 Commonwealth Games in Glasgow. As well as the usual athletic disciplines, as at the Summer Olympic Games, the games include sports particularly popular in the Commonwealth, such as bowls, netball, and rugby sevens. Started in 1930 as the Empire Games, the games were founded on the Olympic model of amateurism, but were deliberately designed to be ""the Friendly Games"", with the goal of promoting relations between Commonwealth countries and celebrating their shared sporting and cultural heritage. The games are the Commonwealth's most visible activity and interest in the operation of the Commonwealth increases greatly when the Games are held. There is controversy over whether the games—and sport generally—should be involved in the Commonwealth's wider political concerns. The 1977 Gleneagles Agreement was signed to commit Commonwealth countries to combat apartheid through discouraging sporting contact with South Africa (which was not then a member), while the 1986 games were boycotted by most African, Asian, and Caribbean countries for the failure of other countries to enforce the Gleneagles Agreement.

= Commonwealth Youth Games 

= The Commonwealth Youth Games is the youth version of the Commonwealth Games and it is aimed at younger athletes aged between 14 and 18 years. The 2000 Commonwealth Youth Games was the inaugural edition of the Commonwealth Youth Games, first held in Edinburgh, Scotland. The most recent edition of the games was held in 2023 in Trinidad and Tobago.

= Commonwealth War Graves Commission 

= The Commonwealth War Graves Commission (CWGC) is responsible for maintaining the war graves of 1.7 million service personnel who died in the First and Second World Wars fighting for Commonwealth member states. Founded in 1917 (as the Imperial War Graves Commission), the commission has constructed 2,500 war cemeteries, and maintains individual graves at another 20,000 sites around the world. The vast majority of the latter are civilian cemeteries in the United Kingdom. In 1998, the CWGC made the records of its buried available online to facilitate easier searching. Commonwealth war cemeteries often feature similar horticulture and architecture, with larger cemeteries being home to a Cross of Sacrifice and Stone of Remembrance. The CWGC is notable for marking the graves identically, regardless of the rank, country of origin, race, or religion of the buried. It is funded by voluntary agreement by six Commonwealth members, in proportion to the nationality of the casualties in the graves maintained, with 75% of the funding coming from the United Kingdom.

= Commonwealth of Learning 

= The Commonwealth of Learning (COL) is an intergovernmental organisation created by the heads of government to encourage the development and sharing of open learning/distance education knowledge, resources and technologies. COL is helping developing nations improve access to quality education and training.

= Commonwealth Local Government Forum 

= The Commonwealth Local Government Forum (CLGF) is a global local government organisation, bringing together local authorities, their national associations and the ministries responsible for local government in the member countries of the Commonwealth. CLGF works with national and local governments to support the development of democratic values and good local governance and is the associated organisation officially recognised by Commonwealth Heads of Government as the representative body for local government in the Commonwealth. CLGF is unique in bringing together central, provincial and local spheres of government involved in local government policy and decision-making. CLGF members include local government associations, individual local authorities, ministries dealing with local government, and research and professional organisations who work with local government. Practitioner to practitioner support is at the core of CLGF's work across the Commonwealth and within the region, using CLGF's own members to support others both within and between regions. CLGF is a member of the Global Taskforce of Local and Regional Governments, the formal partner of the UN Major Group of Local Authorities.

 Culture 

Commonwealth countries share a common culture which includes the English language, sports, legal systems, education and government. These commonalities are the result of the Commonwealth's heritage, having developed out of the British Empire. Symbols of the Commonwealth include the Commonwealth Flag and Commonwealth Day. Remembrance Day is commemorated across the Commonwealth. Celebrations for Guy Fawkes Night take place in some Commonwealth countries.

= Sport 

= Many Commonwealth nations play similar sports that are considered quintessentially British in character, rooted in and developed under British rule or hegemony, including cricket, association football, rugby football, field hockey and netball. These ties are particularly strong between the United Kingdom, Australia, New Zealand and South Africa across rugby union, cricket, netball, and field hockey, with Australia in rugby league, with the Caribbean nations in cricket and netball, and with the Indian subcontinent in cricket and hockey. Canada, by contrast, is dominated by North American sports, including baseball instead of cricket, basketball rather than netball, ice hockey rather than field hockey and Canadian football, rather than rugby union or league. Canada does, however, maintain small enthusiastic communities in all the more traditional Commonwealth sports, having reached the World Cup in each of them, and is the homeplace of the Commonwealth Games, hosting the inaugural edition in Hamilton in 1930. This shared sporting landscape has led to the development of friendly national rivalries between the main sporting nations that have often defined their relations with each other, and in the cases of India, Australia and New Zealand, have played a major part in defining their emerging national character (in cricket, rugby league and rugby union). Indeed, said rivalries preserved close ties by providing a constant in international relationships, even as the Empire transformed into the Commonwealth. Externally, playing these sports is seen to be a sign of sharing a certain Commonwealth culture; the adoption of cricket at schools in Rwanda is seen as symbolic of the country's move towards Commonwealth membership. More broadly, Rwanda's membership of the Commonwealth has been credited with helping popularise cricket in the country, with both men and women playing it in orphanages, schools, universities and cricket clubs. The Commonwealth Games alongside the youth version, a quadrennial multi-sports event held in the middle year of an Olympic cycle is the most visible demonstration of these sporting ties. The Games include standard multi-sports disciplines like athletics, swimming, gymnastics, weightlifting, boxing, field hockey, and cycling, but also includes sports popular in the Commonwealth that are distinct to the Games such as netball, squash and lawn bowls. They are also more avowedly political than events like the Olympics, promoting what are seen as Commonwealth values; historically, a history of shared military endeavour was celebrated and promoted, parasport and disability sport is fully integrated, and the Commonwealth Games Federation has publicly backed the rights of LGBT people, despite the continuing criminalisation of homosexuality in many Commonwealth countries.

= Literature 

= The shared history of British presence has produced a substantial body of writing in many languages, known as Commonwealth literature. The Association for Commonwealth Literature and Language Studies (ACLALS) has 11 branches worldwide and holds an international conference every three years. In 1987, the Commonwealth Foundation established the annual Commonwealth Writers' Prize ""to encourage and reward the upsurge of new Commonwealth fiction and ensure that works of merit reach a wider audience outside their country of origin"". Prizes are awarded for the best book and best first book in the Commonwealth; there are also regional prizes for the best book and best first book in each of four regions. Although not officially affiliated with the Commonwealth, the prestigious annual Man Booker Prize, one of the highest honours in literature, used to be awarded only to authors from Commonwealth countries or former members such as Ireland and Zimbabwe. Since 2014, however, writers of any nationality have been eligible for the prize providing that they write originally in English and their novels are published by established publishers in the United Kingdom. Today, the Commonwealth Foundation awards the annual Commonwealth Short Story Prize. South African writer Olive Schreiner's famous novel The Story of an African Farm was published in 1883 and New Zealander Katherine Mansfield published her first collection of short stories, In a German Pension, in 1911. The first major novelist, writing in English, from the Indian sub-continent, R. K. Narayan, began publishing in England in the 1930s, thanks to the encouragement of English novelist Graham Greene. Caribbean writer Jean Rhys's writing career began as early as 1928, though her most famous work, Wide Sargasso Sea, was not published until 1966. South Africa's Alan Paton's famous Cry, the Beloved Country dates from 1948. Doris Lessing from Southern Rhodesia, now Zimbabwe, was a dominant presence in the English literary scene, frequently publishing from 1950 on throughout the 20th century. She won the Nobel Prize in Literature in 2007. Salman Rushdie is another post-Second World War writer from the former British colonies who permanently settled in the United Kingdom. Rushdie achieved fame with Midnight's Children (1981). His most controversial novel, The Satanic Verses (1989), was inspired in part by the life of Muhammad. V. S. Naipaul (born 1932), born in Trinidad, was another immigrant, who wrote, among other things, A Bend in the River (1979). Naipaul won the Nobel Prize in Literature in 2001. Many other Commonwealth writers have achieved an international reputation for works in English, including Nigerian novelist Chinua Achebe, and playwright Wole Soyinka. Soyinka won the Nobel Prize in Literature in 1986, as did South African novelist Nadine Gordimer in 1995. Other South African writers in English are novelist J. M. Coetzee (Nobel Prize 2003) and playwright Athol Fugard. Kenya's most internationally renowned author is Ngũgĩ wa Thiong'o, author of novels, plays and short stories in English. Poet Derek Walcott, from Saint Lucia in the Caribbean, was another Nobel Prize winner in 1992. An Australian, Patrick White, a major novelist in this period, whose first work was published in 1939, won in 1973. Other noteworthy Australian writers at the end of this period are poet Les Murray, and novelist Peter Carey, who is one of only four writers to have won the Booker Prize twice.

= Politics and judiciary 

= Commonwealth countries have similar legal and government systems, whilst the Commonwealth Charter includes commitments to democracy, human rights and the rule of law. Most Commonwealth countries have a Westminster system of parliamentary democracy, with elected legislatures, multi-party elections, responsible government and often two chambers. The Commonwealth Parliamentary Association facilitates co-operation between legislatures across the Commonwealth, and the Commonwealth Local Government Forum promotes good governance among local government officials. Nonetheless, Commonwealth leadership was criticised for admitting Gabon as a member at the 2022 Commonwealth Heads of Government Meeting in Kigali, Rwanda – a country with poor human rights record – despite the fact that Gabon had been governed for 56 years by the kleptocratic Bongo family, until they were overthrown in a coup in 2023. Most Commonwealth countries use common law, modelled on English law. The Latimer House Principles adopted in 2003 reflect the separation of powers. Judges are appointed by independent commissions in most Commonwealth countries, a change which took place across the Commonwealth in the late 20th and early 21st centuries and is reflected in the Cape Town Principles.

= Symbols 

= The Commonwealth has adopted a number of symbols that represent the association of its members. The English language is recognised as a symbol of the members' heritage; as well as being considered a symbol of the Commonwealth, recognition of it as ""the means of Commonwealth communication"" is a prerequisite for Commonwealth membership. The flag of the Commonwealth consists of the symbol of the Commonwealth Secretariat, a gold globe surrounded by emanating rays, on a dark blue field; it was designed for the second CHOGM in 1973, and officially adopted on 26 March 1976. 1976 also saw the organisation agree to a common date on which to commemorate Commonwealth Day, the second Monday in March, having developed separately on different dates from Empire Day celebrations. Also to mark the 60th anniversary (Diamond Jubilee) of the Commonwealth in 2009, the Commonwealth Secretariat commissioned Paul Carroll to compose ""The Commonwealth Anthem"". The lyrics of the Anthem are taken from the 1948 Universal Declaration of Human Rights. The Commonwealth Youth Orchestra published renditions of the Anthem with and without an introductory narrative.

= Recognition 

= In 2009, to mark the 60th anniversary of the founding of the Commonwealth, the Royal Commonwealth Society commissioned a poll of public opinion in seven of the member states: Australia, Canada, India, Jamaica, Malaysia, South Africa and the United Kingdom. It found that most people in these countries were largely ignorant of the Commonwealth's activities, aside from the Commonwealth Games, and indifferent toward its future. Support for the Commonwealth was twice as high in developing countries as in developed countries; it was lowest in the United Kingdom.

 See also 

Anglosphere English-speaking world Commonwealth Caribbean List of Commonwealth of Nations countries by GDP Community of Portuguese Language Countries, an equivalent grouping of Portuguese-speaking countries and territories La Francophonie (OIF), an association of countries where the French language and French culture are prominent Organization of Ibero-American States, consisting of Iberophone nations

 Notes 

== References

 

Further reading

 

= Primary sources

= 

External links

 Commonwealth Secretariat Commonwealth Foundation","The Commonwealth of Nations, often referred to as the British Commonwealth or simply the Commonwealth, is an international association of 56 member states, the vast majority of which are former territories of the British Empire from which it developed. They are connected through their use of the English language and cultural and historical ties. The chief institutions of the association are the Commonwealth Secretariat, which focuses on intergovernmental relations, and the Commonwealth Foundation, which focuses on non-governmental relations between member nations. Numerous organisations are associated with and operate within the Commonwealth.
The Commonwealth dates back to the first half of the 20th century with the decolonisation of the British Empire through increased self-governance of its territories. It was created as the British Commonwealth of Nations through the Balfour Declaration at the 1926 Imperial Conference, and formalised by the United Kingdom through the Statute of Westminster in 1931. In 1949, the London Declaration allowed India to remain in the Commonwealth as a republic, marking a significant evolution of the association. 
The Head of the Commonwealth is Charles III. He is king of 15 member states, known as the Commonwealth realms, while 36 other members are republics, and five others have different monarchs. Although he became head upon the death of his mother, Elizabeth II, the position is not technically hereditary.
Commonwealth citizens enjoy benefits in some member countries, particularly in the United Kingdom, and Commonwealth countries are represented to one another by high commissions rather than embassies. Member states have no legal obligations to one another, though various economic, judicial and military arrangements exist between countries. The Commonwealth Charter defines their shared values of democracy, human rights and the rule of law, as promoted by the quadrennial Commonwealth Games.
A majority of Commonwealth countries are small states, with small island developing states constituting almost half its membership.

",9143,60957.0,Queen Elizabeth II,1952-2022,political,English,Formal,,
qe2_coronation_of_elizabeth_ii,related_article,Coronation of Elizabeth II,https://en.wikipedia.org/wiki/Coronation_of_Elizabeth_II,Coronation of Elizabeth II,2025-10-04T13:36:34.671241,2025-10-04T14:01:53.765604,"The coronation of Elizabeth II as queen of the United Kingdom and the other Commonwealth realms took place on 2 June 1953 at Westminster Abbey in London. Elizabeth acceded to the throne at the age of 25 upon the death of her father, George VI, on 6 February 1952, being proclaimed queen by her privy and executive councils shortly afterwards. The coronation was held more than one year later because of the tradition of allowing an appropriate length of time to pass after a monarch dies. It also gave the planning committees adequate time to make preparations for the ceremony. During the service, Elizabeth took an oath, was anointed with holy oil, was invested with robes and regalia, and was crowned Queen of the United Kingdom, Canada, Australia, New Zealand, South Africa, Pakistan, and Ceylon (now Sri Lanka). Celebrations took place across the Commonwealth realms and a commemorative medal was issued. It was the first British coronation to be fully televised; television cameras were not allowed inside the abbey during her parents' coronation in 1937. Elizabeth's was the fourth and final British coronation of the 20th century. It was estimated to have cost £1.57 million (pounds)(c. £53,571,428 in 2023). 

Preparations

 The one-day ceremony took 14 months of preparation: the first meeting of the Coronation Commission was in April 1952, under the chairmanship of the Queen's husband, Philip, Duke of Edinburgh. Other committees were also formed, such as the Coronation Joint Committee and the Coronation Executive Committee, both chaired by the Duke of Norfolk who, by convention as earl marshal, had overall responsibility for the event. Many physical preparations and decorations along the route were the responsibility of David Eccles, Minister of Works. Eccles described his role and that of the Earl Marshal: ""The Earl Marshal is the producer – I am the stage manager..."" Architect Hugh Casson designed street decorations for Westminster, and Eric Bedford designed the Coronation Arches erected over The Mall. The committees involved high commissioners from other Commonwealth realms, reflecting the international nature of the coronation; however, officials from other Commonwealth realms declined invitations to participate in the event because the governments of those countries considered the ceremony to be a religious rite unique to Britain. As Canadian Prime Minister Louis St. Laurent said at the time: ""In my view the Coronation is the official enthronement of the Sovereign as Sovereign of the UK. We are happy to attend and witness the Coronation of the Sovereign of the UK but we are not direct participants in that function."" The Coronation Commission announced in June 1952 that the coronation would take place on 2 June 1953. Invitations for the coronation were designed by the illustrator Joan Hassall; she had to use scraperboard to produce the final design as there was not enough time to produce a wood engraving for such a large and complex design. She also designed the personal invitation that Prince Charles received to the coronation. Norman Hartnell was commissioned by the Queen to design the outfits for all members of the royal family, including Elizabeth's coronation gown. His design for the gown evolved through nine proposals, and the final version resulted from his own research and numerous meetings with the Queen: a white silk dress embroidered with floral emblems of the countries of the Commonwealth at the time: the Tudor rose of England, Scottish thistle, Welsh leek, shamrock for Northern Ireland, wattle of Australia, maple leaf of Canada, the New Zealand silver fern, South Africa's protea, two lotus flowers for India and Ceylon, and Pakistan's wheat, cotton and jute. Roger Vivier created a pair of gold shoes for the occasion. The sandals featured jewel-encrusted heels and decorative motif on the upper sides, which was meant to resemble ""the fleurs-de-lis pattern on the St Edward's Crown and the Imperial State Crown"". Elizabeth chose to wear the Coronation necklace for the event. The piece was commissioned by Queen Victoria and worn by Queens Alexandra, Mary, and Elizabeth at their respective coronations. She paired it with the Coronation earrings. Elizabeth rehearsed for the occasion with her maids of honour. A sheet was used in place of the velvet train, and a formation of chairs stood in for the carriage. She also wore the Imperial State Crown while going about her daily business – at her desk, during tea, and while reading a newspaper – so that she could become accustomed to its feel and weight. Elizabeth took part in two full rehearsals at Westminster Abbey, on 22 and 29 May, though some sources claim that she attended one or ""several"" rehearsals. The Duchess of Norfolk usually stood in for the Queen at rehearsals. Westminster Abbey was closed for five months in preparation for the coronation. Elizabeth's grandmother Queen Mary had died on 24 March 1953, having stated in her will that her death should not affect the planning of the coronation, and the event went ahead as scheduled. It was estimated to cost £1.57 million (c£. 50,300,000 in 2023), which included stands along the procession route to accommodate 96,000 people, lavatories, street decorations, outfits, car hire, repairs to the state coach, and alterations to the Queen's regalia. 

Event

 The coronation ceremony of Elizabeth II followed a pattern similar to the coronations of the kings and queens before her, being held in Westminster Abbey, and involving the peerage and clergy. However, for the new queen, several parts of the ceremony were markedly different. 

= Television

= Twenty-seven million people across Britain watched the event live on the BBC Television Service, many having purchased or rented television sets specifically for that purpose. The number of licence holders doubled from approximately one and a half million to three million. The coronation was the first to be televised in full; the BBC's cameras had not been allowed inside Westminster Abbey for Queen Elizabeth II's parents' coronation in 1937 and had covered only the procession outside. There had been considerable debate within the British Cabinet on the subject, with Prime Minister Winston Churchill against the idea; Elizabeth refused his advice on this matter and insisted the event take place before television cameras, as well as those filming with experimental 3D technology. An experiment in colour television, separate from the BBC's black and white television broadcast, was transmitted to children at the Great Ormond Street Hospital where an average of 17 people watched each small screen. In Europe, thanks to new relay links, this was the first live broadcast of an event taking place in the United Kingdom. The coronation was broadcast in France, Belgium, West Germany, Denmark, and the Netherlands, marking the birth of Eurovision. To make sure Canadians could see it on the same day, Operation Pony Express was executed, seeing RAF Canberras fly BBC film recordings of the ceremony across the Atlantic Ocean to be broadcast by the Canadian Broadcasting Corporation (CBC), the first non-stop flights between the United Kingdom and the Canadian mainland. At Goose Bay, Labrador, the first batch of film was transferred to a Royal Canadian Air Force CF-100 jet fighter for the further trip to Montreal. In all, three such flights were made as the coronation proceeded, with the first and second Canberras taking the second and third batches of film, respectively, to Montreal. The following day, a film was flown west to Vancouver, where the CBC Television affiliate had yet to sign on. The film was escorted by the Royal Canadian Mounted Police to the Peace Arch Border Crossing, after which it was escorted by the Washington State Patrol to Bellingham, where it was shown as the inaugural broadcast of KVOS-TV, a new station whose signal reached into the Lower Mainland of British Columbia, allowing viewers there to see the coronation as well, though on a one-day delay. US networks NBC and CBS made similar arrangements to have films flown in relays back to the United States for same-day broadcast, but they used slower propeller-driven aircraft. NBC had originally planned to carry the event live via skywave direct from the BBC. However, the station was unable to establish a broadcast-quality video link on coronation day, due to poor atmospheric conditions. The struggling ABC network arranged to re-transmit the CBC broadcast, taking the on-the-air signal from the CBC's Toronto station and feeding the network from WBEN-TV, Buffalo's lone television station at the time; as a result, ABC beat the other two networks to air by more than 90 minutes and at considerably lower cost. However, the Canadian broadcast was the first in North America, viewers in eastern Canada watching the ceremony a half hour before Americans did. Although it did not as yet have a full-time television service, film was also dispatched to Australia aboard a Qantas airliner, which arrived in Sydney in a record time of 53 hours 28 minutes. The worldwide television audience for the coronation was estimated to be 277 million. Additionally, 11 million in the UK listened to the broadcast on radio. 

= Procession

= Along a route lined with sailors, soldiers, and airmen and women from across the British Empire and Commonwealth, guests and officials passed in a procession before about three million spectators that were gathered on the streets of London, some having camped overnight in their spot to ensure a view of the monarch, and others having access to specially built stands and scaffolding along the route. For those not present, more than 200 microphones were stationed along the path and in Westminster Abbey, with 750 commentators broadcasting in 39 languages. The procession included foreign royalty and heads of state riding to Westminster Abbey in various carriages, so many that volunteers ranging from wealthy businessmen to rural landowners were required to supplement the insufficient ranks of regular footmen. The first royal coach left Buckingham Palace and moved down the Mall, which was filled with flag-waving and cheering crowds. It was followed by the Irish State Coach carrying Queen Elizabeth The Queen Mother, who wore the circlet of her crown bearing the Koh-i-Noor diamond. Queen Elizabeth II proceeded through London from Buckingham Palace, through Trafalgar Square, and towards the abbey in the Gold State Coach drawn by eight grey geldings. The Royal Mews staff placed a hot water bottle under the coach's seat to keep the Queen and the Duke of Edinburgh warm. Attached to the shoulders of her dress, the Queen wore the Robe of State, a 6-yard (5.5 m) long, hand woven silk velvet cloak lined with Canadian ermine that required the assistance of her maids of honour— Lady Jane Vane-Tempest-Stewart, Lady Anne Coke, Lady Moyra Hamilton, Lady Mary Baillie-Hamilton, Lady Jane Heathcote-Drummond-Willoughby, Lady Rosemary Spencer-Churchill and the Duchess of Devonshire—to carry. The return procession followed a route that was 5.1 miles (8.2 km) in length, passing along Whitehall, across Trafalgar Square, along Pall Mall and Piccadilly to Hyde Park Corner, via Marble Arch and Oxford Circus, down Regent Street and Haymarket, and finally along the Mall to Buckingham Palace. 29,000 service personnel from Britain and across the Commonwealth marched in a procession that was 2 miles (3.2 km) long and took 45 minutes to pass any given point. A further 15,800 lined the route. The parade was led by Colonel Burrows of the War Office staff and four regimental bands. Then came the colonial contingents, then troops from the Commonwealth realms, followed by the Royal Air Force, the British Army, the Royal Navy, and finally the Household Brigade. Behind the marching troops was a carriage procession led by the rulers of the British protectorates, including Queen Sālote Tupou III of Tonga, the Commonwealth prime ministers, the princes and princesses of the blood royal, and Queen Elizabeth The Queen Mother. Preceded by the heads of the British Armed Forces on horseback, the Gold State Coach was escorted by the Yeomen of the Guard and the Household Cavalry and was followed by the Queen's aides-de-camp. So many carriages were required that some had to be borrowed from Elstree Studios. After the end of the procession, the royal family appeared on the balcony of Buckingham Palace to watch a flypast. The flypast had been altered on the day due to the bad weather, but otherwise took place as planned. 168 jet fighters flew overhead in three divisions thirty seconds apart, at an altitude of 1,500 feet. 

= Guests

= After being closed since the Queen's accession for coronation preparations, Westminster Abbey was opened at 6 am on Coronation Day to the approximately 8,000 guests invited from across the Commonwealth of Nations; more prominent individuals, such as members of the Queen's family and foreign royalty, the peers of the United Kingdom, heads of state, members of Parliament from the Queen's various legislatures, and the like, arrived after 8:30 a.m. Queen Sālote of Tonga was a guest, and was noted for her cheery demeanour while riding in an open carriage through London in the rain. General George Marshall, the former United States secretary of state who implemented the Marshall Plan, was appointed chairman of the US delegation to the coronation and attended the ceremony along with his wife, Katherine. Among other dignitaries who attended the event were Sir Winston Churchill; the prime ministers of Burma, India and Pakistan, U Nu, Jawaharlal Nehru and Mohammad Ali Bogra; and Col Anastasio Somoza Debayle of Nicaragua. 129 nations and territories were represented by their dignitaries at the service. Foreign and Commonwealth representatives were also invited to two banquets hosted by the Queen at Buckingham Palace. Edward, Duke of Windsor, the former King Edward VIII, was entitled to be invited to attend as a Royal Duke but he opted not to as his wife Wallis was explicitly not invited. Edward also cited a constitutional convention that no reigning or former sovereign should attend a British coronation. The Queen later revealed that some peers had hidden sandwiches underneath their coronets to fuel them through the three-hour ceremony. Guests seated on stools were able to purchase their stools following the ceremony, with the profits going towards the cost of the coronation. 

= Ceremony

= Preceding the Queen into Westminster Abbey was the coronation regalia, including the Second Sword, carried by the Earl of Home, Curtana carried by the Duke of Northumberland, the Third Sword carried by the Duke of Buccleuch and Queensbury and St Edward's Crown, carried into the abbey by the Lord High Steward of England, the Lord Cunningham of Hyndhope flanked by two other peers. The archbishops and bishops assistant (Durham and Bath and Wells) of the Church of England, in their copes and mitres, waited outside the Great West Door for Queen Elizabeth II's arrival. When she arrived at about 11:00 am, she found that the friction between her robes and the carpet caused her difficulty moving forward, and she said to the Archbishop of Canterbury, Geoffrey Fisher, ""Get me started!"" Once going, the procession, which included the various high commissioners of the Commonwealth carrying banners bearing the shields of the coats of arms of their respective nations, moved inside the abbey, up the central aisle and through the choir to the stage, as the choirs sang I was glad, an imperial setting of Psalm 122, vv. 1–3, 6, and 7 by Sir Hubert Parry. As Elizabeth prayed at and then seated herself on the Chair of Estate to the south of the altar, the bishops carried in the religious paraphernalia—the Bible, paten and chalice—and the peers holding the coronation regalia handed them over to the archbishop of Canterbury, who, in turn, passed them to the dean of Westminster, Alan Don, to be placed on the altar. After she moved to stand before King Edward's Chair, Elizabeth turned, following as Fisher, along with the Lord High Chancellor of Great Britain, the Lord Simonds; the Lord Great Chamberlain of England, the Marquess of Cholmondeley; the Lord High Constable of England, the Viscount Alanbrooke; and the Earl Marshal of England, the Duke of Norfolk; all led by Garter Principal King of Arms George Bellew. The Archbishop of Canterbury asked the audience in each direction of the compass separately: ""Sirs, I here present unto you Queen Elizabeth, your undoubted Queen: wherefore all you who are come this day to do your homage and service, are you willing to do the same?"" The crowd would reply ""God save Queen Elizabeth!"" every time, to each of which the Queen would curtsey in return. Seated again on the Chair of Estate, Elizabeth then took the coronation oath as administered by the archbishop of Canterbury. In the lengthy oath, she swore to govern each of her countries according to their respective laws and customs, to mete out law and justice with mercy, to uphold Protestantism in the United Kingdom and protect the Church of England and preserve its bishops and clergy. She proceeded to the altar where she stated, ""The things which I have here promised, I will perform, and keep. So help me God"", before kissing the Bible and putting the royal sign-manual to the oath as the Bible was returned to the dean of Westminster. From him the Moderator of the General Assembly of the Church of Scotland, James Pitt-Watson, took the Bible and presented it to Elizabeth again, saying, Our gracious Queen: to keep your Majesty ever mindful of the law and the Gospel of God as the Rule for the whole life and government of Christian Princes, we present you with this Book, the most valuable thing that this world affords. Here is Wisdom; This is the royal Law; These are the lively Oracles of God. Elizabeth returned the book to Pitt-Watson, who placed it back with the dean of Westminster. The communion service was then conducted, involving prayers by both the clergy and Elizabeth, Fisher asking, ""O God... Grant unto this thy servant Elizabeth, our Queen, the spirit of wisdom and government, that being devoted unto thee with her whole heart, she may so wisely govern, that in her time thy Church may be in safety, and Christian devotion may continue in peace"", before reading various excerpts from the First Epistle of Peter, Psalms, and the Gospel of Matthew. Elizabeth was then anointed as the choir sang Zadok the Priest; the Queen's jewellery and crimson cape were removed by the Earl of Ancaster and the Mistress of the Robes, the Duchess of Devonshire and, wearing only a simple, white linen dress also designed by Hartnell to completely cover the coronation gown, she moved to be seated in King Edward's Chair. There, Fisher, assisted by the Dean of Westminster, made a cross on her forehead, hands and breast with holy oil made from the same base as had been used in the coronation of her father. A gold canopy borne aloft by four Knights of the Garter on poles shielded her, and at her request, the anointing ceremony was not televised. From the altar, the dean passed to the Lord Great Chamberlain the spurs, which were presented to Elizabeth and then placed back on the altar. The Sword of State was then handed to Elizabeth, who, after a prayer was uttered by Fisher, placed it herself on the altar, and the peer who had been previously holding it took it back again after paying a sum of 100 shillings. Elizabeth was then invested with the Armills (bracelets), Stole Royal, Robe Royal and the Sovereign's Orb, followed by the Sovereign's Ring, the Sovereign's Sceptre with Cross and the Sovereign's Sceptre with Dove. With the first two items on and in her right hand and the latter in her left, Queen Elizabeth II was crowned by the archbishop of Canterbury, with the crowd chanting ""God save the Queen!"" three times at the exact moment St Edward's Crown touched the monarch's head. The princes and peers gathered then put on their coronets and a 21-gun salute was fired from the Tower of London. With the benediction read, Elizabeth moved to the throne and the archbishop of Canterbury and all the bishops offered to her their fealty, after which, while the choir sang, the peers of the United Kingdom—led by the royal peers: Elizabeth's husband; her uncle the Duke of Gloucester; and her cousin the Duke of Kent—each proceeded, in order of precedence, to pay their personal homage and allegiance. After the royal peers, the 5 most senior peers, one for each rank, offered their fealty as representatives of the peerage of the United Kingdom: Norfolk for Dukes and Duchesses, the Marquess Huntly for Marquesses and Marchionesses, the Earl of Shrewsbury for Earls and Countesses, the Viscount of Arbuthnott for Viscounts and Viscountesses and the Lord Mowbray for Barons and Baronesses. When the last Baron had completed this task, the assembly shouted ""God save Queen Elizabeth. Long live Queen Elizabeth. May the Queen live for ever!"" Having removed all her royal regalia, Elizabeth knelt and took the communion, including a general confession and absolution, and, along with the congregation, recited the Lord's Prayer. Now wearing the Imperial State Crown and holding the Sceptre with the Cross and the Orb, and as the gathered guests sang ""God Save the Queen"", Elizabeth left Westminster Abbey through the nave and apse, out the Great West Door. 

= Music

= Although many had assumed that the master of the queen's music, Sir Arnold Bax, would be the director of music for the coronation, it was decided instead to appoint the organist and master of the choristers at the abbey, William McKie, who had been in charge of music at the royal wedding in 1947. McKie convened an advisory committee with Sir Arnold Bax and Sir Ernest Bullock, who had directed the music for the previous coronation. When it came to choosing the music, tradition required that Handel's Zadok the Priest and Parry's I was glad were included amongst the anthems. Other choral works included were the anonymous 16th century anthem ""Rejoice in the Lord alway"" and Samuel Sebastian Wesley's Thou wilt keep him in perfect peace. Another tradition was that new works be commissioned from the leading composers of the day: Ralph Vaughan Williams composed a new motet O Taste and See, William Walton composed a setting for the Te Deum, and the Canadian composer Healey Willan wrote an anthem O Lord our Governor. Four new orchestral pieces were planned; Arthur Bliss composed Processional; Walton, Orb and Sceptre; and Arnold Bax, Coronation March. Benjamin Britten had agreed to compose a piece, but he caught influenza and then had to deal with flooding at Aldeburgh, so nothing was forthcoming. Edward Elgar's Pomp and Circumstance March No. 1 in D was played immediately before Bax's march at the end of the ceremony. An innovation, at the suggestion of Vaughan Williams, was the inclusion of a hymn in which the congregation could participate. This proved controversial and was not included in the programme until Elizabeth had been consulted and found to be in favour; Vaughan Williams wrote an elaborate arrangement of the traditional metrical psalm, the Old Hundredth, which included military trumpet fanfares and was sung before the communion. Gordon Jacob wrote a choral arrangement of God Save the Queen, also with trumpet fanfares. The choir for the coronation was a combination of the choirs of Westminster Abbey, St Paul's Cathedral, the Chapel Royal, and Saint George's Chapel, Windsor. In addition to those established choirs, the Royal School of Church Music conducted auditions to find twenty boy trebles from parish church choirs representing the various regions of the United Kingdom. Along with twelve trebles chosen from various British cathedral choirs, the selected boys spent the month beforehand training at Addington Palace. The final complement of choristers comprised 182 boy trebles, 37 male altos, 62 tenors and 67 basses. The orchestra, of 60 players, was drawn from the leading members of British symphony orchestras and chamber ensembles. Each of the 18 violinists, headed by Paul Beard, was the leader of a major orchestra or chamber group. The conductor was Sir Adrian Boult, who had conducted the orchestra at the previous coronation. 

Celebrations, monuments, and media

 In the evening on 2 June, the Queen made a live radio broadcast to thank the public. All across the Queen's realms, the rest of the Commonwealth, and in other parts of the world, coronation celebrations were held. The British government announced an extra bank holiday that fell on 3 June and moved the last bank holiday in May to 2 June to allow for an extended time of celebrations. The Queen Elizabeth II Coronation Medal was also presented to thousands of recipients throughout the Queen's realms and in Canada, New Zealand, South Africa, and the UK, commemorative coins were issued. Three million bronze coronation medallions were ordered by the Canadian government, struck by the Royal Canadian Mint and distributed to schoolchildren across the country; the obverse showed Elizabeth's effigy and the reverse the royal cypher above the word CANADA, all circumscribed by ELIZABETH II REGINA CORONATA MCMLIII. As at the coronation of George VI, acorns shed from oaks in Windsor Great Park, near Windsor Castle, were shipped around the Commonwealth and planted in parks, school grounds, cemeteries and private gardens to grow into what are known as Royal Oaks or Coronation Oaks. In London, the Queen hosted a coronation luncheon, for which the recipe coronation chicken was devised, and a fireworks show was mounted on Victoria Embankment. Further, street parties were mounted around the United Kingdom. The Coronation Cup football tournament was held at Hampden Park, Glasgow in May, and two weeks before the coronation, the children's literary magazine Collins Magazine rebranded itself as The Young Elizabethan. News that Edmund Hillary and Tenzing Norgay had reached the summit of Mount Everest arrived in Britain on Elizabeth's coronation day; the New Zealand, American, and British media dubbed it ""a coronation gift for the new Queen"". In the following month, a pageant took place over the River Thames as a coronation tribute to the Queen. Military tattoos, horse races, parades, and fireworks displays were mounted in Canada. The country's Governor General, Vincent Massey, proclaimed the day a national holiday and presided over celebrations on Parliament Hill in Ottawa, where the Queen's coronation speech was broadcast and her personal royal standard flown from the Peace Tower. Later, a public concert was held on Parliament Hill and the Governor General hosted a ball at Rideau Hall. In Newfoundland, 90,000 boxes of sweets were given to children, some having theirs delivered by Royal Canadian Air Force drops, and, in Quebec, 400,000 people turned out in Montreal, some 100,000 at Jeanne-Mance Park alone. A multicultural show was put on at Exhibition Place in Toronto, square dances and exhibitions took place in the Prairie provinces, and, in Vancouver, the Chinese community performed a public lion dance. On the Korean Peninsula, Canadian soldiers serving in the Korean War acknowledged the day by firing red, white, and blue coloured smoke shells at the enemy and drank rum rations. A documentary film of the coronation, A Queen Is Crowned, narrated by Laurence Olivier, was one of the most popular films in British cinemas that year. It was nominated for the Academy Award for Best Documentary Feature and was the first winner of the Golden Globe Award for Best Documentary Film. 

Later events

 

= Coronation Review of the Fleet

= On 15 June 1953, the Queen attended a fleet review at Spithead, off the coast at Portsmouth. Commanded by Admiral Sir George Creasy were 197 Royal Navy warships, together with 13 from the Commonwealth and 16 from foreign navies, as well as representative vessels from the British Merchant Navy and Fishing Fleets. There were more British and Commonwealth naval ships present than at the 1937 coronation review, though a third of them were frigates or smaller vessels. Major Royal Navy units included Britain's last battleship, HMS Vanguard, and four fleet and three light aircraft carriers. The Royal Australian Navy and the Royal Canadian Navy also each included a light carrier in their contingents, HMAS Sydney and HMCS Magnificent. Using the frigate HMS Surprise as a royal yacht, the Queen and royal family started to review the lines of anchored ships at 3:30 p.m., finally anchoring at 5:10 p.m. This was followed by a fly-past of Fleet Air Arm aircraft. Forty naval air squadrons participated, with 327 aircraft flying from four naval air stations; the formation was led by Rear Admiral Walter Couchman flying a de Havilland Sea Vampire. After the Queen transferred to Vanguard for dinner, the day concluded with the Illumination of the fleet and a fireworks display. 

= Honours of Scotland

= During a week-long visit to Scotland, on 24 June 1953, the Queen attended a national service of thanksgiving at St Giles' Cathedral, Edinburgh, during which she was ceremonially presented with the Honours of Scotland, the Scottish crown jewels. Following a carriage procession through the city escorted by the Royal Company of Archers, the service, led by the Moderator of the General Assembly of the Church of Scotland, James Pitt-Watson, was attended by a congregation of 1,700 drawn from all sections of Scottish society. The high point of the event was the presentation of the Honours, which the Queen received from the Dean of the Thistle, Charles Warr, and then passed the Crown of Scotland to the Duke of Hamilton, the Sword of State to the Earl of Home, and the Sceptre to the Earl of Crawford and Balcarres. It was the first time that this ceremony had been enacted since 1822 during the visit of King George IV. The Queen was dressed in ""day clothes"" complete with a handbag, rather than in ceremonial robes, which was taken as a slight to Scotland's dignity by the Scottish press. The decision not to dress formally was made by the Private Secretary to the Sovereign, Sir Alan Lascelles, and Sir Austin Strutt, a senior civil servant at the Home Office, to avoid the service being interpreted as a coronation (the Kingdom of Scotland having ceased to exist upon the Acts of Union 1707). In the official painting of the ceremony by Stanley Cursiter, the offending handbag was tactfully omitted. 

= Coronation Review of the RAF

= On 15 July 1953, the Queen attended a review of the Royal Air Force at RAF Odiham in Hampshire. The first part of the review was a march past by contingents representing the various commands of the RAF, with Bomber Command leading. This was followed by four de Havilland Venoms of the Central Fighter Establishment making the Royal Cypher in skywriting. After lunch, the Queen in an open car toured the lines of some 300 aircraft that were arranged in a static display. She returned to the central dias for the flypast of 640 British and Commonwealth aircraft, of which 440 were jet-powered. The flypast was led by a Bristol Sycamore helicopter which was towing a large RAF Ensign, while the final aircraft was a prototype Supermarine Swift flown by test pilot Mike Lithgow. Finally, the skywriting Venoms spelled out the word ""vivat"". 

See also

 List of participants in the coronation procession of Elizabeth II 1953 Coronation Honours The Queen's Beasts, heraldic statues placed outside Westminster Abbey representing Elizabeth's genealogy Canadian Coronation Contingent All the Elizabeths Coronation of Charles III and Camilla 

Notes

 

References

 

Further reading

 Clancy, Laura. ""'Queen's Day – TV's Day': the British monarchy and the media industries"", Contemporary British History, vol. 33, no. 3 (2019), pp. 427–450. Feingold, Ruth P. ""Every little girl can grow up to be queen: the coronation and The Virgin in the Garden."" Literature & History 22.2 (2013): 73–90. Hennessy, Peter (2007). Having it So Good: Britain in the Fifties. London: Penguin Books. ISBN 978-0141004099. Örnebring, Henrik. ""Revisiting the Coronation: a Critical Perspective on the Coronation of Queen Elizabeth II in 1953."" Nordicom Review 25, no. 1-2 online(2004) Shils, Edward, and Michael Young. ""The meaning of the coronation."" The Sociological Review 1.2 (1953): 63–81. Strong, Sir Roy (2005). Coronation: A History of Kingship and the British Monarchy. London: HarperCollins. ISBN 978-0-00-716054-9. Weight, Richard. Patriots: National Identity in Britain 1940–2000 (Pan Macmillan, 2013) pp 211–56. 

External links

 Order of Service of the Coronation of Queen Elizabeth II Music and musicians at the coronation Newsreel of the coronation Videos of the celebrations Canada at the Coronation (1953) Coronation model aids architects (1952) Elizabeth is Queen (1953)","The coronation of Elizabeth II as queen of the United Kingdom and the other Commonwealth realms took place on 2 June 1953 at Westminster Abbey in London. Elizabeth acceded to the throne at the age of 25 upon the death of her father, George VI, on 6 February 1952, being proclaimed queen by her privy and executive councils shortly afterwards. The coronation was held more than one year later because of the tradition of allowing an appropriate length of time to pass after a monarch dies. It also gave the planning committees adequate time to make preparations for the ceremony. During the service, Elizabeth took an oath, was anointed with holy oil, was invested with robes and regalia, and was crowned Queen of the United Kingdom, Canada, Australia, New Zealand, South Africa, Pakistan, and Ceylon (now Sri Lanka).
Celebrations took place across the Commonwealth realms and a commemorative medal was issued. It was the first British coronation to be fully televised; television cameras were not allowed inside the abbey during her parents' coronation in 1937. Elizabeth's was the fourth and final British coronation of the 20th century. It was estimated to have cost £1.57 million (pounds)(c. £53,571,428 in 2023).

",5372,32999.0,Queen Elizabeth II,1950s,biography,English,Formal,,
qe2_covid_19_pandemic_in_the_united_kingdom,speech_supplement,COVID-19 pandemic in the United Kingdom,,,2025-10-04T15:42:35.674919,2025-10-04T15:42:35.674921,"The COVID-19 pandemic in the United Kingdom is a part of the worldwide pandemic of coronavirus disease 2019 (COVID-19) caused by severe acute respiratory syndrome coronavirus 2 (SARS-CoV-2). In the United Kingdom, it has resulted in 25,070,769 confirmed cases, and is associated with 232,112 deaths up to 26 January 2025.
The virus began circulating in the country in early 2020, arriving primarily from travel elsewhere in Europe. Various sectors responded, with more widespread public health measures incrementally introduced from March 2020. The first wave was at the time one of the world's largest outbreaks. By mid-April the peak had been passed and restrictions were gradually eased. A second wave, with a new variant that originated in the UK becoming dominant, began in the autumn and peaked in mid-January 2021, and was deadlier than the first. The UK started a COVID-19 vaccination programme in early December 2020. Generalised restrictions were gradually lifted and were mostly ended by August 2021. A third wave, fuelled by the new Delta variant, began in July 2021, but the rate of deaths and hospitalisations was lower than with the first two waves – this being attributed to the mass vaccination programme. By early December 2021, the Omicron variant had arrived, and caused record infection levels.
The UK government and each of the three devolved governments (in Scotland, Northern Ireland and Wales) introduced public health and economic measures, including new laws, to mitigate its impact. A national lockdown was introduced on 23 March 2020 and lifted in May, replaced with specific regional restrictions. Further nationwide restrictions were introduced later in 2020 in response to a surge in cases. Most restrictions were lifted during the Delta-variant-driven third wave in mid-2021. The ""winter plan"" reintroduced some rules in response to the Omicron variant in December 2021, and all restrictions were lifted in February and March 2022 as the Omicron wave continued.
Economic support was given to struggling businesses, including a furlough scheme for employees. As well as the major strain on the UK's healthcare service, the pandemic has had a severe impact on the UK's economy, caused major disruptions to education and had far-reaching impacts on society and politics.


== History ==


=== Origin ===
On 12 January 2020, the World Health Organization (WHO) confirmed that a novel coronavirus was the cause of a respiratory illness in a cluster of people in Wuhan City, Hubei, China, which was reported to the WHO on 31 December 2019. The case fatality ratio for COVID-19 has been much lower than SARS of 2003, but the transmission has been significantly greater, with a significant total death toll.
Scientists used statistical analysis of data from genetic sequencing, combined with epidemiological and estimated travel data, to estimate the source locations of the virus in the UK up to the beginning of March 2020, and following the initial importations which were likely from China or elsewhere in Asia. From this analysis they estimated that about 33% were from Spain, 29% from France, 12% from Italy and 26% from elsewhere.


=== First wave ===

Though later reporting indicated that there may have been some cases dating from late 2019, COVID-19 was confirmed to be present in the UK by the end of January 2020 with the first confirmed deaths in March 2020. Subsequent epidemiological analysis showed that over 1000 lineages of SARS-CoV-2 entered the UK in early 2020 from international travellers, mostly from outbreaks elsewhere in Europe, leading to numerous clusters that overwhelmed contact tracing efforts. Limited testing and surveillance meant during the early weeks of the pandemic, case numbers were underestimated, obscuring the extent of the outbreak.
A legally-enforced Stay at Home Order, or lockdown, was introduced on 23 March, banning all non-essential travel and contact with other people, and shut schools, businesses, venues and gathering places. People were told to keep apart in public. Those with symptoms, and their households, were told to self-isolate, while those considered at highest risk were told to shield. The health services worked to raise hospital capacity and established temporary critical care hospitals, but initially faced some shortages of personal protective equipment. By mid-April it was reported that restrictions had ""flattened the curve"" of the epidemic and the UK had passed its peak after 26,000 deaths. The UK's overall death toll and by population surpassed that of Italy on 3 May, making the UK the worst affected country in Europe at the time. Restrictions were steadily eased across the UK in late spring and early summer that year. The UK's epidemic in early 2020 was at the time one of the largest worldwide.


=== Second wave ===

By the autumn, COVID-19 cases were again rising. This led to the introduction of social distancing measures and some localised restrictions. Larger lockdowns took place in all of Wales, England and Northern Ireland later that season. In both England and Scotland, tiered restrictions were introduced in October, and England went into a month-long lockdown during November followed by new tiered restrictions in December. Multi-week 'circuit-breaker' lockdowns were imposed in Wales and Northern Ireland. A new variant of the virus is thought to have originated in Kent around September 2020. Once restrictions were lifted, the novel variant rapidly spread across the UK. Its increased transmissibility contributed to a continued increase in daily infections that surpassed previous records. The healthcare system had come under severe strain by late December. Following a partial easing of restrictions for Christmas, all of the UK went into a third lockdown. The second wave peaked in mid-January with over 1,000 daily deaths, before declining into the summer.
The first COVID-19 vaccine was approved and began being deployed across the UK in early December, with a staggered rollout prioritising the most vulnerable and then moving to progressively younger age groups. The UK was the first country to do so, and in early 2021 its vaccination program was one of the fastest in the world. By August 2021, more than 75% of adults in the UK were fully vaccinated against COVID-19. Quarantine rules for all incoming travellers were introduced for the first time in late January. Restrictions began to ease from late February onwards and almost all had ended in Great Britain by August.


=== Third wave ===
A third wave of daily infections began in July 2021 due to the arrival and rapid spread of the highly transmissible SARS-CoV-2 Delta variant. However, mass vaccination continued to keep deaths and hospitalisations at much lower levels than in previous waves. Infection rates remained high and hospitalisations and deaths rose into the autumn. In December, the SARS-CoV-2 Omicron variant was confirmed to have arrived and begun spreading widely in the community, particularly in London, driving a further increase in cases that surpassed previous records, although the true number of infections was thought to be higher. It became mandatory for people to show proof of full vaccination or proof that they are not infected to enter certain indoor hospitality and entertainment venues. On 9 January 2022, the UK became the seventh country worldwide to pass 150,000 reported COVID-19 deaths.
All remaining legally enforced COVID-19 related restrictions concluded in Northern Ireland and England during February 2022, with that step being taken in Scotland (partially extended into April) and Wales by the end of March. Cases rose following the relaxation of restrictions but began to fall shortly after.
The UK Health Security Agency publishes a weekly ""national influenza and coronavirus (COVID-19) report"", which summarises COVID-19 levels and other seasonal respiratory illnesses.


== Responses ==


=== Government ===


=== Other sectors ===


== Impacts ==
There has been some disparity between the outbreak's severity in England, Scotland, Wales and Northern Ireland – health-care in the UK is devolved, each constituent country having its own publicly-funded healthcare system run by devolved governments.


=== Health and life expectancy ===
The COVID-19 pandemic led to the largest fall in life expectancy in England since records began in 1981. On average, British COVID-19 victims lost around a decade of life; the last time deaths rose so sharply in the UK was during World War II. In 2020, the disease was the leading cause of death among men, and second leading cause among women.
Research in 2021 suggests over 1 million people in the UK have had long COVID, with the majority reporting substantial impacts on day-to-day life.  Professor Danny Altmann of Imperial College London said in March 2022, ""It's kind of an anathema to me that we've kind of thrown in the towel on control of Omicron wave infections and have said 'it's endemic, and we don't care any more, because it's very benign',"" he said. ""It just isn't. And there are new people joining the long Covid support groups all the time with their disabilities. It's really not OK, and it's heartbreaking."" The Office for National Statistics estimated that the number of people in the UK with continuing COVID symptoms like fatigue, muscle pain and breathing problems had doubled in a year from one million in May 2021 to two million in May 2022. The Guardian reported in June 2022 that treatment facilities for patients with long COVID were inadequate.
The pandemic's major impact on the country's healthcare system, leading to long waiting lists for medical procedures and ambulances, also led to an indirect increase in deaths from other conditions. It also had a major mental health impact.
In August 2021, a report from Age UK found that 27% of people over 60 could not walk as far and 25% were living in more physical pain earlier this year compared to the start of the pandemic. 54% of older people felt less confident attending a hospital appointment, and 37% of older people felt less confident going to a GP surgery.


=== Education ===

Research by The Sunday Times reported that in 2021, the proportion of private school pupils receiving A*, a mark for exceptional achievement, was 39.5 per cent, rising from 16.1 per cent in 2019. The highest record in terms of increase came from the North London Collegiate School, where senior fees could surpass £21,000 a year and the proportion of A* grades rose from 33.8 per cent in 2019 to 90.2 per cent in the summer of 2021. At 25 schools, the number of A* grades trebled or even quadrupled. These and other findings led MPs to call for an inquiry into the ""manipulation"" of the exam system during the COVID-19 crisis.


=== Economy ===

The pandemic was widely disruptive to the economy of the United Kingdom, with most sectors and workforces adversely affected. Some temporary shutdowns became permanent; some people who were furloughed were later made redundant. The economic disruption has had a significant impact on people's mental health—with particular damage to the mental health of foreign-born men whose work hours have been reduced/eliminated.


=== Society ===

The pandemic has had far-reaching consequences in the country that go beyond the spread of the disease itself and efforts to quarantine it, including political, cultural, and social implications.


=== Spread to other countries and territories ===
Sophie Grégoire Trudeau, the wife of Canadian Prime Minister Justin Trudeau, tested positive for COVID-19 upon her return from WE Day events in the UK; on 12 March 2020 the Trudeau family entered two weeks of self-isolation. The first patient in Mauritius was a 59-year-old man who returned from the United Kingdom on 7 March 2020. When he arrived in Mauritius, the Mauritian had no symptoms. Other cases of the novel coronavirus resulting from travel to the UK were subsequently reported in India and Nigeria.
On 16 June 2020, it was widely reported in British media that New Zealand's first COVID-19 cases in 24 days were diagnosed in two British women, both of whom had travelled from the UK and were given special permission to visit a dying parent. The women had entered the country on 7 June, after first flying into Doha and Brisbane.
A 2021 study suggested that the SARS-CoV-2 Alpha variant, which was first detected in Kent, spread internationally via flights originating in London in late 2020.


== Statistics ==


=== Mathematical modelling and government response ===

Reports from the Medical Research Council's Centre for Global Infectious Disease Analysis at Imperial College, London have been providing mathematically calculated estimates of cases and case fatality rates. In February 2020, the team at Imperial College, led by epidemiologist Neil Ferguson, estimated about two-thirds of cases in travellers from China were not detected and that some of these may have begun ""chains of transmission within the countries they entered"". They forecast that the new type of coronavirus could infect up to 60% of the UK's population, in the worst-case scenario.
In a paper on 16 March 2020, the Imperial College team provided detailed forecasts of the potential impacts of the epidemic in the UK and US. It detailed the potential outcomes of an array of 'non-pharmaceutical interventions'. Two potential overall strategies outlined were: mitigation, in which the aim is to reduce the health impact of the epidemic but not to stop transmission completely; and suppression, where the aim is to reduce transmission rates to a point where case numbers fall. Until this point, government actions had been based on a strategy of mitigation, but the modelling predicted that while this would reduce deaths by approximately 2/3, it would still lead to approximately 250,000 deaths from the disease and the health systems becoming overwhelmed. On 16 March, the Prime Minister announced changes to government advice, extending self-isolation to whole households, advising social distancing particularly for vulnerable groups, and indicating that further measures were likely to be required in the future.
A paper on 30 March 2020 by the Imperial College group estimated that the lockdown would reduce the number of dead from 510,000 to less than 20,000. This paper and others relied on data from European countries including the UK to estimate that the combined non-pharmaceutical interventions reduced the reproduction number of the virus by 67–87%, enough to stop infections from growing. However, followup work concluded that the effectiveness of interventions was lower in later waves of infections.
In April 2020, biostatistician Professor Sheila Bird said the delay in the reporting of deaths from the virus meant there was a risk of underestimating the steepness of the rising epidemic trend.
In December 2021 scientists from the London School of Hygiene and Tropical Medicine predicted that Omicron could cause from 25,000 to 75,000 deaths in England over the five months to April 2022 unless there were more stringent restrictions, and would probably become the dominant variant by the end of 2021.


=== International comparisons ===

As of 20 December 2021, there had been 11.4 million confirmed cases – the most in Europe and fourth-highest worldwide. By that date there had been 232,112 deaths among people who had recently tested positive – the world's seventh-highest death toll and 28th-highest death rate by population. This is Europe's second-highest death toll after Russia, and the 20th-highest death rate worldwide. Since early 2021 the UK has had one of the world's highest testing rates.
In March 2022, The Lancet published a study showing that, compared to other western European countries, with 127 per 100,000 population, the UK had a lower excess deaths rate during the pandemic than the average, and lower than Italy (227), Portugal (202), Spain (187), Belgium (147), and the Netherlands (140), that the difference between the UK, France (124), and Germany (121) was not statistically significant, and that Ireland (13) and the Scandinavian countries had a lower rate. The UK rate is marginally more than the world average of 120. The study was of excess mortality in 191 countries over the years 2020 and 2021 during the pandemic, the method that the chief medical officer of England, Chris Whitty, said is the best way to compare outcomes between countries. The study found that, compared to other countries, the UK tended to attribute more deaths to COVID-19. A Cambridge University epidemiologist, Raghib Ali, said that the study would correct ""widespread misconceptions"" about the way the UK had handled the pandemic, and that there was ""no clear relationship between levels of excess mortality and different levels of restrictions... across western Europe or indeed the whole of Europe"". Ali also said ""all the commentary to date as to how and why the UK, or Sweden, has done worse than its neighbours is clearly no longer valid"".


== See also ==
COVID-19 pandemic in England
COVID-19 pandemic in London
COVID-19 pandemic in Northern Ireland
COVID-19 pandemic in Scotland
COVID-19 pandemic in Wales
COVID-19 pandemic in the British Overseas Territories
COVID-19 pandemic in Guernsey
COVID-19 pandemic in Jersey
COVID-19 pandemic in the Isle of Man
COVID-19 pandemic impact on retail (United Kingdom)
Impact of the COVID-19 pandemic on education in the United Kingdom
COVID-19 vaccination programme in the United Kingdom
British government response to the COVID-19 pandemic
COVID-19 pandemic in Europe


== Notes ==


== References ==


== Further reading ==
Calvert, Jonathan; Arbuthnott, George (2021). Failures of State: The Inside Story of Britain's Battle with Coronavirus. London: HarperCollins. ISBN 978-0-00-843053-5.
Horton, Richard C. (2021). The COVID-19 Catastrophe: What's Gone Wrong and How To Stop It Happening Again (Second ed.). Cambridge, UK: Polity Press. ISBN 978-1-50-954909-2. OCLC 1249439266.
Mosley, Michael (2020). COVID-19: Everything You Need to Know about the Corona Virus and the Race for the Vaccine (First ed.). New York: Atria Books. ISBN 978-1-98-216474-4. OCLC 1156472581.
Honigsbaum, Mark (2020). The Pandemic Century: A History of Global Contagion from the Spanish Flu to Covid-19 (Updated and revised ed.). London: W. H. Allen & Co. ISBN 978-0-75-355828-7. With new chapter and epilogue.


== External links ==

""Coronavirus (COVID-19)"". NHS England. 2 June 2020.
""Coronavirus (COVID-19): what you need to do [in England]"". Government of the United Kingdom. 16 June 2022.
""The Health Protection (Coronavirus) Regulations 2020"". Government of the United Kingdom.
""Advice on COVID-19 (coronavirus)"". Health and Social Care (Northern Ireland).
""Coronavirus | United Kingdom"". worldometers.info.
COVID-19 United Kingdom government statistics
Variants of concern or under investigation – weekly update. Public Health England (Report).",,3001,,queen_elizabeth_ii,,,,,speech_supplement,speeches_and_broadcasts
qe2_death_and_state_funeral_of_elizabeth_ii,related_article,Death and state funeral of Elizabeth II,https://en.wikipedia.org/wiki/Death_and_state_funeral_of_Elizabeth_II,Death and state funeral of Elizabeth II,2025-10-04T13:41:22.320425,2025-10-04T14:01:53.766515,"Elizabeth II, Queen of the United Kingdom and the other Commonwealth realms, died on 8 September 2022 at Balmoral Castle in Scotland, at the age of 96. Elizabeth's reign of 70 years and 214 days was the longest of any British monarch. She was immediately succeeded by her eldest child, Charles III. Elizabeth's death set in motion the final version of Operation London Bridge, a funeral plan first devised in the 1960s, and Operation Unicorn, the plan for the Queen's death in Scotland. Elizabeth's coffin lay at rest in St Giles' Cathedral in Edinburgh from 12 to 13 September, after which it was flown to London, where it lay in state in Westminster Hall from 14 to 19 September. An estimated 33,000 people filed past the Queen's coffin in Edinburgh, and approximately 250,000 people queued to pay their respects in London. The United Kingdom observed a national mourning period of 10 days. Elizabeth's state funeral on 19 September was the first held in Britain since Winston Churchill's in 1965. A funeral service was held at Westminster Abbey, followed by a procession to Wellington Arch which featured around 3,000 military personnel and was watched by approximately one million people in central London. The state hearse then transported the Queen's coffin to Windsor, followed by another procession through Windsor Great Park and a committal service at St George's Chapel at Windsor Castle. The Queen was interred later that evening with her husband, Prince Philip, in the King George VI Memorial Chapel, in a private service attended only by her closest family. Designated as a public holiday in the UK and several Commonwealth countries, the state funeral included dignitaries from around the world and featured the largest security operation ever mounted in the UK. Coverage of the state funeral was one of the UK's most watched special television broadcasts, surpassing the wedding of Prince William and Catherine Middleton, the previous most-watched royal event of the 21st century. The period of official mourning and the funeral was estimated to have cost the government £162 million. 

Background

 Queen Elizabeth II was in good health for most of her life, but her health declined significantly following the death of her husband, Prince Philip, in April 2021. She began to use a walking stick for public engagements in October 2021. On 20 October, the Queen stayed overnight in King Edward VII's Hospital in central London, necessitating the cancellation of scheduled visits to Northern Ireland and the COP26 summit in Glasgow. She suffered a sprained back in November, which prevented her from attending the 2021 National Service of Remembrance. In February 2022, during the COVID-19 pandemic in England, the Queen was one of several people at Windsor Castle to test positive for COVID-19. Her symptoms were described as ""mild and cold-like"", and she later commented that the disease ""does leave one very tired and exhausted"". The monarch's health became a cause of concern to commentators at this time. The Queen was said to be feeling well enough to resume her official duties by 1 March 2022 and attended the service of thanksgiving for Prince Philip at Westminster Abbey on 29 March. Despite this, the Queen did not attend several appointments over the following months due to ""episodic mobility problems"", including the annual Commonwealth Day service in March, the Royal Maundy service in April, the State Opening of Parliament in May, and the National Service of Thanksgiving for her Platinum Jubilee in June. During the Jubilee the Queen also suffered ""discomfort"" after standing during Trooping the Colour and was largely confined to balcony appearances during the celebrations. According to her apothecary in Scotland, Douglas Glass, there had been private concerns about her health for several months before her death; he was quoted in a later biography as saying ""It was expected and we were quite aware of what was going to happen."" Two days before her death, on 6 September 2022, the Queen accepted the resignation of Boris Johnson and appointed Liz Truss to succeed him as Prime Minister; these meetings took place at Balmoral Castle, rather than their usual location, Buckingham Palace. At the meeting with Truss, the final public photos of the Queen were taken by Jane Barlow. A bruise on her hand prompted public concern. Following the meeting the Queen's private secretary, Edward Young, privately informed Truss that the Queen might not live for much longer. He had also previously informed Johnson that regarding her health, the Queen had ""gone down quite a bit over the summer"" and later told him that the Queen knew she was dying throughout that summer. On 7 September, the Queen was scheduled to attend an online meeting of the Privy Council to swear in new ministers in Truss's government, but this was cancelled after she was advised by doctors to rest. The Queen's final public statement, issued that same day, was a message of condolences for the victims of a mass stabbing incident in Saskatchewan, Canada. 

Death and national mourning

 

= Death and announcement

= Queen Elizabeth II died at 15:10 BST on 8 September 2022 at the age of 96. Her death certificate, which was made public on 29 September, recorded her cause of death as old age. Her former prime minister Boris Johnson and the biographer Gyles Brandreth claim that she was suffering from a form of bone marrow cancer, which Brandreth wrote was multiple myeloma. Her death was publicly announced at 18:30. Elizabeth II was the first monarch to die in Scotland since James V in 1542. Members of the royal family travelled to Balmoral Castle throughout the day. Prince Charles arrived at 10:30 and was met by Princess Anne, who was already staying with the Queen. Camilla, Duchess of Cornwall, also travelled to Balmoral from the Birkhall estate. Prince William, Prince Andrew, Prince Edward, and Sophie, Countess of Wessex, left RAF Northolt on a flight to Aberdeen Airport and arrived at Balmoral shortly after 17:00; Prince Harry, who had travelled alone and departed later than the other family members, arrived at Balmoral at 20:00; Catherine, Duchess of Cambridge, and Meghan, Duchess of Sussex, did not join them. Prime Minister Liz Truss is believed to have been informed of the Queen's declining health that morning by the Cabinet Secretary, Simon Case, and received an update at 12:00. The Leader of the Opposition, Sir Keir Starmer, was informed by a note passed to him by Deputy Leader Angela Rayner during a speech he was giving in the House of Commons. At 12:30, Buckingham Palace made a public announcement expressing concern for the Queen's health; the Speaker, Sir Lindsay Hoyle, made a brief statement of good wishes in response. Truss was informed at 16:30 that the Queen had died, and the royal family announced her death two hours later via newswires and a post on Twitter. A notice with the same statement was affixed to the railings outside Buckingham Palace and posted on the royal family website. The announcement read: The Queen died peacefully at Balmoral this afternoon. The King and The Queen Consort will remain at Balmoral this evening and will return to London tomorrow. BBC One continuously covered the Queen's condition from 12:40, after the first official statement; special reports were also run on ITV, Channel 4, and Channel 5. British television announcements of the Queen's death began at 18:31, when news presenter Huw Edwards read the royal family's statement during a live broadcast on the BBC News channel, BBC One and BBC Two. At 18:32 the presenters of BBC Radio 4 and BBC Radio 5 Live made similar announcements. At around 18:36 all BBC Radio stations had either handed over, or were forcibly cut to Radio 4, with the network-wide simulcast beginning with a news report read by Chris Aldridge to announce the Queen's death. 5 Live resumed programmes later that night, and others remained suspended until the morning. Many other radio stations were put on standby for 'obituary mode' from 2pm that afternoon, with special features being suspended. Normal programming was then stopped beginning at 6.30pm, with Global's stations all joining LBC until 10pm. All Capital, Heart and Smooth spin-off brands and regional stations were flipped to the main network services prior for the announcement from Global's Newsroom. All of Bauer's stations (including Hits Radio, Magic, KISS, Absolute Radio and Greatest Hits Radio) aired a network-wide news report at different times. All stations were then required to revert to a more toned-down playlist, with easy-listening music being played throughout the weekend, and presenters looking back at the life of the Queen, and sharing their memories of the late monarch. Normal playlists started to resume around early-evening on the Saturday. Capital and Heart's weekly Big Top 40 show was also cancelled for that week. Following the announcement, the Union flags at Buckingham Palace and 10 Downing Street were lowered to half-mast. At Balmoral Castle, the Royal Standard of the United Kingdom was lowered and then, because the new king was present, was raised again. The Royal Banner of Scotland was lowered to half-mast at the Palace of Holyroodhouse, as was the Welsh flag at Cardiff Castle. Crowds gathered outside royal residences, where a double rainbow was seen over Windsor Castle and Buckingham Palace. At 13:00 the next day, 9 September, a death gun salute of 96 rounds representing the years of the Queen's life were fired by the King's Troop, Royal Horse Artillery in Hyde Park, London, by the Honourable Artillery Company at the Tower of London and by 105th Regiment Royal Artillery at Edinburgh Castle. Simultaneous salutes were fired at British Army garrisons at Belfast, Cardiff, York, Colchester, Stirling, Gibraltar and Larkhill; also on Royal Navy warships at sea and at naval bases. 

= Scottish events

= As the Queen had died in Scotland, Operation Unicorn was the first part of Operation London Bridge to take effect. Her body was taken to Edinburgh, where ceremonies were held, then to London for the state funeral. The Queen's coffin left Balmoral Castle at 10:46 on 11 September, draped with the Scottish version of the Royal Standard of the United Kingdom and topped with a wreath of flowers from the castle gardens. The journey of the cortege, which included Princess Anne and her husband Sir Timothy Laurence, was 175 miles (282 km) long and passed through Aberdeenshire, Aberdeen, Angus, Dundee, Perth and Kinross, and Fife. People lined the route of the cortege to pay their respects, and in Aberdeenshire farmers formed a guard of honour of tractors. The cortege reached the Palace of Holyroodhouse at 16:23 and the coffin was placed in the Throne Room. The coffin, which had been commissioned about 30 years before her death, was made from oak and was lined with lead, reportedly weighing 245 kg (540 lb).On 12 September the coffin was carried up the Royal Mile to St Giles' Cathedral, in a procession that included King Charles III, Princess Anne and Sir Timothy Laurence, Prince Andrew, Prince Edward, the Bearer Party from the Royal Regiment of Scotland, and the Royal Company of Archers. Queen Camilla and Sophie, then known as Countess of Wessex and Forfar, followed closely in their car. Guns were fired every minute from Edinburgh Castle during the procession. On arrival the coffin was carried into the cathedral, and the Crown of Scotland was placed on it. A service of thanksgiving was then held to celebrate the Queen's life and to highlight her association with Scotland. The service was led by the minister of St Giles' Cathedral, Calum Macleod, and the homily given by the Moderator of the General Assembly of the Church of Scotland, Iain Greenshields. Psalm 118 was sung in Gaelic by Karen Matheson. It was attended by the royal party; politicians, including Liz Truss and First Minister of Scotland Nicola Sturgeon; and representatives from the Queen's Scottish charities and organisations. The coffin lay at rest at the cathedral for 24 hours, guarded by the Royal Company of Archers, which allowed around 33,000 people to file past it. In the evening King Charles, Princess Anne, Prince Andrew, and Prince Edward held a vigil at the cathedral, a custom known as the Vigil of the Princes; Princess Anne was the first woman to participate in such an event. On 13 September the coffin was taken by hearse to Edinburgh Airport and flown to RAF Northolt on a Royal Air Force C-17 Globemaster, accompanied by Princess Anne and Sir Timothy Laurence. The Royal Air Force Bearer Party carried the coffin onto the aircraft and a Guard of Honour was formed by the Royal Regiment of Scotland. During the journey the Scottish version of the Royal Standard that draped the coffin was replaced by the Royal Standard that is used in the rest of the United Kingdom. 

= Lying-in-state

= Upon the arrival of the Queen's coffin in London, it was transported to Buckingham Palace, before being moved to Westminster Hall the following day for her lying-in-state before the state funeral. When the Queen arrived at RAF Northolt the Queen's Colour Squadron (63 Squadron RAF Regiment) assumed the role of the Bearer Party and formed the Guard of Honour. The coffin was placed in the state hearse and transported through London to Buckingham Palace, with people lining the street to watch; it was then placed in the Bow Room at the Palace in the presence of the royal family. The coffin was taken in a military procession from Buckingham Palace to Westminster Hall on a horse-drawn gun carriage of the King's Troop Royal Horse Artillery. The King, male members of the royal family, and Princess Anne followed the coffin on foot. This procession, as well as the other processions held later in London and Windsor, marched at the funeral pace of 75 steps per minute and was accompanied by military bands playing marches by Johann Heinrich Walch, Felix Mendelssohn and Frédéric Chopin. Big Ben tolled each minute of the procession and minute guns were fired from Hyde Park by the King's Troop Royal Horse Artillery. Members of the three armed forces formed a guard of honour to receive the coffin at Parliament Square, after which soldiers from the Queen's Company, 1st Battalion Grenadier Guards, placed the coffin on a catafalque in Westminster Hall. The Archbishop of Canterbury and the Dean of Westminster then conducted a service in the presence of the royal family. The Queen lay in state in Westminster Hall from 17:00 on 14 September to 06:30 on 19 September. The coffin was guarded by members of both the Sovereign's Bodyguard and the Household Division. The Imperial State Crown and a wreath of flowers and foliage from Balmoral and Windsor castles had been placed on the coffin before the procession, and to these were added the Sovereign's Orb and the Sovereign's Sceptre with Cross; the Wanamaker Cross of Westminster was placed at its head and the regimental flag of The Queen's Company of The Grenadier Guards at its foot. An estimated 250,000 members of the public filed past the coffin, as did politicians and other public figures. Both the BBC and ITV offered a livestream of the Queen lying-in-state. On 16 September, a 28-year-old man was arrested under the Public Order Act after he ran from the queue inside Westminster Hall and touched the coffin. In the evening of 16 September the King and his siblings held a vigil around the Queen's coffin for approximately ten minutes, and on 17 September the Queen's eight grandchildren did the same. Prince Andrew and Prince Harry were permitted to wear military uniform on these occasions, who as non-working royals had not done so at previous ceremonial events. On 18 September, pipers at four different locations in Scotland played ""The Immortal Memory"" at 18:00. At 20:00 a ""Moment of Reflection"" marked with a minute's silence was observed across the UK. 

== Queue



Two queues were formed to view the lying-in-state, beginning 48 hours before Westminster Hall opened to the public. At its maximum extent the main queue was approximately 10 miles (16 km) long and had a waiting time of over 25 hours. This queue attracted much media attention, with many commentators noting the stereotype that British people are good at queueing. The accessible queue, for people with a disability or long-term condition, operated a ticket system and was therefore shorter. The queue experience was generally perceived to be positive; however there was an allegation of a man committing sexual assault by exposing himself, and some heckling of queuers. The London Ambulance Service also had to assist 710 people, mainly due to head injuries from fainting.

 State funeral 

=

 Planning 

= Plans for the Queen's death had existed in some form since the 1960s, and the Queen was consulted about all the details included in her funeral plan. The Earl Marshal was in charge of organising the event. The planning and complexity of the funeral was compared to that of Winston Churchill in 1965, the last state funeral held in Britain and also a major international event. It marked the first time that a monarch's funeral service had been held at Westminster Abbey since George II in 1760. The Foreign Office handled the invitations, communications, and security arrangements from a headquarters called ""The Hangar"", redeploying 300 staff to manage the task. Approximately 500 foreign dignitaries and heads of state were expected to attend. Invitations were issued to every country with which Britain maintains diplomatic relations, except for Russia, Belarus, Afghanistan, Myanmar, Venezuela, and Syria. The timing of the funeral allowed guests who planned to address the general debate of the UN General Assembly the following day sufficient time to fly to New York City. The day of the funeral was a bank holiday in the United Kingdom. Many businesses, workplaces, and educational establishments closed for the day, including major supermarkets and the London Stock Exchange. In the National Health Service several trusts chose to cancel or reschedule all non-urgent appointments. Several food banks announced that they would close on the day of the funeral, though some remained open after facing public backlash. Takeoffs and landings at Heathrow Airport were rescheduled or cancelled to maintain silence during the services in Westminster and Windsor and the processions in between. Hotel prices increased in the days before the funeral in London. Extra train services were made available across the country to allow people to travel to and from London and pay their respects for the lying-in-state and funeral service. Westminster City Council deployed its ""Clean Streets"" team to clean up different areas within central London.

= Procession to Westminster Abbey 

= At 10:44 on 19 September the Queen's coffin was moved from Westminster Hall to Westminster Abbey on the State Gun Carriage of the Royal Navy. The procession was led by two hundred musicians, made up of the pipes and drums of Scottish and Irish regiments, the Brigade of Gurkhas and the Royal Air Force playing ""The Mist Covered Mountains of Home"". The carriage was drawn by Royal Navy sailors, known as Naval Ratings, maintaining a tradition which began with the state funeral of Queen Victoria. The King, members of the royal family, and members of the King's household walked behind. Non-working royals, including the Duke of York and the Duke of Sussex, did not wear military uniforms for the state funeral and the committal service. A wreath with foliage cut from the gardens of Buckingham Palace, Highgrove House, and Clarence House was placed on the coffin, together with a note from the King which read ""In loving and devoted memory. Charles R."" Before the service the tenor bell of the Abbey rang once a minute for 96 minutes, once for each year of the Queen's life. The coffin arrived at Westminster Abbey at 10:52.

= Funeral service 

= Music by British composers was played before the service, and as the coffin entered the abbey the choir sang William Croft's setting of the Funeral Sentences. The service began at 11:00 and was conducted by the Dean of Westminster, David Hoyle, according to the 1662 Book of Common Prayer. The lessons were read by Baroness Scotland, Secretary General of the Commonwealth, and Liz Truss, Prime Minister of the United Kingdom, and the sermon and commendation were given by the Archbishop of Canterbury, Justin Welby. Prayers, led by precentor Mark Birch, were said by ministers and clergy from several Christian denominations. The music included the psalm setting ""Like as the hart"" by Judith Weir and the anthem ""Who shall separate us?"" by James MacMillan, both written for the funeral, as well as pieces performed at the Queen's coronation and wedding. The Choir of Westminster Abbey and Choir of the Chapel Royal led the singing, and were conducted by James O'Donnell. The organ was played during the service by Peter Holder and before the service by Matthew Jorysz. The end of the service included a sounding of the ""Last Post"" and a two-minute silence, which was concluded with the ""Reveille"". ""God Save the King"" was sung. The Queen's personal piper, Pipe Major Paul Burns, who woke her each morning by playing the bagpipes outside her window, played the Gaelic bagpipe lament ""Sleep, Dearie, Sleep"", following the old tradition of walking away as a symbol of 'escorting the soul to heaven', which marked the end of the ceremony. The Queen's coffin was carried out of the church to the music of Bach's Fantasia in C minor. When the guard entered the crossing, the mood of the music changed from C minor to E flat major until the coffin was pulled from the catafalque. When the guard turned the coffin, the mood also changed back to minor. The ""Allegro maestoso"" from Elgar's Organ Sonata in G was played after the service. The Queen's body was taken to Windsor Castle, where it was interred in St George's Chapel. Pipe Major Paul Burns played the lament, 'A Salute to the Royal Fendersmith', the lament he woke her each morning with, one last time, as her coffin was lowered into the Royal crypt.

= Processions in London and Windsor 

= Two processions followed the service. The first was from Westminster Abbey to Wellington Arch, where the Queen's coffin was placed in the state hearse. From there it was transported to Windsor, where the second procession took place through Windsor Great Park. The procession in London began at 12:15 and included around 3,000 military personnel, stretching for over a mile. It began at the abbey and passed down Whitehall, through Horse Guards, up The Mall, past Buckingham Palace, and up Constitution Hill to end at the Wellington Arch at Hyde Park Corner. Around a million people lined the streets of central London to watch the event. At the front of the procession were representatives of Commonwealth forces led by members of the Royal Canadian Mounted Police on horseback, then representatives of the Royal Air Force, the British Army, and the Royal Navy and Royal Marines, followed by defence staff and armed forces chaplains, officers of arms, and the royal household. The Queen's coffin followed, again on the State Gun Carriage pulled by Royal Navy sailors, and surrounded by an escort party. The King and royal family members were next, some marching and some in cars, with a further escort and the household of the former Prince of Wales behind. At the rear of the procession were representatives of civilian services. Seven military bands were dispersed through the procession and again played funeral marches. Big Ben tolled each minute and minute guns were fired from Hyde Park by the King's Troop Royal Horse Artillery. Standards were lowered and those in the procession gave salutes as they passed the Cenotaph. At Buckingham Palace, the King's Guard gave a royal salute to the Victoria Memorial and Palace staff waited outside the gates. At Wellington Arch the coffin was transferred with a royal salute to the state hearse for the journey to Windsor. The hearse left London for Windsor at 13:30, accompanied by Princess Anne and Timothy Laurence, avoiding motorways to allow the public to line the route. At 15:00 the hearse with the Queen's coffin arrived in Windsor, where a final procession involving 1,000 military personnel took place. The procession began from the Shaw Farm Gate on Albert Road before turning onto the Long Walk towards Windsor Castle. Around 97,000 people lined the route. The Queen's fell pony, Emma, and two royal corgis, Muick and Sandy, stood at the side of the procession. The King and the royal family joined the procession in the Quadrangle, during which the Sebastopol Bell and the Curfew Tower bell tolled and the King's Troop, Royal Horse Artillery, fired minute guns from the East Lawn of the castle. At the end of the procession the coffin was taken to St George's Chapel via the West Steps with the guard of honour formed by the 1st Battalion Grenadier Guards.

= Committal service 

= The committal service began at 16:00 in the presence of 800 guests, largely made up of the royal household and staff from the Queen's private estates, but also including the royal family, governors general and prime ministers from the Commonwealth realms, and members of foreign royal houses. The Choir of St George's Chapel led the music, which included the Russian ""Kontakion of the Departed"", also sung at the funeral of Prince Philip. A selection of music was also played before the service. David Conner, Dean of Windsor, who conducted the service, read the bidding, the readings, and the commendation. The first reading was Revelation 21, verses 1–7, which was also included in the order of service for the funerals of Elizabeth's grandparents and father. The Rector of Sandringham, the Minister of Crathie Kirk and the Chaplain of Windsor Great Park delivered the prayers, and the Archbishop of Canterbury gave the concluding blessing. Near the end of the service the Imperial State Crown, orb, and sceptre were removed from the coffin and placed on the altar. The King then placed the Queen's Company Camp Colour of the Grenadier Guards on his mother's coffin, before the Lord Chamberlain symbolically broke his wand of office, actually by separating the magnetic tips in the middle, and placing both halves on the coffin. After this the Garter Principal King of Arms recited the styles of Elizabeth II and Charles III, between which a lament – ""A Salute to the Royal Fendersmith"" – was played by the Sovereign's Piper as the Queen's coffin was lowered into the Royal Vault (not televised). The singing of the National Anthem marked the end of the ceremony.

= Interment 

= After the funeral of the Queen on 19 September, she was later interred beneath the King George VI Memorial Chapel in a private service attended only by her closest family at 19:30, alongside her father King George VI, her mother Queen Elizabeth, and the ashes of her sister Princess Margaret. The remains of Prince Philip, who was temporarily interred in the Royal Vault following his funeral in 2021, were moved to the chapel after the interment of the Queen. Elizabeth II's coffin was constructed more than 30 years before the funeral. It is made of English oak and lined with lead to protect the coffin and the remains from moisture damage. Due to the weight of the coffin, eight pallbearers were required for lifting and carrying rather than the usual six. The pallbearers were members of the 1st Battalion Grenadier Guards.

 Organisation and media 

=

 Attendees 

= The service at Westminster Abbey was attended by 2,000 people in total, including holders of the George Cross and Victoria Cross, representatives from the United Kingdom's faith communities, and foreign and Commonwealth heads of state and heads of government. Representatives from 168 countries, out of 193 UN member states and two UN observer states, confirmed attendance, including 18 monarchs, 55 presidents and 25 prime ministers. Due to the limited number of seats, foreign invitees were asked to keep their delegations as small as possible and to only bring their spouses. The UK government also requested those travelling by air to use commercial flights; private flights were directed away from Heathrow Airport. Additionally, the government asked guests not to use private cars to travel to Westminster Abbey, and instead use government-provided ""coach transport from a central assembly point"". This was only guidance; leaders including the President of the United States, Joe Biden, the President of Israel, Isaac Herzog, and the vice-president of China, Wang Qishan, were taken to the event through other means. Many dignitaries were present for a reception by the King at Buckingham Palace on the eve of the funeral, and all international guests were invited to attend a reception hosted by the Foreign Secretary, James Cleverly, after the funeral service. Almost 200 people, recognised in the 2022 Queen's Birthday Honours for their extraordinary contributions in areas including the response to the COVID-19 pandemic, were invited to the service.

= Security 

= Around 10,000 police officers were expected to be on duty every day in London during the mourning period, a security operation described by the Metropolitan Police as the ""biggest the UK has ever seen""; officers from across the country supported the operation under mutual aid agreements. Thames Valley Police announced that they would introduce new water patrols for observing busy waterways in the lead-up to the funeral, and mounted police officers, police dogs, and drones provided part of the security in Windsor. Prior to the service a special unit, the Fixated Threat Assessment Centre, began to monitor and review individuals identified as having a potentially dangerous obsession with the British royal family. MI5 and GCHQ worked in collaboration with counter-terrorism police and the Metropolitan Police to provide security for the funeral. A group of 1,500 military personnel was also deployed, and Westminster was inspected by a military Wildcat helicopter. ""Hundreds"" of stewards from private security firms were hired to aid with crowd management.

= Cost and economic impact 

= HM Treasury estimated the public expenditure to have been £162 million. The GDP of the United Kingdom contracted by 0.6 per cent in September 2022, attributable in part to the funeral and the period of national mourning that preceded it.

= Coverage 

= The funeral and committal service of the Queen were the first of any British monarch to be broadcast on television to the public. Filming had been prohibited during the state funeral of George VI, although the procession of his coffin was partially televised, and the service itself had been broadcast on radio.



United Kingdom



The funeral was broadcast by the BBC, ITV, S4C, and Sky. ITV simulcast its coverage across its channels, while Sky simulcast Sky News coverage across a number of its satellite channels (all other Sky channels were suspended). The BBC Two broadcast included British Sign Language interpretation. BBC Radio broadcast events on Radio 2, 3, 4, 5 Live, the World Service, and its Local Radio network. BBC Cymru Wales produced coverage for S4C under its Newyddion programme. Global's radio brands also broadcast their own coverage. Channel 4 and Channel 5 were the only major public service networks that did not air the funeral; Channel 4 scheduled a mix of factual programmes and classic films (including the 1953 coronation documentary A Queen Is Crowned), and Channel 5 scheduled a lineup of family films. Advertising was suspended across many commercial-supported broadcasters. Big screens were set up at cathedrals and public areas to broadcast the service. Shops, licensed establishments, parish and public halls remained open in Jersey to allow people to watch the Queen's funeral. Buckingham Palace requested that video footage did not ""intrude on the grief"" of individual members of the royal family, that footage of the funeral be avoided from usage on entertainment programmes and allowed only for news coverage, and that five short pieces of video featuring members of the royal family would not be broadcast again.



Other countries



The funeral was carried live by national broadcasters within the Commonwealth, in most of Europe and across the world.



Viewing figures



With an average audience of 26.5 million across more than 50 channels, the television broadcast was the second most watched broadcast in the United Kingdom during the 21st century (after Prime Minister Boris Johnson's statement announcing a COVID-19 lockdown in March 2020) and the third most watched royal event in British history (surpassing the wedding of Prince William and Catherine Middleton, and approaching the weddings of Prince Charles and Lady Diana Spencer, and Princess Anne and Mark Philips). Coverage in the United States was watched by more than 10 million viewers, with ABC News averaging three million viewers during its coverage of the event. An audience of 7.5 million in France viewed coverage across six mainstream channels.

 Succession and four-nation tour 

=

 Accession 

= Upon the Queen's death her eldest son, Charles, Prince of Wales, immediately acceded to the British throne as King Charles III. There was some speculation regarding the regnal name that would be adopted by the former Prince of Wales upon succeeding his mother. During her formal televised address outside 10 Downing Street, Prime Minister Liz Truss made the first mention of the King's regnal name during a tribute to the Queen. Clarence House officially confirmed the new king would be known as Charles III shortly after the Prime Minister's address. Buckingham Palace released the King's first official statement as monarch at 19:04, in which he said that the Queen's ""loss will be deeply felt throughout the country, the Realms and the Commonwealth, and by countless people around the world"". Most of Charles III's pre-accession Scottish titles, as well as the title Duke of Cornwall, were passed to his elder son and the new heir apparent to the throne, Prince William, Duke of Cambridge. On 9 September, William was named Prince of Wales and Earl of Chester, succeeding his father. The Accession Council assembled on 10 September at St James's Palace to formally proclaim the accession of Charles III. Although about seven hundred people were eligible to attend the ceremony, because the event was planned on short notice, the number in attendance was two hundred. In addition to other formalities, the Council confirmed ""Charles III"" as the King's regnal name. At 11:00, 21-gun salutes at the Tower of London, Cardiff Castle, Edinburgh Castle, Castle Cornet, Gibraltar, and naval bases and ships at sea marked the accession of Charles III. The King greeted crowds outside Buckingham Palace after the ceremony. On 10 September, senior MPs swore an oath of allegiance to Charles III in a special session of Parliament. The King then met with the Prime Minister for a second time and held audiences with members of her cabinet and leaders of the opposition parties. The coronation of Charles III and Camilla took place on 6 May 2023 at Westminster Abbey.

= Four-nation royal tour 

= King Charles III and Queen Camilla travelled from Balmoral to Buckingham Palace, where they greeted the crowd of mourners outside the gates. The King then held an audience with the Prime Minister before paying tribute to his mother in a publicly broadcast message. Further, it was announced by the Palace that a national period of mourning would be observed until the day after the state funeral (19 September), and an additional seven days would be observed by the royal family, royal household, and troops on ceremonial duties. On 11 September, the King met the Commonwealth Secretary General at Buckingham Palace, after which he hosted the High Commissioners of Commonwealth realms. On 12 September, the King travelled to Westminster Hall with the Queen Consort to receive condolences from the House of Commons and the House of Lords and to give a speech to both houses. He and the Queen Consort then travelled to the Palace of Holyroodhouse in Edinburgh, where they greeted members of the public and viewed floral tributes before the King inspected the Guard of Honour from the Royal Regiment of Scotland. The Ceremony of the Keys followed. The King then had an audience at Holyroodhouse with the first minister of Scotland, Nicola Sturgeon, and the presiding officer of the Scottish Parliament, Alison Johnstone. The King and the Queen Consort visited the Scottish Parliament to receive a motion of condolence and observed a two-minute silence with MSPs. On 13 September, the King and the Queen Consort travelled to Northern Ireland, where they met with members of the public in Royal Hillsborough before arriving at the Castle. The King met the Secretary of State for Northern Ireland, Chris Heaton-Harris, and party leaders, and the Speaker of the Northern Ireland Assembly, Alex Maskey, delivered a message of condolence. The King and the Queen Consort also met with major faith leaders in Northern Ireland. A service of reflection was held in St Anne's Cathedral in Belfast on 13 September, where John McDowell, the archbishop of Armagh and head of the Church of Ireland, paid tribute to the Queen for her efforts in bringing peace to Ireland. The service was attended by the King and the Queen Consort, the Prime Minister, the president of Ireland, Michael D. Higgins, and the taoiseach, Micheál Martin. A delegation from the republican Sinn Féin also attended, but the party did not take part in any events marking the accession. On 16 September, the King and the Queen Consort visited Cardiff Castle, where a royal gun salute was fired and crowds gathered inside. A silent protest against the monarchy was held outside by groups including trade unions, and Labour for an Independent Wales. An audience was held for the first minister of Wales and the Llywydd, or presiding officer, of the Senedd. A service of prayer and reflection for the life of the Queen was held at Llandaff Cathedral on 16 September and attended by the King and the Queen Consort. The bishop of Llandaff and leaders of other faiths said the prayers, and the archbishop of Wales delivered an address in both English and Welsh. The service included the singing of Welsh hymns and anthems. The choir accompanied by harpists Alis Huws and Catrin Finch performed the anthem ""A Welsh Prayer"" composed by Paul Mealor with words by Grahame Davies. At the Senedd the King received a motion of condolence before addressing the parliament in Welsh and English. At Cardiff Castle, the King had audiences with the first minister of Wales, Mark Drakeford, and the Llywydd, Elin Jones. At the castle, they also held audiences with individuals associated with their royal patronages, before meeting with members of the public in the castle grounds. Returning to London, the King met leaders of different faith communities at Buckingham Palace. On 17 September, the King met with the Defence Chiefs of Staff at Buckingham Palace and received the prime ministers of Australia, the Bahamas, Canada, Jamaica, and New Zealand. The governors-general of the Commonwealth realms attended a reception and lunch at Buckingham Palace, hosted by the King and other members of the royal family. The King met emergency services workers at the Metropolitan Police's Special Operations Room in Lambeth, who were organising aspects of the Queen's state funeral. He also visited The Queue with Prince William to speak to its participants. On 18 September, the King met the prime ministers of Tuvalu, Antigua and Barbuda, and Papua New Guinea at Buckingham Palace. A reception for world leaders was held at Buckingham Palace.

= Other activities 

= On 10 September, a service at Crathie Kirk was attended by Anne and her husband Sir Timothy Laurence, Andrew, Edward and his wife Sophie, and the Queen's grandchildren Peter Phillips, Zara Tindall, Beatrice, Eugenie, and Lady Louise Mountbatten-Windsor, who then viewed floral tributes outside Balmoral. The King's sons, William and Harry, along with their wives, Catherine and Meghan, viewed floral tributes outside Windsor Castle. On 15 September, members of the royal family viewed tributes and met crowds around the UK. The Prince and Princess of Wales visited Sandringham House, the Earl and Countess of Wessex visited Manchester, and Princess Anne and Sir Timothy Laurence travelled to Glasgow. On 16 September, the Prince and Princess of Wales visited the Army Training Centre Pirbright to meet with troops deployed from Canada, Australia, and New Zealand which would take part in the state funeral. The Earl and Countess of Wessex met with members of the public and viewed tributes at Windsor Castle. On 17 September, the Earl and Countess of Wessex met with crowds outside Buckingham Palace. On 18 September, the Princess of Wales held an audience with Olena Zelenska, the First Lady of Ukraine. On 22 September, the Prince and Princess of Wales visited the Windsor Guildhall and the Princess Royal visited HMNB Portsmouth, respectively, to thank volunteers and staff and the Royal Navy for their role in organising the state funeral.

 Reactions 

Charles III paid tribute to his ""darling Mama"" in an address to the UK and Commonwealth on 9 September. On 9 September, all flags at royal residences were ordered to be lowered to half-mast except the Royal Standard, which continued to fly at full mast wherever the current monarch was in residence. All royal residences were closed to the public until after the state funeral had occurred. An online book of condolence was set up by the royal website. In a written statement on 18 September, the King thanked the public for their support, and a previously unseen photograph of the Queen from May 2022 was published by the Palace. On 9 September, the UK government published guidance on details surrounding the national mourning period, stating that businesses, public service, sports fixtures and public venues were not obliged to close. A 96-gun salute was fired in Hyde Park by the King's Troop, Royal Horse Artillery, at the Tower of London by the Honourable Artillery Company, at Edinburgh Castle by the Royal Artillery, at Cardiff Castle and Stonehenge by the 104th Regiment Royal Artillery, at Caernarfon Castle, at York Museum Gardens, and on board Royal Navy ships. Bells tolled at Westminster Abbey, St Paul's Cathedral, and other churches across the UK, Australia, the United States, the Bahamas, and Canada. At Windsor Castle the Sebastopol Bell, which is only rung to mark the deaths of senior royals, tolled 96 times to mark the years of the Queen's life. Politicians throughout the Commonwealth paid tribute to the Queen, praising her long public service. Motions of condolences were also passed in the legislatures of Australia, Canada, New Zealand, and Sri Lanka. A resolution of condolence was also passed in the Senate of the Philippines, which was later handed over to the British ambassador. Other political figures in the rest of the world also offered their condolences and tributes, as did members of royal families, religious leaders and other public figures. A service of prayer and mourning was held at St Paul's Cathedral at 18:00 on 9 September, attended by senior politicians and 2,000 members of the public. The ceremony marked the first official rendition of ""God Save the King"" under Charles's reign. Many organisations paid their respects, and some suspended operations or cancelled events. The BBC, ITV, S4C, Channel 4 and Channel 5 interrupted television programming to cover the news, while print media dedicated entire front covers in tribute. Sporting events which went ahead observed minutes of silence.

 Other commemorations 

Instructions to fly national flags at half-mast were issued in several countries. In Commonwealth realms like Antigua and Barbuda, Australia, the Bahamas, Belize, Canada, Grenada, Jamaica, New Zealand, Papua New Guinea, Saint Kitts and Nevis, Saint Lucia, Saint Vincent and the Grenadines, and Solomon Islands, national flags were flown at half-mast until the date of the funeral; with the exception of Proclamation Day when flags were returned to full mast. Several other countries also issued instructions to fly their national flags at half-mast, including India, Sri Lanka, the United States, and many European Union buildings. White flags were also put up in Galle Face Green and other prominent places throughout Sri Lanka. Several Commonwealth countries also declared the Queen's funeral or a specific day as a national holiday, including Antigua and Barbuda, Australia, The Bahamas, Belize, Canada, the Cook Islands, Nauru, New Zealand, Niue, Papua New Guinea, and Sri Lanka. In addition to the service in the United Kingdom, memorial services were held in other Commonwealth realms, including Belize, Grenada, and Tuvalu. Thanksgiving and memorial services were also held in Anglican churches across the world, including Holy Trinity Cathedral in Accra, St Andrew's Church at Bandar Seri Begawan in Brunei, Cathedral of Christ the Living Saviour in Colombo, St. John's Cathedral in Hong Kong, and All Saints' Cathedral in Nairobi. Many landmarks were illuminated in either purple or royal blue colours to honour the Queen, or illuminated with the name or image of Elizabeth II, her royal cypher, or the Union Flag; including landmarks in Australia, Bosnia and Herzegovina, Brazil, Canada, the Czech Republic, Germany, Israel, Kuwait, New Zealand, Qatar, the United Arab Emirates, the United Kingdom, and the United States. Several landmarks in Canada, France, New Zealand, and the United Kingdom were also dimmed or had their lighting shut off as a sign of respect. Moments of silence were held across several Commonwealth realms. Several institutions also held moments of silence, including the Dáil Éireann, the Parliament of Sri Lanka, and by the Airborne Commemorations Foundation in the Netherlands. Flowers, tributes and wreaths were left at British embassies, including Berlin and Jakarta.

= Antigua and Barbuda 

= Antigua and Barbuda hosted a service of thanksgiving in honour of the late Queen of Antigua and Barbuda on 19 September, which was declared a public holiday throughout the country. The Governor-General's Deputy, Sir Clare Roberts, and the Acting Prime Minister Steadroy Benjamin presided in the absence of Sir Rodney Williams and Gaston Browne respectively, who were both present at the Queen's state funeral in London. The service took place at the Cathedral of St John The Divine and was officiated by Dwane Cassius, Dean of the Cathedral of the Anglican Diocese of the North East Caribbean and Aruba. The service was followed by a parade of members of the Antigua and Barbuda Defence Force and the Royal Police Force of Antigua and Barbuda. The parade commenced from the Long Street entrance of the cathedral and concluded at the APUA Telephone Exchange, where the parade was dismissed.

= Australia 

= A 96-gun salute was fired by Australia's Federation Guard on the forecourt of Parliament House in Canberra on 9 September to mark the passing of the Queen of Australia. Monuments and landmarks across the country were lit up to honour the Queen. The Sydney Opera House was illuminated with an image of Queen Elizabeth II on the nights of 9 and 10 September, as a symbolic gesture on behalf of the Government of New South Wales. The Australian Parliament House was lit up with images of the Queen throughout her seven-decade reign, reflecting her long and deep relationship with Australia. Landmarks across Perth and Melbourne were illuminated in ""royal purple"" in honour of the Queen. A national memorial service for the Queen took place on 22 September at Parliament House in Canberra. The National Day of Mourning was observed as a ""one-off public holiday"". One minute's silence was observed at 11:00 across Australia. Plans were announced for a new public square in central Sydney bearing the late Queen's name.

= The Bahamas 

= A state memorial service for Elizabeth II, Queen of the Bahamas, was held at Christ Church Cathedral in Nassau on 2 October. A procession of parliamentarians and law enforcement officers preceded the service, which started at Rawson Square, Bay Street. Governor General Sir Cornelius A. Smith, and Prime Minister Philip Davis were among those who addressed the congregation.

= Bhutan 

= Upon royal command special prayers were performed in all major dzongs, temples and monasteries across Bhutan. King Jigme Khesar Namgyel Wangchuck and Queen Jetsun Pema offered 1,000 butterlamps at Samtse on 9 September for Elizabeth II. Special prayers to offer light (called marme moenlam) were held at the ceremony, which was attended by the prime minister, government officials, and thousands of people in Samtse. Thongdrels of Guru Rinpoche and Zhabdrung were unfurled for the ceremony, to sanctify the important occasion. In Thimphu, former King Jigme Singye Wangchuck and members of the royal family were joined by government officials and foreign dignitaries to offer 1,000 butter lamps and prayers at the Grand Kuenrey of the Tashichhodzong.

= Canada 

= Various locations were illuminated in honour of the late Queen of Canada as a part of the Department of Canadian Heritage's national illumination initiative. The Canadian government also announced a donation of C$20 million to the Queen Elizabeth Scholars program, a program that funds Canadian university exchange programs. Prime Minister Justin Trudeau announced that the date of the Queen's funeral would be a holiday for federal government employees. Among the Canadian provinces and territories, Prince Edward Island was the only one to declare the date of Elizabeth II's funeral a statutory holiday. Alberta, the Northwest Territories, Saskatchewan, Manitoba, Ontario and Quebec declared a day of mourning or commemoration instead of a holiday. In the remaining provinces and territories government offices closed, some also closed schools, and observance was optional for private-sector businesses. The Retail Council of Canada and Canadian Federation of Independent Business were against making the funeral a statutory paid holiday. A national commemorative ceremony took place at the Christ Church Cathedral in Ottawa on 19 September, which was broadcast live on television as well as on social media. The ceremony was preceded by a parade of the Canadian Armed Forces and Royal Canadian Mounted Police through downtown Ottawa, from Cartier Square Drill Hall and past Parliament Hill to the cathedral, with a 96-gun salute. A flypast by the Royal Canadian Air Force was cancelled due to inclement weather. The congregation was addressed by former Governor-General Adrienne Clarkson as well as former Prime Minister Brian Mulroney. Provincial commemorative services took place in several provinces on 19 September: in Alberta, British Columbia, Manitoba, New Brunswick, Newfoundland and Labrador, Nova Scotia, Prince Edward Island, and Saskatchewan. In Ontario, a memorial service was held in Toronto on 20 September. Two memorial services in Quebec were organised by the Anglican Church rather than the provincial government, which were attended by Lieutenant Governor Michel Doyon. Moments of silence were held across several provinces on 19 September, with several transit operators having paused their operations for 96 seconds to coincide with the moment of silence. A 96-gun salute was also organised at Fort Wellington in Prescott, Ontario. In December 2022, the Royal Canadian Mint introduced a commemorative C$2 coin with a black outer ring, meant to symbolise mourning for the Queen. The Mint produced an initial batch of five million C$2 coins for circulation, with further batches to be made as ""marketplace needs"" allow. In January 2023, the Mint announced the launch of a new series of limited edition silver, gold, and platinum collectible coins in honour of Elizabeth II.

= Fiji 

= The Holy Trinity Anglican Cathedral in Suva hosted a special Service of Remembrance and Thanksgiving on 16 September in memory of the Queen. The service was attended by hundreds, including President Ratu Wiliame Katonivere and First Lady Filomena, Parliament Speaker Ratu Epeli Nailatikau, Minister for Health Ifereimi Waqainabete, former Prime Minister Sitiveni Rabuka, Police Commissioner Brigadier-General Sitiveni Qiliho, Head of the Catholic Church in Fiji Archbishop Peter Loy Chong, members of the diplomatic corps and the public. During the service, the Republic of Fiji Military Services provided ""The Last Post"", signalling the end of the Queen's 70-year reign. On 20 September, President Katonivere hosted a Commemoration and Thanksgiving Service for the Queen at State House in Suva, which was attended by senior officials, government ministers, members of parliament and foreign representatives. The President reflected on the Queen's six visits to Fiji, which he said symbolised strong solidarity between Fiji and the royal family.

= France 

= French postal service La Poste issued a book of four collector stamps featuring the Queen. 50,000 stamps were put on sale on the day of the Queen's funeral. It was announced that Le Touquet's local airport would be renamed Le Touquet-Paris-Plage Elizabeth II to honour the Queen. In Paris, the George V Métro station, on Line 1 under the Champs-Élysées, was renamed Elizabeth II for the day of the Queen's state funeral.

= Hong Kong 

= Thousands in Hong Kong paid tribute to the Queen, who was the colonial head of the city for 45 years before handover in 1997. Long queues were seen outside the British consulate for days after the announcement of the death and until the funeral, with mourners waiting up to four hours. More than 13,000 signed the condolence books in the consulate in 11 days, eulogising the ""boss lady"", an affectionate nickname for the Queen by the Hongkongers. The tribute, which was one of the largest public gatherings since the imposition of the national security law and the crackdown on the democracy movement, was also regarded as a protest to Hong Kong and Chinese authorities and a mourning of the past. Eric Chan, Chief Secretary for Administration and second-highest-ranking official in the city, visited the consulate and signed the condolence book on behalf of the government. Nevertheless, the pro-Beijing newspaper Ta Kung Pao accused a ""minority"" of Hong Kong mourners for ""indulging in this fantasy that they are subjects of the British Empire"", and called for the eradication of colonialism. On the day of the Queen's funeral, hundreds gathered outside the consulate watching a live broadcast of the event. A harmonica player was arrested under a colonial-era sedition law after playing ""Glory to Hong Kong"", a protest song prominently used in the 2019–2020 Hong Kong protests for which there had been previous arrests; he also played ""God Save the King"".

= India 

= The Government of India declared a national day of mourning, with the Indian flag flown at half mast and no official entertainment held on the day.

= Jamaica 

= After the announcement of the death of the Queen of Jamaica on 8 September 2022, bells were tolled nationally in churches throughout all parish capitals for one hour beginning at 6:00 pm. Books of condolence were established at King's House, and in the Offices of the Custodes in all parishes during the mourning period. A 96-gun salute was fired by the Jamaica Defence Force at Up-Park Camp in St Andrew on 19 September. A national memorial service for the Queen held on 2 October at the St. Andrew Parish Church in Kingston was attended by government officials and foreign representatives. The service was headed by Governor-General Sir Patrick Allen, Prime Minister Andrew Holness, and Mark Golding, the leader of the official opposition. The service included scripture readings by the governor-general, the prime minister and the leader of the opposition, as well as tributes in songs by the church choir and the Kingston College Choir. Apart from the national memorial service in Kingston, services were held in the parishes of Clarendon, Saint Catherine, Saint Ann, Portland, Saint Mary, Saint Thomas, Saint Elizabeth, Saint James, Westmoreland, Hanover, Manchester, and Trelawny. The custodes and mayors headed the memorial services in parishes across Jamaica.

= Kenya 

= Former staff returned to the Treetops Hotel near Nyeri, Kenya, the building where Elizabeth learned about the death of her father and her accession to the throne to light candles and lay out a condolence book.

= Malta 

= Flowers and wreaths were laid by the Maltese people outside Villa Guardamangia in Pietà, where as a princess, the Queen lived with Prince Philip between 1949 and 1951, while Philip was stationed in Malta as a serving Royal Navy officer. In the days leading up to the funeral, an online petition calling for a statue to be created in the Queen's honor garnered some 1,400 signatures. The day of the state funeral was observed as a national day of mourning, with national flags across the country flown at half-mast. At 11:45 am local time, a 21-gun salute was fired across the Grand Harbour by gunners of the Armed Forces of Malta on behalf of the Office of the Prime Minister, to mark the death of the Queen. The timing of the gun salute coincided with the departure of the Queen's coffin from Westminster Hall in London. At The Phoenicia hotel, where the Queen danced in balls during her time in Malta, people gathered in the Club Bar to watch the funeral service.

= New Zealand 

= A 96-gun salute was fired from the Te Papa Promenade in Wellington on 9 September, by personnel from the 16th Field Regiment, Royal New Zealand Artillery based at Linton Military Camp, to mark the passing of the Queen of New Zealand. At the Auckland War Memorial Museum, a haka was led by members of the Limited Service Volunteer programme to honour the Queen. A state memorial service with a one-off public holiday took place on 26 September to celebrate the life and reign of the Queen of New Zealand. The service took place at the Wellington Cathedral of St Paul at 14:00 and was televised and live-streamed. A national minute of silence took place at the beginning of the service, with people across New Zealand being invited to participate in the moment of silence. During the service, the Queen's Personal New Zealand Flag was paraded for the last time. Memorial services were also held elsewhere in New Zealand including in Auckland, Christchurch, New Plymouth and Hastings. South Canterbury Anniversary Day, which was due to be observed on 26 September in the Timaru, Waimate and Mackenzie districts, was moved to Friday 11 November.



Cook Islands



The King's Representative, Sir Tom Marsters, proclaimed 30 September a public holiday in the Cook Islands in respect of the Queen's passing. On the morning of the holiday, the government held a memorial service for the Queen at the National Auditorium in Avarua. The service was attended by Marsters, traditional leaders, members of the Religious Advisory Council, Queen's Award recipients, the high commissioners of New Zealand and Australia, Members of Parliament, members of the various uniform organisations, and members of the public.



Niue



Two days of commemoration took place in Niue to mark the passing of Queen Elizabeth II, Niue's head of state. A series of events took place on 18 and 19 September, with the latter being a public holiday. On 19 September, a national memorial service was held at the Taoga Niue starting at 08:00. A national moment of reflection took place at 08:15, with people across Niue taking part. People were also asked to plant a tree on 19 September in memory of the Queen.

= Papua New Guinea 

= On 12 September, a 96-gun salute was fired in honour of the Queen, and a moment of silence took place outside Parliament House in Port Moresby. On 18 September, members of various Anglican Church parishes in Port Moresby gathered at St Martin's Anglican parish for a memorial service for the late Queen of Papua New Guinea, which was presided over by the Bishop of Popondota, Lindsley Ihove.

= Saint Lucia 

= On 9 September, a 96-gun salute was fired by the Royal Saint Lucia Police Force on the premises of Government House in Castries. On 19 September, the day of the state funeral, the public was invited to pause for a 70-second national tribute to reflect on the life and legacy of Elizabeth II, Queen of Saint Lucia. Church bells and sirens from fire stations throughout the nation sounded for one minute and 10 seconds starting at 09:59 to herald the commencement of the 70-second reflection period at 10:00.

= Solomon Islands 

= In the Solomon Islands the prime minister declared 12–14 September as days of mourning, and the first a public holiday. The three-day national mourning period began on 12 September with a wreath-laying and signing of the condolence book at Government House by national leaders including Governor-General Sir David Vunagi, Prime Minister Manasseh Sogavare, Speaker of the National Parliament Patteson Oti and Chief Justice Sir Albert Palmer; as well as other government officials, former governors-general and prime ministers, members of diplomatic missions and uniformed groups. A memorial church service was held at the Saint Barnabas Anglican Cathedral on 14 September to celebrate the life and reign of Elizabeth II, Queen of Solomon Islands. The service was attended by Oti (acting as Governor-General), Sogavare, Palmer, Deputy Speaker Commins Mewa, former governors-general, acting British High Commissioner Steve Auld and senior government officials.

= Sweden 

= Sweden honoured the Queen, who was one of the longest-serving members of the Royal Order of the Seraphim, the foremost order of Sweden, on the day of her funeral on 19 September. The Queen was awarded the order by King Gustaf VI Adolf on 26 May 1953, and the chain of the Order was given to her by King Carl XVI Gustaf on 23 May 1975. The Queen was the 722nd member of the Order since its inception in 1748. The Queen's royal coat of arms as a member of the Royal Order of the Seraphim was then taken in procession from the palace to Riddarholmen Church in Stockholm, where the bourdon rang a traditional Seraphim Toll for one hour. The arms were then hung in the church. By command of the King of Sweden, flags above royal residences were flown at half-mast on the day.

= United Kingdom 

= The Church of England issued guidance for services of commemoration to be held in parish churches. On the evening before the state funeral, some four thousand people attended an open air memorial service at The Kelpies near Falkirk, led by Martin Fair, during which ninety-six lanterns, one for each year of the Queen's life, were placed on the ""pool of reflection"" at the foot of the sculpture. Shortly after the announcement of the Queen's death, London black cab drivers lined The Mall in tribute. Mourners in London covered the gates, railings and pavement outside Buckingham Palace with flowers until a floral tribute area was opened in the adjacent Green Park; during the mourning period, it was estimated that 15 tonnes of bouquets were left there. Large quantities of flowers were also left at Windsor Castle where they obstructed footpaths. Mourners left more than a thousand teddy bears and particularly Paddington Bear toys, in reference to a popular short film in which the Queen had appeared with Paddington at the Platinum Party at the Palace. The toys were later cleaned and presented to Barnardo's, a children's charity, by the Queen Consort. Tributes to the Queen were projected on billboards at Piccadilly Circus and on the BT Tower, as well as on advertising screens throughout the country. The Royal Mail issued four commemorative stamps showing the Queen at different stages in her life.

= United States 

= On 21 September, a memorial service was held at the Washington National Cathedral, arranged in conjunction with the British Embassy in Washington, D.C. Attendees included Vice President Kamala Harris, House Speaker Nancy Pelosi and House Minority Leader Kevin McCarthy, as well as British ambassador Karen Pierce. All living former US presidents were invited, but none attended. A sermon was delivered by Michael Curry, the presiding bishop of the Episcopal Church.

 See also 

List of largest funerals

 Notes 

== References

 

External links

 United Kingdom buries Queen Elizabeth II after state funeral at Wikinews Announcements and arrangements Announcement of the death of The Queen – The Royal Household Arrangements for the Funeral of Her Majesty The Queen – The Royal Household The State Funeral and Committal Service for Her Majesty The Queen – The Royal Household The State Funeral of Her Majesty The Queen – The Royal Household Service of thanksgiving, lying-in-state, state funeral and committal service Service of Thanksgiving for the life of The Queen – The Royal Family (YouTube video) In full: Service of reflection held at St Giles' Cathedral in Edinburgh – Sky News (YouTube video) Order of Service for the Service of Thanksgiving for the life of The Queen Service for the reception of the coffin at Westminster Hall – The Royal Family (YouTube video) Queen lies in state at Westminster – Sky News (YouTube video) King Charles visits Northern Ireland for first time as monarch – Sky News (YouTube video) Order of Service for the Service of Reflection for the Life of Her Majesty Queen Elizabeth II King Charles attends service of prayer and reflection in Wales – Sky News (YouTube video) Order of Service for the Service of Prayer and Reflection for the life of Her Majesty Queen Elizabeth II State Funeral for Her Majesty The Queen – The Royal Family (YouTube video) Committal Service for Her Majesty The Queen – The Royal Family (YouTube video) The State Funeral of HM Queen Elizabeth II – BBC (YouTube video) In Full: Queen Elizabeth II's funeral procession, service and committal – The Daily Telegraph (YouTube video) Order of Service for the State Funeral of Her Majesty Queen Elizabeth II Order of Service for the Committal of Her Majesty Queen Elizabeth II Government websites Her Majesty Queen Elizabeth II – UK Government Commemoration for Her Majesty Queen Elizabeth II – Government of Canada Queen Elizabeth II memorial (Archived) – Government of Alberta Remembering Queen Elizabeth II – Government of British Columbia Passing of Her Majesty Queen Elizabeth II – Government of Manitoba Commemoration for Her Majesty Queen Elizabeth II – Government of New Brunswick Death of Her Majesty Queen Elizabeth II – Government of Northwest Territories The Demise of the Sovereign – Lieutenant Governor of Prince Edward Island Her Majesty The Queen – Australian Government Queen Elizabeth II – New South Wales Government Queen Elizabeth II – Queensland Government Her Majesty the Queen – Government of South Australia Her Majesty the Queen, 1926 - 2022 – Government of Western Australia Death of Her Majesty the Queen – Governor-General of New Zealand","Elizabeth II, Queen of the United Kingdom and the other Commonwealth realms, died on 8 September 2022 at Balmoral Castle in Scotland, at the age of 96. Elizabeth's reign of 70 years and 214 days was the longest of any British monarch. She was immediately succeeded by her eldest child, Charles III.
Elizabeth's death set in motion the final version of Operation London Bridge, a funeral plan first devised in the 1960s, and Operation Unicorn, the plan for the Queen's death in Scotland. Elizabeth's coffin lay at rest in St Giles' Cathedral in Edinburgh from 12 to 13 September, after which it was flown to London, where it lay in state in Westminster Hall from 14 to 19 September. An estimated 33,000 people filed past the Queen's coffin in Edinburgh, and approximately 250,000 people queued to pay their respects in London. The United Kingdom observed a national mourning period of 10 days.
Elizabeth's state funeral on 19 September was the first held in Britain since Winston Churchill's in 1965. A funeral service was held at Westminster Abbey, followed by a procession to Wellington Arch which featured around 3,000 military personnel and was watched by approximately one million people in central London. The state hearse then transported the Queen's coffin to Windsor, followed by another procession through Windsor Great Park and a committal service at St George's Chapel at Windsor Castle. The Queen was interred later that evening with her husband, Prince Philip, in the King George VI Memorial Chapel, in a private service attended only by her closest family.
Designated as a public holiday in the UK and several Commonwealth countries, the state funeral included dignitaries from around the world and featured the largest security operation ever mounted in the UK. Coverage of the state funeral was one of the UK's most watched special television broadcasts, surpassing the wedding of Prince William and Catherine Middleton, the previous most-watched royal event of the 21st century. The period of official mourning and the funeral was estimated to have cost the government £162 million.

",10982,67365.0,Queen Elizabeth II,2020s,historical_event,English,Formal,,
qe2_diamond_jubilee_of_elizabeth_ii,related_article,Diamond Jubilee of Elizabeth II,https://en.wikipedia.org/wiki/Diamond_Jubilee_of_Elizabeth_II,Diamond Jubilee of Elizabeth II,2025-10-04T13:36:48.443187,2025-10-04T14:01:53.765860,"The year 2012 marked the Diamond Jubilee of Elizabeth II being the 60th anniversary of the accession of Queen Elizabeth II on 6 February 1952. The only diamond jubilee celebration for any of Elizabeth's predecessors was in 1897, for Queen Victoria. Following the tradition of the Queen's Silver and Golden Jubilees, commemorative events were held throughout the Commonwealth of Nations. In comparison to the previous Golden Jubilee, events in the United Kingdom were significantly scaled back due to the economic policies of the governing Conservative Party deeming excessive cost to the taxpayer amidst widespread austerity as inappropriate. The Queen and the Duke of Edinburgh toured the United Kingdom and other members of the royal family toured the rest of the Commonwealth as the monarch's representatives. The Jubilee celebrations marked the beginning of the withdrawal of the Duke of Edinburgh from public life and a more prominent role for the Duke of Cambridge and Prince Harry in Commonwealth affairs. Numerous events and tributes were held over the year and throughout the Commonwealth, culminating in a jubilee pageant held in London. The Queen Elizabeth Diamond Jubilee Trust was set up as a charitable foundation with a mission to leave a lasting legacy across the Commonwealth. Other projects included the Queen Elizabeth Diamond Jubilee Wood and the issuing of commemorative medals. 

Commonwealth-wide and beyond

 At the 2011 Commonwealth Heads of Government Meeting in Perth, Australia, British Prime Minister David Cameron announced the creation of the Queen Elizabeth Diamond Jubilee Trust, which was officially launched in the UK on 6 February 2012. Chaired by former British prime minister Sir John Major, the trust was intended to support charitable organisations and projects across the Commonwealth of Nations, focusing on areas such as cures for diseases and the promotion of all types of culture and education. In early 2012, Prime Minister of Australia Julia Gillard announced the Australian Crown-in-Council would make an A$5.4 million contribution to the trust and the New Zealand Crown-in-Council later made a similar $1 million donation. The Canadian government announced in April that former prime minister Jean Chrétien would be Canada's representative to the organisation. In February 2012, a senior advisor was quoted as saying the Queen set two guidelines for the planning of her jubilee: the use of public funds should be minimised and people should not ""be forced to celebrate"". The first major international event of the jubilee celebrations was the Diamond Jubilee Pageant, also branded The World Comes to Windsor, a cavalcade held at Windsor Castle to celebrate the Queen's visits to and tours of over 250 countries, as well as her passion for horses. The show, which featured 550 horses and 1,100 performers from around the world, was performed in the evenings between 10 and 13 May, after the daytime events of the annual Royal Windsor Horse Show had taken place. The Queen attended the final night. On 18 May, the Queen hosted an informal lunch at Windsor Castle for more than twenty current or former monarchs from other countries. In the evening of the same day, the Prince of Wales and the Duchess of Cornwall hosted a dinner that most of the monarchs also attended, although the Queen herself was not present. Criticism was directed at the presence of the King of Bahrain at the lunch, because of alleged repression of protests against the government of Bahrain in that country in 2011. In London, protesters against the King assembled outside Buckingham Palace during the dinner, although he did not attend that event. The lighting of thousands of beacons across the Commonwealth took place on 4 June. The number of beacons was originally set at 2,012, to mark the year 2012. In the end, beacons of more than double that number were lit. The first beacon of the Jubilee was lit on the grounds of Apifo'ou College in Nukuʻalofa, Tonga, by Tongan girl and Boy Scouts using coconut sheath torches. Other nations, including Kenya, Australia, New Zealand, India, Seychelles, Sri Lanka, and several Caribbean states, took part in the beacon lighting. The world's most remote beacon was lit in Tristan da Cunha in the south Atlantic, using invasive, non-native plants to fuel the fire. In the United Kingdom, British servicemen and women wounded in battle and individuals representing charities carried beacons to the summits of the UK's four highest peaks. The Queen lit the beacon outside Buckingham Palace at 10:30 pm. The lighting proceeded until the final beacon was lit in Canada eight hours later. The Queen's husband, Prince Philip, Duke of Edinburgh, was hospitalised with a bladder infection on 4 June and thus was not able to attend any of the official events. In his speech given at the conclusion of the Diamond Jubilee Concert, the Prince of Wales commented on the sadness of his father's absence and urged the crowd to cheer loud enough for the Duke to hear in hospital. Prince Edward, Earl of Wessex, stated after visiting his father that the latter was watching the celebrations on television. The Queen visited the Duke the following day. That same evening, a pre-recorded message by the Queen was released and aired on television around the world. 

Commonwealth realms

 

= Antigua and Barbuda

= On 6 and 7 March, the Earl and Countess of Wessex, visited Antigua and Barbuda to celebrate the Queen's Diamond Jubilee. The Earl and Countess arrived in Nelson's Dockyard on Motor Yacht Leander on the morning of 6 March. They were greeted by Governor-General Dame Louise Lake-Tack, Prime Minister Baldwin Spencer, and members of Parliament. The couple then visited the Copper and Lumber Store Hotel where they met with prominent Antiguans and Barbudans. Following that, the Earl and the Countess toured the Dockyard Museum and saw the ""Royal Palm"" that the Queen planted in the Dockyard in 1966. A tree planting ceremony in Nelson's Dockyard, was followed by a tour of the Dow's Hill Interpretation Centre at Shirley Heights. The afternoon concluded with a lunch at the Admiral's Inn in Nelson's Dockyard hosted by the Prime Minister. On Tuesday evening, the Governor-General hosted an official State Dinner for the couple at the Mill Reef Club. During the second day of their visit, the Earl and the Countess visited institutions which were related to their personal charity work. The Countess visited the Children's Ward at Mount Saint John's Medical Centre, Princess Margaret School, and the Adele School for Special Children in St. John's, while the Earl visited the Duke of Edinburgh Award Programme and the Antigua Grammar School. To close their visit to Antigua and Barbuda, Prince Edward and Countess Sophie enjoyed a Diamond Jubilee Lunch at the Jumby Bay Resort on Long Island. In June, lighting of a Jubilee Beacon and a Jubilee Service of Thanksgiving also took place in Antigua and Barbuda. 50 Antiguan and Barbudan citizens were presented with the Diamond Jubilee Medal by the Governor-General. 

= Australia

= Quentin Bryce, the Governor-General of Australia, announced that the Diamond Jubilee would be celebrated ""with a host of national and community events throughout the Commonwealth."" In a similar vein, it was said in late 2011 that the government of Queensland was planning to declare a holiday in June 2012 to mark the jubilee. The Royal Australian Mint announced in August 2011 that it would be releasing a silver proof 50-cent coin to celebrate the Queen's Diamond Jubilee. Australia Post issued a series of special stamps to mark the occasion. Paying tribute to Elizabeth II as Queen of Australia in the House of Representatives on 6 February 2012, Prime Minister of Australia Julia Gillard stated the Queen was a revered figure in Australia. Gillard also announced that she would on 4 June light a beacon atop Parliament House and that a street in the parliamentary triangle in Canberra would be renamed Queen Elizabeth Terrace. Meanwhile, Premier of Western Australia Colin Barnett announced on 28 May that a new waterfront development in Perth would be named Elizabeth Quay in the Queen's honour. A detachment of the New South Wales Mounted Police performed at the Diamond Jubilee Pageant held at Windsor Castle in May 2012. At the end of the same month, Prince Charles presented Diamond Jubilee medals to those in the Victoria Cross and George Cross Association, including three Australian Victoria Cross recipients. A special ecumenical service was conducted in St James' Church, Sydney, at which the invited preacher was Cardinal George Pell and the Governor of New South Wales, Marie Bashir, was the guest of honour. The Anglican Church of Australia also held a service of prayer and thanksgiving to commemorate the Diamond Jubilee at St John's Cathedral in Brisbane, on 20 May 2012. The service was welcomed by Phillip Aspinall, Anglican Archbishop of Brisbane, and the Homily was given by Mark Coleridge, Catholic Archbishop of Brisbane. The guest of honour was the Governor of Queensland, Penelope Wensley, and Ian Walker represented the Cabinet of Queensland. In Brisbane, the newly built Supreme and District Court building was named after the Queen to mark the Diamond Jubilee. Between 5 and 10 November 2012, Charles, Prince of Wales, and Camilla, Duchess of Cornwall, toured the country, travelling to Queensland, Victoria, South Australia, New South Wales, and the Australian Capital Territory. 

= The Bahamas

= Prince Harry toured The Bahamas. There, he attended a reception for youth leaders and met with Governor-General of the Bahamas Sir Arthur Foulkes. The Prince attended an outdoor ceremony where children's schools, clubs, and associations presented themselves and delivered a speech at Government House. 

= Barbados

= To mark the Queen's Diamond Jubilee, the country hosted the Queen's youngest son and his wife, the Earl and Countess of Wessex, between 23 and 24 February 2012. The tour began with the Earl and Countess arriving, aboard RFA Fort Rosalie, at the Port of Bridgetown, where Barbadian military personnel were given inspection. To a joint sitting of the Parliament of Barbados, the Earl read a written message from the Queen, in which the monarch stated she has taken note of the level of development Barbados had achieved during its 45 years of independence and called the country a model small state for others around the world. Parliamentary officials responded with thanks to the Queen for her service to the country and Barbadians and invited her to the island to celebrate the 375th anniversary of the establishment of the Barbadian parliament in 2014. The visiting royal couple opened an exhibit at the University of the West Indies, Cave Hill Campus, and an official state dinner and reception was held at Government House in the evening. The following day, the Countess visited the Albert C. Graham Children's Development Centre at Ladymeade Gardens, while the Earl presented eight Duke of Edinburgh's Gold Awards to Barbadian youth at a dedication ceremony. Directly following, the couple travelled together to a ceremony to commemorate the Diamond Jubilee, where a plaque was unveiled at the Kensington Oval cricket stadium. Other events included the Earl and Countess lunching with Prime Minister Freundel Stuart at his residence, Ilaro Court, and touring several areas of Bridgetown that were added to UNESCO's list of World Heritage Sites in 2011. As in other Commonwealth realms, a set of commemorative Diamond Jubilee stamps were released by the Barbados Postal Service. An ecumenical thanksgiving service was held at the St. Mary's Anglican Church in Bridgetown on 3 June and a beacon lighting at the Garrison Savannah the following day, where an official Trooping of the Colour was performed by the Barbados Defence Force and military tattoo performed by the Royal Barbados Police Force. Members of the Barbados Boys Scout Association with high honours were chosen to aid in the actual beacon lighting. 

= Belize

= In Belize, the Governor-General-in-Council and the Belize Tourism Board organised a tour of the country by Prince Harry, between 2 and 3 March 2012, as part of the country's celebrations of the Queen's Diamond Jubilee. Harry visited Belmopan and San Ignacio where ceremonies and events had less emphasis on state protocol. In the capital, Harry unveiled a series of commemorative stamps issued by the Belize Postal Service, attended the city's street festival, and dedicated a street as Queen Elizabeth II Boulevard, where he delivered a speech on the sovereign's behalf. 

= Canada

= 

== Planning



Forethought on the anniversary began as early as April 2007, when then-Secretary of State for Canadian Heritage Jason Kenney requested the various lieutenant governors begin preparations for the jubilee. Three years later, the question of a national holiday to mark the jubilee was raised in the media and a series of official announcements were made by the Minister of Canadian Heritage. The Secretary to the Queen, Kevin S. MacLeod, was charged by the Governor General-in-Council to head the Diamond Jubilee Committee (DJC)—a 14-member group of individuals drawn from the provincial and territorial governments, non-governmental organisations, officials from the Departments of Citizenship and Immigration, National Defence, and Canadian Heritage (DCH), and the Royal Canadian Mounted Police—that oversaw the organisation of the country's fêtes for Elizabeth II's 60 years as Queen of Canada. Similarly, Premier of Alberta Ed Stelmach in February 2011 tasked the Alberta Chief of Protocol and the Private Secretary to the Lieutenant Governor of Alberta to form and head a committee to develop plans for the province's Diamond Jubilee celebrations. As with other royal events, the DCH played a large role in organisation and planning. $7.5 million of resources, granted to the DCH in the previous budget approved by the federal parliament, was allocated for federal jubilee celebrations, education and awareness, and distribution to community groups; $2 million was for events in the Queen's honour and $3.7 million was allocated for the Diamond Jubilee medal. The total amount was reduced by Minister of Canadian Heritage James Moore from the DJC's original estimate of $8.8 million.



Pre-events



The Queen, on 3 July 2010, dedicated the Queen Elizabeth II Gardens outside her official residence in Manitoba and there planted an Amber Jubilee Ninebark shrub, the cultivar having been created specifically for the Diamond Jubilee. At Rideau Hall in Ottawa, she also, on 30 June, unveiled a commemorative stained glass window depicting herself and Queen Victoria with their respective royal cyphers and renditions of the Centre Block of the Canadian parliament during the reign of each monarch. The window, a gift from the Canadian Senate, was installed above the Senate entrance to the Centre Block and dedicated by Governor General David Johnston on 7 February 2012. A corbel within the Sovereigns' Arches of the Senate foyer was sculpted into a rendition of the Queen and unveiled on 9 December 2010 by the Governor General. The Royal Canadian Mint also issued an ""extensive set"" of coins to mark the anniversary. Further, the Royal Regiment of Canadian Artillery (RRCA) in 2011 presented the Queen, their captain-general since 1952, with a diamond and gold brooch, made by Birks & Mayors in the form of the regiment's cap badge, and announced the creation of The Captain General's Diamond Jubilee Bursary Award for educational activities of members of the RRCA and family.



Diamond Jubilee Week



Diamond Jubilee Week began on Accession Day (6 February) 2012. That day, the monarch's personal standard for Canada was unfurled at Rideau Hall and on Parliament Hill, as well as at provincial royal residences and legislatures across the country; permission was granted by the Queen to break the usual protocol of flying the banner only where the sovereign is physically present. At noon on the same day, the Peace Tower carillon played a tribute to Elizabeth II. The Prime Minister and the leader of the Liberal Party of Canada issued statements commending the Queen for her six decades of ""dedicated service to our country, to the Commonwealth and to the world."" Also on 6 and 7 February, the first of the 60,000 Canadian Queen Elizabeth II Diamond Jubilee Medals to be distributed to citizens and permanent residents were handed out by lieutenant governors, commissioners, and other dignitaries across the country; 60 individuals were given theirs personally by the Governor General at Rideau Hall. All federal Members of Parliament (MPs) received the award automatically and a few refused, some because they belonged to the Quebec separatist Bloc Québécois, and one because he felt the money being spent by the Crown on jubilee events and markers was a waste. Citizens for a Canadian Republic claimed that day that the government's spending of money on the Queen's jubilee was to be expected ""from the personality cult dynasties of North Korea or Syria"". The Saint-Jean-Baptiste Society claimed it would stage ""counter-celebrations"". In Nova Scotia, the provincial government announced the establishment of educational programmes related to the Queen and her role in Canadian government and the one-time award of the $2000 Diamond Jubilee Award Scholarship to 60 Grade 12 students in the province. There and in other provinces and territories, various events were held on Accession Day, other days during Diamond Jubilee Week, and past its end. The Speaker of the Senate, Noël Kinsella, and Speaker of the House of Commons, Andrew Scheer, were received by the Queen at Buckingham Palace on 21 February 2012, where they presented a loyal address to the sovereign. The Canadian Postal Museum also opened on 19 March the exhibition Designed for a Queen, which displayed 645 postal portraits of the Queen from Canada, other Commonwealth of Nations countries, and British Overseas Territories.



Royal tour



Charles, Prince of Wales, and Camilla, Duchess of Cornwall, toured parts of the country in May, making stops in New Brunswick, Ontario, and Saskatchewan. In an editorial he wrote for The Globe and Mail, Charles stated he wanted his activities during the tour to reflect the jubilee's ""central theme of service to others"" and expressed that he was ""returning to Canada in this special Jubilee year, to renew my own pledge of service and to encourage others to consider how they might contribute their own particular talent"". In that vein, he in all three provinces visited with people associated with his organisation The Prince's Charities Canada and presented Diamond Jubilee Medals to recipients. The couple arrived at Saint John Airport on the evening of 20 May. The following day, they were formally welcomed by the Governor General and met at Canadian Forces Base Gagetown with young Canadian Forces veterans and mentors involved in the Military Entrepreneurship program before moving on to Saint John. There, they undertook a walking tour of Prince William Street to observe heritage projects and meet the 2002 Committee for the Prince of Wales Municipal Heritage Leadership Prize, participated in a citizenship ceremony, attended Victoria Day events, and opened the Diamond Jubilee IT Centre at Hazen-White-St. Francis School. They then flew on to Toronto to meet with emergency workers and their families and observe the annual fireworks show at Ashbridges Bay that marks Victoria Day and the Queen's official Canadian birthday. On 22 May, the couple attended an event hosted by the Lieutenant Governor of Ontario, David Onley, at Queen's Park. After, the Duchess visited The Queen's Own Rifles of Canada, of which she is colonel-in-chief, laying at the armoury a wreath in memory of fallen Canadian soldiers, while the Prince of Wales saw the Digital Media Zone at Ryerson University, toured the construction site of the athletes' village for the 2015 Pan American Games (where Premier of Ontario Dalton McGuinty announced a portion of Front Street running through the village would be named Diamond Jubilee Promenade), visited the Yonge Street Mission, and met with the national leadership of the Assembly of First Nations. The couple also attended a luncheon hosted by the government of Ontario and participated in a Canadian Forces event at Fort York commemorating the 200th anniversary of the War of 1812, the Prince there wearing his uniform of a lieutenant-general of the Canadian Army. They arrived in Regina on 23 May and marked the centenary of Saskatchewan's legislative building, participated in a reception held by the Lieutenant Governor of Saskatchewan, Vaughn Solomon Schofield, at Government House, toured the First Nations University of Canada, and visited an environmentally friendly water purification plant. In the evening, the Prince and Duchess attended at the Royal Canadian Mounted Police (RCMP) Depot Division Drill Hall a performance of the Regina Symphony Orchestra, of which Prince Charles is patron. There, the Prime Minister announced that Charles was to be appointed Honorary Commissioner of the RCMP, taking the post from his mother, the Queen, who became the RCMP's Commissioner-in-Chief. New Democratic Party MP Pat Martin, an open anti-monarchist, stated in the House of Commons that the tour was ""a bread-and-circuses routine"" intended to distract from cuts to the federal civil service. The Minister of Canadian Heritage, James Moore, said the tour would be the ""least expensive for taxpayers"" of those that had taken place since 2009.



Events in June



At the Queen's request, members of the RCMP's Musical Ride, after performing in the Diamond Jubilee Pageant at Windsor Castle, took part in the Changing of the Guard on 23 May as they formed the Queen's Life Guard outside Buckingham Palace for 24 hours. Said by the contingent's commander to be a ""way for Canada and the Mounties to salute her Majesty the Queen in her Diamond Jubilee year"", it was the second time the RCMP had performed the task since doing so as a part of the Diamond Jubilee celebrations for Queen Victoria in 1897. In the federal parliament on 31 May, a loyal address to the Queen was passed. The Lieutenant Governor of Manitoba held a Diamond Jubilee garden party at the province's Government House on 26 May. The Royal British Columbia Museum on 1 June opened an exhibition of approximately 100 Cecil Beaton photographs of Elizabeth II throughout her life. A team of Canadian and British mountaineers reached the summit of Mount Barbeau, in Canada's arctic, by 3 June and there held a tea party in celebration of the jubilee. From the summit, they sent a loyal greeting to the Queen via satellite, to which the monarch promised to reply. The next day, a group from the Royal Canadian Dragoons stationed in Afghanistan climbed with British soldiers to the peak of the 7,000 foot mountain Gharib Ghar, within the Kabul Military Training Center, ""as part of the Diamond Jubilee celebrations for Queen Elizabeth II."" In the United Kingdom, Canada House held a Big Jubilee Lunch on 3 June and two beacons were lit on the building's roof the following evening, the night of the Diamond Jubilee Concert. David Johnston attended both events and Stephen Harper was at the latter. Another reception was held at Canada House on the evening of 6 June, at which the Governor General and Prince Andrew, Duke of York, were present. Harper was granted an audience with the Queen at Buckingham Palace on 5 June. Also at the palace, the Governor General, the Prime Minister, and the Queen unveiled a new portrait of the sovereign commissioned by the federal Crown-in-Council and painted by Canadian painter Phil Richards. The creation of the portrait became the subject of a National Film Board of Canada (NFB) documentary directed by Hubert Davis and released in the fall of 2012 as part of the NFB's Queen's Diamond Jubilee Collector's Edition. The painting was on 25 June installed in the ballroom at Rideau Hall. Dedicated at the same time by the Governor General were new bronze and glass handrails, with detailing evoking the Diamond Jubilee, flanking the ceremonial staircase in Rideau Hall's main entrance foyer. On 12 June 2012, the government of the Northwest Territories (NWT) and the City of Yellowknife held at the Northern Arts and Cultural Centre a garden party with a barbecue, concert, and other activities. On 14 June, Amber Jubilee Ninebark shrubs were planted on the grounds of the NWT legislative assembly. Four days later, a gala concert was held at Roy Thomson Hall in Toronto, at which 600 diamond jubilee medals were awarded to members of the Order of Canada and Order of Ontario. The event, hosted by the Lieutenant Governor of Ontario, was attended by the Governor General and his wife and performers included the Famous People Players, Susan Aglukark, Molly Johnson, Ben Heppner, and Gordon Lightfoot, who conceived the idea of the event.



Further events



The Lieutenant Governor of Saskatchewan held a garden party at Government House on Canada Day and, in the Northwest Territories, the Canada Day parade was themed to celebrate the jubilee and numerous jubilee medal presentation ceremonies took place. Also on 1 July, the Canadian Museum of Civilization opened the exhibit A Queen and Her Country, showing artefacts from the Crown Collection relating to Queen Elizabeth II and her role as Queen of Canada, including the Queen's Beasts from her coronation. At Rideau Hall on 11 September, a reception, attended by the Governor General; his wife; Prince Edward, Earl of Wessex; Sophie, Countess of Wessex; and others, was held for the Royal Victorian Order Association of Canada and to ""honour of the 60th anniversary of Her Majesty Queen Elizabeth II's accession to the Throne."" The Earl also distributed Diamond Jubilee Medals to recipients in Toronto and to members of the RCMP in Iqaluit, Nunavut. The government of the Northwest Territories held through September an essay contest for youth to explain ""how the Queen is important to First Nations and Métis people."" A conference on the Canadian Crown was conducted in Saskatchewan on 25 October. The Governor General the following day unveiled a plaque identifying the Queen Elizabeth II Diamond Jubilee Trail, a part of the Trans Canada Trail between the West Block on Parliament Hill and the Supreme Court of Canada. In Nova Scotia, highway 106 was renamed as Jubilee Highway. Communities across Canada also held events to mark the jubilee, as did the federal government until the jubilee celebration ended on Accession Day 2013. The Diamond Jubilee Calendar for the Senate was unveiled on 29 May 2013.

= Jamaica 

= On Accession Day, Governor-General Sir Patrick Allen sent a congratulatory message to the Queen in which he said that the Queen's reign was marked by ""wisdom, dedication and integrity"". Allen said that the Queen had an ""extraordinary knowledge and interest in Commonwealth and Caribbean Affairs"", which he greatly admires. On 3 June, a boat parade and yacht race at the north side of the Kingston Harbour was held to celebrate the Queen's Diamond Jubilee. The event was organised by the Royal Jamaica Yacht Club to coincide with the Thames Diamond Jubilee Pageant in London. On 4 June, communities across Western Jamaica celebrated the Queen's Diamond Jubilee, at the Montego Bay Civic Centre, in Sam Sharpe Square, St. James. Tributes included popular and gospel songs, and performances by schoolchildren. The Custos of St. James, Ewen Corrodus, described the occasion as fitting for ""an icon who has been a part of Jamaica's life for 60 years"". A Jubilee beacon was also lit by Corrodus. The mayor of Montego Bay, Councillor Glendon Harris, congratulated the Queen on her Diamond Jubilee said that the Jubilee should be used for forgiveness and reconciliation between individuals and communities, and called for continued growth for Jamaica. On 4 June, four beacons were lit at central points across Jamaica, in celebration of the Queen's Diamond Jubilee. The beacons were lit at St. William Grant Park in Kingston; Montego Bay Civic Centre, St. James; Seville Heritage Park, St. Ann; and at the Port Antonio town centre in Portland. At the beacon lighting in Kingston, Prime Minister Portia Simpson-Miller paid tribute to the Queen and said that during the times when the Queen graced the Jamaican shores, the people of Jamaica found in her a truly ""royal personality"" filled with warmth and good wishes for the people of Jamaica. The beacons were designed by the Jamaica Defence Force and built by students from the Caribbean Maritime Institute (CMI). All beacons were lit simultaneously at 10:00 p.m. at each location, and remained lit for 24 hours. On 10 June, a church service was held at the St. Andrew Parish Church. A Diamond Jubilee Prayer, which was written at the Queen's direction, was used at the church service in Jamaica. An exhibition was held in June, which showcased the Queen's visits to Jamaica, the recipients of awards presented by the Queen, and other things. Commemorative Diamond Jubilee Medals were awarded by Governor-General Allen to members of the armed forces, emergency services and prison service personnel of Jamaica. Jamaicans from all ages were invited to attend all the Diamond Jubilee events in Jamaica. The Governor-General and his wife travelled to London to participate in various events there in June, including a reception held by the High Commissioner of Jamaica to the UK. Jamaica's Diamond Jubilee celebrations proceeded despite Portia Simpson-Miller's ongoing work to have the country become a republic.



Royal visit



Prince Harry toured Jamaica between 5 and 8 March 2012, participating in various events marking his grandmother's Diamond Jubilee. During the tour, the Prince partook in military exercises with the Jamaica Defence Force, visited Bustamante Hospital for Children and, in Trelawny Parish, visited Water Square, Falmouth Pier, and the William Knibb Baptist Church, where he paid respect at the William Knibb memorial. The Prince attended an event for the charity Rise Life, ran with Usain Bolt at the latter's training ground at the University of the West Indies, Mona. There, he was also named an Honorary Fellow of the university. A Jamaica Night reception was held at the Royal Caribbean Hotel in Montego Bay and Governor-General of Jamaica Sir Patrick Allen hosted a dinner at King's House as a combined celebration of the Diamond Jubilee and Jamaica's 50th anniversary of independence. The Prime Minister, Portia Simpson Miller, stated the tour was intended to ""highlight the country's tourism developments on the North Coast and the important work being done in the area of youth and children.""

= New Zealand 

= Sir Jerry Mateparae, the Governor-General of New Zealand, unveiled New Zealand's Diamond Jubilee emblem on 27 November 2011, and announced at that time that a full programme would be forthcoming.



Emblem



The diamond shape of the emblem is an allusion to the Queen's Diamond Jubilee, and the colour alludes to New Zealand's highly prized pounamu. The emblem features the Queen's royal cypher, and koru (which often features in Māori art) is used in the form of those on the chain of the New Zealand Order of Merit. The chain links represents the role of the Sovereign as a part of the New Zealand constitution and the historic links between the Crown and Māori. The gold in the emblem represents value and achievement, whereas the manuka flowers relate to the Badge of the Queen's Service Order (QSO) which is based on stylised representation of this flower. Manuka and manuka honey are well known for their health enhancing properties.



Commemoration



New Zealand Post and the Reserve Bank of New Zealand issued a silver proof dollar coin to celebrate the jubilee in February 2012, and in the same month the Ministry for Culture and Heritage added Crown-related entries to Te Ara: The Encyclopedia of New Zealand and an essay on the jubilee to NZ.History.net.nz. The New Zealand post also issued sets of Diamond Jubilee stamps showing images of Queen Elizabeth II and Prince Philip throughout her reign. Prime Minister John Key moved a motion in the House of Representatives congratulating the Queen on her Diamond Jubilee on 7 February. The Governor-General-in-Council also launched, two days later, via the Ministry of Health, the Queen Elizabeth II Diamond Jubilee Research Grant, ""seeking to purchase research projects that transfer knowledge from initiatives with proven effectiveness, into practice in the health sector"". The New Zealand Army Band took part in the Diamond Jubilee Pageant held at Windsor Castle and also took part in the changing of guard ceremony at Buckingham Palace. In New Zealand, New Zealand Herald opinion columnist Jim Hopkins was critical of the jubilee celebrations held over the Queen's Birthday weekend, calling it a ""missed opportunity"". He was also critical of TVNZ's lack of jubilee related content in its daily news broadcast. A royal tour was undertaken by Charles, Prince of Wales, and Camilla, Duchess of Cornwall, between 10 and 16 November 2012. travelling to Auckland, Wellington, Christchurch, and Manawatu. Their programme is to focus on excellence and innovation in business, agriculture, community service, and sports, as well as children's literacy and animal health.

= Papua New Guinea 

= Charles, Prince of Wales, and Camilla, Duchess of Cornwall, toured Papua New Guinea between 3 and 5 November. The Prince of Wales spoke to crowds in Port Moresby in the pidgin language of Tok Pisin, referring to himself as 'namawan pikinini bilong misis kwinn' (the number one child of The Queen). He and delivered greetings from the Queen in Tok Pisin: ""Mi bringim bikpela tok hamamas bilong mejesti kwin Papua Niugini na olgeta haus lain bilong mi lon dispela taim bilong Diamon Jubili misis kwin. Mi tokpisin olrite?"" (I bring you greetings from Her Majesty the Queen of Papua New Guinea and from all my family members during this celebration of the Diamond Jubilee of the Queen. Was my Pisin correct?). During their time in the country, the Prince and the Duchess met church, charity, and community volunteers, cultural groups, and members of the Papua New Guinea Defence Force in and near Port Moresby.

= Saint Kitts and Nevis 

= Historical re-enactments were put on in Saint Kitts and Nevis for the Earl and Countess of Wessex, who arrived on 3 March 2012. There, the couple met with Governor-General Sir Cuthbert Sebastian, Prime Minister Denzil Douglas, and other dignitaries, watched cultural shows (including the performance of a calypso song about the Queen), and the Earl unveiled a plaque commemorating the Diamond Jubilee and officially designated the Basseterre Valley Park as the Royal Basseterre Valley Park. They also visited Brimstone Hill Fortress National Park and the children's ward of the JNF Hospital and the Children's Home before attending a state dinner and fireworks display at Port Zante.

= Saint Lucia 

= The Earl and Countess of Wessex arrived in Saint Lucia on 21 February 2012. Governor-General Dame Pearlette Louisy hosted a Charity Banquet and Ball at Government House on 9 June to celebrate the Queen's Diamond Jubilee. The event included a gourmet charity dinner, followed by dancing to the accompaniment of a full orchestra by the Royal Saint Lucia Police Band. The event was held under the theme ""A Diamond Moment In Time?"". The proceeds of the event went towards several charities supported by Government House.

= Saint Vincent and the Grenadines 

= In Saint Vincent and the Grenadines, a Diamond Jubilee Celebrations Committee was established to oversee events staged to mark, between February and June 2012, the Diamond Jubilee of Queen Elizabeth II. The committee head, former Minister of Culture Rene Baptiste, stated the aim was to ""showcase what we have to offer, as well as our loyalty to the Parliament..."" The Earl and Countess of Wessex, aboard RFA Fort Rosalie, arrived for their tour of country on 25 February and visited the restored Saint Vincent and the Grenadines Botanic Gardens and planted a Pink Poui tree, attended an official lunch at Government House, and planted Royal Palms on the Grenadines. Trade unionist Noel Jackson said he heard displeasure expressed by Vincentians towards the royal tour and that ""a lot of people were cursing."" Senator Julian Francis, the General Secretary of the governing Unity Labour Party, stated the public reaction to the presence of the royal couple ""confirmed to me that we could not have won the 2009 referendum on a republic. The outpouring of the people in St. Vincent to come and greet Prince Edward yesterday confirmed to me that people, in the majority in St. Vincent, still want the monarchy... It was like a carnival in town yesterday."" A Diamond Jubilee Lecture was delivered in March, a flower show and tea party was held at Government House on 4 and 5 May, a stamp exhibition was mounted at the National Trust headquarters and an exhibition of photographs of the Queen in Saint Vincent and the Grenadines was displayed at the National Public Library. A Queen's Birthday parade took place, as did a Diamond Jubilee Beacon Event on 4 June, part of the wider plan to light such beacons at the same time across the Commonwealth.

= United Kingdom 

=



Planning



As with the Golden Jubilee in 2002, the Department for Culture, Media and Sport was responsible for coordinating the Cabinet-led aspects of the celebrations. Events were planned so as to keep the use of tax money to a minimum; most funds used to fund celebrations were drawn from private donors and sponsors. Only the cost of security was by Her Majesty's Treasury. The British logo for the Diamond Jubilee was selected through a contest held by the BBC children's programme Blue Peter; the winning design, announced in February 2011, was created by ten-year-old Katherine Dewar.



Extended weekend



On 5 January 2010, the Lord President of the Council and Business Secretary Peter Mandelson announced that an extra bank holiday would take place on 5 June 2012. Moving the Spring Bank Holiday (the last Monday in May) to 4 June resulted in a four-day holiday in honour of the Diamond Jubilee. As national holidays are a devolved matter, Scotland's first minister confirmed that the bank holiday would be held on 5 June in Scotland. Some economists later theorised that the holiday could reduce the country's gross domestic product by 0.5% in the second quarter of the year, though this would be partially offset by increased sales for the hospitality and merchandise sectors. Many events were staged in London during the bank holiday weekend. The River Thames Diamond Jubilee Pageant was held on 3 June; a maritime parade of 1,000 boats from around the Commonwealth—the largest flotilla seen on the river in 350 years—together with other celebrations along the river banks. Heavy rain started during the event and the commemorative airforce flyover at the end was cancelled due to very low cloud base and bad visibility at ground level. Along with almost all members of the royal family, various governors-general from the Commonwealth realms other than the UK were in attendance. The Diamond Jubilee Concert, with a preceding afternoon picnic in the palace gardens for the 10,000 concert ticket holders, was held the following day, in front of Buckingham Palace, and featured acts representing each decade of the Queen's 60-year reign. Street parties were permitted to take place across the country. Special community lottery grants, called The Jubilee People's Millions, were being offered by the Big Lottery Fund and ITV. Members of the royal family, governors-general, and prime ministers from the Commonwealth realms were present at various functions held on 4 and 5 June: A reception took place at Buckingham Palace before the Diamond Jubilee Concert and a national service of thanksgiving was conducted the following day at St Paul's Cathedral, also attended by 2,000 other guests. Will Todd's anthem ""The Call of Wisdom"", commissioned specially for this event, was performed by the Diamond Choir, made up of about 40 children from around the UK. The Archbishop of Canterbury, Rowan Williams, dedicated his sermon to the Queen, during which he noted her ""lifelong dedication"" and stated that she ""has made her 'public' happy and all the signs are that she is herself happy, fulfilled and at home in these encounters."" Afterwards, a formal lunch was held in Westminster Hall. The Queen returned to Buckingham Palace at 2:20 pm, in an open top carriage procession and escorted by the Household Cavalry Regiment. Another reception was held at London's Guildhall and a luncheon took place at Lancaster House, hosted by the British Secretary of State for Foreign and Commonwealth Affairs. A reception solely for governors-general was held by the Queen at Buckingham Palace. The weekend of celebrations ended with a balcony appearance at Buckingham Palace. The Queen appeared on the balcony with the Prince of Wales, the Duchess of Cornwall, the Duke of Cambridge, the Duchess of Cambridge, and Prince Harry in front of cheering crowds outside the palace and along The Mall. There followed a feu de joie and a flypast by the Red Arrows and historic aircraft, including PA474, the last airworthy Lancaster bomber in Britain. Several media commentators commented on the significance of only senior members of the royal family appearing on the balcony. BBC royal correspondent Peter Hunt remarked that it ""sent a message demonstrating both continuity and restraint at a time of austerity"".



Permanent tributes



To mark the jubilee, the Queen bestowed Royal Borough status on Greenwich, in southeast London. In addition, a competition was held to grant in 2012 city status to towns and either a lord mayoralty or lord provostship to one city. City status was awarded to Chelmsford in England, Perth in Scotland and St Asaph in Wales. Armagh, Northern Ireland, was awarded the Lord Mayoralty. The Olympic Park in East London, created for the 2012 London Olympics, was named the Queen Elizabeth Olympic Park following the Olympics. The Queen Elizabeth II Fields Challenge (Queen Elizabeth Fields Challenge in Scotland) was a project of the charity Fields in Trust to safeguard parks and green spaces as public recreation land in perpetuity for future generations to enjoy, and to provide a permanent legacy of the Diamond Jubilee and the Olympics. The Woodland Trust planned to establish 60 Jubilee woodlands during 2011 and 2012, one of almost 500 acres – Flagship Diamond Wood, Leicestershire – and the remainder 60 acres each. A stained glass window, paid for by MPs and members of the House of Lords, was unveiled in the Queen's presence at Westminster Hall in March 2012. In addition, a majority of MPs endorsed the renaming of the clock tower of Westminster Palace that houses Big Ben, to the Elizabeth Tower. The Royal Jubilee Bells, made for the Jubilee and a feature of the Thames Diamond Jubilee Pageant, were delivered to the church of St James Garlickhythe in the City of London on 15 June 2012 and arranged along the central aisle. They were dedicated by the Rt Revd John Waine on Sunday 17 June and hanging commenced in the tower shortly thereafter. They were rung for the first time in the church on 4 July. The Royal Mint issued a number of coins including an official £5 coin, a 5oz coin and a kilo coin. A five-pound sterling silver coin was issued by the Government of Gibraltar to mark the occasion. In October 2012 it was announced that the Queen would bestow the honorary title of Regius Professorship to up to six university chairs in the United Kingdom, to recognise ""excellence in teaching and research""; the number was chosen to represent the decades of the Queen's reign. The full list was announced on 29 January 2013 and comprised twelve new chairs, in recognition of the ""exceptionally high quality"" of the departments considered. Kew Gardens announced that the Main Gate, the entrance to the gardens from Kew Green, was to be renamed Elizabeth Gate in honour of the Queen. Princess Alexandra attended the naming ceremony on 21 October 2012. On 18 December 2012, the British Foreign Office announced that a portion of the British Antarctic Territory was to be named Queen Elizabeth Land in honour of Her Majesty in her diamond jubilee year. A seemingly less permanent tribute that gained widespread popularity was a work provided by street artist Banksy. His ""Slave Labour"" stencil on a north London wall offered pointed criticism of the jubilee celebrations and the conditions that support British nationalism. The mural's removal and subsequent attempted sale at auction in February 2013 sparked international controversy, highlighting the piece's worth to local and regional residents. Its title, perhaps coincidentally, conjured another contentious part of the celebrations where unemployed workers, bussed into London on an allegedly unpaid trial to staff security for the event, were made to work under what some described as ""appalling"" conditions. In 2013, a bust of the Queen was installed in the Bexleyheath Clock Tower to commemorate the Diamond Jubilee of Queen Elizabeth II. The clock tower was originally built in 1912 to commemorate the coronation of George V.



Other events



On Accession Day, 6 February, a 62-gun salute was mounted on the banks of the River Thames, near the Tower of London and the Queen made a visit to Norfolk, one of the first places the monarch visited after acceding to the throne. Later in the month, Queen Elizabeth attended a multi-faith (Bahá'í, Buddhist, Christian, Hindu, Jain, Jewish, Muslim, Sikh, and Zoroastrian) reception held at the residence of the Archbishop of Canterbury, Lambeth Palace, in honour of the jubilee. The Queen addressed both houses of parliament in Westminster Hall on 20 March 2012. Also in March, the Royal Commonwealth Society launched the Jubilee Time Capsule to mark the jubilee. The BBC and Andrew Marr created the television documentary The Diamond Queen, in which various members of the royal family and current and former politicians spoke about the sovereign and her life. The documentary was criticised by the campaign group Republic, which argued that it breached BBC guidelines on impartiality. At Buckingham Palace, a display of the Queen's diamonds was opened to the public. On 4 June, the bells in each of the 34 church bell towers along the River Welland valley rang in succession, ending with the ringing of the bell at Fosdyke 60 times. On 19 May, the Queen attended the Diamond Jubilee Armed Forces Parade and Muster, the British Armed Forces' own tribute to the monarch, in Windsor Castle and nearby Home Park. The first time all three services had assembled for the Queen for such an event at the same time, it featured military reviews and a 2,500 strong military parade through the town, as well as a military flypast featuring 78 aircraft. A Nowka Bais competition in Oxford was dedicated to the Diamond Jubilee. The Queen issued a statement on the event and expressed her interest about the Bengali sporting tradition to the event organisers.



Overseas territories



Prince Richard, Duke of Gloucester, toured the British Virgin Islands (BVI) in March 2012. On Montserrat, he met participants in the Sailability BVI programme, including Special Olympics medallists, and staff and associates of the Eslyn Henley Ritchie Learning Centre, BVI Technical and Vocational Institute, BVI Services, and the Department of Youth Affairs and Sports. Prince Edward, Earl of Wessex, and Sophie, Countess of Wessex, visited the British Overseas Territory of Gibraltar, between 11 and 13 June 2012, and Montserrat. The Spanish Ministry of Foreign Affairs and Cooperation expressed ""upset and concern"" about the couple's tour of Gibraltar, which Spain claims as Spanish territory.

= Other realms 

= Prince William, Duke of Cambridge, and Catherine, Duchess of Cambridge, visited the Solomon Islands and Tuvalu. The Queen's realms throughout the Caribbean and West Indies planned a number of Diamond Jubilee events. Using RFA Fort Rosalie, Prince Edward, Earl of Wessex, and Sophie, Countess of Wessex, visited other Caribbean realms, including: Antigua and Barbuda, Grenada, Montserrat and Saint Lucia.

 Other Commonwealth countries 

Visits were planned by Princess Anne to Zambia and Mozambique, while the Duke of Gloucester made official visits to Uganda and Malta. In Asia, Prince Andrew, Duke of York, visited India, while Prince William and Catherine, the Duke and Duchess of Cambridge, visited Malaysia, Singapore, Solomon Islands and Tuvalu. Prince Edward, Earl of Wessex, and Sophie, Countess of Wessex, visited Trinidad and Tobago, as did Governor General of Canada David Johnston.

= India 

= The British High Commission in Delhi held a large Jubilee reception, which the Duke of York also attended. Children took a ride on an elephant named Rupa draped in the Union Jack, during the Jubilee events in New Delhi. The British Jubilee Tea Party received high amounts of media coverage, so also did Rupa the elephant.

= Kenya 

= In Nairobi, the High Commission commemorated the Queen's Diamond Jubilee by lighting a beacon at Treetops Lodge, the location where Princess Elizabeth learned of her father's death and her immediate accession to the throne in 1952. The celebrations also featured items such as the car used by the Queen in 1952 and an exhibition featuring radio broadcasts and photographs from that time.

= Pakistan 

= In Pakistan, the British High Commission organised an event with local school children, in which they buried a time capsule, to be dug out on 25 years later. The children were asked to draw about their families, community, country, and connections between the United Kingdom and Pakistan. Coins, newspapers, magazines, and pictures of Pakistani landmarks with signatures and messages for the Queen by the children were also put in the time capsule. The event received a lot of positive media coverage.

= South Africa 

= The Princess Royal visited South Africa in April to mark the jubilee. The British Consulate in Cape Town, in conjunction with the Hout Bay and Llandudno Heritage Trust, hosted a firing of ancient muzzle-loading cannons at East Fort in Hout Bay. The Hout Bay and Llandudno Heritage Trust restored the Fort's original Swedish made 18-pounder muzzle-loading cannons, dating from 1752, and fired two rolling salvo salutes, of six cannon shots each, in the Queen's honour and each representing a decade of her reign. Members of the public were also invited to join in lighting of a Jubilee Beacon. The South African Navy Band was in attendance and the guns were fired by VIPs who were guided by gunners of the ""Honourable Order of Hout Bay Artillerymen"". At the Victoria and Alfred Waterfront of the Port of Cape Town, a flotilla from the Royal Cape Yacht Club sailed past the Hildebrand Ristorante and into-the Victoria Basin and the Cape Town Highlanders marched from Ferrymans to Nobel Square. British Consul General Chris Trott lit a beacon, followed by a further six-gun salute and both South African national anthem and ""God Save the Queen"".

 Other areas 

In March 2012, the Prince of Wales and the Duchess of Cornwall visited Norway, Sweden, and Denmark as part of the Diamond Jubilee tour of Scandinavia.

= Belgium 

= On 5 June 2012, about 500 eminent personalities from various fields gathered in Brussels on the island in Bois de la Cambre to celebrate the Queen's Jubilee. A ferry transported guests to the island, which showcased British brands and products. This was followed by a visit from HMS Edinburgh.

= Brazil 

= The British Embassy held a Jubilee week in São Paulo and Brasília, with prominent areas in both cities being dressed with Union flags. Cultural exhibitions were set up and images (60 photos for 60 years) and films, highlighting the Royal visits to Brazil, were showcased. There were many activities for children, including making model boats for a mini-flotilla and a Big Jubilee Lunch. Local cinemas and restaurants showed Jubilee-themed films and served special Jubilee dishes.

= Hong Kong 

= Hong Kong, a British dependent territory until 1997 and the most populous one, had The Big Jubilee Lunch on 3 June 2012, organised by the Royal Commonwealth Society in Hong Kong. On 5 June 2012, there was a service of thanksgiving at the territory's Anglican Cathedral Church of St. John the Evangelist.

= Italy 

= The Embassy in Rome and Consulate in Milan held multiple events to celebrate the Queen's Diamond Jubilee, including UK-Italy in the pages of Corriere della Sera, an exhibition organised by Fondazione Corriere della Sera and the British Council. It was held from 7 June to 21 June in Milan. A multimedia Symphonic concert was held by the Orchestra Italiana del Cinema with the support of the Regional Council of Lazio, which was dedicated to British and Italian cinematography. A documentary series on the royal family, titled 'London Calling', was broadcast by BBC Knowledge. Milan also used their Jubilee activity to supplement events highlighting high end British jewellery design.

= Japan 

= In Tokyo, the British Embassy hosted a Vivienne Westwood collection launch to commemorate the Queen's Diamond Jubilee. The event was attended by 800 guests, where they saw the World Premiere of Vivienne Westwood's 2012-13 spring summer collection fashion show. There was a display of 13 British manufactured cars and motorbikes worth £1.3 million. In a surprise guest appearance, Tomoyasu Hotei played his signature tune from Kill Bill. The garden marquee provided a special Jubilee menu of the finest British food and drink. The event was featured on Japan's premier evening and breakfast news shows, reaching an estimated audience of 21.5 million viewers.

= Mexico 

= A series of events were held in Mexico City to celebrate the Queen's Diamond Jubilee. The British Embassy held a reception showcasing British brands, the BBC provided Diamond Jubilee programming, and Wedgewood and Twinings set up a British Tea House experience. The reception was attended by over 1000 guests and the Ambassador gave a number of interviews around the Jubilee and events both in the UK and Mexico.

= United Arab Emirates 

= In the UAE, a number of events were held to celebrate the Queen's Diamond Jubilee. In Abu Dhabi, the British Embassy held a 'Great British Car Rally', the first of its kind in the UAE. The Rally, which was organised by the embassy and the Yas Marina Circuit, started at the embassy in Abu Dhabi at 6pm, and travelled along Abu Dhabi's Corniche en route to the Yas Marina Circuit, where the participants first did a loop of the F1 race track before mixing and mingling at a reception at the Circuit's main pit garages. At the reception, the guests were shown the Rolls-Royce that the Queen travelled in during her first visit to the UAE in 1979. The embassy in Dubai opened up its lawns up to the British and International community who then picnicked there. The people also saw the live transmission of the Diamond Jubilee Pageant down the River Thames. The Dubai Offshore Sailing Club held a ""Jubilee Pursuit Race"", to mark the Queen's Jubilee.

= United States 

= In a video message, President Barack Obama offered the Queen the ""heartfelt congratulations of the American people"" on the occasion of her Diamond Jubilee, and said that the Queen was a ""living witness"" to the power of the Special Relationship between the US and UK, and the ""chief source of its resilience."" He added, ""May the light of Your Majesty's crown continue to reign supreme for many years to come"". In New York City, around 700 people were invited to run through Central Park for six kilometers, one for every decade of her reign on 31 May. The run raised $14,000 for two charities: St. George's Society and Disabled Sports USA. Sex and the City star Kim Cattrall started the race and the music was provided by a Beatles tribute band called ""British Mania"".

= Uzbekistan 

= The British Embassy in Tashkent, Uzbekistan celebrated the Queen's Diamond Jubilee with a Big Jubilee Lunch on 1 June 2012. The embassy also used the example of the Queen to engage with businesswomen, who were having an increasingly important impact on the Uzbek economy but remain unrecognised.

 See also 

Queen Elizabeth II Diamond Jubilee Medal 2012 Diamond Jubilee Honours Silver Jubilee of Elizabeth II Ruby Jubilee of Elizabeth II Golden Jubilee of Elizabeth II Sapphire Jubilee of Elizabeth II Platinum Jubilee of Elizabeth II List of monarchs in Britain by length of reign List of jubilees of British monarchs

 Notes 

== References

 

External links

 ""The Queen's Diamond Jubilee"". www.thediamondjubilee.org. Archived from the original on 28 May 2014 – via Internet Archive. Department of Canadian Heritage: The Queen's Diamond Jubilee Archived 5 September 2011 at the Wayback Machine Governor-General of New Zealand: The Queen's Diamond Jubilee The British Monarchy: The Queen's Diamond Jubilee 2012 Diamond Jubilee emblem unveiled, 21 February 2011 The Queen Elizabeth Diamond Jubilee Trust Official Diamond Jubilee Beacons website The Prince of Wales and Duchess of Cornwall's Diamond Jubilee tours Governor General of Canada David Johnston's Diamond Jubilee message Canadian Museum of History: A Queen and Her Country Loyal Addresses on The London Gazette The Archives of Ontario Celebrates the Diamond Jubilee of Queen Elizabeth II, online exhibit on Archives of Ontario website A Diamond Jubilee message by The Prince of Wales for Ontarians, Canada Queen Elizabeth II's Diamond Jubilee – 2012 at The Canadian Encyclopedia","The year 2012 marked the Diamond Jubilee of Elizabeth II being the 60th anniversary of the accession of Queen Elizabeth II on 6 February 1952. The only diamond jubilee celebration for any of Elizabeth's predecessors was in 1897, for Queen Victoria.
Following the tradition of the Queen's Silver and Golden Jubilees, commemorative events were held throughout the Commonwealth of Nations. In comparison to the previous Golden Jubilee, events in the United Kingdom were significantly scaled back due to the economic policies of the governing Conservative Party deeming excessive cost to the taxpayer amidst widespread austerity as inappropriate.
The Queen and the Duke of Edinburgh toured the United Kingdom and other members of the royal family toured the rest of the Commonwealth as the monarch's representatives. The Jubilee celebrations marked the beginning of the withdrawal of the Duke of Edinburgh from public life and a more prominent role for the Duke of Cambridge and Prince Harry in Commonwealth affairs.
Numerous events and tributes were held over the year and throughout the Commonwealth, culminating in a jubilee pageant held in London. The Queen Elizabeth Diamond Jubilee Trust was set up as a charitable foundation with a mission to leave a lasting legacy across the Commonwealth. Other projects included the Queen Elizabeth Diamond Jubilee Wood and the issuing of commemorative medals.

",9386,57960.0,Queen Elizabeth II,2010s,biography,English,Formal,,
qe2_elizabeth_i,biography,Elizabeth I,https://en.wikipedia.org/wiki/Elizabeth_I,Elizabeth I,2025-10-04T13:36:30.588795,2025-10-04T14:01:53.765375,"Elizabeth I (7 September 1533 – 24 March 1603) was Queen of England and Ireland from 17 November 1558 until her death in 1603. She was the last and longest reigning monarch of the House of Tudor. Her eventful reign, and its effect on history and culture, gave name to the Elizabethan era. Elizabeth was the only surviving child of Henry VIII and his second wife, Anne Boleyn. When Elizabeth was two years old, her parents' marriage was annulled, her mother was executed, and Elizabeth was declared illegitimate. Henry restored her to the line of succession when she was 10. After Henry's death in 1547, Elizabeth's younger half-brother Edward VI ruled until his own death in 1553, bequeathing the crown to a Protestant cousin, Lady Jane Grey, and ignoring the claims of his two half-sisters, Mary and Elizabeth, despite statutes to the contrary. Edward's will was quickly set aside and the Catholic Mary became queen, deposing Jane. During Mary's reign, Elizabeth was imprisoned for nearly a year on suspicion of supporting Protestant rebels. Upon Mary's 1558 death, Elizabeth succeeded to the throne and set out to rule by good counsel. She depended heavily on a group of trusted advisers led by William Cecil, whom she created Baron Burghley. One of her first actions as queen was the establishment of an English Protestant church, of which she became the supreme governor. This arrangement, later named the Elizabethan Religious Settlement, would evolve into the Church of England. It was expected that Elizabeth would marry and produce an heir; however, despite numerous courtships, she never did. Because of this she is sometimes referred to as the ""Virgin Queen"". She was succeeded by her cousin, James VI of Scotland. In government, Elizabeth was more moderate than her father and siblings had been. One of her mottoes was video et taceo (""I see and keep silent""). In religion, she was relatively tolerant and avoided systematic persecution. After the pope declared her illegitimate in 1570, which in theory released English Catholics from allegiance to her, several conspiracies threatened her life, all of which were defeated with the help of her ministers' secret service, run by Francis Walsingham. Elizabeth was cautious in foreign affairs, manoeuvring between the major powers of France and Spain. She half-heartedly supported a number of ineffective, poorly resourced military campaigns in the Netherlands, France, and Ireland. By the mid-1580s, England could no longer avoid war with Spain. As she grew older, Elizabeth became celebrated for her virginity. A cult of personality grew around her which was celebrated in the portraits, pageants, and literature of the day. The Elizabethan era is famous for the flourishing of English drama, led by playwrights such as William Shakespeare and Christopher Marlowe, the prowess of English maritime adventurers, such as Francis Drake and Walter Raleigh, and for the defeat of the Spanish Armada. Some historians depict Elizabeth as a short-tempered, sometimes indecisive ruler, who enjoyed more than her fair share of luck. Towards the end of her reign, a series of economic and military problems weakened her popularity. Elizabeth is acknowledged as a charismatic performer and a dogged survivor in an era when government was ramshackle and limited, and when monarchs in neighbouring countries faced internal problems and religious civil wars that jeopardised their thrones. After the short, disastrous reigns of her half-siblings, her 44 years on the throne provided welcome stability for the kingdom and helped to forge a sense of national identity. 

Early life

 Elizabeth was born at Greenwich Palace on 7 September 1533 and was named after her grandmothers, Elizabeth of York and Lady Elizabeth Howard. She was the second child of Henry VIII of England born in wedlock to survive infancy. Her mother was Henry VIII's second wife, Anne Boleyn. At birth, Elizabeth was the heir presumptive to the English throne. Her elder half-sister Mary had lost her position as a legitimate heir when Henry annulled his marriage to Mary's mother, Catherine of Aragon, to marry Anne, with the intent to sire a male heir and ensure the Tudor succession. She was baptised on 10 September 1533, and her godparents were Thomas Cranmer, Archbishop of Canterbury; Henry Courtenay, Marquess of Exeter; Elizabeth Stafford, Duchess of Norfolk; and Margaret Wotton, Dowager Marchioness of Dorset. A canopy was carried at the ceremony over the infant by her uncle George Boleyn, Viscount Rochford; John Hussey, Baron Hussey of Sleaford; Lord Thomas Howard; and William Howard, Baron Howard of Effingham. Elizabeth was two years and eight months old when her mother was beheaded on 19 May 1536, four months after Catherine of Aragon's death from natural causes. Elizabeth was declared illegitimate and deprived of her place in the royal succession. Eleven days after Anne Boleyn's execution, Henry married Jane Seymour. Queen Jane died the next year shortly after the birth of their son, Edward, who was the undisputed heir apparent to the throne. Elizabeth was placed in her half-brother's household and carried the chrisom, or baptismal cloth, at his christening. Elizabeth's first governess, Margaret Bryan, wrote that she was ""as toward a child and as gentle of conditions as ever I knew any in my life"". Catherine Champernowne, better known by her later, married name of Catherine ""Kat"" Ashley, was appointed as Elizabeth's governess in 1537, and she remained Elizabeth's friend until her death in 1565. Champernowne taught Elizabeth four languages: French, Dutch, Italian, and Spanish. By the time William Grindal became her tutor in 1544, Elizabeth could write English, Latin, and Italian. Under Grindal, a talented and skilful tutor, she also progressed in French and Greek. By the age of 12, she was able to translate her stepmother Catherine Parr's religious work Prayers or Meditations from English into Italian, Latin, and French, which she presented to her father as a New Year's gift. From her teenage years and throughout her life, she translated works in Latin and Greek by numerous classical authors, including the Pro Marcello of Cicero, the De consolatione philosophiae of Boethius, a treatise by Plutarch, and the Annals of Tacitus. A translation of Tacitus from Lambeth Palace Library, one of only four surviving English translations from the early modern era, was confirmed as Elizabeth's own in 2019, after a detailed analysis of the handwriting and paper was undertaken. After Grindal died in 1548, Elizabeth received her education under her brother Edward's tutor, Roger Ascham, a sympathetic teacher who believed that learning should be engaging. Current knowledge of Elizabeth's schooling and precocity comes largely from Ascham's memoirs. By the time her formal education ended in 1550, Elizabeth was one of the best educated women of her generation. At the end of her life, she was believed to speak the Welsh, Cornish, Scottish, and Irish languages in addition to those mentioned above. The Venetian ambassador stated in 1603 that she ""possessed [these] languages so thoroughly that each appeared to be her native tongue"". Historian Mark Stoyle suggests that she was probably taught Cornish by William Killigrew, Groom of the Privy Chamber and later Chamberlain of the Exchequer. Elizabeth also grew to be a skilled musician, playing the virginal (harpsichord) and lute (tutored by Philip van Wilder). Elizabeth possibly played Thomas Tallis' early keyboard oeuvre, now surviving in the Mulliner Book, from a young age. 

Thomas Seymour

 Henry VIII died in 1547 and Elizabeth's half-brother, Edward VI, became king at the age of nine. Catherine Parr, Henry's widow, soon married Thomas Seymour, Baron Seymour of Sudeley, Edward VI's uncle and the brother of Lord Protector Edward Seymour, Duke of Somerset. The couple took Elizabeth into their household at Chelsea. There Elizabeth experienced an emotional crisis that some historians believe affected her for the rest of her life. Thomas Seymour engaged in romps and horseplay with the 14-year-old Elizabeth, including entering her bedroom in his nightgown, tickling her, and slapping her on the buttocks. Elizabeth rose early and surrounded herself with maids to avoid his unwelcome morning visits. Parr, rather than confront her husband over his inappropriate activities, joined in. Twice she accompanied him in tickling Elizabeth, and once held her while he cut her black gown ""into a thousand pieces"". However, after Parr discovered the pair in an embrace, she ended this state of affairs. In May 1548, Elizabeth was sent away. Thomas Seymour nevertheless continued scheming to control the royal family and tried to have himself appointed the governor of the King's person. When Parr died after childbirth on 5 September 1548, he renewed his attentions towards Elizabeth, intent on marrying her. Her governess Kat Ashley, who was fond of Seymour, sought to convince Elizabeth to take him as her husband. She tried to convince Elizabeth to write to Seymour and ""comfort him in his sorrow"", but Elizabeth claimed that Thomas was not so saddened by her stepmother's death as to need comfort. In January 1549, Seymour was arrested and imprisoned in the Tower on suspicion of conspiring to depose his brother Somerset as Protector, marry Lady Jane Grey to King Edward VI, and take Elizabeth as his own wife. Elizabeth, living at Hatfield House, would admit nothing. Her stubbornness exasperated her interrogator, Robert Tyrwhitt, who reported, ""I do see it in her face that she is guilty"". Seymour was beheaded on 20 March 1549. 

Reign of Mary

 Edward VI died on 6 July 1553, aged 15. His will ignored the Succession to the Crown Act 1543, excluded both Mary and Elizabeth from the succession, and instead declared as his heir Lady Jane Grey, granddaughter of Henry VIII's younger sister Mary Tudor, Queen of France. Jane was proclaimed queen by the privy council, but her support quickly crumbled, and she was deposed after nine days. On 3 August 1553, Mary rode triumphantly into London, with Elizabeth at her side. The show of solidarity between the sisters did not last long. Mary, a devout Catholic, was determined to crush the Protestant faith in which Elizabeth had been educated, and she ordered that everyone attend Catholic Mass; Elizabeth outwardly conformed. Mary's initial popularity ebbed away in 1554 when she announced plans to marry Philip of Spain, the son of Holy Roman Emperor Charles V and a Catholic. Discontent spread rapidly through the country, and many looked to Elizabeth as a focus for their opposition to Mary's religious policies. In January and February 1554, Wyatt's rebellion broke out; it was soon suppressed. Elizabeth was brought to court and interrogated regarding her role, and on 18 March, she was imprisoned in the Tower of London. Elizabeth fervently protested her innocence. Though it is unlikely that she had plotted with the rebels, some of them were known to have approached her. Mary's closest confidant, Emperor Charles's ambassador Simon Renard, argued that her throne would never be safe while Elizabeth lived; and Lord Chancellor Stephen Gardiner, worked to have Elizabeth put on trial. Elizabeth's supporters in the government, including William Paget, 1st Baron Paget, convinced Mary to spare her sister in the absence of hard evidence against her. Instead, on 22 May, Elizabeth was moved from the Tower to Woodstock Palace, where she was to spend almost a year under house arrest in the charge of Henry Bedingfeld. Crowds cheered her all along the way. On 17 April 1555, Elizabeth was recalled to court to attend the final stages of Mary's apparent pregnancy. If Mary and her child died, Elizabeth would become queen, but if Mary gave birth to a healthy child, Elizabeth's chances of becoming queen would recede sharply. When it became clear that Mary was not pregnant, no one believed any longer that she could have a child. Elizabeth's succession seemed assured. King Philip, who ascended the Spanish throne in 1556, acknowledged the new political reality and cultivated his sister-in-law. She was a better ally than the chief alternative, Mary, Queen of Scots, who had grown up in France and was betrothed to Francis, Dauphin of France. When his wife fell ill in 1558, Philip sent the Count of Feria to consult with Elizabeth. This interview was conducted at Hatfield House, where she had returned to live in October 1555. By October 1558, Elizabeth was already making plans for her government. Mary recognised Elizabeth as her heir on 6 November 1558 and Elizabeth became queen when Mary died on 17 November. 

Accession

 Elizabeth became queen at the age of 25, and declared her intentions to her council and other peers who had come to Hatfield to swear allegiance. The speech contains the first record of her adoption of the medieval political theology of the sovereign's ""two bodies"": the body natural and the body politic: My lords, the law of nature moves me to sorrow for my sister; the burden that is fallen upon me makes me amazed, and yet, considering I am God's creature, ordained to obey His appointment, I will thereto yield, desiring from the bottom of my heart that I may have assistance of His grace to be the minister of His heavenly will in this office now committed to me. And as I am but one body naturally considered, though by His permission a body politic to govern, so shall I desire you all... to be assistant to me, that I with my ruling and you with your service may make a good account to Almighty God and leave some comfort to our posterity on earth. I mean to direct all my actions by good advice and counsel. As her triumphal progress wound through the city on the eve of the coronation ceremony, she was welcomed wholeheartedly by the citizens and greeted by orations and pageants, most with a strong Protestant flavour. Elizabeth's open and gracious responses endeared her to the spectators, who were ""wonderfully ravished"". The following day, 15 January 1559, a date chosen by her astrologer John Dee, Elizabeth was crowned and anointed by Owen Oglethorpe, the Catholic bishop of Carlisle, in Westminster Abbey. She was then presented for the people's acceptance, amidst a deafening noise of organs, fifes, trumpets, drums, and bells. Although Elizabeth was welcomed as queen in England, the country was still in a state of anxiety over the perceived Catholic threat at home and overseas, as well as the choice of whom she would marry. 

Church settlement

 Elizabeth's personal religious convictions have been much debated by scholars. She was a Protestant, but kept Catholic symbols (such as the crucifix), and downplayed the role of sermons in defiance of a key Protestant belief. Elizabeth and her advisers perceived the threat of a Catholic crusade against heretical England. The Queen therefore sought a Protestant solution that would not offend Catholics too greatly while addressing the desires of English Protestants, but she would not tolerate the Puritans, who were pushing for far-reaching reforms. As a result, the Parliament of 1559 started to legislate for a church based on the Protestant settlement of Edward VI, with the monarch as its head, but with many Catholic elements, such as vestments. The House of Commons backed the proposals strongly, but the bill of supremacy met opposition in the House of Lords, particularly from the bishops. Elizabeth was fortunate that many bishoprics were vacant at the time, including the Archbishopric of Canterbury. This enabled supporters amongst peers to outvote the bishops and conservative peers. Nevertheless, Elizabeth was forced to accept the title of Supreme Governor of the Church of England rather than the more contentious title of Supreme Head, which many thought unacceptable for a woman to bear. The new Act of Supremacy became law on 8 May 1559. All public officials were forced to swear an oath of loyalty to the monarch as the supreme governor or risk disqualification from office; the heresy laws were repealed, to avoid a repeat of the persecution of dissenters by Mary. At the same time, a new Act of Uniformity was passed, which made attendance at church and the use of the 1559 Book of Common Prayer (an adapted version of the 1552 prayer book) compulsory, though the penalties for recusancy, or failure to attend and conform, were not extreme. Although 1559 injunctions stated that music was to be ""playnelye understanded, as if it were read without singing"", more elaborate pieces were allowed at certain times of the day, and the practice of composing Latin motets with Sarum texts continued in the Chapel Royal. 

Marriage question

 From the start of Elizabeth's reign it was expected that she would marry, and the question arose to whom. Although she received many offers, she never married and remained childless; the reasons for this are not clear. Historians have speculated that Thomas Seymour had put her off sexual relationships. She considered several suitors until she was about 50 years old. Her last courtship was with Francis, Duke of Anjou, 22 years her junior. While risking possible loss of power like her sister, who played into the hands of King Philip II of Spain, marriage offered the chance of an heir. However, the choice of a husband might also provoke political instability or even insurrection. 

= Robert Dudley

= In the spring of 1559, it became evident that Elizabeth was in love with her childhood friend Robert Dudley. It was said that his wife Amy was suffering from a ""malady in one of her breasts"" and that the Queen would like to marry Robert if his wife should die. By the autumn of 1559, several foreign suitors were vying for Elizabeth's hand; their impatient envoys engaged in ever more scandalous talk and reported that a marriage with her favourite was not welcome in England: ""There is not a man who does not cry out on him and her with indignation... she will marry none but the favoured Robert."" Amy Dudley died in September 1560, from a fall from a flight of stairs and, despite the coroner's inquest finding of accident, many people suspected her husband of having arranged her death so that he could marry the Queen. Elizabeth seriously considered marrying Dudley for some time. However, William Cecil, Nicholas Throckmorton, and some conservative peers made their disapproval unmistakably clear. There were even rumours that the nobility would rise if the marriage took place. Among other marriage candidates being considered for the queen, Robert Dudley continued to be regarded as a possible candidate for nearly another decade. Elizabeth was extremely jealous of his affections, even when she no longer meant to marry him herself. She raised Dudley to the peerage as Earl of Leicester in 1564. In 1578, he finally married Lettice Knollys, to whom the queen reacted with repeated scenes of displeasure and lifelong hatred. Still, Dudley always ""remained at the centre of [Elizabeth's] emotional life"", as historian Susan Doran has described the situation. He died shortly after the defeat of the Spanish Armada in 1588. After Elizabeth's own death, a note from him was found among her most personal belongings, marked ""his last letter"" in her handwriting. 

= Foreign candidates

= Marriage negotiations constituted a key element in Elizabeth's foreign policy. She turned down the hand of Philip, her half-sister's widower, early in 1559 but for several years entertained the proposal of King Eric XIV of Sweden. Earlier in Elizabeth's life, a Danish match for her had been discussed; Henry VIII had proposed one with the Danish prince Adolf, Duke of Holstein-Gottorp, in 1545, and Edward Seymour, Duke of Somerset, suggested a marriage with Prince Frederick (later Frederick II) several years later, but the negotiations had abated in 1551. In the years around 1559, a Dano-English Protestant alliance was considered, and to counter Sweden's proposal, King Frederick II proposed to Elizabeth in late 1559. For several years, she seriously negotiated to marry Philip's cousin Charles II, Archduke of Austria. By 1569, relations with the Habsburgs had deteriorated. Elizabeth considered marriage to two French Valois princes in turn, first Henry, Duke of Anjou, and then from 1572 to 1581 his brother Francis, Duke of Anjou, formerly Duke of Alençon. This last proposal was tied to a planned alliance against Spanish control of the Southern Netherlands. Elizabeth seems to have taken the courtship seriously for a time, wearing a frog-shaped earring that Francis had sent her. In 1563, Elizabeth told an imperial envoy: ""If I follow the inclination of my nature, it is this: beggar-woman and single, far rather than queen and married"". Later in the year, following Elizabeth's illness with smallpox, the succession question became a heated issue in Parliament. Members urged the Queen to marry or nominate an heir, to prevent a civil war upon her death. She refused to do either. In April she prorogued the Parliament, which did not reconvene until she needed its support to raise taxes in 1566. Having previously promised to marry, she told an unruly House: I will never break the word of a prince spoken in public place, for my honour's sake. And therefore I say again, I will marry as soon as I can conveniently, if God take not him away with whom I mind to marry, or myself, or else some other great let [obstruction] happen. By 1570, senior figures in the government privately accepted that Elizabeth would never marry or name a successor. William Cecil was already seeking solutions to the succession problem. For her failure to marry, Elizabeth was often accused of irresponsibility. Her silence, however, strengthened her own political security: she knew that if she named an heir, her throne would be vulnerable to a coup; she remembered the way that ""a second person, as I have been"" had been used as the focus of plots against her predecessor. 

= Virginity

= Elizabeth's unmarried status inspired a cult of virginity related to that of the Virgin Mary. In poetry and portraiture, she was depicted as a virgin, a goddess, or both, not as a normal woman. At first, only Elizabeth made a virtue of her ostensible virginity: in 1559, she told the Commons, ""And, in the end, this shall be for me sufficient, that a marble stone shall declare that a queen, having reigned such a time, lived and died a virgin"". Later on, poets and writers took up the theme and developed an iconography that exalted Elizabeth. Public tributes to the Virgin by 1578 acted as a coded assertion of opposition to the queen's marriage negotiations with the Duke of Alençon. Ultimately, Elizabeth would insist she was married to her kingdom and subjects, under divine protection. In 1599, she spoke of ""all my husbands, my good people"". This claim of virginity was not universally accepted. Catholics accused Elizabeth of engaging in ""filthy lust"" that symbolically defiled the nation along with her body. Henry IV of France said that one of the great questions of Europe was ""whether Queen Elizabeth was a maid or no"". A central issue, when it comes to the question of Elizabeth's virginity, was whether the Queen ever consummated her love affair with Robert Dudley. In 1559, she had Dudley's bedchambers moved next to her own apartments. In 1561, she was mysteriously bedridden with an illness that caused her body to swell. In 1587, a young man calling himself Arthur Dudley was arrested on the coast of Spain under suspicion of being a spy. The man claimed to be the illegitimate son of Elizabeth and Robert Dudley, with his age being consistent with birth during the 1561 illness. He was taken to Madrid for investigation, where he was examined by Francis Englefield, a Catholic aristocrat exiled to Spain and secretary to King Philip II. Three letters exist today describing the interview, detailing what Arthur proclaimed to be the story of his life, from birth in the royal palace to the time of his arrival in Spain. However, this failed to convince the Spaniards: Englefield admitted to King Philip that Arthur's ""claim at present amounts to nothing"", but suggested that ""he should not be allowed to get away, but [...] kept very secure."" The King agreed, and Arthur was never heard from again. Modern scholarship dismisses the story's basic premise as ""impossible"", and asserts that Elizabeth's life was so closely observed by contemporaries that she could not have hidden a pregnancy. 

Mary, Queen of Scots

 Elizabeth's first policy toward Scotland was to oppose the French presence there. She feared that the French planned to invade England and put her Catholic cousin Mary, Queen of Scots, on the throne. Mary was considered by many to be the heir to the English crown, being the granddaughter of Henry VIII's elder sister, Margaret. Mary boasted being ""the nearest kinswoman she hath"". Elizabeth was persuaded to send a force into Scotland to aid the Protestant rebels, and though the campaign was inept, the resulting Treaty of Edinburgh of July 1560 removed the French threat in the north. When Mary returned from France to Scotland in 1561 to take up the reins of power, the country had an established Protestant church and was run by a council of Protestant nobles supported by Elizabeth. Mary refused to ratify the treaty. In 1563, Elizabeth proposed her own suitor, Robert Dudley, as a husband for Mary, without asking either of the two people concerned. Both proved unenthusiastic, and in 1565, Mary married Henry Stuart, Lord Darnley, who carried his own claim to the English throne. The marriage was the first of a series of errors of judgement by Mary that handed the victory to the Scottish Protestants and to Elizabeth. Darnley quickly became unpopular and was murdered in February 1567 by conspirators almost certainly led by James Hepburn, Earl of Bothwell. Shortly afterwards, on 15 May 1567, Mary married Bothwell, arousing suspicions that she had been party to the murder of her husband. Elizabeth confronted Mary about the marriage, writing to her: How could a worse choice be made for your honour than in such haste to marry such a subject, who besides other and notorious lacks, public fame has charged with the murder of your late husband, besides the touching of yourself also in some part, though we trust in that behalf falsely. These events led rapidly to Mary's defeat and imprisonment in Lochleven Castle. The Scottish lords forced her to abdicate in favour of her one-year-old son, James VI. James was taken to Stirling Castle to be raised as a Protestant. Mary escaped in 1568 but after a defeat at Langside sailed to England, where she had once been assured of support from Elizabeth. Elizabeth's first instinct was to restore her fellow monarch, but she and her council instead chose to play safe. Rather than risk returning Mary to Scotland with an English army or sending her to France and the Catholic enemies of England, they detained her in England, where she was imprisoned for the next nineteen years. 

= Catholic cause

= Mary was soon the focus for rebellion. In 1569 there was a major Catholic rising in the North; the goal was to free Mary, marry her to Thomas Howard, Duke of Norfolk, and put her on the English throne. After the rebels' defeat, over 750 of them were executed on Elizabeth's orders. In the belief that the revolt had been successful, Pope Pius V issued a bull in 1570, titled Regnans in Excelsis, which declared ""Elizabeth, the pretended Queen of England and the servant of crime"" to be excommunicated and a heretic, releasing all her subjects from any allegiance to her. Catholics who obeyed her orders were threatened with excommunication. The papal bull provoked legislative initiatives against Catholics by Parliament, which were, however, mitigated by Elizabeth's intervention. In 1581, to convert English subjects to Catholicism with ""the intent"" to withdraw them from their allegiance to Elizabeth was made a treasonable offence, carrying the death penalty. From the 1570s missionary priests from continental seminaries went to England secretly in the cause of the ""reconversion of England"". Some were executed for treasonable conduct, engendering a cult of martyrdom. Regnans in Excelsis gave English Catholics a strong incentive to look to Mary as the legitimate sovereign of England. Mary may not have been told of every Catholic plot to put her on the English throne, but from the Ridolfi Plot of 1571 (which caused Mary's suitor, the Duke of Norfolk, to lose his head) to the Babington Plot of 1586, Elizabeth's spymaster Francis Walsingham and the royal council keenly assembled a case against her. At first, Elizabeth resisted calls for Mary's death. By late 1586, she had been persuaded to sanction Mary's trial and execution on the evidence of letters written during the Babington Plot. Elizabeth's proclamation of the sentence announced that ""the said Mary, pretending title to the same Crown, had compassed and imagined within the same realm diverse things tending to the hurt, death and destruction of our royal person."" On 8 February 1587, Mary was beheaded at Fotheringhay Castle, Northamptonshire. After the execution, Elizabeth claimed that she had not intended for the signed execution warrant to be dispatched, and blamed her secretary, William Davison, for implementing it without her knowledge. The sincerity of Elizabeth's remorse and whether or not she wanted to delay the warrant have been called into question both by her contemporaries and later historians. 

Wars

 Elizabeth's foreign policy was largely defensive. The exception was the English occupation of Le Havre from October 1562 to June 1563, which ended in failure when Elizabeth's Huguenot allies joined with the Catholics to retake the port. Elizabeth's intention had been to exchange Le Havre for Calais, lost to France in January 1558. Only through the activities of her fleets did Elizabeth pursue an aggressive policy. This paid off in the war against Spain, 80% of which was fought at sea. She knighted Francis Drake after his circumnavigation of the globe from 1577 to 1580, and he won fame for his raids on Spanish ports and fleets. An element of piracy and self-enrichment drove Elizabethan seafarers, over whom the Queen had little control. 

= Netherlands

= After the occupation and loss of Le Havre in 1562–1563, Elizabeth avoided military expeditions on the continent until 1585, when she sent an English army to aid the Protestant Dutch rebels against Philip II. This followed the deaths in 1584 of the Queen's allies William the Silent, Prince of Orange, and the Duke of Anjou, and the surrender of a series of Dutch towns to Alexander Farnese, Duke of Parma, Philip's governor of the Spanish Netherlands. In December 1584, an alliance between Philip II and the French Catholic League at Joinville undermined the ability of Anjou's brother, Henry III of France, to counter Spanish domination of the Netherlands. It also extended Spanish influence along the channel coast of France, where the Catholic League was strong, and exposed England to invasion. The siege of Antwerp in the summer of 1585 by the Duke of Parma necessitated some reaction on the part of the English and the Dutch. The outcome was the Treaty of Nonsuch of August 1585, in which Elizabeth promised military support to the Dutch. The treaty marked the beginning of the Anglo-Spanish War. The expedition was led by Elizabeth's former suitor, the Earl of Leicester. Elizabeth from the start did not really back this course of action. Her strategy, to support the Dutch on the surface with an English army, while beginning secret peace talks with Spain within days of Leicester's arrival in Holland, had necessarily to be at odds with Leicester's, who had set up a protectorate and was expected by the Dutch to fight an active campaign. Elizabeth, on the other hand, wanted him ""to avoid at all costs any decisive action with the enemy"". He enraged Elizabeth by accepting the post of Governor-General from the Dutch States General. Elizabeth saw this as a Dutch ploy to force her to accept sovereignty over the Netherlands, which so far she had always declined. She wrote to Leicester: We could never have imagined (had we not seen it fall out in experience) that a man raised up by ourself and extraordinarily favoured by us, above any other subject of this land, would have in so contemptible a sort broken our commandment in a cause that so greatly touches us in honour... And therefore our express pleasure and commandment is that, all delays and excuses laid apart, you do presently upon the duty of your allegiance obey and fulfill whatsoever the bearer hereof shall direct you to do in our name. Whereof fail you not, as you will answer the contrary at your utmost peril. Elizabeth's ""commandment"" was that her emissary read out her letters of disapproval publicly before the Dutch Council of State, Leicester having to stand nearby. This public humiliation of her ""Lieutenant-General"" combined with her continued talks for a separate peace with Spain irreversibly undermined Leicester's standing among the Dutch. The military campaign was severely hampered by Elizabeth's repeated refusals to send promised funds for her starving soldiers. Her unwillingness to commit herself to the cause, Leicester's own shortcomings as a political and military leader, and the faction-ridden and chaotic situation of Dutch politics led to the failure of the campaign. Leicester finally resigned his command in December 1587. The Spanish still controlled the southern provinces of the Netherlands, and the threat of the invasion of England remained. Support for the Dutch nevertheless continued. Leicester's replacement was Francis Vere who became sergeant major-general of all Elizabeth's troops in the Low Countries by 1589. This was a position he retained during fifteen campaigns with almost unbroken success. Vere enjoyed excellent relations with the Dutch under Maurice of Nassau, and worked in close co-operation with them to help secure the country for the cause of independence. Vere's troops shattered the myth of Spanish invincibility, and he thus secured Elizabeth's respect and admiration. English support for the Dutch finished after Elizabeth's death, but by that time the Dutch were strong enough to hold their own. 

= Spain

= With England at war with Spain in 1585, Francis Drake undertook a year long voyage raiding Spanish ports and ships in the Caribbean. In 1587 he made a successful raid on Cádiz, destroying the Spanish fleet of war ships intended for the Enterprise of England, as Philip II had decided to take the war to England. On 12 July 1588, the Spanish Armada, a great fleet of ships, set sail for the channel, planning to ferry a Spanish invasion force under the Duke of Parma to the coast of southeast England from the Netherlands. To intercept the Armada, Elizabeth sent her navy led by Francis Drake and Charles Howard. The armada was defeated by a combination of miscalculation, misfortune, and an attack of English fire ships off Gravelines at midnight on 28–29 July (7–8 August New Style), which dispersed the Spanish ships to the northeast. The Armada straggled home to Spain in shattered remnants, after disastrous losses on the coast of Ireland (after some ships had tried to struggle back to Spain via the North Sea, and then back south past the west coast of Ireland). Unaware of the Armada's fate, English militias mustered to defend the country under the Earl of Leicester's command. Leicester invited Elizabeth to inspect her troops at Tilbury in Essex on 8 August. Wearing a silver breastplate over a white velvet dress, she addressed them in her Speech to the Troops at Tilbury: My loving people, we have been persuaded by some that are careful of our safety, to take heed how we commit ourself to armed multitudes for fear of treachery; but I assure you, I do not desire to live to distrust my faithful and loving people... I know I have the body but of a weak and feeble woman, but I have the heart and stomach of a king, and of a King of England too, and think foul scorn that Parma or Spain, or any Prince of Europe should dare to invade the borders of my realm. When no invasion came, the nation rejoiced. Elizabeth's procession to a thanksgiving service at St Paul's Cathedral rivalled that of her coronation as a spectacle. The defeat of the armada was a potent propaganda victory, both for Elizabeth and for Protestant England. The English took their delivery as a symbol of God's favour and of the nation's inviolability under a virgin queen. However, the victory was not a turning point in the war, which continued for another sixteen years. In 1589, the year after the Spanish Armada, Elizabeth sent to Spain the English Armada or Counter Armada with 23,375 men and 150 ships, led by Francis Drake as admiral and John Norreys as general. The English fleet suffered a catastrophic defeat with 11,000–15,000 killed, wounded or died of disease and 40 ships sunk or captured. The advantage England had won upon the destruction of the Spanish Armada was lost, and the Spanish victory marked a revival of Philip II's naval power through the next decade. While the English navy kept an eye on the next invasion, it was left for English privateers to see to the hunt for Spanish and Portuguese treasure ships. They would take part in highly lucrative joint stock expeditions to raid and plunder settlements and shipping in the Atlantic and on the Spanish Main. Known as Elizabethan Sea Dogs; they included the likes of Drake, Hawkins and Raleigh. Elizabeth's court and powerful London merchants were at the forefront of promoting, equipping and financing these expeditions, which were authorized by Elizabeth. She alone would receive nearly a third of the profits, which in addition filled her realm's coffers. One of the most notable prizes was a large and highly valuable Portuguese Carrack, the Madre de Deus which was taken in battle off the Azores in 1592. It was subject to mass theft after arrival in Dartmouth, which angered Elizabeth, but even so the rest of the cargo was still half the wealth of the English treasury at the time. There were a number of failures; the most notable being Drake and Hawkins on a disastrous expedition to the Caribbean in 1595 during which both died, the news of which shocked Elizabeth. Despite this, a new breed of Sea Dogs came to fruition, the likes of James Lancaster, William Parker and the most successful of all Christopher Newport. Although they failed to capture any of the major treasure ships, Elizabeth's 'Sea Dogs' were highly successful; a strategy of harassment brought in an average of 15% of nation's imports every year throughout the war. In 1596 Elizabeth sent the second English armada to Cádiz, in the hope of seizing the treasure fleet. Led by her favorite the Earl of Essex, Elizabeth's fleet with Dutch support, succeeded in capturing Cádiz costing the Spanish some 32 ships sunk along with the treasure in them. The victory was hailed as a triumph, and Essex became a hero - his prestige rivalling Elizabeth's. The Queen accused Essex of pilfering Spanish treasure, and questioned why he had dished out knighthoods whilst in Cádiz, reminding him he had no authority to do so. Meanwhile, in revenge for Cádiz, Philip II sent his second Spanish Armada to England a few months later, but this met with disaster - storms swept away the fleet before it saw sight of England, costing nearly 5,000 men and 40 ships sunk. This, along with the Cádiz raid forced Spain to declare bankruptcy that year. Undeterred, Philip sent the third Armada in 1597, but near the English coast another storm dispersed the fleet, losing another 28 ships sunk or captured and 2,000 men. Elizabeth awarded Charles Howard the title of the Earl of Nottingham for his performance during the campaign. The Queen nevertheless was furious with the Earl of Essex who had been away on a failed expedition to the Azores, accusing him of making England defenseless – their relationship became ever more strained. After the death of Philip II in 1598, his successor Philip III built up his fleet once more and sent the fourth Spanish Armada to Ireland in 1601 to assist the rebels there. The Spanish this time made landfall and held the town of Kinsale for three months but following the defeat of the rebels outside the town the Spanish were forced to surrender their entire force along the Southwest Irish coast. This defeat weakened Spanish resolve in the war against England; both sides were nevertheless exhausted and peace was signed between England and Spain with the Treaty of London in 1604, a year after Elizabeth's death. Walter Raleigh claimed after her death that Elizabeth's caution had impeded the war against Spain: If the late queen would have believed her men of war as she did her scribes, we had in her time beaten that great empire in pieces and made their kings of figs and oranges as in old times. But her Majesty did all by halves, and by petty invasions taught the Spaniard how to defend himself, and to see his own weakness. Though some historians have criticised Elizabeth on similar grounds, Elizabeth had good reason not to place too much trust in her commanders, who once in action tended, as she put it herself, ""to be transported with an haviour of vainglory"". 

= France

= When the Protestant Henry IV inherited the French throne in 1589, Elizabeth sent him military support. It was her first venture into France since the retreat from Le Havre in 1563. Henry's succession was strongly contested by the Catholic League and by Philip II, and Elizabeth feared a Spanish takeover of the channel ports. The subsequent early English campaigns in France, however, were disorganised and ineffective. Peregrine Bertie, largely ignoring Elizabeth's orders, roamed northern France to little effect, with an army of 4,000 men. He withdrew in disarray in December 1590 following the failure of the Siege of Paris. The following year, John Norreys, led 3,000 men to campaign in Brittany, which despite victory at Quenelec in June ended inconclusively. In July, Elizabeth sent out another force under Robert Devereux, Earl of Essex, to help Henry IV in besieging Rouen which Norreys joined. Essex however accomplished nothing and returned home in January 1592, and Henry abandoned the siege in April. As usual, Elizabeth lacked control over her commanders once they were abroad. ""Where he is, or what he doth, or what he is to do,"" she wrote of Essex, ""we are ignorant"". Norreys left for London to plead in person for more support. Elizabeth dithered, and in Norreys' absence in May 1592, a Catholic League and Spanish army almost destroyed the remains of his army at Craon, north-west France. As for all such expeditions, Elizabeth was unwilling to invest in the supplies and reinforcements requested by the commanders. In March 1593, Henry converted to Catholicism in Paris to secure his hold on the French crown. Elizabeth was distraught and shocked at this move, and she resented any further attempts by Henry to win her over and ordered all of her forces home. Despite this, the Catholic leaguers did not trust Henry and still opposed him - their Spanish allies meanwhile continued to campaign in Brittany and advanced on the major port of Brest. King Philip of Spain was intent on establishing advanced bases in western France from which his rebuilt navy could constantly threaten England. Norreys wrote to Elizabeth warning her about this threat - and after some hesitation saw the danger and so sent another force in 1594. Norreys with 4,000 men worked with his French counterpart Jean VI d'Aumont. This time success was achieved; after taking a number of towns, they laid siege to an encroaching Spanish fort near Brest which was overrun and destroyed. This was a decisive victory ending the threat, and not long after the Catholic league collapsed. Elizabeth hailed Norreys a hero, but then ordered him back to England along with his troops. In 1595 Henry declared war on Spain and wanted England to form an alliance with France. Elizabeth however was not interested, owing to her mistrust of Henry and the fear that France was becoming more dominant. The Spanish however captured Calais in 1596, and with Spain now in sight of England once more, Elizabeth relented – the triple alliance was formed along with the Dutch Republic. Elizabeth however still hesitated, attempting to barter for either Boulogne or an indemnity in money, the latter of which was agreed. When Spanish forces seized Amiens in March 1597, Elizabeth sent a force of some 4,200 men under Thomas Baskerville to Picardy, joining Henry's forces. The Anglo-French force arrived, then besieged Amiens and drove off a relief army. The town then surrendered, following which French overtures for peace with Spain began. Henry wanted Elizabeth to be part of this peace but she refused, reminding him of the alliance with the Dutch. Henry ultimately went behind Elizabeth's back to sign the peace with Spain at Vervins. She thus accused the French king of 'perfidy and double-dealing'. 

= Ireland

= Although Ireland was one of her two kingdoms, Elizabeth faced a hostile, and in places virtually autonomous, Irish population that adhered to Catholicism and was willing to defy her authority and plot with her enemies. Her policy there was to grant land to her courtiers and prevent the rebels from giving Spain a base from which to attack England. In the course of a series of uprisings, Crown forces pursued scorched-earth tactics, burning the land and slaughtering man, woman and child. During a revolt in Munster led by Gerald FitzGerald, Earl of Desmond, in 1582, an estimated 30,000 Irish people starved to death. The poet and colonist Edmund Spenser wrote that the victims ""were brought to such wretchedness as that any stony heart would have rued the same"". Elizabeth advised her commanders that the Irish, ""that rude and barbarous nation"", be well treated, but she or her commanders showed no remorse when force and bloodshed served their authoritarian purpose. Between 1593 and 1603, Elizabeth faced her most severe test in Ireland during the Nine Years' War, a revolt that took place at the height of hostilities with Spain, who backed the rebel leader, Hugh O'Neill, Earl of Tyrone. In spring 1599, Elizabeth sent Robert Devereux to put the revolt down. To her frustration, he made little progress and returned to England in defiance of her orders. He was replaced by Charles Blount, who within three years defeated the rebels who were supported by the Spanish. The decisive battle took place at Kinsale in 1602; Elizabeth lauded the victory, hailing Blount a hero. The financial cost of the Irish war however was considerable and Elizabeth's realm only just avoided bankruptcy. O'Neill finally surrendered in 1603 at the Treaty of Mellifont, a few days after Elizabeth's death. 

Overseas trade

 

= Russia

= Elizabeth continued to maintain the diplomatic relations with the Tsardom of Russia that were originally established by her half-brother, Edward VI. She often wrote to Tsar Ivan the Terrible on amicable terms, though the Tsar was often annoyed by her focus on commerce rather than on the possibility of a military alliance. Ivan even proposed to her once, and during his later reign, asked for a guarantee to be granted asylum in England should his rule be jeopardised. When this failed, he asked to marry Mary Hastings, which Elizabeth declined to speak to the Russian ambassador about. English merchant and explorer Anthony Jenkinson, who began his career as a representative of the Muscovy Company, became the Queen's special ambassador to the court of Tsar Ivan. Upon his death in 1584, Ivan was succeeded by his son Feodor I. Unlike his father, Feodor had no enthusiasm in maintaining exclusive trading rights with England. He declared his kingdom open to all foreigners, and dismissed the English ambassador Jerome Bowes, whose pomposity had been tolerated by Ivan. Elizabeth sent a new ambassador, Dr. Giles Fletcher, to demand from the regent Boris Godunov that he convince the Tsar to reconsider. The negotiations failed, due to Fletcher addressing Feodor with two of his many titles omitted. Elizabeth continued to appeal to Feodor in half appealing, half reproachful letters. She proposed an alliance, something which she had refused to do when offered one by Feodor's father, but was turned down. 

= Muslim states

= Trade and diplomatic relations developed between England and the Barbary states during the rule of Elizabeth. England established a trading relationship with Morocco in opposition to Spain, selling armour, ammunition, timber, and metal in exchange for Moroccan sugar, in spite of a papal ban. In 1600, Abd el-Ouahed ben Messaoud, the principal secretary to the Moroccan ruler Mulai Ahmad al-Mansur, visited England as an ambassador to the English court, to negotiate an Anglo-Moroccan alliance against Spain. Elizabeth ""agreed to sell munitions supplies to Morocco, and she and Mulai Ahmad al-Mansur talked on and off about mounting a joint operation against the Spanish"". Discussions, however, remained inconclusive, and both rulers died within two years of the embassy. Diplomatic relations were also established with the Ottoman Empire with the chartering of the Levant Company and the dispatch of the first English ambassador to the Sublime Porte, William Harborne, in 1578. For the first time, a treaty of commerce was signed in 1580. Numerous envoys were dispatched in both directions and epistolar exchanges occurred between Elizabeth and Sultan Murad III. In one correspondence, Murad entertained the notion that Protestantism and Islam had ""much more in common than either did with Roman Catholicism, as both rejected the worship of idols"", and argued for an alliance between England and the Ottoman Empire. To the dismay of Catholic Europe, England exported tin and lead (for cannon-casting) and munitions to the Ottoman Empire, and Elizabeth seriously discussed joint military operations with Murad III during the outbreak of war with Spain in 1585, as Francis Walsingham was lobbying for a direct Ottoman military involvement against the common Spanish enemy. 

= America

= In 1583, Humphrey Gilbert sailed west to establish a colony in Newfoundland. He never returned to England. Gilbert's half-brother Walter Raleigh explored the Atlantic Coast and claimed the territory of Virginia, perhaps named in honour of Elizabeth, the ""Virgin Queen"". This territory was much larger than the present-day state of Virginia, extending from New England to the Carolinas. In 1585, Raleigh returned to Virginia with a small group of people. They landed on Roanoke Island, off present-day North Carolina. After the failure of the first colony, Raleigh recruited another group and put John White in command. When Raleigh returned in 1590, there was no trace of the Roanoke Colony he had left, but it was the first English settlement in North America. 

= East India Company

= Following successful privateering against Spanish and Portuguese vessels, English voyagers travelled the globe in search of riches. As a result, London merchants presented a petition to Elizabeth with the aim of delivering a decisive blow to the Spanish and Portuguese monopoly of far-eastern trade. On 31 December 1600 the merchants received its charter from Elizabeth, and the East India Company was formed to trade in the Indian Ocean region and China. James Lancaster commanded the first expedition the following year which was a success establishing its first factory at Bantum on Java in 1602. For a period of 15 years, the company was awarded a monopoly on English trade with all countries east of the Cape of Good Hope and west of the Straits of Magellan. The Company eventually controlled half of world trade and substantial territory in India in the 18th and 19th centuries. 

Later years

 The period after the defeat of the Spanish Armada in 1588 brought new difficulties for Elizabeth that lasted until the end of her reign. The conflicts with Spain and in Ireland dragged on, the tax burden grew heavier, and the economy was hit by poor harvests and the cost of war. Prices rose and the standard of living fell. During this time, repression of Catholics intensified, and Elizabeth authorised commissions in 1591 to interrogate and monitor Catholic householders. To maintain the illusion of peace and prosperity, she increasingly relied on internal spies and propaganda. In her last years, mounting criticism reflected a decline in the public's affection for her. One of the causes for this ""second reign"" of Elizabeth, as it is sometimes called, was the changed character of Elizabeth's governing body, the privy council in the 1590s. A new generation was in power. With the exception of William Cecil, Baron Burghley, the most important politicians had died around 1590: the Earl of Leicester in 1588; Francis Walsingham in 1590; and Christopher Hatton in 1591. Factional strife in the government, which had not existed in a noteworthy form before the 1590s, now became its hallmark. A bitter rivalry arose between Robert Devereux, 2nd Earl of Essex, and Robert Cecil, son of Lord Burghley, with both being supported by their respective adherents. The struggle for the most powerful positions in the state marred the kingdom's politics. The Queen's personal authority was lessening, as is shown in the 1594 affair of Dr. Roderigo Lopes, her trusted physician. When he was wrongly accused by the Earl of Essex of treason out of personal pique, she could not prevent the doctor's execution, although she had been angry about his arrest and seems not to have believed in his guilt. During the last years of her reign, Elizabeth came to rely on the granting of monopolies as a cost-free system of patronage, rather than asking Parliament for more subsidies in a time of war. The practice soon led to price-fixing, the enrichment of courtiers at the public's expense, and widespread resentment. This culminated in agitation in the House of Commons during the parliament of 1601. In her ""Golden Speech"" of 30 November 1601 at Whitehall Palace to a deputation of 140 members, Elizabeth professed ignorance of the abuses, and won the members over with promises and her usual appeal to the emotions: Who keeps their sovereign from the lapse of error, in which, by ignorance and not by intent they might have fallen, what thank they deserve, we know, though you may guess. And as nothing is more dear to us than the loving conservation of our subjects' hearts, what an undeserved doubt might we have incurred if the abusers of our liberality, the thrallers of our people, the wringers of the poor, had not been told us! This same period of economic and political uncertainty, however, produced an unsurpassed literary flowering in England. The first signs of a new literary movement had appeared at the end of the second decade of Elizabeth's reign, with John Lyly's Euphues and Edmund Spenser's The Shepheardes Calender in 1578. During the 1590s, some of the great names of English literature entered their maturity, including William Shakespeare and Christopher Marlowe. Continuing into the Jacobean era, the English theatre would reach its peak. The notion of a great Elizabethan era depends largely on the builders, dramatists, poets, and musicians who were active during Elizabeth's reign. They owed little directly to the Queen, who was never a major patron of the arts. As Elizabeth aged, her image gradually changed. She was portrayed as Belphoebe or Astraea, and after the Armada, as Gloriana, the eternally youthful Faerie Queene of Edmund Spenser's poem. Elizabeth gave Edmund Spenser a pension; as this was unusual for her, it indicates that she liked his work. Her painted portraits became less realistic and more a set of enigmatic icons that made her look much younger than she was. In fact, her skin had been scarred by smallpox in 1562, leaving her half bald and dependent on wigs and cosmetics. Her love of sweets and fear of dentists contributed to severe tooth decay and loss to such an extent that foreign ambassadors had a hard time understanding her speech. André Hurault de Maisse, Ambassador Extraordinary from Henry IV of France, reported an audience with the Queen, during which he noticed, ""her teeth are very yellow and unequal... and on the left side less than on the right. Many of them are missing, so that one cannot understand her easily when she speaks quickly."" Yet he added, ""her figure is fair and tall and graceful in whatever she does; so far as may be she keeps her dignity, yet humbly and graciously withal."" Walter Raleigh called her ""a lady whom time had surprised"". The more Elizabeth's beauty faded, the more her courtiers praised it. Elizabeth was happy to play the part, but it is possible that in the last decade of her life she began to believe her own performance. She became fond and indulgent of the charming but petulant young Earl of Essex, who was Leicester's stepson and took liberties with her for which she forgave him. She repeatedly appointed him to military posts despite his growing record of irresponsibility. After Essex's desertion of his command in Ireland in 1599, Elizabeth had him placed under house arrest and the following year deprived him of his monopolies. In February 1601, Essex tried to raise a rebellion in London. He intended to seize the Queen but few rallied to his support, and he was beheaded on 25 February. Elizabeth knew that her own misjudgements were partly to blame for this turn of events. An observer wrote in 1602: ""Her delight is to sit in the dark, and sometimes with shedding tears to bewail Essex."" 

Death

 Elizabeth's senior adviser, Lord Burghley, died on 4 August 1598. His political mantle passed to his son Robert, who soon became the leader of the government. One task he addressed was to prepare the way for a smooth succession. Since Elizabeth would never name her successor, Robert Cecil was obliged to proceed in secret. He therefore entered into a coded negotiation with James VI of Scotland, who had a strong but unrecognised claim. Cecil coached the impatient James to humour Elizabeth and ""secure the heart of the highest, to whose sex and quality nothing is so improper as either needless expostulations or over much curiosity in her own actions"". The advice worked. James's tone delighted Elizabeth, who responded: ""So trust I that you will not doubt but that your last letters are so acceptably taken as my thanks cannot be lacking for the same, but yield them to you in grateful sort"". In historian J. E. Neale's view, Elizabeth may not have declared her wishes openly to James, but she made them known with ""unmistakable if veiled phrases"". The Queen's health remained fair until the autumn of 1602, when a series of deaths among her friends plunged her into a severe depression. In February 1603, the death of Catherine Carey, Countess of Nottingham, the niece of her cousin and close friend Lady Knollys, came as a particular blow. In March, Elizabeth fell sick and remained in a ""settled and unremovable melancholy"", and sat motionless on a cushion for hours on end. When Robert Cecil told her that she must go to bed, she snapped: ""Must is not a word to use to princes, little man."" She died on 24 March 1603, aged 69, at Richmond Palace, between two and three in the morning. A few hours later, Cecil and the council set their plans in motion and proclaimed James king of England. While it has become normative to record Elizabeth's death as occurring in 1603, following English calendar reform in the 1750s, at the time England observed New Year's Day on 25 March, commonly known as Lady Day. Thus Elizabeth died on the last day of the year 1602 in the old calendar. The modern convention is to use the old style calendar for the day and month while using the new style calendar for the year. Elizabeth's coffin was carried downriver at night to Whitehall, on a barge lit with torches. At her funeral on 28 April, the coffin was taken to Westminster Abbey on a hearse drawn by four horses hung with black velvet. In the words of the chronicler John Stow: Westminster was surcharged with multitudes of all sorts of people in their streets, houses, windows, leads and gutters, that came out to see the obsequy, and when they beheld her statue lying upon the coffin, there was such a general sighing, groaning and weeping as the like hath not been seen or known in the memory of man. Elizabeth was interred in Westminster Abbey in the vault of her grandfather Henry VII. In 1606, her coffin was moved to a vault below a new monument erected by James I and placed on top of her half-sister Mary I's coffin. The Latin inscription on their tomb, ""Regno consortes & urna, hic obdormimus Elizabetha et Maria sorores, in spe resurrectionis"", translates to ""Consorts in realm and tomb, here we sleep, Elizabeth and Mary, sisters, in hope of resurrection"". 

Legacy

 Elizabeth was lamented by many of her subjects, but others were relieved at her death. Expectations of King James started high but then declined. By the 1620s, there was a nostalgic revival of the cult of Elizabeth. Elizabeth was praised as a heroine of the Protestant cause and the ruler of a golden age. James was depicted as a Catholic sympathiser, presiding over a corrupt court. The triumphalist image that Elizabeth had cultivated towards the end of her reign, against a background of factionalism and military and economic difficulties, was taken at face value and her reputation inflated. Godfrey Goodman, Bishop of Gloucester, recalled: ""When we had experience of a Scottish government, the Queen did seem to revive. Then was her memory much magnified."" Elizabeth's reign became idealised as a time when crown, church and parliament had worked in constitutional balance. The picture of Elizabeth painted by her Protestant admirers of the early 17th century has proved lasting and influential. Her memory was also revived during the Napoleonic Wars, when the nation again found itself on the brink of invasion. In the Victorian era, the Elizabethan legend was adapted to the imperial ideology of the day, and in the mid-20th century, Elizabeth was a romantic symbol of the national resistance to foreign threat. Historians of that period, such as J. E. Neale (1934) and A. L. Rowse (1950), interpreted Elizabeth's reign as a golden age of progress. Neale and Rowse also idealised the Queen personally: she always did everything right; her more unpleasant traits were ignored or explained as signs of stress. Recent historians, however, have taken a more complicated view of Elizabeth. Her reign is famous for the defeat of the Armada, and for successful raids against the Spaniards, such as those on Cádiz in 1587 and 1596, but some historians point to military failures on land and at sea. In Ireland, Elizabeth's forces ultimately prevailed, but their tactics stain her record. Rather than as a brave defender of the Protestant nations against Spain and the Habsburgs, she is more often regarded as cautious in her foreign policies. She offered very limited aid to foreign Protestants and failed to provide her commanders with the funds to make a difference abroad. Elizabeth established an English church that helped shape a national identity and remains in place today. Those who praised her later as a Protestant heroine overlooked her refusal to drop all practices of Catholic origin from the Church of England. Historians note that in her day, strict Protestants regarded the Acts of Settlement and Uniformity of 1559 as a compromise. In fact, Elizabeth believed that faith was personal and did not wish, as Francis Bacon put it, to ""make windows into men's hearts and secret thoughts"". Though Elizabeth followed a largely defensive foreign policy, her reign raised England's status abroad. ""She is only a woman, only mistress of half an island,"" marvelled Pope Sixtus V, ""and yet she makes herself feared by Spain, by France, by the Empire, by all"". Under Elizabeth, the nation gained a new self-confidence and sense of sovereignty, as Christendom fragmented. Elizabeth was the first Tudor to recognise that a monarch ruled by popular consent. She therefore always worked with parliament and advisers she could trust to tell her the truth—a style of government that her Stuart successors failed to follow. Some historians have called her lucky; she believed that God was protecting her. Priding herself on being ""mere English"", Elizabeth trusted in God, honest advice, and the love of her subjects for the success of her rule. In a prayer, she offered thanks to God that: [At a time] when wars and seditions with grievous persecutions have vexed almost all kings and countries round about me, my reign hath been peacable, and my realm a receptacle to thy afflicted Church. The love of my people hath appeared firm, and the devices of my enemies frustrate. 

Family tree

 

See also

 Anti-Catholicism in the United Kingdom Early modern Britain – Period of history of the island of Great Britain English Renaissance – Cultural and artistic movement in England Inventory of Elizabeth I – Elizabeth I's belongings Recorded inventories, (1574) Portraiture of Elizabeth I – Portraits of Elizabeth I of England and Ireland Protestant Reformation – 16th-century movement in Western ChristianityPages displaying short descriptions of redirect targets Royal Arms of England Royal eponyms in Canada for Queen Elizabeth I Royal Standards of England – English heraldic flags used in battles and pageantryPages displaying short descriptions of redirect targets Tudor period – Historical era in England coinciding with the rule of the Tudor dynasty 

Notes

 

Citations

 

= References

= 

= Works cited

= 

Further reading

 

External links

 Elizabeth I at the official website of the British monarchy Elizabeth I at the official website of the Royal Collection Trust Portraits of Queen Elizabeth I at the National Portrait Gallery, London Works by Elizabeth I at Project Gutenberg Works by or about Elizabeth I at the Internet Archive Works by Elizabeth I at LibriVox (public domain audiobooks)","Elizabeth I (7 September 1533 – 24 March 1603) was Queen of England and Ireland from 17 November 1558 until her death in 1603. She was the last and longest reigning monarch of the House of Tudor. Her eventful reign, and its effect on history and culture, gave name to the Elizabethan era.
Elizabeth was the only surviving child of Henry VIII and his second wife, Anne Boleyn. When Elizabeth was two years old, her parents' marriage was annulled, her mother was executed, and Elizabeth was declared illegitimate. Henry restored her to the line of succession when she was 10. After Henry's death in 1547, Elizabeth's younger half-brother Edward VI ruled until his own death in 1553, bequeathing the crown to a Protestant cousin, Lady Jane Grey, and ignoring the claims of his two half-sisters, Mary and Elizabeth, despite statutes to the contrary. Edward's will was quickly set aside and the Catholic Mary became queen, deposing Jane. During Mary's reign, Elizabeth was imprisoned for nearly a year on suspicion of supporting Protestant rebels.
Upon Mary's 1558 death, Elizabeth succeeded to the throne and set out to rule by good counsel. She depended heavily on a group of trusted advisers led by William Cecil, whom she created Baron Burghley. One of her first actions as queen was the establishment of an English Protestant church, of which she became the supreme governor. This arrangement, later named the Elizabethan Religious Settlement, would evolve into the Church of England. It was expected that Elizabeth would marry and produce an heir; however, despite numerous courtships, she never did. Because of this she is sometimes referred to as the ""Virgin Queen"". She was succeeded by her cousin, James VI of Scotland.
In government, Elizabeth was more moderate than her father and siblings had been. One of her mottoes was video et taceo (""I see and keep silent""). In religion, she was relatively tolerant and avoided systematic persecution. After the pope declared her illegitimate in 1570, which in theory released English Catholics from allegiance to her, several conspiracies threatened her life, all of which were defeated with the help of her ministers' secret service, run by Francis Walsingham. Elizabeth was cautious in foreign affairs, manoeuvring between the major powers of France and Spain. She half-heartedly supported a number of ineffective, poorly resourced military campaigns in the Netherlands, France, and Ireland. By the mid-1580s, England could no longer avoid war with Spain.
As she grew older, Elizabeth became celebrated for her virginity. A cult of personality grew around her which was celebrated in the portraits, pageants, and literature of the day. The Elizabethan era is famous for the flourishing of English drama, led by playwrights such as William Shakespeare and Christopher Marlowe, the prowess of English maritime adventurers, such as Francis Drake and Walter Raleigh, and for the defeat of the Spanish Armada. Some historians depict Elizabeth as a short-tempered, sometimes indecisive ruler, who enjoyed more than her fair share of luck. Towards the end of her reign, a series of economic and military problems weakened her popularity. Elizabeth is acknowledged as a charismatic performer and a dogged survivor in an era when government was ramshackle and limited, and when monarchs in neighbouring countries faced internal problems and religious civil wars that jeopardised their thrones. After the short, disastrous reigns of her half-siblings, her 44 years on the throne provided welcome stability for the kingdom and helped to forge a sense of national identity.

",10948,66369.0,Queen Elizabeth II,1952-2022,general,English,Formal,,
qe2_elizabeth_ii,speech_supplement,Elizabeth II,,,2025-10-04T15:42:35.674147,2025-10-04T15:42:35.674154,"Elizabeth II (Elizabeth Alexandra Mary; 21 April 1926 – 8 September 2022) was Queen of the United Kingdom and other Commonwealth realms from 6 February 1952 until her death in 2022. She had been queen regnant of 32 sovereign states during her lifetime and was the monarch of 15 realms at her death. Her reign of 70 years and 214 days is the longest of any British monarch, the second-longest of any sovereign state, and the longest of any queen regnant in history.
Elizabeth was born in Mayfair, London, during the reign of her paternal grandfather, King George V. She was the first child of the Duke and Duchess of York (later King George VI and Queen Elizabeth The Queen Mother). Her father acceded to the throne in 1936 upon the abdication of his brother Edward VIII, making the ten-year-old Princess Elizabeth the heir presumptive. She was educated privately at home and began to undertake public duties during the Second World War, serving in the Auxiliary Territorial Service. In November 1947, she married Philip Mountbatten, a former prince of Greece and Denmark. Their marriage lasted 73 years until his death in 2021. They had four children: Charles, Anne, Andrew, and Edward.
When her father died in February 1952, Elizabeth, then 25 years old, became queen of seven independent Commonwealth countries: the United Kingdom, Canada, Australia, New Zealand, South Africa, Pakistan, and Ceylon, as well as head of the Commonwealth. Elizabeth reigned as a constitutional monarch through significant political changes such as the Troubles in Northern Ireland, devolution in the United Kingdom, the decolonisation of Africa, and the United Kingdom's accession to the European Communities as well as its subsequent withdrawal. The number of her realms varied over time as territories gained independence and some realms became republics. As queen, Elizabeth was served by more than 170 prime ministers across her realms. Her many historic visits and meetings included state visits to China in 1986, to Russia in 1994, and to the Republic of Ireland in 2011, and meetings with five popes and fourteen US presidents.
Significant events included Elizabeth's coronation in 1953 and the celebrations of her Silver, Golden, Diamond, and Platinum jubilees. Although there was occasional republican sentiment and media criticism of her family—particularly after the breakdowns of her children's marriages, her annus horribilis in 1992, and the death in 1997 of her former daughter-in-law Diana—support for the monarchy and her popularity in the United Kingdom remained consistently high. Elizabeth died aged 96 at Balmoral Castle, and was succeeded by her eldest son, Charles III.


== Early life ==
Elizabeth was born on 21 April 1926, the first child of Prince Albert, Duke of York (later King George VI), and his wife, Elizabeth, Duchess of York (later Queen Elizabeth The Queen Mother). Her father was the second son of King George V and Queen Mary, and her mother was the youngest daughter of Scottish aristocrat Claude Bowes-Lyon, 14th Earl of Strathmore and Kinghorne. She was delivered at 2:40 am by Caesarean section at her maternal grandfather's London home, 17 Bruton Street in Mayfair. The Anglican Archbishop of York, Cosmo Gordon Lang, baptised her in the private chapel of Buckingham Palace on 29 May, and she was named Elizabeth after her mother; Alexandra after her paternal great-grandmother, who had died six months earlier; and Mary after her paternal grandmother. She was affectionately called ""Lilibet"" by her close family, based on what she called herself at first. She was cherished by her grandfather George V, whom she affectionately called ""Grandpa England"", and her regular visits during his serious illness in 1929 were credited in the popular press and by later biographers with raising his spirits and aiding his recovery.

Elizabeth's only sibling, Princess Margaret, was born in 1930. The two princesses were educated at home under the supervision of their mother and their governess, Marion Crawford. Lessons concentrated on history, language, literature, and music. Crawford published a biography of Elizabeth and Margaret's childhood years entitled The Little Princesses in 1950, much to the dismay of the royal family. The book describes Elizabeth's love of horses and dogs, her orderliness, and her attitude of responsibility. Others echoed such observations: Winston Churchill described Elizabeth when she was two as ""a character. She has an air of authority and reflectiveness astonishing in an infant."" Her cousin Margaret Rhodes described her as ""a jolly little girl, but fundamentally sensible and well-behaved"". Elizabeth's early life was spent primarily at the Yorks' residences at 145 Piccadilly (their town house in London) and Royal Lodge in Windsor.


== Heir presumptive ==
During her grandfather's reign, Elizabeth was third in the line of succession to the British throne, behind her uncle Edward, Prince of Wales, and her father. Although her birth generated public interest, she was not expected to become queen, as Edward was still young and likely to marry and have children of his own, who would precede Elizabeth in the line of succession. When her grandfather died in 1936 and her uncle succeeded as Edward VIII, she became second in line to the throne, after her father. Later that year, Edward abdicated, after his proposed marriage to divorced American socialite Wallis Simpson provoked a constitutional crisis. Consequently, Elizabeth's father became king, taking the regnal name George VI. Since Elizabeth had no brothers, she became heir presumptive. If her parents had subsequently had a son, he would have been heir apparent and above her in the line of succession, which was determined by the male-preference primogeniture in effect at the time.
Elizabeth received private tuition in constitutional history from Henry Marten, Vice-Provost of Eton College, and learned French from a succession of native-speaking governesses. A Girl Guides company, the 1st Buckingham Palace Company, was formed specifically so she could socialise with girls her age. Later, she was enrolled as a Sea Ranger.
In 1939, Elizabeth's parents toured Canada and the United States. As in 1927, when they had toured Australia and New Zealand, Elizabeth remained in Britain since her father thought she was too young to undertake public tours. She ""looked tearful"" as her parents departed. They corresponded regularly, and she and her parents made the first royal transatlantic telephone call on 18 May.


=== Second World War ===

In September 1939, Britain entered the Second World War. Lord Hailsham suggested that Princesses Elizabeth and Margaret should be evacuated to Canada to avoid the frequent aerial bombings of London by the Luftwaffe. This was rejected by their mother, who declared, ""The children won't go without me. I won't leave without the King. And the King will never leave."" The princesses stayed at Balmoral Castle, Scotland, until Christmas 1939, when they moved to Sandringham House, Norfolk. From February to May 1940, they lived at Royal Lodge, Windsor, until moving to Windsor Castle, where they lived for most of the next five years. At Windsor, the princesses staged pantomimes at Christmas in aid of the Queen's Wool Fund, which bought yarn to knit into military garments. In 1940, the 14-year-old Elizabeth made her first radio broadcast during the BBC's Children's Hour, addressing other children who had been evacuated from the cities. She stated: ""We are trying to do all we can to help our gallant sailors, soldiers, and airmen, and we are trying, too, to bear our own share of the danger and sadness of war. We know, every one of us, that in the end all will be well.""
In 1943, Elizabeth undertook her first solo public appearance on a visit to the Grenadier Guards, of which she had been appointed colonel the previous year. As she approached her 18th birthday, Parliament changed the law so that she could act as one of five counsellors of state in the event of her father's incapacity or absence abroad, such as his visit to Italy in July 1944. In February 1945, she was appointed an honorary second subaltern in the Auxiliary Territorial Service with the service number 230873. She trained as a driver and mechanic and was given the rank of honorary junior commander (female equivalent of captain at the time) five months later.

At the end of the war in Europe, on Victory in Europe Day, Elizabeth and Margaret mingled incognito with the celebrating crowds in the streets of London. In 1985, Elizabeth recalled in a rare interview, ""... we asked my parents if we could go out and see for ourselves. I remember we were terrified of being recognised ... I remember lines of unknown people linking arms and walking down Whitehall, all of us just swept along on a tide of happiness and relief.""
During the war, plans were drawn to quell Welsh nationalism by affiliating Elizabeth more closely with Wales. Proposals, such as appointing her Constable of Caernarfon Castle or a patron of Urdd Gobaith Cymru (the Welsh League of Youth), were abandoned for several reasons, including fear of associating Elizabeth with conscientious objectors in the Urdd at a time when Britain was at war. Welsh politicians suggested she be made Princess of Wales on her 18th birthday. Home Secretary Herbert Morrison supported the idea, but the King rejected it because he felt such a title belonged solely to the wife of a Prince of Wales and the Prince of Wales had always been the heir apparent. In 1946, she was inducted into the Gorsedd of Bards at the National Eisteddfod of Wales.
Elizabeth went on her first overseas tour in 1947, accompanying her parents through southern Africa. During the tour, in a broadcast to the British Commonwealth on her 21st birthday, she made the following pledge:

I declare before you all that my whole life, whether it be long or short, shall be devoted to your service and the service of our great imperial family to which we all belong. But I shall not have strength to carry out this resolution alone unless you join in it with me, as I now invite you to do: I know that your support will be unfailingly given. God help me to make good my vow, and God bless all of you who are willing to share in it.


=== Marriage ===

Elizabeth met her future husband, Prince Philip of Greece and Denmark, in 1934 and again in 1937. They were second cousins once removed through King Christian IX of Denmark and third cousins through Queen Victoria. After meeting for the third time at the Royal Naval College in Dartmouth in July 1939, Elizabeth—though only 13 years old—said she fell in love with Philip, who was 18, and they began to exchange letters. She was 21 when their engagement was officially announced on 9 July 1947.
The engagement attracted some controversy. Philip had no financial standing, was foreign-born (though a British subject who had served in the Royal Navy throughout the Second World War), and had sisters who had married German noblemen with Nazi links. Marion Crawford wrote, ""Some of the King's advisors did not think him good enough for her. He was a prince without a home or kingdom. Some of the papers played long and loud tunes on the string of Philip's foreign origin."" Later biographies reported that Elizabeth's mother had reservations about the union initially and teased Philip as ""the Hun"". In later life, however, she told the biographer Tim Heald that Philip was ""an English gentleman"".

Before the marriage, Philip renounced his Greek and Danish titles, officially converted from Greek Orthodoxy to Anglicanism, and adopted the style Lieutenant Philip Mountbatten, taking the surname of his mother's British family. Shortly before the wedding, he was created Duke of Edinburgh and granted the style His Royal Highness. Elizabeth and Philip were married on 20 November 1947 at Westminster Abbey. They received 2,500 wedding gifts from around the world. Elizabeth required ration coupons to buy the material for her gown (which was designed by Norman Hartnell) because Britain had not yet completely recovered from the devastation of the war. In post-war Britain, it was not acceptable for Philip's German relations, including his three surviving sisters, to be invited to the wedding. Neither was an invitation extended to the Duke of Windsor, formerly King Edward VIII.
Elizabeth gave birth to her first child, Prince Charles, in November 1948. One month earlier, the King had issued letters patent allowing her children to use the style and title of a royal prince or princess, to which they otherwise would not have been entitled, as their father was no longer a royal prince. A second child, Princess Anne, was born in August 1950.
Following their wedding, the couple leased Windlesham Moor, near Windsor Castle, until July 1949, when they took up residence at Clarence House in London. At various times between 1949 and 1951, Philip was stationed in the British Crown Colony of Malta as a serving Royal Navy officer. He and Elizabeth lived intermittently in Malta for several months at a time in the hamlet of Gwardamanġa, at Villa Guardamangia, the rented home of Philip's uncle Lord Mountbatten. Their two children remained in Britain.


== Reign ==


=== Accession and coronation ===

As George VI's health declined during 1951, Elizabeth frequently stood in for him at public events. When she visited Canada and Harry S. Truman in Washington, DC, in October 1951, her private secretary Martin Charteris carried a draft accession declaration in case the King died while she was on tour. In early 1952, Elizabeth and Philip set out for a tour of Australia and New Zealand by way of the British colony of Kenya. On 6 February, they had just returned to their Kenyan home, Sagana Lodge, after a night spent at Treetops Hotel, when word arrived of the death of Elizabeth's father. Philip broke the news to the new queen. She chose to retain Elizabeth as her regnal name, and was therefore called Elizabeth II. The numeral offended some Scots, as she was the first Elizabeth to rule in Scotland. She was proclaimed queen throughout her realms, and the royal party hastily returned to the United Kingdom. Elizabeth and Philip moved into Buckingham Palace.
With Elizabeth's accession, it seemed possible that the royal house would take her husband's name, in line with the custom for married women of the time. Lord Mountbatten advocated for House of Mountbatten, and Philip suggested House of Edinburgh, after his ducal title. The British prime minister, Winston Churchill, and Elizabeth's grandmother Queen Mary favoured the retention of the House of Windsor. Elizabeth issued a declaration on 9 April 1952 that the royal house would continue to be Windsor. Philip complained, ""I am the only man in the country not allowed to give his name to his own children."" In 1960, the surname Mountbatten-Windsor was adopted for Philip and Elizabeth's male-line descendants who do not carry royal titles.
Amid preparations for the coronation, Princess Margaret told her sister she wished to marry Peter Townsend, a divorcé 16 years Margaret's senior with two sons from his previous marriage. Elizabeth asked them to wait for a year; in the words of her private secretary, ""the Queen was naturally sympathetic towards the Princess, but I think she thought—she hoped—given time, the affair would peter out."" Senior politicians were against the match and the Church of England did not permit remarriage after divorce. If Margaret had contracted a civil marriage, she would have been expected to renounce her right of succession. Margaret decided to abandon her plans with Townsend. In 1960, she married Antony Armstrong-Jones, who was created Earl of Snowdon the following year. They divorced in 1978; Margaret did not remarry.
Despite Queen Mary's death on 24 March 1953, the coronation went ahead as planned on 2 June, as Mary had requested. The coronation ceremony in Westminster Abbey was televised for the first time, with the exception of the anointing and communion. On Elizabeth's instruction, her coronation gown was embroidered with the floral emblems of Commonwealth countries.


=== Early reign ===

From Elizabeth's birth onwards, the British Empire continued its transformation into the Commonwealth of Nations. By the time of her accession in 1952, her role as head of multiple independent states was already established. In 1953, Elizabeth and Philip embarked on a seven-month round-the-world tour, visiting 13 countries and covering more than 40,000 miles (64,000 km) by land, sea and air. She became the first reigning monarch of Australia and New Zealand to visit those nations. During the tour, crowds were immense; three-quarters of the population of Australia were estimated to have seen her. Throughout her reign, she made hundreds of state visits to other countries and tours of the Commonwealth; she was the most widely travelled head of state.
In 1956, the British and French prime ministers, Sir Anthony Eden and Guy Mollet, discussed the possibility of France joining the Commonwealth. The proposal was never accepted, and the following year, France signed the Treaty of Rome, which established the European Economic Community, the precursor to the European Union. In November 1956, Britain and France invaded Egypt in an ultimately unsuccessful attempt to capture the Suez Canal. Lord Mountbatten said that Elizabeth was opposed to the invasion, though Eden denied it. Eden resigned two months later.

The governing Conservative Party had no formal mechanism for choosing a leader, meaning that it fell to Elizabeth to decide whom to commission to form a government following Eden's resignation. Eden recommended she consult Lord Salisbury, the lord president of the council. Lord Salisbury and Lord Kilmuir, the lord chancellor, consulted the British Cabinet, Churchill, and the chairman of the backbench 1922 Committee, resulting in Elizabeth appointing their recommended candidate: Harold Macmillan.
The Suez crisis and the choice of Eden's successor led, in 1957, to the first major personal criticism of Elizabeth. In a magazine, which he owned and edited, Lord Altrincham accused her of being ""out of touch"". Altrincham was denounced by public figures and slapped by a member of the public appalled by his comments. Six years later, in 1963, Macmillan resigned and advised Elizabeth to appoint Alec Douglas-Home as the prime minister, advice she followed. Elizabeth again came under criticism for appointing the prime minister on the advice of a small number of ministers or a single minister. In 1965, the Conservatives adopted a formal mechanism for electing a leader, thus relieving the Queen of her involvement.

In 1957, Elizabeth made a state visit to the United States, where she addressed the United Nations General Assembly on behalf of the Commonwealth. On the same tour, she opened the 23rd Canadian Parliament, becoming the first monarch of Canada to open a parliamentary session. Two years later, solely in her capacity as Queen of Canada, she revisited the United States and toured Canada. In 1961, she toured Cyprus, India, Pakistan, Nepal, and Iran. On a visit to Ghana the same year, she dismissed fears for her safety, even though her host, President Kwame Nkrumah, who had replaced her as head of state, was a target for assassins. Harold Macmillan wrote, ""The Queen has been absolutely determined all through ... She is impatient of the attitude towards her to treat her as ... a film star ... She has indeed 'the heart and stomach of a man' ... She loves her duty and means to be a Queen."" Before her tour through parts of Quebec in 1964, the press reported that extremists within the Quebec separatist movement were plotting Elizabeth's assassination. No assassination attempt was made, but a riot did break out while she was in Montreal; her ""calmness and courage in the face of the violence"" was noted.
Elizabeth gave birth to her third child, Prince Andrew, in February 1960; this was the first birth to a reigning British monarch since 1857. Her fourth child, Prince Edward, was born in March 1964.


=== Political reforms and crises ===

The 1960s and 1970s saw an acceleration in the decolonisation of Africa and the Caribbean. More than 20 countries gained independence from Britain as part of a planned transition to self-government. In 1965, however, the Rhodesian prime minister, Ian Smith, in opposition to moves towards majority rule, unilaterally declared independence while expressing ""loyalty and devotion"" to Elizabeth. Although Elizabeth formally dismissed him, and the international community applied sanctions against Rhodesia, his regime survived for over a decade. As Britain's ties to its former empire weakened, the British government sought entry to the European Community, a goal it achieved in 1973.
In 1966, the Queen was criticised for waiting eight days before visiting the village of Aberfan, where a mining disaster killed 116 children and 28 adults. Martin Charteris said that the delay, made on his advice, was a mistake that she later regretted.
Elizabeth toured Yugoslavia in October 1972, becoming the first British monarch to visit a communist country. She was received at the airport by President Josip Broz Tito, and a crowd of thousands greeted her in Belgrade.
In February 1974, British prime minister Edward Heath advised Elizabeth to call a general election in the middle of her tour of the Austronesian Pacific Rim, requiring her to fly back to Britain. The election resulted in a hung parliament; Heath's Conservatives were not the largest party but could stay in office if they formed a coalition with the Liberals. When discussions on forming a coalition foundered, Heath resigned, and Elizabeth asked the Leader of the Opposition, Labour's Harold Wilson, to form a government.
A year later, at the height of the 1975 Australian constitutional crisis, the Australian prime minister, Gough Whitlam, was dismissed from his post by Governor-General Sir John Kerr, after the Opposition-controlled Senate rejected Whitlam's budget proposals. As Whitlam had a majority in the House of Representatives, Speaker Gordon Scholes appealed to Elizabeth to reverse Kerr's decision. She declined, saying she would not interfere in decisions reserved by the Constitution of Australia for the governor-general. The crisis fuelled Australian republicanism.

In 1977, Elizabeth marked the Silver Jubilee of her accession. Parties and events took place throughout the Commonwealth, many coinciding with her associated national and Commonwealth tours. The celebrations re-affirmed Elizabeth's popularity, despite virtually coincident negative press coverage of Princess Margaret's separation from her husband, Lord Snowdon. In 1978, Elizabeth endured a state visit to the United Kingdom by Romania's communist leader, Nicolae Ceaușescu, and his wife, Elena, though privately she thought they had ""blood on their hands"". The following year brought two blows: the unmasking of Anthony Blunt, former Surveyor of the Queen's Pictures, as a communist spy and the assassination of Lord Mountbatten by the Provisional Irish Republican Army.
According to Paul Martin Sr., by the end of the 1970s, Elizabeth was worried the Crown ""had little meaning for"" Pierre Trudeau, the Canadian prime minister. Tony Benn said Elizabeth found Trudeau ""rather disappointing"". Trudeau's supposed republicanism seemed to be confirmed by his antics, such as sliding down banisters at Buckingham Palace and pirouetting behind Elizabeth's back in 1977, and the removal of various Canadian royal symbols during his term of office. In 1980, Canadian politicians sent to London to discuss the patriation of the Canadian constitution found Elizabeth ""better informed ... than any of the British politicians or bureaucrats"". She was particularly interested after the failure of Bill C-60, which would have affected her role as head of state.


=== Perils and dissent ===

During the 1981 Trooping the Colour ceremony, six weeks before the wedding of Prince Charles and Lady Diana Spencer, six shots were fired at Elizabeth from close range as she rode down The Mall, London, on her horse, Burmese. Police later discovered the shots were blanks. The 17-year-old assailant, Marcus Sarjeant, was sentenced to five years in prison and released after three. Elizabeth's composure and skill in controlling her mount were widely praised. That October, Elizabeth was the subject of another attack while on a visit to Dunedin, New Zealand. Christopher John Lewis, who was 17 years old, fired a shot with a .22 rifle from the fifth floor of a building overlooking the parade but missed. Lewis was arrested, but instead of being charged with attempted murder or treason was sentenced to three years in jail for unlawful possession and discharge of a firearm. Two years into his sentence, he attempted to escape a psychiatric hospital with the intention of assassinating Charles, who was visiting the country with Diana and their son Prince William.

From April to September 1982, Elizabeth's son Andrew served with British forces in the Falklands War, for which she reportedly felt anxiety and pride. On 9 July, she awoke in her bedroom at Buckingham Palace to find an intruder, Michael Fagan, in the room with her. In a serious lapse of security, assistance only arrived after two calls to the Palace police switchboard. After hosting US president Ronald Reagan at Windsor Castle in 1982 and visiting his California ranch in 1983, Elizabeth was angered when his administration ordered the invasion of Grenada, one of her Caribbean realms, without informing her.
Intense media interest in the opinions and private lives of the royal family during the 1980s led to a series of sensational stories in the press, pioneered by The Sun tabloid. As Kelvin MacKenzie, editor of The Sun, told his staff: ""Give me a Sunday for Monday splash on the Royals. Don't worry if it's not true—so long as there's not too much of a fuss about it afterwards."" Newspaper editor Donald Trelford wrote in The Observer of 21 September 1986: ""The royal soap opera has now reached such a pitch of public interest that the boundary between fact and fiction has been lost sight of ... it is not just that some papers don't check their facts or accept denials: they don't care if the stories are true or not."" It was reported, most notably in The Sunday Times of 20 July 1986, that Elizabeth was worried that Margaret Thatcher's economic policies fostered social divisions and was alarmed by high unemployment, a series of riots, the violence of a miners' strike, and Thatcher's refusal to apply sanctions against the apartheid regime in South Africa. The sources of the rumours included royal aide Michael Shea and Commonwealth secretary-general Shridath Ramphal, but Shea claimed his remarks were taken out of context and embellished by speculation. Thatcher reputedly said Elizabeth would vote for the Social Democratic Party—Thatcher's political opponents. Thatcher's biographer John Campbell claimed ""the report was a piece of journalistic mischief-making"". Reports of acrimony between them were exaggerated, and Elizabeth gave two honours in her personal gift—membership in the Order of Merit and the Order of the Garter—to Thatcher after her replacement as prime minister by John Major. Brian Mulroney, Canadian prime minister between 1984 and 1993, said Elizabeth was a ""behind the scenes force"" in ending apartheid.
In 1986, Elizabeth paid a six-day state visit to the People's Republic of China, becoming the first British monarch to visit the country. The tour included the Forbidden City, the Great Wall of China, and the Terracotta Warriors. At a state banquet, Elizabeth joked about the first British emissary to China being lost at sea with Queen Elizabeth I's letter to the Wanli Emperor, and remarked, ""fortunately postal services have improved since 1602"". Elizabeth's visit also signified the acceptance of both countries that sovereignty over Hong Kong would be transferred from the United Kingdom to China in 1997.
By the end of the 1980s, Elizabeth had become the target of satire. The involvement of younger members of the royal family in the charity game show It's a Royal Knockout in 1987 was ridiculed. In Canada, Elizabeth publicly supported politically divisive constitutional amendments, prompting criticism from opponents of the proposed changes, including Pierre Trudeau. The same year, the elected Fijian government was deposed in a military coup. As monarch of Fiji, Elizabeth supported the attempts of Governor-General Ratu Sir Penaia Ganilau to assert executive power and negotiate a settlement. Coup leader Sitiveni Rabuka deposed Ganilau and declared Fiji a republic.


=== Turbulent years ===
In the wake of coalition victory in the Gulf War, Elizabeth became the first British monarch to address a joint meeting of the United States Congress in May 1991.

In November 1992, in a speech to mark the Ruby Jubilee of her accession, Elizabeth called 1992 her annus horribilis (a Latin phrase, meaning 'horrible year'). Republican feeling in Britain had risen because of press estimates of Elizabeth's private wealth—contradicted by the Palace—and reports of affairs and strained marriages among her extended family. In March, her second son, Prince Andrew, separated from his wife, Sarah; her daughter, Princess Anne, divorced Captain Mark Phillips in April; angry demonstrators in Dresden threw eggs at Elizabeth during a state visit to Germany in October; and a large fire broke out at Windsor Castle, one of her official residences, in November. The monarchy came under increased criticism and public scrutiny. In an unusually personal speech, Elizabeth said that any institution must expect criticism, but suggested it might be done with ""a touch of humour, gentleness and understanding"". Two days later, John Major announced plans to reform the royal finances, drawn up the previous year, including Elizabeth paying income tax from 1993 onwards, and a reduction in the civil list. In December, Prince Charles and his wife, Diana, formally separated. At the end of the year, Elizabeth sued The Sun newspaper for breach of copyright when it published the text of her annual Christmas message two days before it was broadcast. The newspaper was forced to pay her legal fees and donated £200,000 to charity. Elizabeth's solicitors had taken successful action against The Sun five years earlier for breach of copyright after it published a photograph of her daughter-in-law the Duchess of York and her granddaughter Princess Beatrice.
In January 1994, Elizabeth broke her left wrist when a horse she was riding at Sandringham tripped and fell. In October 1994, she became the first reigning British monarch to set foot on Russian soil. In October 1995, she was tricked into a hoax call by Montreal radio host Pierre Brassard impersonating Canadian prime minister Jean Chrétien. Elizabeth, who believed that she was speaking to Chrétien, said she supported Canadian unity and would try to influence Quebec's referendum on proposals to break away from Canada.
In the year that followed, public revelations on the state of Charles and Diana's marriage continued. In consultation with her husband and John Major, as well as the Archbishop of Canterbury (George Carey) and her private secretary (Robert Fellowes), Elizabeth wrote to Charles and Diana at the end of December 1995, suggesting that a divorce would be advisable.
In August 1997, a year after the divorce, Diana was killed in a car crash in Paris. Elizabeth was on holiday with her extended family at Balmoral. Diana's two sons, Princes William and Harry, wanted to attend church, so Elizabeth and Philip took them that morning. Afterwards, for five days, the royal couple shielded their grandsons from the intense press interest by keeping them at Balmoral where they could grieve in private, but the royal family's silence and seclusion, and the failure to fly a flag at half-mast over Buckingham Palace, caused public dismay. Pressured by the hostile reaction, Elizabeth agreed to return to London and address the nation in a live television broadcast on 5 September, the day before Diana's funeral. In the broadcast, she expressed admiration for Diana and her feelings ""as a grandmother"" for the two princes. As a result, much of the public hostility evaporated.
In October 1997, Elizabeth and Philip made a state visit to India, which included a controversial visit to the site of the Jallianwala Bagh massacre to pay her respects. Protesters chanted ""Killer Queen, go back"", and there were demands for her to apologise for the action of British troops 78 years earlier. At the memorial in the park, she and Philip laid a wreath and stood for a 30‑second moment of silence. As a result, much of the fury among the public softened, and the protests were called off. That November, the royal couple held a reception at Banqueting House to mark their golden wedding anniversary. Elizabeth made a speech and praised Philip for his role as consort, referring to him as ""my strength and stay"".
In 1999, as part of the process of devolution in the United Kingdom, Elizabeth formally opened newly established legislatures for Wales and Scotland: the National Assembly for Wales at Cardiff in May, and the Scottish Parliament at Edinburgh in July.


=== Dawn of the new millennium ===

On the eve of the new millennium, Elizabeth and Philip boarded a vessel from Southwark, bound for the Millennium Dome. Before passing under Tower Bridge, she lit the National Millennium Beacon in the Pool of London using a laser torch. Shortly before midnight, she officially opened the Dome. During the singing of Auld Lang Syne, Elizabeth held hands with Philip and British prime minister Tony Blair. Following the 9/11 attacks in the United States, Elizabeth, breaking with tradition, ordered the American national anthem to be played during the changing of the guard at Buckingham Palace to express her solidarity with the country.
In 2002, Elizabeth marked her Golden Jubilee, the 50th anniversary of her accession. Her sister died in February and her mother in March, and the media speculated on whether the Jubilee would be a success or a failure. Princess Margaret's death shook Elizabeth; her funeral was one of the rare occasions where Elizabeth openly cried. Elizabeth again undertook an extensive tour of her realms, beginning in Jamaica in February, where she called the farewell banquet ""memorable"" after a power cut plunged King's House, the official residence of the governor-general, into darkness. As in 1977, there were street parties and commemorative events, and monuments were named to honour the occasion. One million people attended each day of the three-day main Jubilee celebration in London, and the enthusiasm shown for Elizabeth by the public was greater than many journalists had anticipated.

In 2003, Elizabeth sued the Daily Mirror for breach of confidence and obtained an injunction which prevented the outlet from publishing information gathered by a reporter who posed as a footman at Buckingham Palace. The newspaper also paid £25,000 towards her legal costs. Though generally healthy throughout her life, in 2003 she had keyhole surgery on both knees. In October 2006, she missed the opening of the new Emirates Stadium because of a strained back muscle that had been troubling her since the summer.
In May 2007, citing unnamed sources, The Daily Telegraph reported that Elizabeth was ""exasperated and frustrated"" by the policies of Tony Blair, that she was concerned the British Armed Forces were overstretched in Iraq and Afghanistan, and that she had raised concerns over rural and countryside issues with Blair. She was, however, said to admire Blair's efforts to achieve peace in Northern Ireland. She became the first British monarch to celebrate a diamond wedding anniversary in November 2007. On 20 March 2008, at the Church of Ireland St Patrick's Cathedral, Armagh, Elizabeth attended the first Maundy service held outside England and Wales.
Elizabeth addressed the UN General Assembly for a second time in 2010, again in her capacity as Queen of all Commonwealth realms and Head of the Commonwealth. The UN secretary-general, Ban Ki-moon, introduced her as ""an anchor for our age"". During her visit to New York, which followed a tour of Canada, she officially opened a memorial garden for British victims of the 9/11 attacks. Elizabeth's 11-day visit to Australia in October 2011 was her 16th visit to the country since 1954. By invitation of the Irish president, Mary McAleese, she made the first state visit to the Republic of Ireland by a British monarch in May 2011.


=== Diamond Jubilee and milestones ===

The 2012 Diamond Jubilee marked 60 years since Elizabeth's accession, and celebrations were held throughout her realms, the wider Commonwealth, and beyond. She and Philip undertook an extensive tour of the United Kingdom, while their children and grandchildren embarked on royal tours of other Commonwealth states on her behalf. On 4 June, Jubilee beacons were lit around the world. On 18 December, the Queen became the first British sovereign to attend a peacetime Cabinet meeting since George III in 1781.
Elizabeth, who opened the Montreal Summer Olympics in 1976, also opened the 2012 Summer Olympics and Paralympics in London, making her the first head of state to open two Olympic Games in two countries. For the London Olympics, she portrayed herself in a short film as part of the opening ceremony, alongside Daniel Craig as James Bond. On 4 April 2013, she received an honorary BAFTA award for her patronage of the film industry and was called ""the most memorable Bond girl yet"" at a special presentation at Windsor Castle.

In March 2013, the Queen stayed overnight at King Edward VII's Hospital as a precaution after developing symptoms of gastroenteritis. A week later, she signed the new Charter of the Commonwealth. That year, because of her age and the need for her to limit travelling, she chose not to attend the biennial Commonwealth Heads of Government Meeting for the first time in 40 years. She was represented at the summit in Sri Lanka by Prince Charles. On 20 April 2018, the Commonwealth heads of government announced that Charles would succeed her as Head of the Commonwealth, which the Queen stated as her ""sincere wish"". She underwent cataract surgery in May 2018. In March 2019, she gave up driving on public roads, largely as a consequence of a car accident involving her husband two months earlier.
On 21 December 2007, Elizabeth surpassed her great-great-grandmother, Queen Victoria, to become the longest-lived British monarch, and she became the longest-reigning British monarch and longest-reigning queen regnant and female head of state in the world on 9 September 2015. She became the oldest living monarch after the death of King Abdullah of Saudi Arabia on 23 January 2015. She later became the longest-reigning current monarch and the longest-serving current head of state following the death of King Bhumibol Adulyadej of Thailand on 13 October 2016, and the oldest current head of state on the resignation of Robert Mugabe of Zimbabwe on 21 November 2017. On 6 February 2017, she became the first British monarch to commemorate a sapphire jubilee, and on 20 November that year, she was the first British monarch to celebrate a platinum wedding anniversary. Philip had retired from his official duties as the Queen's consort in August 2017.


=== Pandemic and widowhood ===
On 19 March 2020, as the COVID-19 pandemic hit the United Kingdom, Elizabeth moved to Windsor Castle and sequestered there as a precaution. Public engagements were cancelled and Windsor Castle followed a strict sanitary protocol nicknamed ""HMS Bubble"".

On 5 April, in a televised broadcast watched by an estimated 24 million viewers in the United Kingdom, Elizabeth asked people to ""take comfort that while we may have more still to endure, better days will return: we will be with our friends again; we will be with our families again; we will meet again."" On 8 May, the 75th anniversary of VE Day, in a television broadcast at 9 pm—the exact time at which her father had broadcast to the nation on the same day in 1945—she asked people to ""never give up, never despair"". In 2021, she received her first and second COVID-19 vaccinations in January and April respectively.
Prince Philip died on 9 April 2021, after 73 years of marriage, making Elizabeth the first British monarch to reign as a widow or widower since Queen Victoria. She was reportedly at her husband's bedside when he died, and remarked in private that his death had ""left a huge void"". Due to the COVID-19 restrictions in place in England at the time, Elizabeth sat alone at Philip's funeral service, which evoked sympathy from people around the world. It was later reported in the press that Elizabeth had rejected a government offer to relax the rules. In her Christmas broadcast that year, which was ultimately her last, she paid a personal tribute to her ""beloved Philip"", saying, ""That mischievous, inquiring twinkle was as bright at the end as when I first set eyes on him.""
Despite the pandemic, Elizabeth attended the 2021 State Opening of Parliament in May, the 47th G7 summit in June, and hosted US president Joe Biden at Windsor Castle. Biden was the 14th US president that the Queen had met. In October 2021, Elizabeth cancelled a planned trip to Northern Ireland and stayed overnight at King Edward VII's Hospital for ""preliminary investigations"". On Christmas Day 2021, while she was staying at Windsor Castle, 19-year-old Jaswant Singh Chail broke into the gardens using a rope ladder and carrying a crossbow with the aim of assassinating Elizabeth in revenge for the Amritsar massacre. Before he could enter any buildings, he was arrested and detained under the Mental Health Act. In February 2023, Chail pleaded guilty to attempting to injure or alarm the sovereign, and was sentenced in October to a nine-year custodial sentence plus an additional five years on extended licence. The sentencing judge also placed Chail under a hybrid order under section 45A of the Mental Health Act 1983, ordering that he remain at Broadmoor Hospital to be transferred into custody only after receiving psychiatric treatment.


=== Platinum Jubilee and beyond ===

Elizabeth's Platinum Jubilee celebrations began on 6 February 2022, marking 70 years since her accession. In her accession day message, she renewed her commitment to a lifetime of public service, which she had originally made in 1947.
Later that month, Elizabeth fell ill with COVID-19 along with several family members, but she only exhibited ""mild cold-like symptoms"" and recovered by the end of the month. She was present at the service of thanksgiving for her husband at Westminster Abbey on 29 March, but was unable to attend both the annual Commonwealth Day service that month and the Royal Maundy service in April, because of ""episodic mobility problems"". In May, she missed the State Opening of Parliament for the first time in 59 years. (She did not attend the state openings in 1959 and 1963 as she was pregnant with Prince Andrew and Prince Edward, respectively.) Later that month she made a surprise visit to Paddington Station and officially opened the Elizabeth line, named in her honour.
The Queen was largely confined to balcony appearances during the public jubilee celebrations, and she missed the National Service of Thanksgiving on 3 June. On 13 June, she became the second-longest reigning monarch in history (among those whose exact dates of reign are known), with 70 years and 127 days on the throne—surpassing King Bhumibol Adulyadej of Thailand. On 6 September, she appointed her 15th British prime minister, Liz Truss, at Balmoral Castle in Scotland. This was the only occasion on which Elizabeth received a new prime minister at a location other than Buckingham Palace. No other British monarch appointed as many prime ministers. The Queen's last public message was issued on 7 September, in which she expressed her sympathy for those affected by the Saskatchewan stabbings.
Elizabeth did not plan to abdicate, though she took on fewer public engagements in her later years and Prince Charles performed more of her duties. She told Canadian governor-general Adrienne Clarkson in a meeting in 2002 that she would never abdicate, saying, ""It is not our tradition. Although, I suppose if I became completely gaga, one would have to do something."" In June 2022, Elizabeth met the Archbishop of Canterbury, Justin Welby, who ""came away thinking there is someone who has no fear of death, has hope in the future, knows the rock on which she stands and that gives her strength.""


== Death ==

On 8 September 2022, Buckingham Palace stated, ""Following further evaluation this morning, the Queen's doctors are concerned for Her Majesty's health and have recommended she remain under medical supervision. The Queen remains comfortable and at Balmoral."" Her immediate family rushed to Balmoral. She died peacefully at 3:10 pm at the age of 96. Her death was announced to the public at 6:30 pm, setting in motion Operation London Bridge and, because she died in Scotland, Operation Unicorn. Elizabeth was the first monarch to die in Scotland since James V in 1542. Her death certificate recorded her cause of death as ""old age"". According to her former prime minister Boris Johnson and the biographer Gyles Brandreth, she was suffering from a form of bone marrow cancer, which Brandreth wrote was multiple myeloma.
On 12 September, Elizabeth's coffin was carried up the Royal Mile in a procession to St Giles' Cathedral, where the Crown of Scotland was placed on it. Her coffin lay at rest at the cathedral for 24 hours, guarded by the Royal Company of Archers, during which around 33,000 people filed past it. On 13 September, the coffin was flown to RAF Northolt in west London, before continuing its journey by road to Buckingham Palace. On 14 September, her coffin was taken in a military procession to Westminster Hall, where Elizabeth's body lay in state for four days. The coffin was guarded by members of both the Sovereign's Bodyguard and the Household Division. An estimated 250,000 members of the public filed past the coffin, as did politicians and other public figures. On 16 September, Elizabeth's children held a vigil around her coffin, and the next day her eight grandchildren did the same.

Elizabeth's state funeral was held at Westminster Abbey on 19 September, which marked the first time a monarch's funeral service was held at the Abbey since George II in 1760. More than a million people lined the streets of central London, and the day was declared a holiday in several Commonwealth countries. In Windsor, a final procession involving 1,000 military personnel took place, which 97,000 people witnessed. Elizabeth's fell pony and two royal corgis stood at the side of the procession. After a committal service at St George's Chapel, Windsor Castle, Elizabeth's body was interred with her husband Philip's in the King George VI Memorial Chapel later the same day, in a private ceremony attended by her closest family members.


== Legacy ==


=== Beliefs, activities, and interests ===

Elizabeth rarely gave interviews, and little was known of her political opinions, which she did not express explicitly in public. It is against convention to ask or reveal the monarch's views. When Times journalist Paul Routledge asked her about the miners' strike of 1984–85 during a royal tour of the newspaper's offices, she replied that it was ""all about one man"" (a reference to Arthur Scargill), with which Routledge disagreed. Routledge was widely criticised in the media for asking the question and claimed that he was unaware of the protocols. After the 2014 Scottish independence referendum, Prime Minister David Cameron was overheard saying that Elizabeth was pleased with the outcome. She had arguably issued a public coded statement about the referendum by telling one woman outside Balmoral Kirk that she hoped people would think ""very carefully"" about the outcome. It emerged later that Cameron had specifically requested that she register her concern.
Elizabeth had a deep sense of religious and civic duty, and took her Coronation Oath seriously. Aside from her official religious role as supreme governor of the established Church of England, she worshipped with that church and with the national Church of Scotland. She demonstrated support for inter-faith relations and met with leaders of other churches and religions, including five popes: Pius XII, John XXIII, John Paul II, Benedict XVI and Francis. A personal note about her faith often featured in her annual Christmas Message broadcast to the Commonwealth. In 2000, she said:

To many of us, our beliefs are of fundamental importance. For me the teachings of Christ and my own personal accountability before God provide a framework in which I try to lead my life. I, like so many of you, have drawn great comfort in difficult times from Christ's words and example.
Elizabeth was patron of more than 600 organisations and charities. The Charities Aid Foundation estimated that Elizabeth helped raise over £1.4 billion for her patronages during her reign. Her main leisure interests included equestrianism and dogs, especially her Pembroke Welsh Corgis. Her lifelong love of corgis began in 1933 with Dookie, the first of many royal corgis. Scenes of a relaxed, informal home life were occasionally witnessed; she and her family, from time to time, prepared a meal together and washed the dishes afterwards.


=== Media depiction and public opinion ===
In the 1950s, as a young woman at the start of her reign, Elizabeth was depicted as a glamorous ""fairytale Queen"". After the trauma of the Second World War, it was a time of hope, a period of progress and achievement heralding a ""new Elizabethan age"". Lord Altrincham's accusation in 1957 that her speeches sounded like those of a ""priggish schoolgirl"" was an extremely rare criticism. In the late 1960s, attempts to portray a more modern image of the monarchy were made in the television documentary Royal Family and by televising Prince Charles's investiture as Prince of Wales. Elizabeth also instituted other new practices; her first royal walkabout, meeting ordinary members of the public, took place during a tour of Australia and New Zealand in 1970. Her wardrobe developed a recognisable, signature style driven more by function than fashion. In public, she took to wearing mostly solid-colour overcoats and decorative hats, allowing her to be seen easily in a crowd. By the end of her reign, nearly one third of Britons had seen or met Elizabeth in person.
At Elizabeth's Silver Jubilee in 1977, the crowds and celebrations were genuinely enthusiastic; but, in the 1980s, public criticism of the royal family increased, as the personal and working lives of Elizabeth's children came under media scrutiny. Her popularity sank to a low point in the 1990s. Under pressure from public opinion, she began to pay income tax for the first time, and Buckingham Palace was opened to the public. Although support for republicanism in Britain seemed higher than at any time in living memory, republican ideology was still a minority viewpoint, and Elizabeth herself had high approval ratings. Criticism was focused on the institution of the monarchy itself, and the conduct of Elizabeth's wider family, rather than her own behaviour and actions. Discontent with the monarchy reached its peak on the death of Diana, Princess of Wales, although Elizabeth's personal popularity—as well as general support for the monarchy—rebounded after her live television broadcast to the world five days after Diana's death.

In November 1999, a referendum in Australia on the future of the Australian monarchy favoured its retention in preference to an indirectly elected head of state. Many republicans credited Elizabeth's personal popularity with the survival of the monarchy in Australia. In 2010, Prime Minister Julia Gillard noted that there was a ""deep affection"" for Elizabeth in Australia and that another referendum on the monarchy should wait until after her reign. Gillard's successor, Malcolm Turnbull, who led the republican campaign in 1999, similarly believed that Australians would not vote to become a republic in her lifetime. ""She's been an extraordinary head of state"", Turnbull said in 2021, ""and I think frankly, in Australia, there are more Elizabethans than there are monarchists."" Similarly, referendums in both Tuvalu in 2008 and Saint Vincent and the Grenadines in 2009 saw voters reject proposals to become republics.
Polls in Britain in 2006 and 2007 revealed strong support for the monarchy, and in 2012, Elizabeth's Diamond Jubilee year, her approval ratings hit 90 per cent. Her family came under scrutiny again in the last few years of her life due to her son Andrew's association with convicted sex offenders Jeffrey Epstein and Ghislaine Maxwell, his lawsuit with Virginia Giuffre amidst accusations of sexual impropriety, and her grandson Harry and his wife Meghan's exit from the working royal family and subsequent move to the United States. Polling in Great Britain during the Platinum Jubilee, however, showed support for maintaining the monarchy and Elizabeth's personal popularity remained strong. As of 2021 she remained the third most admired woman in the world according to the annual Gallup poll, her 52 appearances on the list meaning she had been in the top ten more than any other woman in the poll's history.
Elizabeth was portrayed in a variety of media by many notable artists, including painters Pietro Annigoni, Peter Blake, Chinwe Chukwuogo-Roy, Terence Cuneo, Lucian Freud, Rolf Harris, Damien Hirst, Juliet Pannett and Tai-Shan Schierenberg. Notable photographers of Elizabeth included Cecil Beaton, Yousuf Karsh, Anwar Hussein, Annie Leibovitz, Lord Lichfield, Terry O'Neill, John Swannell and Dorothy Wilding. The first official portrait photograph of Elizabeth was taken by Marcus Adams in 1926.


== Titles, styles, honours, and arms ==


=== Titles and styles ===
Elizabeth held many titles and honorary military positions throughout the Commonwealth, was sovereign of many orders in her own countries and received honours and awards from around the world. In each of her realms, she had a distinct title that follows a similar formula: Queen of Saint Lucia and of Her other Realms and Territories in Saint Lucia, Queen of Australia and Her other Realms and Territories in Australia, etc. She was also styled Defender of the Faith.


=== Arms ===

From 21 April 1944 until her accession, Elizabeth's arms consisted of a lozenge bearing the royal coat of arms of the United Kingdom differenced with a label of three points argent, the centre point bearing a Tudor rose and the first and third a cross of Saint George. Upon her accession, she inherited the various arms her father held as sovereign, with a subsequently modified representation of the crown. Elizabeth also possessed royal standards and personal flags for use in the United Kingdom, Canada, Australia, New Zealand, Jamaica, and elsewhere.


== Issue ==


== Ancestry ==


== See also ==
Finances of the British royal family – UK monarchy's income and spending
Household of Elizabeth II – Royal officials and supporting staff
List of covers of Time magazine (1920s – 1940s, 1950s, 2010s)
List of jubilees of Elizabeth II
List of special addresses made by Elizabeth II
List of things named after Elizabeth II
Royal eponyms in Canada


== Notes ==


== References ==


=== Citations ===


=== Bibliography ===


== External links ==

Queen Elizabeth II at the Royal Family website
Queen Elizabeth II at the website of the Government of Canada
Queen Elizabeth II at the website of the Royal Collection Trust
Obituary at BBC News Online
Portraits of Queen Elizabeth II at the National Portrait Gallery, London 
Queen Elizabeth II at IMDb 
Appearances on C-SPAN",,9104,,queen_elizabeth_ii,,,,,speech_supplement,speeches_and_broadcasts
qe2_flags_of_elizabeth_ii,related_article,Flags of Elizabeth II,https://en.wikipedia.org/wiki/Flags_of_Elizabeth_II,Flags of Elizabeth II,2025-10-04T13:37:01.026895,2025-10-04T14:01:53.766471,"Elizabeth II had a variety of flags to represent her personally and as head of state of several independent nations around the world. They were usually used on any building, ship, car, or aircraft where she was present. These heraldic flags were usually a nation's coat of arms in banner form. 

As Princess Elizabeth

 Princess Elizabeth's personal standard prior to her accession as Queen was her coat of arms in banner form. This consisted of four quarters consisting of three lions passant for England, a lion rampant for Scotland, and a Gaelic harp for Ireland. To differentiate the arms of Princess Elizabeth from that of the King it was differenced with a white label of three points, the centre point bearing a Tudor rose and the first and third a cross of St George. The flag was adopted in 1944 and was used for the first time on 30 November 1944, at the launch of HMS Vanguard (23) by the Princess. 

As sovereign

 Immediately upon becoming Queen, Elizabeth inherited the two versions of the royal standard of the United Kingdom. Since the 1960s, flags were introduced to represent the Queen in various other Commonwealth realms, which followed the same basic pattern: the nation's coat of arms in banner form with the device found on her personal flag. The Queen's representatives in these nations had their own flags to represent them. 

= United Kingdom

= Upon the death of her father, Princess Elizabeth became Queen Elizabeth II and therefore adopted the Royal Standard. This flag was used to represent the Queen not only in the United Kingdom but also overseas when she made state visits. It is the royal arms in banner form undifferentiated. 

= Sierra Leone

= The Queen's Sierra Leonean standard was created when she visited Sierra Leone in 1961, in her capacity as Queen of Sierra Leone. The flag featured the coat of arms of Sierra Leone in banner form, which depicts a lion beneath a zigzag border, representing the Lion Mountains, after which the country was named. It also had three torches which symbolized peace and dignity. At the base were wavy bars depicting the sea. A blue disc of the crowned letter ""E"", surrounded by a garland of gold roses defaced the flag, which is taken from the Queen's Personal Flag. The Sierra Leonean standard also served as the inspiration for the design and layout of her personal standard for Canada. This flag ceased to be used when Sierra Leone became a republic in 1971. 

= Canada

= The Queen had a personal Canadian Flag in her role as Queen of Canada. The flag was adopted and proclaimed by her on 15 August 1962. The flag, in a 1:2 proportion, consists of the escutcheon of the Royal Coat of Arms of Canada in banner form defaced with the distinct device of Queen Elizabeth II: a blue roundel with the initial E surmounted by St Edward's Crown and within a wreath of roses, all gold-coloured. The standard is protected under the Trade-marks Act; section 9(a) states: ""No person shall adopt in connection with a business, as a trade-mark or otherwise, any mark consisting of, or so nearly resembling as to be likely to be mistaken for... the Royal Arms, Crest or Standard"". The Queen's Canadian Standard was also flown sometimes in her absence. To mark the Queen's sixty years on the Canadian throne on 6 February 2012, her personal Canadian standard was unfurled at Rideau Hall and on Parliament Hill, as well as at provincial royal residences and legislatures across the country. 

= Australia

= The Queen had a personal Australian Flag in her role as Queen of Australia. The flag was approved for use in by the Queen on 20 September 1962, and first used during the 1963 royal visit. The flag consists of a banner of the coat of arms of Australia, defaced with a gold seven-pointed federation star with a blue disc containing the letter E below a crown, surrounded by a garland of golden roses. Each of the six sections of the flag represents the heraldic badge of the Australian states, and the whole is surrounded by an ermine border representing the federation of the states. The flag is flown on Royal Australian Navy ships, or on Australian official buildings or in enclosures only on occasions when the monarch is present. The exception to this rule is parades in honour of their birthday, when the flag is flown even if the monarch is not present. When it is flown on or outside a building, no other flag is flown with it. On 7 July 2000, to celebrate the 100th anniversary of the passage of the Commonwealth of Australia Constitution Act 1900 by the British Parliament, the Queen attended a church service at Westminster Abbey in London. The Queen's personal flag for Australia flew at the Abbey, the first time it had flown in the United Kingdom. 

= New Zealand

= The Queen had a personal flag in her role as Queen of New Zealand. It was approved for use in 1962. It was flown by the Queen when in New Zealand. The only time the flag was flown in New Zealand in the absence of the Queen, was at parades held on and in honour of her official birthday. The flag is the escutcheon of the arms of New Zealand in banner form, defaced with a blue roundel surrounded by a garland of roses encircling a crowned letter 'E', all in gold. The flag is divided into four quadrants: The first quadrant includes depicts four stars as representative of the Southern Cross constellation, as depicted on the national flag. The second quadrant consists of a golden fleece on a red field. The third quadrant contains a golden wheat sheaf on a red field. The final quadrant includes two crossed gold hammers on a blue field. The central stripe consists of three ships. Superimposed in the centre is a dark blue roundel bearing a Roman E surmounted by a Royal Crown within a chaplet of roses, all gold-coloured, obscuring the centre ship. The flag takes precedence over the New Zealand flag, and is protected under the Flags, Emblems, and Names Protection Act 1981; Section 12(1) states: ""Every person commits an offence against this Act who, without the authority of Her Majesty or (as the case may require) the Governor-General, displays or exhibits or otherwise uses any representation to which this subsection applies in such a manner as to be likely to cause any person to believe that he does so under the authority, sanction, approval, appointment, or patronage of Her Majesty or the Governor-General"". An example of the Queen's New Zealand Standard being used outside New Zealand, is at the unveiling of the New Zealand War Memorial in London, UK, by the Queen at Hyde Park in 2006. The Queen's Personal New Zealand Standard was flown, along with the Union Flag, and the flag of New Zealand on three separate freestanding flagpoles at the ceremony. 

= Trinidad and Tobago

= The Queen's personal flag for Trinidad and Tobago was used for the first time when she visited Trinidad and Tobago in 1966. The flag featured the coat of arms of Trinidad and Tobago in banner form, which depicts the colours of the national flag. The gold ships represent the three ships Christopher Columbus used on his voyage. The two birds above are hummingbirds. A blue disc of the crowned letter ""E"", surrounded by a garland of gold roses defaced the flag (obscuring the centre ship), which is taken from the Queen's Personal Flag. This flag ceased to be used when Trinidad and Tobago became a republic in 1976. 

= Jamaica

= The Queen had a personal flag in her role as Queen of Jamaica. It was first used when she visited Jamaica in 1966, as part of her Caribbean tour. The flag consists of a banner of the coat of arms of Jamaica defaced with the Queen's Royal Cypher. The flag is white and bears a red St George's Cross. A gold pineapple is superimposed on each arm of the Cross. A blue disc with the Queen's initial is placed in the centre of the Cross (obscuring the central pineapple). The disc is taken from the Queen's Personal Flag. 

= Malta

= The Queen had a personal flag for use in Malta, in her role as Queen of Malta. The flag was adopted on 31 October 1967, and first used when the Queen visited Malta in 1967. The flag consisted of the Coat of arms of Malta in banner form, which depicts the colours white and red, and a representation of the George Cross, awarded to Malta by George VI in 1942. A blue disc of the crowned letter ""E"", surrounded by a garland of gold roses defaced the flag, which is taken from the Queen's Personal Flag. This flag ceased to be used when Malta became a republic in 1974. 

= Mauritius

= The Queen's personal flag for Mauritius was first used when she visited Mauritius in March 1972. The flag consisted of the coat of arms of Mauritius in banner form: quarterly azure and or, in the first quarter a lymphad of the last in the second, 3 palm trees eradicated vert, in the third, a key in pale the wards downwards gules, and in the issuant, from the base a pile, and in chief a mullet argent. A blue disc of the crowned letter ""E"", surrounded by a garland of gold roses defaced the flag, which is taken from the Queen's Personal Flag. This flag ceased to be used when Mauritius became a republic in 1992. 

= Barbados

= The Queen had a personal flag for use in Barbados, in her role as Queen of Barbados. It was first used when the Queen visited Barbados in 1975. The standard consisted of a yellow field with a bearded fig tree, a long-established symbol of the island of Barbados, and the national flower the Pride of Barbados flowers in each of the upper corners. A blue disc of the crowned letter ""E"", surrounded by a garland of gold roses, was displayed prominently on the flag within the centre of the tree. This flag ceased to be used when Barbados became a republic in 2021. 

Personal flag

 The Queen's personal flag was displayed on any building, ship, car, or aircraft in which she stayed or travelled. It often represented the Queen in her role as Head of the Commonwealth or as monarch of a Commonwealth realm in which she did not possess a unique flag. This flag, designed by the College of Arms in 1960, bears the crowned letter E in gold, surrounded by a garland of gold roses on a blue background, with a golden fringe. The crown is a symbol of the Queen's rank and dignity, whilst the chaplet roses symbolise all the countries of the Commonwealth. The flag was created at the Queen's request in December 1960 to symbolise her as an individual, not associated with her role as sovereign of any particular Commonwealth realm. It was designed as an alternative to the Royal Standard, for use chiefly in Commonwealth republics where the British heraldic devices have no historic significance, and to Commonwealth meetings where the Royal Standard would be considered inappropriate. It was first used in 1961 for the Queen's visit to India. It was flown for the first time in the BOAC Britannia in which the Queen landed at Delhi Airport. Over time, the flag started to be used in place of the British royal standard when the Queen visited Commonwealth countries where she was not head of state, Commonwealth realms where she had no specific standard, and for Commonwealth occasions in the United Kingdom; it came to symbolise the Queen as Head of the Commonwealth. Eventually, the practice evolved wherein the flag was raised at Marlborough House (the headquarters of the Commonwealth Secretariat) in London when the Queen visited, rather than the Royal Standard of the United Kingdom. 

Others

 

= As Lord High Admiral

= In 1964, the Queen assumed the office of the Lord High Admiral of the United Kingdom. In this capacity, the Queen flew a special Lord High Admiral's flag. It was flown when the Queen was at sea, and at naval establishments ashore on official occasions, when it flew alongside the Royal Standard. 

Gallery

 

See also

 Flags at Buckingham Palace Standard of Prince Philip, Duke of Edinburgh Flags of Charles III 

References","Elizabeth II had a variety of flags to represent her personally and as head of state of several independent nations around the world. They were usually used on any building, ship, car, or aircraft where she was present.
These heraldic flags were usually a nation's coat of arms in banner form.

",2088,11869.0,Queen Elizabeth II,1952-2022,biography,English,Formal,,
qe2_george_v,related_article,George V,https://en.wikipedia.org/wiki/George_V,George V,2025-10-04T13:52:47.046137,2025-10-04T14:01:53.767246,"George V (George Frederick Ernest Albert; 3 June 1865 – 20 January 1936) was King of the United Kingdom and the British Dominions, and Emperor of India, from 6 May 1910 until his death in 1936. George was born during the reign of his paternal grandmother, Queen Victoria, as the second son of the Prince and Princess of Wales (later King Edward VII and Queen Alexandra). He was third in the line of succession to the British throne behind his father, and his elder brother, Prince Albert Victor. From 1877 to 1892, George served in the Royal Navy, until his elder brother's unexpected death in January 1892 put him directly in line for the throne. The next year George married his brother's former fiancée, Princess Victoria Mary of Teck, and they had six children. When Queen Victoria died in 1901, George's father ascended the throne as Edward VII, and George was created Prince of Wales. He became king-emperor on his father's death in 1910. George's reign saw the rise of socialism, communism, fascism, Irish republicanism, and the Indian independence movement. All of these developments radically changed the political landscape of the British Empire, which itself reached its territorial peak by the beginning of the 1920s. The Parliament Act 1911 established the supremacy of the elected British House of Commons over the unelected House of Lords. As a result of the First World War, the empires of his first cousins Tsar Nicholas II of Russia and Kaiser Wilhelm II of Germany fell, while the British Empire expanded to its greatest effective extent. In 1917, George became the first monarch of the House of Windsor, which he renamed from the House of Saxe-Coburg and Gotha as a result of anti-German public sentiment. He appointed the first Labour ministry in 1924, and the 1931 Statute of Westminster recognised the Empire's Dominions as separate, independent states within the British Commonwealth of Nations. George suffered from smoking-related health problems during his later reign. On his death in January 1936, he was succeeded by his eldest son, Edward VIII. Edward abdicated in December of that year and was succeeded by his younger brother Albert, who took the regnal name George VI. 

Early life and education

 George was born on 3 June 1865, at Marlborough House, London. He was the second son of Albert Edward, Prince of Wales, and Alexandra, Princess of Wales. His father was the eldest son of Queen Victoria and Prince Albert, and his mother was the eldest daughter of King Christian IX and Queen Louise of Denmark. He was baptised at Windsor Castle on 7 July 1865 by the Archbishop of Canterbury, Charles Longley. As a younger son of the Prince of Wales, there was little expectation that George would become king. He was third in line to the throne, after his father and elder brother, Prince Albert Victor. George was only 17 months younger than Albert Victor, and the two princes were educated together. John Neale Dalton was appointed as their tutor in 1871. Neither Albert Victor nor George excelled intellectually. As their father thought that the navy was ""the very best possible training for any boy"", in September 1877, when George was 12 years old, both brothers joined the cadet training ship HMS Britannia at Dartmouth, Devon. 

Naval service

 For three years from 1879, the princes served on HMS Bacchante, accompanied by Dalton. They toured the colonies of the British Empire in the Caribbean, South Africa and Australia, and visited Norfolk, Virginia, as well as South America, the Mediterranean, Egypt, and East Asia. In 1881 on a visit to Japan, George had a local artist tattoo a blue and red dragon on his arm, and was received in an audience by the Emperor Meiji; George and his brother presented Empress Haruko with two wallabies from Australia. At Jerusalem in 1882, the princes attended a Sephardic Passover dinner, and got tattoos of the Jerusalem Cross to commemorate their visit twenty years after their father had obtained the same tattoo. George wrote of the experience ""I was tattooed by the same man who tattooed Papa."" Dalton wrote an account of their journey entitled The Cruise of HMS Bacchante. Between Melbourne and Sydney, Dalton recorded a sighting of the Flying Dutchman, a mythical ghost ship. When they returned to Britain, the Queen complained that her grandsons could not speak French or German, and so they spent six months in Lausanne in an ultimately unsuccessful attempt to learn another language. After Lausanne, the brothers were separated; Albert Victor attended Trinity College, Cambridge, while George continued in the Royal Navy. He travelled the world, visiting many areas of the British Empire. During his naval career he commanded Torpedo Boat 79 in home waters, then HMS Thrush on the North America and West Indies Station. His last active service was in command of HMS Melampus in 1891–1892. From then on, his naval rank was largely honorary. 

Marriage

 As a young man destined to serve in the navy, Prince George served for many years under the command of his uncle Prince Alfred, Duke of Edinburgh, who was stationed in Malta. There, he grew close to and fell in love with his cousin Princess Marie of Edinburgh. His grandmother, father and uncle all approved the match, but his own mother and Marie's mother opposed it. The Princess of Wales thought the family was too pro-German, and the Duchess of Edinburgh disliked England. The Duchess, the only daughter of Alexander II of Russia, resented the fact that, as the wife of a younger son of the British sovereign, she had to yield precedence to George's mother, whose father had been a minor German prince before being called unexpectedly to the throne of Denmark. Guided by her mother, Marie refused George when he proposed to her. She married Ferdinand, Crown Prince of Romania, in 1893. In November 1891, George's brother, Albert Victor, became engaged to his second cousin once removed Princess Victoria Mary of Teck, known as ""May"" within the family. Her parents were Francis, Duke of Teck (a member of a morganatic, cadet branch of the House of Württemberg), and Princess Mary Adelaide of Cambridge, a male-line granddaughter of George III and a first cousin of Queen Victoria. On 14 January 1892, six weeks after the formal engagement, Albert Victor died of pneumonia during an influenza pandemic, leaving George second in line to the throne and likely to succeed after his father. George had only just recovered from a serious illness himself, having been confined to bed for six weeks with typhoid fever, the disease that was thought to have killed his grandfather Prince Albert. Queen Victoria still regarded Princess May as a suitable match for her grandson, and George and May grew close during their shared period of mourning. A year after Albert Victor's death, George proposed to May and was accepted. They married on 6 July 1893 at the Chapel Royal in St James's Palace, London. Throughout their lives, they remained devoted to each other. George was, on his own admission, unable to express his feelings easily in speech, but they often exchanged loving letters and notes of endearment. 

Duke of York

 The death of his elder brother effectively ended George's naval career, as he was now second in line to the throne, after his father. George was created Duke of York, Earl of Inverness, and Baron Killarney by Queen Victoria on 24 May 1892, and received lessons in constitutional history from J. R. Tanner. The Duke and Duchess of York had five sons and a daughter. Randolph Churchill claimed that George was a strict father, to the extent that his children were terrified of him, and that George had remarked to the Earl of Derby: ""My father was frightened of his mother, I was frightened of my father, and I am damned well going to see to it that my children are frightened of me."" In reality, there is no direct source for the quotation and it is likely that George's parenting style was little different from that adopted by most people at the time. Whether this was the case or not, his children did seem to resent his strict nature, his son Prince Henry going as far as to describe him as a ""terrible father"" in later years. They lived mainly at York Cottage, a relatively small house in Sandringham, Norfolk, where their way of life mirrored that of a comfortable middle-class family rather than royalty. George preferred a simple, almost quiet, life, in marked contrast to the lively social life pursued by his father. His official biographer, Harold Nicolson, later despaired of George's time as Duke of York, writing: ""He may be all right as a young midshipman and a wise old king, but when he was Duke of York... he did nothing at all but kill [i.e. shoot] animals and stick in stamps."" George was an avid stamp collector, which Nicolson disparaged, but George played a large role in building the Royal Philatelic Collection into the most comprehensive collection of United Kingdom and Commonwealth stamps in the world, in some cases setting record purchase prices for items. In October 1894, George's maternal uncle-by-marriage, Alexander III of Russia, died. At the request of his father, ""out of respect for poor dear Uncle Sasha's memory"", George joined his parents in Saint Petersburg for the funeral. He and his parents remained in Russia for the wedding a week later of the new Russian emperor, his maternal first cousin Nicholas II, to one of George's paternal first cousins, Princess Alix of Hesse and by Rhine, who had once been considered as a potential bride for George's elder brother. 

Prince of Wales

 As Duke of York, George carried out a wide variety of public duties. On the death of Queen Victoria on 22 January 1901, George's father ascended the throne as King Edward VII. George inherited the title of Duke of Cornwall, and for much of the rest of that year, he was known as the Duke of Cornwall and York. In 1901, the Duke and Duchess toured the British Empire. Their tour included Gibraltar, Malta, Port Said, Aden, Ceylon, Singapore, Australia, New Zealand, Mauritius, South Africa, Canada, and the Colony of Newfoundland. The tour was designed by Colonial Secretary Joseph Chamberlain with the support of Prime Minister Lord Salisbury to reward the Dominions for their participation in the South African War of 1899–1902. George presented thousands of specially designed South African War medals to colonial troops. In South Africa, the royal party met civic leaders, African leaders, and Boer prisoners, and was greeted by elaborate decorations, expensive gifts, and fireworks displays. Despite this, not all residents responded favourably to the tour. Many white Cape Afrikaners resented the display and expense, the war having weakened their capacity to reconcile their Afrikaner-Dutch culture with their status as British subjects. Critics in the English-language press decried the enormous cost at a time when families faced severe hardship. In Australia, George opened the first session of the Australian Parliament on the creation of the Commonwealth of Australia. In New Zealand, he praised the military values, bravery, loyalty, and obedience to duty of New Zealanders, and the tour gave New Zealand a chance to show off its progress, especially in its adoption of up-to-date British standards in communications and the processing industries. The implicit goal was to advertise New Zealand's attractiveness to tourists and potential immigrants, while avoiding news of growing social tensions, by focusing the attention of the British press on a land few knew about. On his return to Britain, in a speech at Guildhall, London, George warned of ""the impression which seemed to prevail among [our] brethren across the seas, that the Old Country must wake up if she intends to maintain her old position of pre-eminence in her colonial trade against foreign competitors."" On 9 November 1901, George was created Prince of Wales and Earl of Chester. George's father wished to prepare him for his future role as king. In contrast to Edward himself, whom Queen Victoria had deliberately excluded from state affairs, George was given wide access to state documents by his father. George in turn allowed his wife access to his papers, as he valued her counsel and she often helped write his speeches. As Prince of Wales, he supported reforms in naval training, including cadets being enrolled at the ages of twelve and thirteen, and receiving the same education, whatever their class and eventual assignments. The reforms were implemented by the then Second (later First) Sea Lord, Sir John Fisher. From November 1905 to March 1906, George and May toured British India, where he was disgusted by racial discrimination and campaigned for greater involvement of Indians in the government of the country. The tour was almost immediately followed by a trip to Spain for the wedding of King Alfonso XIII to George's cousin Victoria Eugenie of Battenberg, at which the bride and groom narrowly avoided assassination when the driver of their coach and more than a dozen spectators were killed by a bomb thrown by an anarchist, Mateu Morral. A week after returning to Britain, George and May travelled to Norway for the coronation of King Haakon VII, George's cousin and brother-in-law, and Queen Maud, George's sister. 

Reign

 On 6 May 1910, Edward VII died, and George became king. He wrote in his diary: I have lost my best friend and the best of fathers... I never had a [cross] word with him in my life. I am heart-broken and overwhelmed with grief but God will help me in my responsibilities and darling May will be my comfort as she has always been. May God give me strength and guidance in the heavy task which has fallen on me. George had never liked his wife's habit of signing official documents and letters as ""Victoria Mary"" and insisted she drop one of those names. They both thought she should not be called Queen Victoria, and so she became Queen Mary. Later that year, a radical propagandist, Edward Mylius, published a lie that George had secretly married in Malta as a young man, and that consequently his marriage to Queen Mary was bigamous. The lie had first surfaced in print in 1893, but George had shrugged it off as a joke. In an effort to kill off rumours, Mylius was arrested, tried and found guilty of criminal libel, and was sentenced to a year in prison. George objected to the anti-Catholic wording of the Accession Declaration that he would be required to make at the opening of his first parliament. He made it known that he would refuse to open parliament unless it was changed. As a result, the Accession Declaration Act 1910 shortened the declaration and removed the most offensive phrases. George and Mary's coronation took place at Westminster Abbey on 22 June 1911, and was celebrated by the Festival of Empire in London. In July, the King and Queen visited Ireland for five days; they received a warm welcome, with thousands of people lining the route of their procession to cheer. Later in 1911, the King and Queen travelled to India for the Delhi Durbar, where they were presented to an assembled audience of Indian dignitaries and princes as the Emperor and Empress of India on 12 December 1911. George wore the newly created Imperial Crown of India at the ceremony and declared the shifting of the Indian capital from Calcutta to Delhi. He was the only Emperor of India to be present at his own Delhi Durbar. As he and Mary travelled throughout the subcontinent, George took the opportunity to indulge in big game hunting in Nepal, shooting 21 tigers, 8 rhinoceroses and a bear over 10 days. He was a keen and expert marksman. On a later occasion, on 18 December 1913, he was part of a shooting party that shot over a thousand pheasants in six hours (about one bird every 20 seconds) while visiting the home of Lord Burnham. Even George had to acknowledge that ""we went a little too far"" that day. 

= National politics

= George inherited the throne at a politically turbulent time. Lloyd George's People's Budget had been rejected the previous year by the Conservative and Unionist-dominated House of Lords, contrary to the normal convention that the Lords did not veto money bills. Liberal Prime Minister H. H. Asquith had asked the previous king to give an undertaking that he would create sufficient Liberal peers to allow the passage of Liberal legislation. Edward had reluctantly agreed, provided the Lords rejected the budget after two successive general elections. After the January 1910 general election, the Conservative peers allowed the budget, for which the government now had an electoral mandate, to pass without a vote. Asquith attempted to curtail the power of the Lords through constitutional reforms, which were again blocked by the Upper House. A constitutional conference on the reforms broke down in November 1910 after 21 meetings. Asquith and Lord Crewe, Liberal leader in the Lords, asked George to grant a dissolution, leading to a second general election, and to promise to create sufficient Liberal peers if the Lords blocked the legislation again. If George refused, the Liberal government would otherwise resign, which would have given the appearance that the monarch was taking sides – with ""the peers against the people"" – in party politics. The King's two private secretaries, the Liberal Lord Knollys and the Unionist Lord Stamfordham, gave George conflicting advice. Knollys advised George to accept the Cabinet's demands, while Stamfordham advised George to accept the resignation. Like his father, George reluctantly agreed to the dissolution and creation of peers, although he felt his ministers had taken advantage of his inexperience to browbeat him. After the December 1910 general election, the Lords let the bill pass on hearing of the threat to swamp the house with new peers. The subsequent Parliament Act 1911 permanently removed – with a few exceptions – the power of the Lords to veto bills. George later came to feel that Knollys had withheld information from him about the willingness of the opposition to form a government if the Liberals had resigned. The 1910 general elections had left the Liberals as a minority government dependent upon the support of the Irish Nationalist Party. As desired by the Nationalists, Asquith introduced legislation that would give Ireland Home Rule, but the Conservatives and Unionists opposed it. As tempers rose over the Home Rule Bill, which would never have been possible without the Parliament Act, relations between the elderly Knollys and the Conservatives became poor, and he was pushed into retirement. Desperate to avoid the prospect of civil war in Ireland between Unionists and Nationalists, George called a meeting of all parties at Buckingham Palace in July 1914 in an attempt to negotiate a settlement. After four days the conference ended without an agreement. Political developments in Britain and Ireland were overtaken by events in Europe, and the issue of Irish Home Rule was suspended for the duration of the war. 

= First World War

= On 4 August 1914, George wrote in his diary, ""I held a council at 10:45 to declare war with Germany. It is a terrible catastrophe but it is not our fault.... Please to God it may soon be over."" From 1914 to 1918, Britain and its allies were at war with the Central Powers, led by the German Empire. German Kaiser Wilhelm II, who for the British public came to symbolise all the horrors of the war, was the King's first cousin. George's paternal grandfather was Prince Albert of Saxe-Coburg and Gotha; consequently, the King and his children bore the German titles Prince and Princess of Saxe-Coburg and Gotha and Duke and Duchess of Saxony. Queen Mary, although born in England like her mother, was the daughter of the Duke of Teck, a descendant of the German Dukes of Württemberg. George had brothers-in-law and cousins who were British subjects but who bore German titles such as Duke and Duchess of Teck, Prince and Princess of Battenberg, and Prince and Princess of Schleswig-Holstein. When H. G. Wells wrote about Britain's ""alien and uninspiring court"", George replied: ""I may be uninspiring, but I'll be damned if I'm alien."" On 17 July 1917, George appeased British nationalist feelings by issuing a royal proclamation that changed the name of the British royal house from the German-sounding House of Saxe-Coburg and Gotha to the House of Windsor. He and all his British relatives relinquished their German titles and styles and adopted British-sounding surnames. George compensated his male relatives by giving them British peerages. His cousin Prince Louis of Battenberg, who earlier in the war had been forced to resign as First Sea Lord through anti-German feeling, became Louis Mountbatten, 1st Marquess of Milford Haven, while Queen Mary's brothers became Adolphus Cambridge, 1st Marquess of Cambridge, and Alexander Cambridge, 1st Earl of Athlone. In letters patent gazetted on 11 December 1917, the King restricted the style of ""Royal Highness"" and the titular dignity of ""Prince (or Princess) of Great Britain and Ireland"" to the children of the Sovereign, the children of the sons of the Sovereign and the eldest living son of the eldest son of a Prince of Wales. The letters patent also stated that ""the titles of Royal Highness, Highness or Serene Highness, and the titular dignity of Prince and Princess shall cease except those titles already granted and remaining unrevoked"". George's relatives who fought on the German side, such as Ernest Augustus, Crown Prince of Hanover, and Charles Edward, Duke of Saxe-Coburg and Gotha, had their British peerages suspended by a 1919 Order in Council under the provisions of the Titles Deprivation Act 1917. Under pressure from his mother, George also removed the Garter flags of his German relations from St George's Chapel, Windsor Castle. When Tsar Nicholas II of Russia, George's first cousin, was overthrown in the Russian Revolution of 1917, the British government offered political asylum to the Tsar and his family, but worsening conditions for the British people, and fears that revolution might come to the British Isles, led George to think that the presence of the Romanovs would be seen as inappropriate. Despite the later claims of Lord Mountbatten of Burma that Prime Minister David Lloyd George was opposed to the rescue of the Russian imperial family, the letters of Lord Stamfordham suggest that it was George V who opposed the idea against the advice of the government. Advance planning for a rescue was undertaken by MI1, a branch of the British secret service, but because of the strengthening position of the Bolshevik revolutionaries and wider difficulties with the conduct of the war, the plan was never put into operation. Nicholas and his immediate family remained in Russia, where they were killed by the Bolsheviks in 1918. George wrote in his diary: ""It was a foul murder. I was devoted to Nicky, who was the kindest of men and thorough gentleman: loved his country and people."" The following year, Nicholas's mother, Marie Feodorovna, and other members of the extended Russian imperial family were rescued from Crimea by a British warship. Two months after the end of the war, the King's youngest son, John, died aged 13 after a lifetime of ill health. George was informed of his death by Queen Mary, who wrote, ""[John] had been a great anxiety to us for many years... The first break in the family circle is hard to bear but people have been so kind & sympathetic & this has helped us much."" In May 1922, George toured Belgium and northern France, visiting the First World War cemeteries and memorials being constructed by the Imperial War Graves Commission. The event was described in a poem, ""The King's Pilgrimage"" by Rudyard Kipling. The tour, and one short visit to Italy in 1923, were the only times George agreed to leave the United Kingdom on official business after the end of the war. 

= Post-war reign

= Before the First World War, most of Europe was ruled by monarchs related to George, but during and after the war, the monarchies of Austria, Germany, Greece, and Spain, like Russia, fell to revolution and war. In March 1919, Lieutenant-Colonel Edward Lisle Strutt was dispatched on the personal authority of the King to escort the former Emperor Charles I of Austria and his family to safety in Switzerland. In 1922, a Royal Navy ship was sent to Greece to rescue his cousins Prince and Princess Andrew. Political turmoil in Ireland continued as the Nationalists fought for independence; George expressed his horror at government-sanctioned killings and reprisals to Prime Minister Lloyd George. At the opening session of the Parliament of Northern Ireland on 22 June 1921, the King appealed for conciliation in a speech part drafted by General Jan Smuts and approved by Lloyd George. A few weeks later, a truce was agreed. Negotiations between Britain and the Irish secessionists led to the signing of the Anglo-Irish Treaty. By the end of 1922, Ireland was partitioned, the Irish Free State was established, and Lloyd George was out of office. George and his advisers were concerned about the rise of socialism and the growing labour movement, which they mistakenly associated with republicanism. The socialists no longer believed in their anti-monarchical slogans and were ready to come to terms with the monarchy if it took the first step. George adopted a more democratic, inclusive stance that crossed class lines and brought the monarchy closer to the public and the working class—a dramatic change for the King, who was most comfortable with naval officers and landed gentry. He cultivated friendly relations with moderate Labour Party politicians and trade union officials. His abandonment of social aloofness conditioned the royal family's behaviour and enhanced its popularity during the economic crises of the 1920s and for over two generations thereafter. The years between 1922 and 1929 saw frequent changes in government. In 1924, George appointed the first Labour Prime Minister, Ramsay MacDonald, in the absence of a clear majority for any one of the three major parties. George's tact in appointing the first Labour government (which lasted less than a year) allayed the suspicions of the party's sympathisers that he would work against their interests. During the General Strike of 1926, George advised the government of Conservative Stanley Baldwin against taking inflammatory action, and took exception to suggestions that the strikers were ""revolutionaries"" saying, ""Try living on their wages before you judge them."" In 1926, George hosted an Imperial Conference in London at which the Balfour Declaration accepted the growth of the British Dominions into self-governing ""autonomous Communities within the British Empire, equal in status, in no way subordinate one to another"". The Statute of Westminster 1931 formalised the Dominions' legislative independence and established that the succession to the throne could not be changed unless all the Parliaments of the Dominions as well as the Parliament at Westminster agreed. The Statute's preamble described the monarch as ""the symbol of the free association of the members of the British Commonwealth of Nations"", who were ""united by a common allegiance"". In the wake of a world financial crisis, George encouraged the formation of a National Government in 1931 led by MacDonald and Baldwin, and volunteered to reduce the civil list to help balance the budget. He was concerned by the rise to power in Germany of Adolf Hitler and the Nazi Party. In 1934, George bluntly told the German ambassador Leopold von Hoesch that Germany was now the peril of the world, and that there was bound to be a war within ten years if Germany went on at the present rate; he warned the British ambassador in Berlin, Eric Phipps, to be suspicious of the Nazis. In 1932, George agreed to deliver a Royal Christmas speech on the radio, an event that became annual thereafter. He was not in favour of the innovation originally but was persuaded by the argument that it was what his people wanted. By the Silver Jubilee of his reign in 1935, he had become a well-loved king, saying in response to the crowd's adulation, ""I cannot understand it, after all I am only a very ordinary sort of fellow."" George's relationship with his eldest son and heir, Edward, deteriorated in these later years. George was disappointed in Edward's failure to settle down in life and appalled by his many affairs with married women. In contrast, he was fond of his second son, Prince Albert (later George VI), and doted on his eldest granddaughter, Princess Elizabeth; he nicknamed her ""Lilibet"", and she affectionately called him ""Grandpa England"". In 1935, George said of his son Edward: ""After I am dead, the boy will ruin himself within 12 months"", and of Albert and Elizabeth: ""I pray to God my eldest son will never marry and have children, and that nothing will come between Bertie and Lilibet and the throne"". 

Declining health and death

 The First World War took a toll on George's health: he was seriously injured on 28 October 1915 when thrown by his horse at a troop review in France, and his heavy smoking exacerbated recurring breathing problems. He suffered from chronic bronchitis. In 1925, on the instruction of his doctors, he was reluctantly sent on a recuperative private cruise in the Mediterranean; it was his third trip abroad since the war, and his last. In November 1928, he fell seriously ill with septicaemia, which localised between the base of his right lung and diaphragm in the form of an empyema that required drainage. For the next two years his son Edward took over many of his duties. In 1929, the suggestion of a further rest abroad was rejected by the King ""in rather strong language"". Instead, he retired for three months to Craigweil House, Aldwick, in the seaside resort of Bognor, Sussex. As a result of his stay, the town acquired the suffix Regis – Latin for ""of the King"". A myth later grew that his last words, on being told that he would soon be well enough to revisit the town, were ""Bugger Bognor!"" George never fully recovered. In his final year, he was occasionally administered oxygen. The death of his favourite sister, Victoria, in December 1935 depressed him deeply. On the evening of 15 January 1936, George took to his bedroom at Sandringham House complaining of a cold; he remained in the room until his death. He became gradually weaker, drifting in and out of consciousness. Prime Minister Stanley Baldwin later said:... each time he became conscious it was some kind inquiry or kind observation of someone, some words of gratitude for kindness shown. But he did say to his secretary when he sent for him: ""How is the Empire?"" An unusual phrase in that form, and the secretary said: ""All is well, sir, with the Empire"", and the King gave him a smile and relapsed once more into unconsciousness. By 20 January, George was close to death. His physicians, led by Lord Dawson of Penn, issued a bulletin with the words ""The King's life is moving peacefully towards its close."" Dawson's private diary, unearthed after his death and made public in 1986, reveals that George's last words, a mumbled ""God damn you!"", were addressed to his nurse, Catherine Black, when she gave him a sedative that night. Dawson, who supported the ""gentle growth of euthanasia"", admitted in the diary that he ended the King's life: At about 11 o'clock it was evident that the last stage might endure for many hours, unknown to the Patient but little comporting with that dignity and serenity which he so richly merited and which demanded a brief final scene. Hours of waiting just for the mechanical end when all that is really life has departed only exhausts the onlookers & keeps them so strained that they cannot avail themselves of the solace of thought, communion or prayer. I therefore decided to determine the end and injected (myself) morphia gr.3/4 [grains] and shortly afterwards cocaine gr.1 [grains] into the distended jugular vein... In about 1/4 an hour – breathing quieter – appearance more placid – physical struggle gone.Dawson wrote that he acted to preserve the King's dignity, to prevent further strain on the family, and so that George's death at 11:55 pm could be announced in the morning edition of The Times newspaper rather than ""less appropriate... evening journals"". Neither Queen Mary, who was intensely religious and might not have sanctioned euthanasia, nor the Prince of Wales were consulted. The royal family did not want the King to endure pain and suffering and did not want his life prolonged artificially but neither did they approve Dawson's actions. British Pathé announced the King's death the following day, in which he was described as ""for each one of us, more than a King, a father of a great family"". The German composer Paul Hindemith went to a BBC studio on the morning after the King's death and in six hours wrote Trauermusik (""Mourning Music""), for viola and orchestra. It was performed that same evening in a live broadcast by the BBC, with Adrian Boult conducting the BBC Symphony Orchestra and the composer as soloist. At the procession to George's lying in state in Westminster Hall, the cross surmounting the Imperial State Crown atop George's coffin fell off and landed in the gutter as the cortège turned into New Palace Yard. George's eldest son and successor, Edward VIII, saw it fall and wondered whether it was a bad omen for his new reign. As a mark of respect to their father, George's four surviving sons – Edward, Albert, Henry, and George – mounted the guard, known as the Vigil of the Princes, at the catafalque on the night before the funeral. The vigil was not repeated until the death of George's daughter-in-law, Queen Elizabeth The Queen Mother, in 2002. George V was interred at St George's Chapel, Windsor Castle, on 28 January 1936. Edward abdicated before the year was out, leaving Albert to ascend the throne as George VI. 

= Estate

= George V reportedly saved £487,000 from the Civil List over the course of his reign. During the financial negotiations carried out during the abdication of Edward VIII, it was revealed that George V had amassed a private fortune of approximately £3,000,000 by the time he died; under the terms of his will, his four surviving younger children Albert, Mary, Henry and George each received £750,000. His will was read at a private family meeting at Sandringham on 22 January 1936; when the new king (Edward VIII) queried why no provision had been made for him under his father's will, the late king's solicitor Sir Bernard Halsey-Bircham explained that George V had assumed that his eldest son would have built up a substantial fortune of his own from the revenues of the Duchy of Cornwall during his tenure as Prince of Wales. 

Legacy

 George V disliked sitting for portraits and despised modern art; he was so displeased by one portrait by Charles Sims that he ordered it to be burned. He did admire sculptor Bertram Mackennal, who created statues of George for display in Madras and Delhi, and William Reid Dick, whose statue of George V stands outside Westminster Abbey, London. Although he and his wife occasionally toured the British Empire, George preferred to stay at home pursuing his hobbies of stamp collecting and game shooting and lived a life that later biographers would consider dull because of its conventionality. He was earnestly devoted to Britain and its Empire. He explained, ""it has always been my dream to identify myself with the great idea of Empire."" He appeared hard-working and became widely admired by the people of Britain and the Empire, as well as ""the Establishment"". In the words of historian David Cannadine, King George V and Queen Mary were an ""inseparably devoted couple"" who upheld ""character"" and ""family values"". George established a standard of conduct for British royalty that reflected the values and virtues of the upper middle-class rather than upper-class lifestyles or vices. Acting within his constitutional bounds, he dealt skilfully with a succession of crises: Ireland, the First World War, and the first socialist minority government in Britain. He was by temperament a traditionalist who never fully appreciated or approved the revolutionary changes under way in British society. Nevertheless, he invariably wielded his influence as a force of neutrality and moderation, seeing his role as mediator rather than final decision maker. 

Titles, honours and arms

 As Duke of York, George's arms were the royal arms, with an inescutcheon of the arms of Saxony, all differenced with a label of three points argent, the centre point bearing an anchor azure. The anchor was removed from his coat of arms as the Prince of Wales. As King, he bore the royal arms. In 1917, he removed, by warrant, the Saxony inescutcheon from the arms of all male-line descendants of the Prince Consort domiciled in the United Kingdom (although the royal arms themselves had never borne the shield). 

Issue

 

Ancestry

 

See also

 Household of George V and Mary – Departments of the British royal family Interwar Britain – Aspect of United Kingdom history, 1918–1939 King George's Fields – Public open space in the United Kingdom, dedicated to the memory of King George V List of covers of Time magazine (1920s) – (1930s) 

Notes

 

References

 

= Works cited

= Clay, Catrine (2006), King, Kaiser, Tsar: Three Royal Cousins Who Led the World to War, London: John Murray, ISBN 978-0-7195-6537-3 Gore, John (1941), King George V: a personal memoir Matthew, H. C. G. (May 2009) [September 2004], ""George V (1865–1936)"", Oxford Dictionary of National Biography (online ed.), Oxford University Press, doi:10.1093/ref:odnb/33369{{cite encyclopedia}}: CS1 maint: overridden setting (link) (Subscription, Wikipedia Library access or UK public library membership required.) Montefiore, Simon Sebag (2011), Jerusalem: The Biography, Vintage Books, Random House, ISBN 978-0-307-28050-3 Mowat, Charles Loch (1955), Britain Between The Wars 1918–1940, London: Methuen Nicolson, Sir Harold (1952), King George the Fifth: His Life and Reign, London: Constable and Co Owens, Edward (2019), ""2: 'A man we understand': King George V's radio broadcasts"", The Family Firm: monarchy, mass media and the British public, 1932–53, pp. 91–132, ISBN 9781909646940, JSTOR j.ctvkjb3sr.8 Pope-Hennessy, James (1959), Queen Mary, London: George Allen and Unwin, Ltd Rose, Kenneth (1983), King George V, London: Weidenfeld and Nicolson, ISBN 978-0-297-78245-2 Sinclair, David (1988), Two Georges: The Making of the Modern Monarchy, London: Hodder and Stoughton, ISBN 978-0-340-33240-5 Vickers, Hugo (2018), The Quest for Queen Mary, London: Zuleika Windsor, HRH The Duke of (1951), A King's Story, London: Cassell and Co 

Further reading

 Cannadine, David (2014), George V: The Unexpected King Chisholm, Hugh (1922), ""George V."", Encyclopædia Britannica, vol. 31 (12th ed.){{cite encyclopedia}}: CS1 maint: overridden setting (link) Mort, Frank (2019), ""Safe for Democracy: Constitutional Politics, Popular Spectacle, and the British Monarchy 1910–1914"", Journal of British Studies, 58 (1): 109–141, doi:10.1017/jbr.2018.176, S2CID 151146689 Ridley, Jane (2022), George V: Never a Dull Moment, excerpt Somervell, D. C. (1936), The Reign of King George V, wide-ranging political, social and economic coverage, 1910–35 Spender, John A. (1935), ""British Foreign Policy in the Reign of HM King George V"", International Affairs, 14 (4): 455–479, JSTOR 2603463 

External links

 George V at the official website of the British monarchy George V at the official website of the Royal Collection Trust George V at BBC History Portraits of King George V at the National Portrait Gallery, London","George V (George Frederick Ernest Albert; 3 June 1865 – 20 January 1936) was King of the United Kingdom and the British Dominions, and Emperor of India, from 6 May 1910 until his death in 1936.
George was born during the reign of his paternal grandmother, Queen Victoria, as the second son of the Prince and Princess of Wales (later King Edward VII and Queen Alexandra). He was third in the line of succession to the British throne behind his father, and his elder brother, Prince Albert Victor. From 1877 to 1892, George served in the Royal Navy, until his elder brother's unexpected death in January 1892 put him directly in line for the throne. The next year George married his brother's former fiancée, Princess Victoria Mary of Teck, and they had six children. When Queen Victoria died in 1901, George's father ascended the throne as Edward VII, and George was created Prince of Wales. He became king-emperor on his father's death in 1910.
George's reign saw the rise of socialism, communism, fascism, Irish republicanism, and the Indian independence movement. All of these developments radically changed the political landscape of the British Empire, which itself reached its territorial peak by the beginning of the 1920s. The Parliament Act 1911 established the supremacy of the elected British House of Commons over the unelected House of Lords. As a result of the First World War, the empires of his first cousins Tsar Nicholas II of Russia and Kaiser Wilhelm II of Germany fell, while the British Empire expanded to its greatest effective extent. In 1917, George became the first monarch of the House of Windsor, which he renamed from the House of Saxe-Coburg and Gotha as a result of anti-German public sentiment. He appointed the first Labour ministry in 1924, and the 1931 Statute of Westminster recognised the Empire's Dominions as separate, independent states within the British Commonwealth of Nations.
George suffered from smoking-related health problems during his later reign. On his death in January 1936, he was succeeded by his eldest son, Edward VIII. Edward abdicated in December of that year and was succeeded by his younger brother Albert, who took the regnal name George VI.

",6584,39862.0,Queen Elizabeth II,1952-2022,general,English,Formal,,
qe2_golden_jubilee_of_elizabeth_ii,related_article,Golden Jubilee of Elizabeth II,https://en.wikipedia.org/wiki/Golden_Jubilee_of_Elizabeth_II,Golden Jubilee of Elizabeth II,2025-10-04T13:36:44.252201,2025-10-04T14:01:53.765762,"The Golden Jubilee of Elizabeth II was the international celebration held in 2002 marking the 50th anniversary of the accession of Queen Elizabeth II on 6 February 1952. It was intended by the Queen to be both a commemoration of her 50 years as monarch and an opportunity for her to officially and personally thank her people for their loyalty. Despite the deaths of her sister, Princess Margaret, and her mother, Queen Elizabeth The Queen Mother, in February and March 2002 respectively, and predictions in the media that the anniversary would be a non-event, the jubilee was marked with large-scale and popular events throughout London in June of the same year, bookended by events throughout the Commonwealth realms. Elizabeth attended all of the official celebrations as scheduled, along with her husband, Prince Philip, Duke of Edinburgh; over twelve months, the royal couple journeyed more than 40,000 miles (64,000 km) to the Caribbean, Australia, New Zealand, then around the United Kingdom, and wrapped up the jubilee year in Canada. Numerous landmarks, parks, buildings, and the like, were also named in honour of the golden jubilee and commemorative medals, stamps, and other symbols were issued. There were six key themes of the Golden Jubilee celebrations: 'Celebration', 'Giving Thanks', 'Service', 'Involving the Whole Community', 'Looking Forward as Well as Back', and 'Commonwealth'. 

Queen's Jubilee message

 In her Golden Jubilee message, the Queen said that ""this anniversary is for us an occasion to acknowledge with gratitude the loyalty and support which we have received from so many people since I came to the Throne in 1952. It is especially an opportunity to thank all those of you who help others in your own local communities through public or voluntary service. I would like to think that your work will be particularly recognised during this Jubilee year. I hope also that this time of celebration in the United Kingdom and across the Commonwealth will not simply be an occasion to be nostalgic about the past. I believe that, young or old, we have as much to look forward to with confidence and hope as we have to look back on with pride"". 

Celebrations in the Commonwealth

 

= Australia

= The Royal Australian Mint released commemorative coins to mark the Queen's Golden Jubilee. To mark her Golden Jubilee as Queen of Australia, Queen Elizabeth II toured the country. She was on 27 February received in Adelaide by the Governor-General, Peter Hollingworth; the Australian viceroy, at the time, was in the midst of controversy involving allegations of child abuse cover-ups in the Anglican Church and demonstrators were present when the Queen and Prince Philip landed. The royal couple undertook a five-day tour through South Australia and Queensland, which also coincided with that year's Commonwealth Heads of Government Meeting in Coolum Beach. On the Queen's Birthday holiday for 2002, services of thanksgiving were held in churches and a bonfire was lit during a party at the Governor-General's residence in Canberra. 

= Canada

= Throughout the year, events were held across Canada to mark the Golden Jubilee, such as the Jubilee Levée held by Lieutenant Governor of Alberta Lois Hole, which was attended by more than 4,000 Albertans and at which Hole stated: ""what we want to realize is how important the monarchy is to Canada and certainly to Alberta."" 

== Royal tour



For 12 days in October 2002, the Queen and the Duke of Edinburgh toured Canada, making stops in Victoria, Vancouver, Winnipeg, Toronto, Hamilton, Hull, Fredericton, Sussex, Moncton, and Ottawa. In Nunavut, the Queen addressed the new legislative assembly, stating in her speech: ""I am proud to be the first member of the Canadian Royal Family to be greeted in Canada's newest territory."" In the British Columbia Parliament Buildings, the Queen unveiled a stained glass window commemorating the Golden Jubilee. In Vancouver, on 6 October, the Queen, accompanied by Wayne Gretzky, and in front of a crowd of 18,000 at General Motors Place, dropped the ceremonial first puck for the National Hockey League exhibition game between the Vancouver Canucks and San Jose Sharks; this was the first time any reigning monarch, Canadian or otherwise, had performed the task. In Saskatchewan, the Queen unveilied on the grounds of the provincial parliament the product of the Golden Jubilee Statue Project: a bronze equestrian statue of her riding Burmese, a horse gifted in 1969 to her by the RCMP. In Ontario, the Queen attended at the Canadian Broadcasting Corporation's Toronto headquarters an event marking the organisation's 50th anniversary; there, she viewed exhibits and was amused by a video display showing her earlier tours of Canada in the 1950s. In Moncton, New Brunswick, the Queen and the Duke attended a luncheon in Dieppe to celebrate the town's 50th anniversary and officially opened a new terminal at Greater Moncton International Airport. In Ottawa, on 13 October, a multi-faith Thanksgiving celebration was held on Parliament Hill for about 3,500 people, and the Queen laid a wreath at the Tomb of the Unknown Soldier. A state dinner was held that evening at the Canadian Museum of Civilization in Gatineau, Quebec, at which Her Majesty said: ""[I wish] to express my profound gratitude to all Canadians... for the loyalty, encouragement and support you have given to me over these past 50 years."" Canada's federal government issued medals to mark the anniversary of the queen's reign in 2002. They were awarded to several thousand Canadians for significant contributions and achievements.



Legacy



It was argued in retrospective analysis that the jubilee had been of benefit both to nationalism and the monarchy; The Globe and Mail said: ""When she daintily bent over to drop a puck at an NHL game... she achieved perhaps the most brilliant melding of symbolism in Canadian history... The Jumbotron in Vancouver's GM Place said it all, flashing the Queen's golden EIIR cypher on the giant screen atop the beer advertisement: 'I am Canadian'. The crowd went hysterical.""

= Jamaica 

= Elizabeth's first official engagements related to the Golden Jubilee took place in Jamaica. The Queen's Jubilee tour also coincided with the country's 40th anniversary of independence. She arrived for the celebrations on 18 February 2002, nine days following the death of her sister, Princess Margaret, Countess of Snowdon; the Queen established a short period of private, though not state, mourning. Elizabeth was first welcomed in Montego Bay, after which she travelled to Kingston and stayed at her Jamaican prime minister's residence, Jamaica House. Despite some anti-monarchical sentiment in the country at the time, the Queen and the Duke of Edinburgh were ""enthusiastically welcomed"" by Jamaicans; 57% of those polled said the visit was important to the country and large crowds turned out to see Elizabeth, though there were small protests by Rastafarians seeking reparations for slavery and their repatriation to Africa. The Queen received an official welcome at King's House, the Governor-General's residence, met with Jamaican veterans of the First World War, addressed her Jamaican parliament, and visited an underprivileged area of Kingston, known as Trenchtown, viewing urban poverty projects while there. The tour ended on a unique note when, at the final banquet in Jamaica, a power outage plunged King's House into darkness during the meal; Elizabeth described the event as ""memorable"".

= New Zealand 

=



Jubilee commemorations



A number of activities marking the Queen's Golden Jubilee as Queen of New Zealand, the Queen's first visit to New Zealand as Sovereign in 1953–54, and subsequent royal visits, took place in New Zealand. ""Queen Elizabeth II has been Queen of New Zealand for fifty years and is held in warm regard by New Zealanders. It is fitting that we honour her on the occasion of the Golden Jubilee"", said Prime Minister Helen Clark. NZ Post issued a set of Golden Jubilee and Royal Visit stamps. The Reserve Bank of New Zealand issued a commemorative Royal Visit coin in October 2001. The Queen's Birthday and Golden Jubilee Honours 2002 were announced on 3 June. An ecumenical service of thanksgiving for the Golden Jubilee was held on 7 June at the Wellington Cathedral of St Paul. The service was attended by the Governor-General Silvia Cartwright and representatives of the government and the New Zealand Defence Force. Members of the public were also encouraged to attend. Parliament's Visitor Centre displayed memorabilia of royal visits of past one hundred years. The Ministry for Culture and Heritage hosted an online exhibition on the 1953-54 visit on its website. New Zealanders were asked to submit the memories of the royal visit exhibition to highlight the importance of royal visits for many people. Te Papa, the national museum, hosted a major exhibition on the 1953-54 royal visit which opened in May 2003.



Royal tour



Following her tour of Jamaica, the Queen next toured New Zealand, making stops in Auckland, Taupō, Christchurch, and Wellington. She and the Duke of Edinburgh arrived in the country on 22 February, just after Prime Minister Helen Clark said in a speech that she felt it ""inevitable that New Zealand will become a republic."" The royal couple were greeted by the Governor-General and other officials when they disembarked from the Royal Flight; Clark was absent, as she was at a meeting of centre-left leaders in Stockholm, Sweden. A low turn out was reported to see the Queen when she arrived at the airport, while an estimated 4,000 people came to view the Queen in Auckland. During the tour, the Queen met the world's first transsexual MP Georgina Beyer. The Queen was presented with a gift from the government and people of New Zealand of the Dictionary of New Zealand Biography and the New Zealand Historical Atlas.

= Papua New Guinea 

= To commemorate the Queen's Golden Jubilee, a fine arts exhibition, entitled 20 Portraits and other Works, was held in Papua New Guinea in June 2002. Artists were asked to display a portrait of the Queen, specially made for the exhibition. The winning portrait by painter Laben John was presented as a gift to the Queen by Jean Kekedo, Papua New Guinean High Commissioner to the UK, on 16 July 2002. The runner-up portrait—Her Majesty in the Land of the Unexpected—painted by Jeffry Feeger, depicts the Queen in Papua New Guinean traditional regalia. The painting was sent to Papua New Guinean High Commission in London, where it is on permanent display.

= Saint Lucia 

= The Golden Jubilee festivities in Saint Lucia started in February 2002 and continued until February 2003. The year-long commemoration featured a military tattoo on Mindoo Phillip Park and a reception for the Queen's birthday at Government House, among other events. The themes for Saint Lucia's Jubilee celebrations included the Commonwealth, celebration, community service, looking forward, looking backward and giving thanks. On June 9, Governor-General Dame Pearlette Louisy led a Service of Celebration at the Minor Basilica of the Immaculate Conception to commemorate the Queen's Golden Jubilee. Governor-General Louisy, Prime Minister Kenny Anthony, and several others honored the Queen during the ceremony. The government of Saint Lucia announced in its 2002 Throne Speech that to celebrate the Queen's Jubilee in a significant national way, it had declared the year the ""Jubilee Year of the Arts"". Two main events were held that year: the National Arts Festival and Awards and the observance of the twentieth anniversary of the National Festival of Lights.

= United Kingdom 

= Celebrations for Elizabeth II's Golden Jubilee took place throughout the United Kingdom between May and July 2002. In the lead-up to those festive weeks, the British media—The Guardian, in particular—predicted that the jubilee would be a failure, arguing that Britain was no longer interested in the monarchy; a pervading sense of apathy amongst the populace seemed to confirm this. However, the predictions were proven wrong, especially during the official jubilee weekend, when people numbering in the hundreds of thousands turned out to participate in the fêtes. These festivities culminated in the 4 June event on The Mall in London, when over one million attended the parade and flypast. It was on 3 March that the Queen and the Duke of Edinburgh returned to London from Australia. Eight days later, on Commonwealth Day, the Commonwealth Secretariat unveiled at Buckingham Palace a portrait of Elizabeth, painted by Chinwe Chukwuogo-Roy that had been commissioned to mark the Queen's 50 years as Head of the Commonwealth; the work now hangs at Marlborough House, with a study kept as part of the Queen's collection at St James's Palace. British artist Lucian Freud had also presented the Queen with a portrait of her wearing a diamond crown at Buckingham Palace, which was commissioned by the Royal Household and later displaced at the exhibition Royal Treasures: A Golden Jubilee Celebration. At the end of the month, however, the Queen was dealt another blow when her mother died on 30 March; the Commonwealth realms observed a period of mourning, and on 9 April, the day of her funeral, more than one million people filled the area outside Westminster Abbey and along the 23-mile (37 km) route from central London to the Queen Mother's final resting place beside her husband and younger daughter in St George's Chapel at Windsor Castle. Plans for the Golden Jubilee in the United Kingdom went ahead as planned, and, after a dinner hosted by Tony Blair at 10 Downing Street for her and all her living former British Prime Ministers (Sir John Major, Margaret Thatcher, Sir Edward Heath, and James Callaghan), the Queen officially launched the celebrations in the UK with a speech to both houses of the British parliament at Westminster Hall on 30 April, marking the fifth time in five decades that Elizabeth II addressed her British parliament on her own account. The Queen spoke of 50 unforgettable years and the changes to British life and society in that time, and elaborated that the monarchy must change also; Elizabeth said she had ""witnessed the transformation of the international landscape through which [the United Kingdom] must chart its course"" and declared her ""resolve to continue, with the support of [the Royal Family], to serve the people... to the best of [her] ability through the changing times ahead."" Amongst several other events independently organised to celebrate the Jubilee in 2002 were the British Army's staging at Portsmouth of a special parade of 6,000 personnel from all three branches of the British Armed Forces. This contrasted with the vastly larger events of past royal jubilees, in that there was no Royal Naval Fleet Review, or large scale Army Review. The Queen's bodyguards paraded together for the first time in their respective histories, when the Honourable Corps of Gentlemen at Arms, Yeomen of the Guard and Royal Company of Archers, plus the Yeomen Warders of the Tower of London, the Military Knights of Windsor and In-Pensioners of the Royal Hospital undertook a parade at Buckingham Palace on 5 July. The Queen also hosted a banquet for all of Europe's reigning kings and queens, one for all her incumbent Governors-General, and garden parties at both Buckingham Palace and Holyrood Palace for people born on Accession Day 1952. Around the country, street parties were organised, for which some 40,000 toolkits were distributed. The Golden Jubilee Poetry competition was held for children aged from 7 to 18 which invited the children to submit a poem about how the United Kingdom changed over the last 50 years. The winner was invited to Buckingham Palace to receive a specially commissioned medal from the Queen. All entries were preserved for posterity in the Royal Archives at Windsor Castle.



Goodwill visits



For the Queen's goodwill visits, which commenced on 1 May, two to three days were spent in each corner of England; the Queen and the Duke first stopped in Cornwall, Devon, and Somerset before travelling to Tyne and Wear, then finally to Buckinghamshire and Berkshire. On 13 May, the couple were received in Northern Ireland, and visited such areas as County Fermanagh, Cookstown, and Omagh. Then, throughout much of mid-May, the royal couple were in London devoting much time to the promotion of the arts, attending the Chelsea Flower Show, dedicating the Queen's Gallery at Buckingham Palace, and attending a reception at the Royal Academy of Arts. The jubilee trips recommenced on 23 May with a six-day trip to Scotland; the royals first stopped in Glasgow, and then travelled on to Edinburgh, Dundee, Stornoway and Aberdeen, and, following the jubilee weekend in London, the Queen and the Duke of Edinburgh on 7 June toured West Sussex, spent three days in Wales, touring Anglesey, Llanelli, and Cardiff. The next month, the royal couple made two-day trips to the West Midlands, Yorkshire (where the Queen visited the set of the soap opera Emmerdale), and the counties of Suffolk and Norfolk, as well as undertaking a three-day goodwill trip to Liverpool and Manchester, where the Queen opened the 2002 Commonwealth Games. The Queen closed out July by touring the East Midlands, and ended her domestic tour by visiting Lancashire. As part of her Golden Jubilee tour of the United Kingdom, the Queen visited a London Hindu temple, the Manchester Jewish Museum, an Islamic centre in Scunthorpe and a Sikh temple in Leicester, to recognise the growth of religious and cultural diversity across the country. Other members of the royal family visited a Jain temple, a Zoroastrian thanksgiving service and a Buddhist gathering during the Jubilee year.



Golden Jubilee Weekend



The Golden Jubilee Weekend took place between 1 and 4 June 2002 in London, for which the Queen and the Duke of Edinburgh left Scotland on 29 May to make final preparations. On the first evening, the Saturday, the Prom at the Palace took place in the Buckingham Palace Garden and highlighted classical music; out of the two million who applied for tickets, 12,500 people were selected to attend, making the event the largest ever held on the royal property. The crowds were entertained by the BBC Symphony Orchestra and BBC Symphony Chorus, conducted by Sir Andrew Davis, and guest vocalists included Kiri Te Kanawa, Thomas Allen, Angela Gheorghiu, and Roberto Alagna. Earlier in the day, Cardiff Bay hosted performances by Europe and the UK's street theatre artists and a gala was held at Belfast City Hall. The following day, the Queen and her husband attended a church service at St. George's Chapel, Windsor Castle, while their family were present at thanksgiving services elsewhere in the United Kingdom; the Prince of Wales and his sons, Princes William and Harry, in Swansea; the Earl and Countess of Wessex in Salisbury; and the Princess Royal in Ayr. On the same day, the Welsh National Opera gave a performance in Cardiff Bay. After time on 3 June touring Eton and Slough and watching a parade in Windsor, Queen Elizabeth II and the Duke of Edinburgh returned to London and the former at 1:00 pm launched the nationwide BBC Music Live Festival, in which more than 200 towns and cities across the United Kingdom publicly played the Beatles song ""All You Need Is Love"". During the day, street parties were held around the country, and that evening, the Queen, the Duke, and other members of the immediate Royal Family, made themselves present at another concert on the grounds of Buckingham Palace; this fête, called Party at the Palace, showcased achievements in pop music over the previous 50 years, with headlining acts including Paul McCartney, Eric Clapton, Cliff Richard, and Tony Bennett. Queen guitarist Brian May commenced the event by playing his arrangement of ""God Save the Queen"" from the roof of the palace, and Paul McCartney concluded the night with such numbers as ""While My Guitar Gently Weeps"" and ""Hey Jude"", which were each performed before and after the Queen lit the National Beacon at the Victoria Memorial, the last in a string of 2,006 beacons to be lit in a chain throughout the world, echoing Queen Victoria's own Golden Jubilee in 1887. 12,000 guests were allowed into the concert, while an additional one million people thronged The Mall to watch and listen to the festivities on giant television screens and join in with the palace audience's singing from outside the gates of Buckingham Palace, and a further 200 million watched the televised event around the world. On 4 June, the entire royal family and 2,400 guests attended a national service of thanksgiving at St Paul's Cathedral, to which the Queen rode in the Gold State Coach. The procession to the cathedral began with a 41-gun salute in Hyde Park and 700,000 people lined the streets to watch the royal family on their way to the service. The thanksgiving service was followed by lunch at the Guildhall. There the Queen addressed the crowd and expressed pride at the Commonwealth's achievements, both during her reign as queen and throughout time; Elizabeth was quoted as saying: ""Gratitude, respect and pride, these words sum up how I feel about the people of this country and the Commonwealth—and what this Golden Jubilee means to me."" Then the jubilee parade, which included 20,000 participants, started along The Mall in the early afternoon. Veterans, volunteers, members of the ambulance service, the Automobile Association and the British Red Cross took part in the parade. In addition to entertainers performing for the Queen, numerous floats were decorated to illustrate British life through the years of Elizabeth's reign and driven through The Mall. The parade concluded with 5,000 adults and children from the 54 member-states of the Commonwealth of Nations marching in their various national costumes before the Queen and presenting to her a ""rainbow of wishes"", consisting of handwritten notes from school children across the Commonwealth. In front of more than one million people, the Royal Family assembled on the balcony of the Centre Room of Buckingham Palace and watched a flypast consisting of every type of Royal Air Force aircraft in service (27 in all), Concorde, and the Red Arrows. There was only one publicly noted negative event in relation to the jubilee when approximately 40 activists, mostly drawn from the anarchist Movement Against the Monarchy, were arrested during a protest in the run-up to the Jubilee Weekend.

= Turks and Caicos Islands 

= In the Turks and Caicos Islands, a British Overseas Territory, for the first four days of June, celebrations took place throughout the Islands, presided over by Governor Mervyn Jones. The Public Relations Department of the Tourist Board for the Jubilee Committee produced the Jubilee Souvenir Brochure, with text and images covering historical Royal Visits provided by the National Museum; only 5,000 were produced, issue number 1 being given to Queen Elizabeth II herself. The museum also provided photographs for the production of three sets of stamps, and, for the Jubilee Weekend, prepared a temporary exhibition on royal visits, with other items from the past, such as the coronation medals issued in to some local residents in 1953. Other items produced to commemorate the Jubilee were a straw crown made on Middle Caicos by Loathie Harvey and Judy Geddis, two 20-crown coins, and a badge given to all school children as a memento of the historic occasion.

 Celebrations outside the Commonwealth 

The Golden Jubilee was also marked in New York City, where the pinnacle of the Empire State Building was lit in royal purple and gold. The city's mayor, Michael Bloomberg, and officials at the British consulate said the tribute was a sign of thanks both to the Queen for having had the American national anthem played at Buckingham Palace during the Changing of the Guard on 13 September 2001 and to the British people for their support afterwards. It had been more than 10 years since the Empire State Building gave such an honour to an individual not from the United States; the most recent instance was when Nelson Mandela visited New York after his release from prison in 1990.

 Monuments and souvenirs 

Before, during, and after the jubilee year, souvenirs were created, monuments unveiled, and public works named in commemoration of the royal event. In Australia, Australia Post released a special stamp combining old and new images of Queen Elizabeth II, along with a booklet outlining the Queen's reign. In Canada, the Governor-in-Council earmarked Can$250,000 as a donation in the Queen's name to the Dominion Institute's Memory Project, aimed at educating Canadian youth on the experiences and contributions of the country's veterans from the First World War through to modern peacekeeping missions. The provinces also marked the milestone; the Ontario Governor-in-Council, on the advice of his premier, approved the renaming of Dalton Digby Wildlands Provincial Park as the Queen Elizabeth II Wildlands Provincial Park and, in Saskatchewan, an equestrian statue of Queen Elizabeth II was commissioned and erected alongside the Queen Elizabeth II Gardens on the grounds of the Legislative Building. In Alberta, the Queen Elizabeth II Golden Jubilee Recognition Act established the Queen's Golden Jubilee Citizenship Medal, the Queen's Golden Jubilee Scholarship for the Visual and Performing Arts, and the Premier's Citizenship Award in Recognition of the Queen's Golden Jubilee. A special £5 coin was released in the United Kingdom to celebrate the event, and the annual Queen's Golden Jubilee Award for volunteer service groups was founded in 2002, while private enterprises produced various ornaments and trinkets as memorabilia of the jubilee; manufacturers such as Spode created various forms of commemorative china and crystalware. At Windsor Castle, the Jubilee Gardens were opened, the first new public area to be created since 1820, and a 167 feet (51-metre) inverted roller coaster, Jubilee Odyssey, was constructed at the Fantasy Island theme park in Lincolnshire. Cedars Park, Cheshunt, Hertfordshire had an entrance gate erected to commemorate the Jubilee. The park is of historical significance as the site of Theobalds Palace, which accommodated several royals before its destruction in the Civil War.

 See also 

Queen Elizabeth II Golden Jubilee Medal 2002 Golden Jubilee Honours Great British Trees Silver Jubilee of Elizabeth II Ruby Jubilee of Elizabeth II Diamond Jubilee of Elizabeth II Sapphire Jubilee of Elizabeth II Platinum Jubilee of Elizabeth II List of monarchs in Britain by length of reign List of jubilees of British monarchs

 References 

== External links

 CBC website on the Golden Jubilee BBC website on the Golden Jubilee Archives of Ontario celebrates the Queen's Golden Jubilee Town of Markham, Ontario: Golden Jubilee, The Fiftieth Anniversary of the Reign of Her Majesty Queen Elizabeth II Archived 21 September 2017 at the Wayback Machine The Queen's Golden Jubilee at royal.gov.uk Official Golden Jubilee website Archived Golden Jubilee: A Canadian Celebration Golden Jubilee: A Canadian Celebration- General Information 2002 Royal Visit to Canada Citizens' Messages to Her Majesty The Queen The London String of Pearls Golden Jubilee Festival  Golden Jubilee Stamp Show for 2002 Accession Day Garden Parties Golden Jubilee The Queen's programme for the Jubilee Monarchist League of Canada Jubilee website Yukon Government website Her Majesty The Queen's Golden Jubilee at gg.ca Queen Elizabeth II's Golden Jubilee — 2002 at The Canadian Encyclopedia","The Golden Jubilee of Elizabeth II was the international celebration held in 2002 marking the 50th anniversary of the accession of Queen Elizabeth II on 6 February 1952. It was intended by the Queen to be both a commemoration of her 50 years as monarch and an opportunity for her to officially and personally thank her people for their loyalty.
Despite the deaths of her sister, Princess Margaret, and her mother, Queen Elizabeth The Queen Mother, in February and March 2002 respectively, and predictions in the media that the anniversary would be a non-event, the jubilee was marked with large-scale and popular events throughout London in June of the same year, bookended by events throughout the Commonwealth realms. Elizabeth attended all of the official celebrations as scheduled, along with her husband, Prince Philip, Duke of Edinburgh; over twelve months, the royal couple journeyed more than 40,000 miles (64,000 km) to the Caribbean, Australia, New Zealand, then around the United Kingdom, and wrapped up the jubilee year in Canada. Numerous landmarks, parks, buildings, and the like, were also named in honour of the golden jubilee and commemorative medals, stamps, and other symbols were issued.
There were six key themes of the Golden Jubilee celebrations: 'Celebration', 'Giving Thanks', 'Service', 'Involving the Whole Community', 'Looking Forward as Well as Back', and 'Commonwealth'.

",4474,27745.0,Queen Elizabeth II,2000s,biography,English,Formal,,
qe2_jewels_of_elizabeth_ii,related_article,Jewels of Elizabeth II,https://en.wikipedia.org/wiki/Jewels_of_Elizabeth_II,Jewels of Elizabeth II,2025-10-04T13:52:52.920867,2025-10-04T14:01:53.767380,"Elizabeth II owned a historic collection of jewels – some as monarch and others as a private individual. They are separate from the gems and jewels of the Royal Collection, and from the coronation and state regalia that make up the Crown Jewels. The origin of a distinct royal jewel collection is vague, though it is believed the jewels have their origin somewhere in the 16th century. Many of the pieces are from overseas and were brought to the United Kingdom as a result of civil war, coups and revolutions, or acquired as gifts to the monarch. Most of the jewellery dates from the 19th and 20th centuries. The Crown Jewels are worn only at coronations (St Edward's Crown being used to crown the monarch) and the annual State Opening of Parliament (the Imperial State Crown). At other formal occasions, such as banquets, Elizabeth II wore the jewellery in her collection. She owned more than 300 items of jewellery, including 98 brooches, 46 necklaces, 37 bracelets, 34 pairs of earrings, 20 tiaras, 15 rings, 14 watches and 5 pendants, the most notable of which are detailed in this article. 

History

 

= General history

= Unlike the Crown Jewels—which mainly date from the accession of Charles II—the jewels are not official regalia or insignia. Much of the collection was designed for queens regnant and queens consort, though some kings have added to the collection. Most of the jewellery was purchased from other European heads of state and members of the aristocracy, or handed down by older generations of the royal family, often as birthday and wedding presents. In recent years, Elizabeth had worn them in her capacity as Queen of Australia, Canada and New Zealand, and can be seen wearing jewels from her collection in official portraits made specially for these realms. 

= House of Hanover dispute

= In 1714, with the accession of George I, the Kingdom of Great Britain and the Kingdom of Hanover both came to be ruled in personal union by the House of Hanover. Early Hanoverian monarchs were careful to keep the heirlooms of the two realms separate. George III gave half the British heirlooms to his bride, Charlotte of Mecklenburg-Strelitz, as a wedding present. In her will, Charlotte left the jewels to the 'House of Hanover'. The Kingdom of Hanover followed the Salic Law, whereby the line of succession went through male heirs. Thus, when Queen Victoria acceded to the throne of the United Kingdom, her uncle Ernest Augustus, Duke of Cumberland and Teviotdale became King of Hanover. King Ernest demanded a portion of the jewellery, not only as the monarch of Hanover but also as the son of Queen Charlotte. Victoria flatly declined to hand over any of the jewels, claiming they had been bought with British money. Ernest's son, George V of Hanover, continued to press the claim. Victoria's husband, Prince Albert, suggested that she make a financial settlement with the Hanoverian monarch to keep the jewels, but Parliament informed Queen Victoria they would neither purchase the jewels nor loan funds for the purpose. A parliamentary commission was set up to investigate the matter and in 1857 they found in favour of the House of Hanover. On 28 January 1858, seven years after Ernest's death, the jewels were handed to the Hanoverian Ambassador, Count Adolf von Kielmansegg. Victoria did manage to keep one of her favourite pieces of jewellery: a fine rope of pearls. 

Ownership and value

 Some pieces of jewellery made before the death of Queen Victoria in 1901 are regarded as heirlooms owned by the monarch in right of the Crown and pass from one monarch to the next in perpetuity. Objects made later, including official gifts, can also be added to that part of the Royal Collection at the sole discretion of a monarch. It is not possible to say how much the collection is worth because the jewels have a rich and unique history, and they are unlikely to be sold on the open market. In the early 20th century, five other lists of jewellery, which have also never been published, supplemented those left to the Crown by Queen Victoria: Jewels left to the Crown by Queen Victoria Jewels left by Her Majesty to His Majesty the King (Edward VII) Jewels left to King Edward VII by Queen Victoria, hereinafter to be considered as belonging to the Crown and to be worn by all future queens in right of it Jewels the property of King George V Jewels given to the Crown by Queen Mary Jewels given to the Crown by King George V 

Tiaras

 

= Delhi Durbar Tiara

= The Delhi Durbar Tiara was made by Garrard & Co. for Queen Mary, the wife of King George V, to wear at the Delhi Durbar in 1911. As the Crown Jewels never leave the country, George V had the Imperial Crown of India made to wear at the Durbar, and Queen Mary wore the tiara. It was part of a set of jewellery made for Queen Mary to use at the event which included a necklace, stomacher, brooch and earrings. Made of gold and platinum, the tiara is 8 cm (3 in) tall and has the form of a tall circlet of lyres and S-scrolls linked by festoons of diamonds. It was originally set with 10 of the Cambridge emeralds, acquired by Queen Mary in 1910 and first owned by her grandmother, the Duchess of Cambridge. In 1912, the tiara was altered to take one or both of the Cullinan III and IV diamonds; the pear-shaped diamond was held at the top, and the cushion-shaped stone hung in the oval aperture underneath. Mary lent the tiara to Queen Elizabeth (later the Queen Mother) for the 1947 royal tour of South Africa, and it remained with her until she died in 2002, when it passed to Elizabeth II. In 2005, Elizabeth II lent the tiara to her daughter-in-law the Duchess of Cornwall (now Queen Camilla). 

= Queen Mary Fringe Tiara

= This tiara, which can also be worn as a necklace, was made for Queen Mary in 1919. It has 47 tapering bars, set with brilliant-cut and rose-cut diamonds, alternated with smaller spikes with lozenge-set diamonds, involving gold and silver settings. It was designed to be a ""Russian"" pattern, based on kokoshoniks, and was made by Garrard & Co. It is not, as has sometimes been claimed, made with diamonds that once belonged to George III, but reuses diamonds taken from a necklace/tiara purchased by Queen Victoria from Collingwood & Co. as a wedding present for Princess Mary in 1893. In August 1936, Mary gave the tiara to her daughter-in-law Queen Elizabeth (later the Queen Mother). When Queen Elizabeth, consort of King George VI, first wore the tiara, Sir Henry Channon called it ""an ugly spiked tiara"". Later, she lent the piece to her daughter, Princess Elizabeth (future Elizabeth II), as ""something borrowed"" for her wedding to Prince Philip in 1947. As Princess Elizabeth was getting dressed at Buckingham Palace before leaving for Westminster Abbey, the tiara snapped. Luckily, a Garrard jeweller was standing by in case of any emergency, and was rushed to his work room by a police escort. Queen Elizabeth (later the Queen Mother) reassured her daughter that it would be fixed in time, and it was. The Queen Mother lent it to her granddaughter, Princess Anne, for her wedding to Captain Mark Phillips in 1973. It was later lent to Princess Beatrice for her wedding to Edoardo Mapelli Mozzi in 2020. It was exhibited with a number of other royal tiaras in 2001. 

= Queen Adelaide's Fringe Necklace

= The Queen Adelaide's Fringe Necklace is a circlet incorporating brilliant diamonds that were formerly owned by George III. Originally commissioned in 1830 and made by Rundell, Bridge & Co, the necklace has been worn by many queens consort. Originally, it could be worn as a collar or necklace. Queen Victoria modified it so it could be mounted on a wire to form the tiara. Queen Victoria wore it as a tiara during a visit to the Royal Opera in 1839. In Franz Xaver Winterhalter's painting The First of May, completed in 1851, Victoria can be seen wearing it as she holds Prince Arthur, the future Duke of Connaught and Strathearn. In a veiled reference to the adoration of the Magi, the Duke of Wellington is seen presenting the young prince with a gift. It was classified as an ""heirloom of the Crown"" in Garrard's 1858 inventory of Queen Victoria's jewels. 

= Grand Duchess Vladimir Tiara

= The Grand Duchess Vladimir Tiara (Владимирская тиара), sometimes the Diamond and Pearl Tiara, was bought, along with a diamond rivière, by Queen Mary from Grand Duchess Elena Vladimirovna of Russia, mother of the Duchess of Kent, in 1921 for a price of £28,000. The grand duchess, known after her marriage as Princess Nicholas of Greece, inherited it from her mother, Grand Duchess Maria Pavlovna, who received it as a wedding gift from her husband in 1874. It originally had 15 large drop pearls, and was made by the jeweller Carl Edvard Bolin at a cost of 48,200 rubles. During the Russian Revolution in 1917, the tiara was hidden with other jewels somewhere in Vladimir Palace in Petrograd, and later saved from Soviet Russia by Albert Stopford, a British art dealer and secret agent. In the years to follow, Princess Nicholas sold pieces of jewellery from her collection to support her exiled family and various charities. Queen Mary had the tiara altered to accommodate 15 of the Cambridge cabochon emeralds. The original drop pearls can easily be replaced as an alternative to the emeralds. Elizabeth II inherited the tiara directly from her grandmother in 1953. It is almost exclusively worn together with the Cambridge and Delhi Durbar parures, also containing large emeralds. Elizabeth wore the tiara in her official portrait as Queen of Canada as none of the Commonwealth realms besides the United Kingdom have their own crown jewels. 

= Girls of Great Britain and Ireland Tiara

= Elizabeth II's first tiara was a wedding present in 1947 from her grandmother, Queen Mary, who received it as a gift from the Girls of Great Britain and Ireland in 1893 on the occasion of her marriage to the Duke of York, later George V. Made by E. Wolfe & Co., it was purchased from Garrard & Co. by a committee organised by Lady Eva Greville. In 1914, Mary adapted the tiara to take 13 diamonds in place of the large oriental pearls surmounting the tiara. Leslie Field, author of The Queen's Jewels, described it as, ""a festoon-and-scroll with nine large oriental pearls on diamond spikes and set on a base of alternate round and lozenge collets between two plain bands of diamonds"". At first, Elizabeth wore the tiara without its base and pearls but the base was reattached in 1969. The Girls of Great Britain and Ireland Tiara is one of Elizabeth's most recognisable pieces of jewellery due to its widespread appearance in portraits of the monarch on British banknotes and coinage. Elizabeth II's daughter-in-law Queen Camilla wore this tiara for the first time when she visited Mansion House in 2023. 

= Burmese Ruby Tiara

= Elizabeth ordered the Burmese Ruby Tiara in 1973, and it was made by Garrard & Co. It is designed in the form of a wreath of roses, with silver and diamonds making the petals, and clusters of gold and rubies forming the centre of the flowers. A total of 96 rubies are mounted on the tiara; they were originally part of a necklace given to her in 1947 as a wedding present by the people of Burma (now Myanmar), who credited them with having the ability to protect their owner from sickness and evil. The diamonds were taken from a floral tiara made by Cartier in 1935 and chosen by Elizabeth herself as her wedding present from the wealthy Nizam of Hyderabad. While this floral tiara was dismantled, rose brooches were preserved. 

= Queen Alexandra's Kokoshnik Tiara

= The Kokoshnik Tiara was presented to Alexandra, Princess of Wales, as a 25th wedding anniversary gift in 1888 by Lady Salisbury on behalf of 365 peeresses of the United Kingdom. She had always wanted a tiara in the style of a kokoshnik (Russian for ""cock's comb""), a traditional Russian folk headdress, and knew the design well from a tiara belonging to her sister, Maria Feodorovna, the Empress of Russia. It was made by Garrard & Co. and has vertical white gold bars pavé-set with diamonds, the longest of which is 6.5 cm (2.5 in). In a letter to her aunt, the Grand Duchess of Mecklenburg-Strelitz, Princess Mary wrote, ""The presents are quite magnificent [...] The ladies of society gave [Alexandra] a lovely diamond spiked tiara"". Upon the death of Queen Alexandra, the tiara passed to her daughter-in-law Queen Mary, who bequeathed it to Elizabeth in 1953. The tiara is featured in a 1960 portrait of the Queen taken by Anthony Buckley, which was used as the banknote portrait of the Queen for several countries and territories. The tiara is also featured on a 1979 New Zealand coin effigy of the Queen designed by James Berry. 

= Queen Mary's Lover's Knot Tiara

= In 1913, Queen Mary asked Garrard & Co. to make a copy of a tiara owned by her grandmother, Princess Augusta of Hesse-Kassel, using Queen Mary's own diamonds and pearls. French in its neo-classical design, the tiara has 19 oriental pearls suspended from lover's knot bows each centered with a large brilliant. Originally, the tiara had 38 pearls; 19 on the upright side and 19 hanging from the arches. The 19 upright pearls were removed. Mary left the tiara to Elizabeth II, who later loaned it to Diana, Princess of Wales, for her wedding, but she wore her family tiara instead. She wore it often, notably with her 'Elvis dress' on a visit to Hong Kong in 1989, but on her divorce from Prince Charles it was returned to Elizabeth. Catherine, Princess of Wales has worn it to a number of state occasions since 2015. 

= Meander Tiara

= This tiara was a wedding present to Elizabeth from her mother-in-law, Princess Andrew of Greece and Denmark. The Meander Tiara is in the classical Greek key pattern, with a large diamond in the centre enclosed by a laurel wreath of diamonds. It also incorporates a wreath of leaves and scrolls on either side. Elizabeth II never wore this item in public, and it was given in 1972 to her daughter, Princess Anne, who has frequently worn the tiara in public, notably during her engagement to Captain Mark Phillips and for an official portrait marking her 50th birthday. Anne lent the tiara to her daughter, Zara Philips, to use at her wedding to Mike Tindall in 2011. 

= Cartier Halo Tiara

= This tiara, made by Cartier in 1936, was purchased by the Duke of York (later King George VI) for his wife (later the Queen Mother) three weeks before they became king and queen. It has a rolling cascade of 16 scrolls that converge on two central scrolls topped by a diamond. Altogether, it contains 739 brilliants and 149 baton diamonds. The tiara was given to Elizabeth on her 18th birthday in 1944, and was borrowed by Princess Margaret, who used it at the 1953 coronation of Queen Elizabeth II. Later, Elizabeth lent the Halo Tiara to Princess Anne, before giving her the Greek Meander Tiara in 1972. The Halo Tiara was lent to the then Duchess of Cambridge to wear at her wedding to Prince William in 2011. 

= Greville Honeycomb Tiara

= This tiara was left to Queen Elizabeth (later the Queen Mother) by Dame Margaret Greville upon Greville's death in 1942. Made by Boucheron in 1920, the tiara features a honeycomb-patterned diamond lattice and was a favorite of the Queen Mother. In 1953, the Queen Mother commissioned Cartier to modify its height by rearranging the diamonds located on the upper row. Elizabeth II inherited the tiara from her mother in 2002 and subsequently placed it under long-term loan to the then Duchess of Cornwall. 

= Queen Mary's Diamond Bandeau Tiara

= The tiara was made in 1932 for Queen Mary. Its centre brooch had been a wedding gift from the County of Lincoln in 1893. The tiara is a platinum band, made up of eleven sections, a detachable centre brooch with interlaced opals and diamonds. The tiara was lent to the Duchess of Sussex to use at her wedding to Prince Harry in 2018. 

= Lotus Flower Tiara

= This tiara was created by Garrard London in the 1920s. Made out of pearls and diamonds, it was made from a necklace originally given to Queen Elizabeth (later the Queen Mother) as a wedding gift. It was often worn by Princess Margaret, upon whose death, the tiara was returned to Elizabeth II. The tiara has been worn at a number of state occasions by Elizabeth II's granddaughter-in-law the Princess of Wales. 

= Strathmore Rose Tiara

= Given to the Queen Mother as a wedding gift by her father the 14th Earl of Strathmore and Kinghorne, this floral piece was worn by the Queen Mother for a few years following her marriage. It was brought from Catchpole and Williams and the flowers can be detached and used as brooches. It became a part of Elizabeth II's collection since her mother's death in 2002. 

= Greville Emerald Kokoshnik Tiara

= Like the Greville Honeycomb Tiara, this tiara was also part of Dame Margaret Greville's 1942 bequest to Queen Elizabeth (later the Queen Mother). The tiara was constructed by Boucheron in 1919 and features diamonds and several large emeralds in a kokoshnik-style platinum setting. Princess Eugenie of York wore the tiara at her October 2018 wedding; this marked the first public wearing of the tiara by a member of the royal family. 

= Queen Mother's Cartier Bandeau

= Composed of ruby, emerald, and sapphire bracelets given to Queen Elizabeth (later the Queen Mother) by King George VI, the set was worn by the Queen Mother in the form of a bandeau. It is now a part of Elizabeth II's collection; she had worn the pieces individually as bracelets over the years and had also lent them to other members of the royal family. 

= Queen Victoria's Oriental Circlet Tiara

= Designed by Prince Albert and made by Garrard for Queen Victoria in 1853. Originally a complete circlet set with diamonds and opals. Remodeled in 1858 to remove diamonds lost in the Hanoverian claim, leaving space open at the back of the tiara. Opals were replaced with rubies by Queen Alexandra in 1902. It is made up of 'Moghul arches and lotus flowers' in diamonds and rubies. The tiara was seen multiple times on the Queen Mother, but Elizabeth II only wore it once during the State Visit to Malta in 2005. 

= Belgian Sapphire Tiara

= The tiara was originally a necklace belonging to Louise of Belgium, Princess of Saxe-Coburg and Gotha in 1858. The Queen bought the necklace which was converted into a tiara in 1963 to add to her collection. She has paired the tiara with George VI Sapphire Parure which was seen multiple times on the state tours in the 60s and 70s. 

= Brazilian Aquamarine Parure Tiara

= This tiara made by Garrard in 1957 comes as part of a set of necklace and earrings gifted to the Queen for her coronation in 1953 by President Getúlio Vargas and the people of Brazil. It is made up of emerald-cut aquamarines and diamonds. It has been redesigned in 1971 with aquamarines given by the Governor of São Paulo in 1968. 

Earrings

 

= Coronation Earrings

= Like the Coronation Necklace, these earrings have been worn by queens regnant and consort at every coronation since 1901. Made for Queen Victoria in 1858 using the diamonds from an old Garter badge, they are of typical design: a large brilliant followed by a smaller one, with a large pear-shaped drop. The drops were originally part of the Koh-i-Noor armlet. After they had been made, Victoria wore the earrings and matching necklace in the painting Queen Victoria by the European court painter, Franz Winterhalter. 

= Queen Victoria's Stud Earrings

= A pair of large, perfectly matched brilliant cut diamonds set as ear studs for Queen Victoria. 

= The Duchess of Gloucester's Pendant Earrings

= These earrings originally had detachable pearl and diamond cluster tops. These tops were given to Princess Elizabeth by Queen Mary in 1947, and Princess Elizabeth wore them on her wedding day. The drops now have a diamond solitaire topper. The pendant earrings have been worn regularly by Queen Elizabeth including important state occasions, such as the State Opening of Parliament in Mauritius in 1972. 

= Queen Mary's Floret Earrings

= These earrings were made for Queen Mary by Garrards, and consist of a large central diamond surrounded by seven smaller diamonds. The two large central diamonds were a wedding present from Sir William Mackinnon. 

= Queen Mary's Cluster Earrings

= These earrings were made for Queen Mary by Garrards. The central stones were a wedding present from the Bombay Presidency. 

= Greville Chandelier Earrings

= These 7.5 cm (3 in) long chandelier earrings made by Cartier in 1929 have three large drops adorned with every modern cut of diamond. The earrings were purchased by Margaret Greville, who left them to her friend the Queen Mother in 1942, and Elizabeth's parents gave them to her in 1947 as a wedding present. However, she was not able to use them until she had her ears pierced. When the public noticed that her ears had been pierced, doctors and jewellers found themselves inundated with requests by women anxious to have their ears pierced too. Catherine, Princess of Wales wore the earrings at the state banquet held following the wedding of Hussein, Crown Prince of Jordan, and Rajwa Al Saif in 2023. 

= Greville Pear-drop Earrings

= As well as the chandelier earrings, and 60 other pieces of jewellery, Margaret Greville left the Queen Mother a set of pear-drop earrings that she had bought from Cartier in 1938. The pear-shaped drop diamonds each weigh about 20 carats (4 g). Diana, Princess of Wales, borrowed them in 1983 to wear on her first official visit to Australia. At a state banquet, she wore the earrings with a tiara from her family's own collection. The Greville Pear-drop Earrings passed to Elizabeth II upon her mother's death in 2002. 

= Bahrain Diamond and Pearl Earrings

= Made out of a ""shell containing seven pearls"" that were given to Elizabeth as a wedding gift by the Hakim of Bahrain, these earrings consist of a round diamond followed by a circle diamond from which three baguette diamonds are suspended. At the bottom, three smaller diamonds are attached to the round pearl. These earrings were occasionally lent by Elizabeth II to her daughters-in-law Diana and Sophie, and granddaughter-in-law Catherine. 

Necklaces

 

= Queen Anne and Queen Caroline Pearl Necklaces

= Both necklaces consist of a single row of large graduated pearls with pearl clasps. The Queen Anne Necklace is said to have belonged to Queen Anne, the last British monarch of the Stuart dynasty. Horace Walpole, the English art historian, wrote in his diary, ""Queen Anne had but few jewels and those indifferent, except one pearl necklace given to her by Prince George"". Queen Caroline, on the other hand, had a great deal of valuable jewellery, including no fewer than four pearl necklaces. She wore all the pearl necklaces to her coronation in 1727, but afterwards had the 50 best pearls selected to make one large necklace. In 1947, both necklaces were given to Elizabeth by her father as a wedding present. On her wedding day, Elizabeth realised that she had left her pearls at St James's Palace. Her private secretary, Jock Colville, was asked to go and retrieve them. He commandeered the limousine of King Haakon VII of Norway, but traffic that morning had stopped, so even the king's car with its royal flag flying could not get anywhere. Colville completed his journey on foot, and when he arrived at St James's Palace, he had to explain the odd story to the guards who were protecting Elizabeth's 2,660 wedding presents. They let him in after finding his name on a guest list, and he was able to get the pearls to the princess in time for her portrait in the Music Room of Buckingham Palace. 

= King Faisal of Saudi Arabia Necklace

= A gift from King Faisal of Saudi Arabia, it is a necklace in design and set with brilliant and baguette cut diamonds. King Faisal bought the necklace, made by the American jeweller Harry Winston, and presented it to Elizabeth II while on a state visit to the United Kingdom in 1967. Before his departure, she wore it to a banquet at the Dorchester hotel. She also lent the necklace to Diana, Princess of Wales, to wear on a state visit to Australia in 1983. It was loaned to Elizabeth's daughter-in-law Sophie, then Countess of Wessex, in 2012. 

= Festoon Necklace

= In 1947, George VI commissioned a three-strand necklace with over 150 brilliant cut diamonds from his inherited collection. It consists of three small rows of diamonds with a triangle motif. The minimum weight of this necklace is estimated to be 170 carats (34 g). The necklace was worn by Catherine, Princess of Wales at the coronation of Charles III in 2023. 

= King Khalid of Saudi Arabia Necklace

= This necklace was given to Elizabeth II by King Khalid of Saudi Arabia in 1979. It is of the sunray design and contains both round and pear shaped diamonds. Like the King Faisal necklace, it was made by Harry Winston, and Elizabeth often lent the necklace to Diana, Princess of Wales. 

= Greville Ruby Floral Bandeau Necklace

= This necklace was made in 1907 by Boucheron for Margaret Greville. It was a part of her 1942 bequest to Queen Elizabeth (later the Queen Mother), and Elizabeth's parents gave them to her in 1947 as a wedding present. She wore the necklace frequently in her younger years up until the 1980s. In 2017, it was loaned to the Duchess of Cambridge for a State Banquet for King Felipe VI of Spain. Elizabeth II wore it again for the first time in over 30 years in 2018 at a dinner as part of the Commonwealth Heads of Government Meeting. 

= Greville Festoon Necklace

= Cartier had the piece designed as a 2-row necklace in 1929 but three more strands were added in 1938 at the owner's request. The piece was frequently worn by Queen Elizabeth The Queen Mother throughout her life. It was worn by the Duchess of Cornwall for the first time during the Commonwealth Heads of Government Meeting in 2007. 

= Nizam of Hyderabad Necklace

= A diamond necklace made by Cartier in the 1930s. It was a gift to Elizabeth on her wedding to Prince Philip from the last Nizam of Hyderabad, Mir Osman Ali Khan, in 1947. The Nizam's entire gift set for the future Queen of the United Kingdom included a diamond tiara and matching necklace, whose design was based on English roses. The tiara has three floral brooches that can be detached and used separately. Catherine, Princess of Wales has also worn the necklace. 

= Coronation Necklace

= Made for Queen Victoria in 1858 by Garrard & Co., the Coronation Necklace is 38 cm (15 in) long and consists of 25 cushion diamonds and the 22-carat (4.4 g) Lahore Diamond as a pendant. It has been used together with the Coronation Earrings by queens regnant and consort at every coronation since 1901. 

= Queen Victoria's Golden Jubilee Necklace

= Presented to Queen Victoria by the Duchess of Buccleuch on 30 July 1888 on behalf of the “Daughters of Her Empire”. Made by Carrington & Co. in 1888. 

= Queen Alexandra's Collet Necklace

= This necklace and a pair of matching earrings were given to Princess Alexandra as a wedding present from the City of London. 

= Queen Alexandra's Dagmar Necklace

= This necklace was given to Princess Alexandra as a wedding present from King Frederick VII of Denmark. The necklace was made by the Danish Court Jeweller and modified by Garrard. 

= Diamond and Pearl Choker

= The four-strand piece of ""layered strings of cultured pearls"" was originally given to Elizabeth from Japan in the 1970s. She wore it to many occasions, including Margaret Thatcher's 70th birthday in 1995. It was loaned to Diana, Princess of Wales, for one of her first engagements as a royal, as well as a 1982 banquet at Hampton Court Palace and a trip to the Netherlands in the same year. Later, the piece was loaned to the Duchess of Cambridge, who wore it to the 70th wedding anniversary of Elizabeth II and Prince Philip in 2017 as well as Philip's funeral in 2021. She later wore it for Elizabeth II's funeral in 2022. 

= South African Necklace

= In 1947, Princess Elizabeth was presented with a necklace consisting of 21 diamonds from the South African government as a 21st birthday present. This was later shortened to 15 diamonds and the remainder was used to create a matching bracelet. 

= City of London Fringe Necklace

= This necklace was a gift from the City of London to Princess Elizabeth on her marriage to Philip. 

= Delhi Durbar Necklace

= This necklace was made by Garrards in 1911 for Queen Mary as part of a suite of jewellery made for the 1911 Delhi Durbar. The diamond pendant is the Cullinan VII, and the 9 cabochon emeralds are from a cache of 40 emeralds won by Princess Augusta, Duchess of Cambridge in a State lottery in Frankfurt. 

Bracelets

 

= Queen Victoria's Bracelet

= This large bracelet is made of five square foliage pieces. It was worn by Queen Victoria for her official Golden Jubilee portrait photograph. It was classified as an ‘heirloom of the Crown’ in 1858. 

= Queen Mary's Bangles

= This pair of bangles were a wedding present from the Bombay Presidency. They were given to Princess Elizabeth by Queen Mary as a wedding present. 

Rings

 

= Cullinan IX Ring

= This ring was thought to be made by Garrards in 1911, and is made using the smallest of the main stones cut from the Cullinan diamond (4.4 carat pear-shaped diamond. 

Brooches

 

= Queen Adelaide's Brooch

= The brooch was made by Rundell, Bridge & Co. in 1831. It was originally commissioned by William IV for Queen Adelaide as a clasp to a necklace. Subsequent Queens have always worn it as a brooch. It is classified as an “heirloom of the Crown” and was inherited by Queen Elizabeth II in 1952. 

= Prince Albert Sapphire Brooch

= The Prince Albert sapphire brooch was given by Prince Albert to Queen Victoria at Buckingham Palace on 9 February 1840. It was the day before their wedding, and Victoria wrote in her diary that Albert came to her sitting room and gave her ""a beautiful sapphire and diamond brooch"". 

= Queen Victoria's Diamond Fringe Brooch

= This piece is made out of ""nine chains pave-set with brilliant-cut diamonds"" at the bottom and larger diamonds put together at the top, which were given to Queen Victoria by the Ottoman Sultan in 1856. The piece was frequently worn by Queen Elizabeth the Queen Mother, and after her death it formed part of Elizabeth II's collection. 

= Queen Victoria's Bow Brooches

= These brooches were made in 1858 for Queen Victoria by R. & S. Garrard & Co. They were designated as “heirlooms of the Crown” by Queen Victoria. 

= Queen Victoria's Wheat-Ear Brooches

= Six wheat-ear brooches or hair ornaments were commissioned by William IV for Queen Adelaide, and made in 1830 by Rundell, Bridge & Co. Three were remade in 1858 after the successful Hanover claim. They were designated heirlooms of the crown by Queen Victoria. 

= Queen Victoria's Diamond Jubilee Brooch

= Made by Garrard in 1897, and was given to her by her Household as part of her Diamond Jubilee celebrations. It was designated as an “heirloom of the Crown” by Queen Victoria. 

= Queen Mary's Dorset Bow Brooch

= Made out of gold and silver and set with pave-set brilliants and a hinged pendant loop, the brooch resembles a ribbon-tied bow. The piece was made in 1893 by Carrington & Co. as a wedding present by County of Dorset to Mary, Duchess of York (later Queen Mary). Mary gave the brooch to her granddaughter Princess Elizabeth (later Elizabeth II) in 1947 as a wedding present. 

= Duchess of Cambridge's Pearl Pendant Brooch

= Made by Garrard for Augusta, Duchess of Cambridge, it features a large pearl surrounded by a cluster of diamonds. Hanging from it as a pendant is a smaller pearl. It was inherited by Augusta's daughter, Mary Adelaide, Duchess of Teck, who passed it on to her daughter, Queen Mary. The piece had been worn occasionally by Queen Elizabeth II and appeared in the first formal joint portrait of Catherine, Duchess of Cambridge, with her husband Prince William. 

= Richmond Brooch

= The Richmond Brooch was made by Hunt and Raskell in 1893, and given to Queen Mary as a wedding present. She wore it on her honeymoon, and bequeathed it to Elizabeth after her death. It features ""diamonds, set with two pearls—one large round center pearl and the detachable pearl"", as well as a pear-shaped, pearl-drop component that is removable. The grand diamond piece is one of the largest within Elizabeth II's collection. Elizabeth had worn it to many evening receptions and engagements, including the 2018 Festival of Remembrance and the 2021 funeral of her husband. 

= Cullinan III & IV (""Granny's Chips"")

= Cullinan III and IV are two of several stones cut from the Cullinan Diamond in 1905. The large diamond, found in South Africa, was presented to Edward VII on his 66th birthday. Two of the stones cut from the diamond were the 94.4-carat (18.88 g) Cullinan III, a clear pear-shaped stone, and a 63.6-carat (12.72 g) cushion-shaped stone. Queen Mary had these stones made into a brooch with the Cullinan III hanging from IV. Elizabeth II inherited the brooch in 1953 from her grandmother. On 25 March 1958, while she and Prince Philip were on a state visit to the Netherlands, she revealed that Cullinan III and IV are known in her family as ""Granny's Chips"". The couple visited the Asscher Diamond Company, where the Cullinan had been cut 50 years earlier. It was the first time the Queen had publicly worn the brooch. During her visit, she unpinned the brooch and offered it for examination to Louis Asscher, the brother of Joseph Asscher who had originally cut the diamond. Elderly and almost blind, Asscher was deeply moved by her bringing the diamonds, knowing how much it would mean to him seeing them again after so many years. 

= Cullinan V

= The smaller 18.8-carat (3.76 g) Cullinan V is a heart-shaped diamond cut from the same rough gem as III and IV. It is set in the centre of a platinum brooch that formed a part of the stomacher made for Queen Mary to wear at the Delhi Durbar in 1911. The brooch was designed to show off Cullinan V and is pavé-set with a border of smaller diamonds. It can be suspended from the VIII brooch and can be used to suspend the VII pendant. It was often worn like this by Mary who left all the brooches to Elizabeth when she died in 1953. 

= Cullinan VI and VIII Brooch

= The Cullinan VI stone (11.5 carats) was bought for Queen Alexandra by Edward VII in 1908. Since Queen Mary inherited it, it has been worn as a pendant to the Cullinan VIII brooch (6.8 carats). 

= Diamond Maple Leaf Brooch

= The piece was crafted by J. W. Histed Diamonds Ltd. in Vancouver, Canada. It holds baguette-cut diamonds mounted in platinum, formed in the shape of the sugar maple tree leaf, the national emblem of Canada. The brooch was originally presented to Queen Elizabeth (later the Queen Mother) on her tour of Canada with her husband in 1939. The piece was worn by Elizabeth II, then a princess, on her 1951 trip to Canada, and multiple instances since both within the country and in Britain. It was worn by the Duchess of Cornwall (now Queen Camilla) on her trips to the nation in 2009 and 2012. The Duchess of Cambridge (now the Princess of Wales) has worn it during both her tours of Canada in 2011 and 2016. 

= The Queen's Cartier Aquamarine Clips

= This pair of aquamarine and diamond clips was given to Princess Elizabeth as an 18th birthday present by her parents. 

= New Zealand Silver Fern Brooch

= The brooch was given to Elizabeth II by Annie Allum, wife of John Allum, Mayor of Auckland, during her 1953 visit to New Zealand, as a Christmas present ""from the women of Auckland"". It is ""bejewelled with round brilliant and baguette shaped diamonds"", having been designed to form the shape of a fern, an emblem of New Zealand. Various members of the royal family have worn the piece on visits to the country, including the Duchess of Cambridge. 

= Australian Wattle Spray Brooch

= The Queen owns a Wattle brooch, which was gifted to her by Prime Minister Robert Menzies on behalf of the Government and people of Australia on her first visit in 1954. Made of platinum, and set with yellow and white diamonds, the brooch is in the form of a spray of wattle, and tea tree blossoms. The Queen had worn the brooch many times on her visits to Australia, for instance, at the Randwick Racecourse in Sydney in 1970, Sydney Opera House in 2000, and during her arrival to Canberra in 2006 and 2011, or to Australia-related events in Britain. 

= Sapphire Jubilee Snowflake Brooch

= The Governor General of Canada, David Johnston, presented Elizabeth II with the Sapphire Jubilee Snowflake Brooch at a celebration of Canada's sesquicentennial at Canada House on 19 July 2017 as a gift from the Government of Canada to celebrate her Sapphire Jubilee and to commemorate Canada 150. David Johnston presented her with the brooch moments before she and the Duke of Edinburgh unveiled a new Jubilee Walkway panel outside Canada House. The brooch was designed as a companion to the diamond maple leaf brooch, the piece was made by Hillberg and Berk of Saskatchewan and consists of sapphires from a cache found in 2002 on Baffin Island by brothers Seemeega and Nowdluk Aqpik. 

= Infinity Isle of Man Brooch

= To mark her Platinum Jubilee, the Manx government gave the Queen a brooch in the shape of the island, made there by Element Isle. The 'Infinity Isle of Man' brooch design outlines the Island with four gems (Blue Topaz, Citrine, Amethyst and Emerald) representing the towns of Ramsey, Peel, Castletown and the city of Douglas. The colours of the stones were selected to represent Manx tartan. 

= Greville Scroll Brooch

= Made by Cartier in 1929, the piece features ""three pearls anchoring a simple diamond-flecked scroll design"" and was worn by the Queen Mother who eventually passed it down to the Queen. 

= Sri Lankan Trumpet Brooch

= Gifted by the mayor of Colombo to the Queen during her state visit in 1981, the piece features ""pink, blue and yellow sapphires, garnets, rubies and aquamarine."" 

Parures

 A parure is a set of matching jewellery to be used together which first became popular in 17th-century Europe. 

= The Kent Demi-Parure

= This set of jewellery was owned by Queen Victoria’s mother, the Duchess of Kent and Strathearn. The set consists of a necklace, three brooches, a pair of earrings, and a pair of haircombs. 

= Brazil Parure

= The Brazil Parure is one of the newest items of jewellery in the collection. In 1953, the president and people of Brazil presented Elizabeth II with the coronation gift of a necklace and matching pendant earrings of aquamarines and diamonds. It had taken the jewellers Mappin & Webb an entire year to collect the perfectly matched stones. The necklace has nine large oblong aquamarines with an even bigger aquamarine pendant drop. Elizabeth II had the drop set in a more decorative diamond cluster and it is now detachable. She was so delighted with the gift that in 1957 she had a tiara made to match the necklace. The tiara is surmounted by three vertically set aquamarines. Seeing that she had so liked the original Coronation gift that she had a matching tiara made, the Government of Brazil decided to add to its gift, and in 1958 it presented her with a bracelet of oblong aquamarines set in a cluster of diamonds, and a square aquamarine and diamond brooch. 

= George VI Victorian Suite

= The George VI Victorian Suite was originally a wedding present by George VI to his daughter Elizabeth in 1947. The suite consists of a long necklace of oblong sapphires and diamonds and a pair of matching square sapphire earrings also bordered with diamonds. The suite was originally made in 1850. The stones exactly matched the colour of the robes of the Order of the Garter. Elizabeth had the necklace shortened by removing the biggest sapphire in 1952, and later had a new pendant made using the removed stone. In 1963, a new sapphire and diamond tiara and bracelet were made to match the original pieces. The tiara is made out of a necklace that had belonged to Princess Louise of Belgium, daughter of Leopold II. In 1969, Elizabeth wore the complete parure to a charity concert. 

= Queen Alexandra Wedding Parure

= This set, a larger diamond and pearl parure made by Garrard in 1862, was commissioned by Albert Edward, Prince of Wales (later Edward VII) for his bride Alexandra of Denmark. It included an all-diamond tiara with knot and fleur-de-lis motifs, accompanied by a necklace, a brooch, and a pair of earrings, which feature button-style pearl and diamond clusters and pear-shaped pearl pendants. On Alexandra's death, the tiara, known as the ""Rundell Tiara"", passed to her daughter Princess Victoria, and was disposed of by her. The rest of the parure was passed down to Queen Mary, who wore the brooch and lent the necklace to her daughter-in-law the Duchess of York (later Queen Elizabeth The Queen Mother). The necklace became a favourite of hers, and upon her death it was bequeathed to Elizabeth II, who lent it to her granddaughter-in-law the Duchess of Cambridge. 

= Greville Emerald Suite

= The exact origin of the suite, which consists of an emerald necklace and emerald earrings, is unknown. The necklace features square-cut emeralds set in diamond clusters, and the earrings consist of pear-shaped cabochon emeralds suspended from diamond studs. The suite was frequently worn by the Queen Mother and later passed on to the Queen. 

= Dubai Sapphire Suite

= In 1979, the ruler of Dubai, Sheikh Rashid bin Saeed Al Maktoum, gifted the Queen a suite from Asprey, which included a necklace of diamond loops, a pair of earrings and a ring, during the Queen's tour of the Gulf States. The earrings were worn by the Duchess of Cambridge at a movie screening in 2021. 

= Emerald Tassel Suite

= First worn by the Queen in the 1980s, the suite consists of a necklace, a pair of earrings, a bracelet, and a ring. The earrings and the bracelet were worn by the Duchess of Cambridge during a tour of Jamaica in 2022. 

1937 coronets

 For the coronation of their parents in 1937, it was decided that Elizabeth and Margaret should be given small versions of crowns to wear at the ceremony. Ornate coronets of gold lined with crimson and edged with ermine were designed by Garrard & Co. and brought to the royal couple for inspection. However, the king and queen decided they were inappropriately elaborate and too heavy for the young princesses. Queen Mary suggested the coronets be silver-gilt in a medieval style with no decorations. George VI agreed, and the coronets were designed with Maltese crosses and fleurs-de-lis. After the coronation, Mary wrote: ""I sat between Maud and Lilibet (Elizabeth), and Margaret came next. They looked too sweet in their lace dresses and robes, especially when they put on their coronets"". The coronation ensembles are in the Royal Collection Trust. 

See also

 Williamson pink diamond Canadian royal clothing and jewellery Crown Jewels of the United Kingdom Jewels of Diana, Princess of Wales George IV State Diadem Royal Family Order Jewels of Mary, Queen of Scots Jewels of Anne of Denmark 

References

 

Bibliography

 Field, Leslie (2002). The Queen's Jewels: The Personal Collection of Elizabeth II. London: Harry N. Abrams. ISBN 978-0-8109-8172-0.","Elizabeth II owned a historic collection of jewels – some as monarch and others as a private individual. They are separate from the gems and jewels of the Royal Collection, and from the coronation and state regalia that make up the Crown Jewels.
The origin of a distinct royal jewel collection is vague, though it is believed the jewels have their origin somewhere in the 16th century. Many of the pieces are from overseas and were brought to the United Kingdom as a result of civil war, coups and revolutions, or acquired as gifts to the monarch. Most of the jewellery dates from the 19th and 20th centuries.
The Crown Jewels are worn only at coronations (St Edward's Crown being used to crown the monarch) and the annual State Opening of Parliament (the Imperial State Crown). At other formal occasions, such as banquets, Elizabeth II wore the jewellery in her collection. She owned more than 300 items of jewellery, including 98 brooches, 46 necklaces, 37 bracelets, 34 pairs of earrings, 20 tiaras, 15 rings, 14 watches and 5 pendants, the most notable of which are detailed in this article.",7510,43428.0,Queen Elizabeth II,1952-2022,biography,English,Formal,,
qe2_list_of_british_royal_residences,related_article,List of British royal residences,https://en.wikipedia.org/wiki/List_of_British_royal_residences,List of British royal residences,2025-10-04T13:41:36.994883,2025-10-04T14:01:53.766839,"British royal residences are palaces, castles and houses which are occupied by members of the British royal family in the United Kingdom. The current residences are owned by the Crown, by the Duchy of Cornwall, and privately by members of the royal family; all the official residences are owned by the Crown. Some official residences, such as the Palace of Holyroodhouse and Hillsborough Castle, serve primarily ceremonial functions and are rarely used residentially. The occupied royal residences are cared for and maintained by the Property Section of the Royal Households of the United Kingdom. Public opening is overseen by the Royal Collection Trust. The unoccupied royal palaces of England, along with Hillsborough Castle, are the responsibility of Historic Royal Palaces. Unlike the other nations of the United Kingdom, there is no official residence for a member of the royal family in Wales. 

Map of select residences

 

Official residences

 

Private residences

 

= London

= 

= Windsor and nearby

= 

= Balmoral

= 

= Elsewhere in the United Kingdom

= 

Former royal residences

 

= London

= 

= England

= 

= Scotland

= 

= Wales

= 

= Outside the United Kingdom

= 

See also

 Pickering Castle 

References

 

External links

 Art and residences at the royal family website","British royal residences are palaces, castles and houses which are occupied by members of the British royal family in the United Kingdom. The current residences are owned by the Crown, by the Duchy of Cornwall, and privately by members of the royal family; all the official residences are owned by the Crown. Some official residences, such as the Palace of Holyroodhouse and Hillsborough Castle, serve primarily ceremonial functions and are rarely used residentially.  
The occupied royal residences are cared for and maintained by the Property Section of the Royal Households of the United Kingdom. Public opening is overseen by the Royal Collection Trust. The unoccupied royal palaces of England, along with Hillsborough Castle, are the responsibility of Historic Royal Palaces.
Unlike the other nations of the United Kingdom, there is no official residence for a member of the royal family in Wales.

",204,1302.0,Queen Elizabeth II,1952-2022,royal_symbols,English,Formal,,
qe2_platinum_jubilee_of_elizabeth_ii,related_article,Platinum Jubilee of Elizabeth II,https://en.wikipedia.org/wiki/Platinum_Jubilee_of_Elizabeth_II,Platinum Jubilee of Elizabeth II,2025-10-04T13:36:53.771780,2025-10-04T14:01:53.766051,"The Platinum Jubilee of Elizabeth II was the international celebration in 2022 marking the 70th anniversary of the accession of Queen Elizabeth II on 6 February 1952. It was the first time that any monarch in British history celebrated a platinum jubilee, as is the case in the histories of the other Commonwealth realms. Initiatives to commemorate the jubilee were announced by the governments of many realms—including Australia, Canada, New Zealand, Papua New Guinea, and the United Kingdom—of territories, such as the Cayman Islands and Gibraltar, and celebrations were also held in other Commonwealth member states, like the Gambia, Malaysia, Malta, Pakistan, and Samoa. Leaders from across the world, including from China, North Korea, France, Germany, Israel, and the United States, sent messages of congratulations to the Queen on reaching the milestone. In the United Kingdom, there was an extra bank holiday on 3 June and the usual spring bank holiday was moved from the end of May to 2 June to create the four-day Platinum Jubilee Central Weekend from Thursday, 2 June, to Sunday, 5 June. Commemorative stamps and coins were issued by several Commonwealth nations and beacons were lit in every Commonwealth capital for the first time. In many places, trees were planted in the Queen's honour. The Queen died in her Platinum Jubilee year, on 8 September 2022, at the age of 96. Her funeral took place at Westminster Abbey in London on 19 September 2022 and she was buried at the King George VI Memorial Chapel in Windsor Castle later that day. 

Accession Day 2022

 The Jubilee marked the 70th anniversary of the accession of Queen Elizabeth II on 6 February 1952. In her 2022 Accession Day message, the Queen said that she hoped the platinum jubilee would bring together families and friends, neighbours, and communities. She said that the jubilee ""affords me a time to reflect on the goodwill shown to me by people of all nationalities, faiths and ages in this country and around the world over these years"". She thanked everyone for their support, loyalty and affection, and signed the message ""Your Servant"". She said of her 70-year reign and the future: As I look ahead with a sense of hope and optimism to the year of my platinum jubilee, I am reminded of how much we can be thankful for. These last seven decades have seen extraordinary progress socially, technologically and culturally that have benefitted us all; and I am confident that the future will offer similar opportunities to us and especially to the younger generations in the United Kingdom and throughout the Commonwealth. Pictures and footage of the Queen working from her red boxes at Sandringham House were released. The then-Prince of Wales said that the Queen's devotion to the welfare of all her people inspired still greater admiration with each passing year. Tributes and messages of congratulations came from foreign leaders, including United States president Joe Biden, Chinese president Xi Jinping, German chancellor Olaf Scholz, King of Sweden Carl XVI Gustaf, Israeli president Isaac Herzog, UAE president Sheikh Khalifa bin Zayed Al Nahyan, King of Thailand Vajiralongkorn, King of Morocco Mohammed VI, and Vietnamese president Nguyễn Xuân Phúc. A congratulatory message was also sent from Margareta, Custodian of the Crown of Romania. 

Jubilee emblems

 

= United Kingdom

= The emblem for the platinum jubilee in the United Kingdom was announced in August 2021, following a competition which was judged by industry experts. The winning design was created by 19-year-old graphic design student Edward Roberts from Nottinghamshire. The regal purple used in the emblem has been closely matched to the purple in the Queen's Robe of Estate, worn by her at the Coronation in 1953. A continuous platinum line in the shape of St Edward's Crown features the number ""70"" at the top of the Crown, signifying the Queen's 70-year reign and her platinum jubilee. Roberts included a circle to border the Crown, to create the impression of a royal seal. The emblem's typeface is Perpetua, which means ""forever"", and is similar to the font style that appeared on the Queen's Coronation Order of Service in 1953. 

= Canada

= The Canadian platinum jubilee emblem includes Elizabeth II's royal cypher above a numeral 70 in light-grey, the colour alluding to platinum. The cypher and numeral are surrounded by a seven-sided figure, adorned with seven maple leaves and pearls, representing each decade of the Queen's reign. Multiple elements also symbolise celebration, with the rounded edges being shaped like a flower petal and the maple leaves being positioned in a manner that resembles fireworks. 

= Australia

= The Australian Platinum Jubilee Emblem was unveiled by the Australian Government in March 2022. The emblem can be used for official and recognised events in Australia to celebrate the jubilee. The design is a stylised representation of the Queen's Wattle Spray Brooch, which was gifted to the Queen during her first visit to Australia in 1954. The emblem contains three colours – platinum, gold and purple. The platinum colour represents the Queen's 70 years on the throne, and the purple colour symbolises royalty. The gold is drawn from the golden wattle, Australia's national floral emblem. The font used is Perpetua, which means 'forever', which acknowledges that the Queen was Australia's ""first platinum"" monarch. 

= New Zealand

= On Accession Day, the New Zealand platinum jubilee emblem was unveiled. The emblem, approved by the Queen, was prepared by Phillip O'Shea, New Zealand Herald of Arms. Within a platinum five-sided frame is the Queen's royal cypher, with the Māori inscription ""Te Hokotoru Mā Ngahuru"", which means ""three twenties plus ten"", an allusion to the Queen's 70-year reign. In the base, the years 1952 and 2022 are in gold and placed on the poutama (step) design in the traditional colours of red-ochre and white. The design represents ""steps of service"", namely, the seven decades of public service by the Queen. 

Celebrations throughout the Commonwealth

 The celebration plans were announced by Buckingham Palace on 10 January 2022. For the first time, jubilee beacons were lit in every capital city of each Commonwealth country. The Royal Mint and the Royal Canadian Mint partnered to create a two-coin set, with each mint designing a coin for the set. The silver coin designed by the Royal Mint has an equestrian portrait of the Queen on the reverse and a royal mantle on the obverse. The silver coin designed by the Royal Canadian Mint has a reverse design that depicts the Queen in 1952, while the obverse has the effigy of the Queen used on Canadian coins since 2003. The Commonwealth Day Service at Westminster Abbey on 14 March reflected the jubilee with a special focus on the role that service plays in the lives of people and communities across the Commonwealth. Members of the Royal Family undertook a series of royal tours of Commonwealth countries. The governors-general of Antigua and Barbuda, Australia, Belize, Canada, Grenada, Jamaica, New Zealand, Papua New Guinea, and Saint Lucia travelled to the United Kingdom in June to represent their respective countries at jubilee festivities. In the evening of 1 June, the official jubilee photograph of the Queen was released. The portrait, by Ranald Mackechnie, was taken in the Victoria Vestibule at Windsor Castle on 25 May. The photo shows the Queen in a blue dress, with the statue of Charles II seen behind a window in the background. In a special message, the Queen said ""many happy memories will be created"" over the next four days. She thanked everyone involved in convening communities, families, neighbours and friends to mark the Jubilee. Following the platinum jubilee weekend, the Queen released a thank you message in which she said: When it comes to how to mark seventy years as your Queen, there is no guidebook to follow. It really is a first. But I have been humbled and deeply touched that so many people have taken to the streets to celebrate my platinum jubilee. While I may not have attended every event in person, my heart has been with you all; and I remain committed to serving you to the best of my ability, supported by my family. The Queen's Baton for the 2022 Commonwealth Games featured a platinum strand along its length. 

= United Kingdom

= This is the first time that any British monarch has celebrated a platinum jubilee. There was an extra bank holiday on 3 June and the usual Spring bank holiday was moved from the end of May to 2 June, to create the platinum jubilee bank holiday weekend from 2 to 5 June. The British government promised a ""once-in-a-generation show"" that would ""mix the best of British ceremonial splendour and pageantry with cutting-edge artistic and technological displays"". The March 2021 budget allocated £28 million to fund Jubilee celebrations, which did not include the cost of the extra bank holiday. In an August 2021 impact assessment report, the British government estimated a £2.39 billion loss in GDP due to business closures during the extra bank holiday. The jubilee was expected to bring a £1.2 billion boost to the UK economy. The Centre for Retail Research estimated that consumers in the United Kingdom would spend $356 million on Platinum Jubilee memorabilia. In July 2022, it was reported that retail sales dipped by 0.1% in June despite jubilee celebrations, which was less than what was expected amid the economic crisis, but still showed a downward trajectory. The food sector was the only sector that saw sales volumes spike by 3.1%. 

== Queen's Green Canopy



The Queen's Green Canopy campaign was launched in May 2021. The campaign invites people from the United Kingdom to plant a tree to make the local environment greener, and serve as a ""special gift"" to the Queen. By March 2022 more than one million trees had been planted. A 70 ft (21 m) sculpture called 'Tree of Trees' was erected outside Buckingham Palace for the June celebrations. The sculpture, which contains 350 native British trees in the form of one giant tree, reflects the more than one million trees planted during the Green Canopy initiative. The trees were gifted to selected community groups for planting after the celebrations.



Jubilee stamps and coins



The Royal Mint released one of the largest ever commemorative collections, including commemorative £5 crowns and 50p coins; the first time a royal event has been commemorated on a 50p coin. The 50p coin is designed to feature the Queen's royal cypher within the 0 of the number 70 on the reverse. The £5 crown features the quartered shield of the Royal Arms on the reverse. Both coins show the Queen on horseback on the obverse. The Royal Mint also produced a 220 mm (8.7 in) diameter 15 kg (33 lb) coin, which was commissioned by a private UK collector. It is the largest coin the Mint has ever produced. The £15,000 denomination coin was designed by coinage artist John Bergdahl and took nearly 400 hours to make. The obverse features a commemorative design depicting the Queen on horseback, while the reverse depicts the Queen's cypher surrounded by floral emblems of the four nations of the United Kingdom. The Mint also released a new series of three coins, titled The Queen's Reign. The first coin focuses on the Queen's role as the 'fountain of honour'. The second coin highlights the Queen's role as patron of numerous charities. The third coin celebrates the Queen's role as Head of the Commonwealth, an organisation that she calls her ""family of nations"". Each coin in the collection features the Queen's signature in the centre; the first time that her signature has been featured on UK coinage. The coins were designed by Irish artist and illustrator P. J. Lynch, who was ""inspired by the Queen's hands and the work they represent"". In February 2022, the Royal Mail released eight new stamps. The new set of stamps features photographs of the Queen throughout her reign, which commemorate different aspects of her royal duties, from the Trooping the Colour to worldwide tours.



Events leading up to June



The Platinum Pudding competition was launched on 10 January 2022 by The Big Jubilee Lunch and Fortnum & Mason throughout the United Kingdom to find a pudding to celebrate the Jubilee. Five finalists were selected to prepare their creations for a judging panel, with the winning recipe being made available to the public at Big Jubilee Lunches during the Jubilee weekend. The winning recipe, by Jemma Melvin from Southport, is a lemon Swiss roll and Amaretti trifle. The winner was announced on 12 May in the BBC One documentary The Jubilee Pudding: 70 Years in the Baking, with the Duchess of Cornwall in attendance. On 4 February, pictures and footage taken two weeks earlier in Windsor Castle's Oak Room were released, featuring the Queen viewing memorabilia from this and prior jubilees. The display included a golden jubilee letter from a nine-year-old boy named Chris, titled A Recipe for a Perfect Queen, which includes ingredients of ""jewels, posh gowns, loyalty, hard work, healthiness, and courage"". On 5 February, the Queen hosted a reception at Sandringham House for volunteer groups, pensioners and members of the local Women's Institute group. At the reception, the Queen met Angela Wood, a former cookery student who helped create the original recipe for Coronation chicken in 1953. The Queen's Accession Day message was released later that evening. On Accession Day, Prime Minister Boris Johnson, the Leader of the Opposition Sir Keir Starmer, and the Archbishop of Canterbury Justin Welby were among notable figures releasing statements congratulating the Queen. Tributes were also paid by former British prime ministers. Outdoor billboards across the United Kingdom, including Piccadilly Circus, were lit up. Special services were held in cathedrals. In Exeter Cathedral, the choir sang an anthem written for Queen Elizabeth I by the 16th century English composer William Byrd. Gun salutes were held on 7 February, the anniversary of the accession. A 41-gun salute was fired by the King's Troop, Royal Horse Artillery in London's Green Park. At the Tower of London, the Honourable Artillery Company fired 62 rounds. A 21-gun salute was fired at Edinburgh Castle by 105th Regiment Royal Artillery. In Wales, a gun-salute was fired in the grounds of Cardiff Castle, organised by 160th (Welsh) Brigade. In Northern Ireland, the Reservists of 206 (Ulster) Battery Royal Artillery fired a 21-gun salute at Hillsborough Castle. On 16 March, a concert titled The Queen's Platinum Jubilee – 70 Years took place at the Royal Albert Hall. The event featured music from the Queen's coronation and other key moments of her reign, performed by the Royal Philharmonic Orchestra. Prince and Princess Michael of Kent were in attendance. The Lord Mayor's Platinum Jubilee Big Curry Lunch took place at the Guildhall, London, on 7 April. Princesses Beatrice and Eugenie attended the event. On four evenings from 12 to 15 May, the 2022 Royal Windsor Horse Show at Windsor Castle, titled A Gallop Through History, concluded with a 90-minute celebration in tribute to the Queen, featuring 500 horses and 1,000 dancers, with various members of the Royal Family, including Duke and Duchess of Gloucester, the Earl and Countess of Wessex and Forfar, and the Princess Royal in attendance. Princess Beatrice and her husband, Edoardo Mapelli Mozzi, also attended the charity preview of the event. The Queen attended on 15 May. The Queen's youngest granddaughter, Lady Louise Mountbatten-Windsor, drove in the carriage that once belonged to her grandfather, the Duke of Edinburgh, and had been featured in his funeral. Actors Helen Mirren and Tom Cruise were involved, with Mirren playing Queen Elizabeth I. On 13 May, a 550-mile (890 km) torch relay across Suffolk began. Starting in Brandon, The relay travelled 250 towns and villages, ending at the Suffolk Show in Ipswich on 1 June. On 23 May, the Queen visited the Chelsea Flower Show, which featured four commemorative installations. In The Queen's Platinum Jubilee Garden, laser-cut steel silhouettes of the Queen were featured, surrounded by 70 planted terracotta pots planted with Lily of the valley, the Queen's favourite flower. At the show, display of roses, featuring new cultivars created to mark the jubilee, won a gold medal. The exhibit, by Shropshire-based grower David Austin Roses, featured pink-apricot roses named Elizabeth. On 24 May, the Senedd passed a motion to congratulate the Queen. First Minister Mark Drakeford said the jubilee events in Wales would be ""an indication of the deep respect in which the Queen is held, and an expression of the gratitude for her many years of selfless service"". Conservative leader Andrew RT Davies said she had held Wales ""deeply in her heart"" over her 70-year reign. Plaid Cymru leader Adam Price praised the ""empathy"" the Queen had shown after the 1966 Aberfan disaster. On 26 May, both Houses of Parliament debated a Humble Address to congratulate the Queen. Prime Minister Boris Johnson said the United Kingdom would ""show with every bonfire, every concert and street party, and every aerobatic display a love and devotion to reciprocate the love, devotion and leadership she has shown to the whole country over seven decades"". He said: She has seen an empire transformed into a happy Commonwealth that countries are now bidding to join. In the thousand-year history of this place, no monarch has seen such an increase in the longevity, prosperity or opportunity — or the freedom — of the British people. No monarch has seen such technical advances, in many of which British scientists have played a leading part, from the dawn of the internet to the use of the world's first approved covid vaccine. No monarch, by their efforts, dedication and achievement, better deserves the attribute of greatness. For me, she is already Elizabeth the Great. A new BBC documentary, Elizabeth: The Unseen Queen, aired on 29 May. The film includes unseen footage from the Queen's archive, and is narrated by the Queen herself. In late May, the Reading-based Republic group put on posters with the slogan ""Make Elizabeth the Last"" in different regions within the UK, using £43,000 garnered from crowdfunding. From 30 May to 3 June, HMY Britannia hosted 65 former crew members for Yotties Week. Celebrations included celebratory dishes and cocktails in the Royal Deck Tea Room, musical entertainment for visitors in the State Apartments on 2 June, and a city-wide Corgi Treasure Hunt. On 1 June, the First Minister of Scotland Nicola Sturgeon moved a motion in the Scottish Parliament congratulating the Queen. She said that the Scottish Government would present the Queen with a limited edition Johnnie Walker whisky, with a special design to celebrate the beauty of Scotland's flora and fauna, and a throw made from the tartan commissioned in honour of the three bridges across the River Forth. Schools and nurseries across the UK organised events and parties. St Paul's C.E Primary School in Oldham organised a re-enactment of the Queen's coronation in 1953.



Central weekend



The late May bank holiday was moved to Thursday 2 June with an additional bank holiday on Friday 3 June, making a four-day weekend. Big screens were placed in The Mall, London, Edinburgh's Princes Street Gardens and in Cardiff's Bute Park for members of the public to watch the events taking place across the bank holiday weekend. Members of the Royal Family also carried out engagements across the UK during the bank holiday weekend. The Prince of Wales and the Duchess of Cornwall are expected to remain in England. More than 16,000 street parties were expected to be held over the weekend. In England and Wales, pubs, clubs and bars were allowed to stay open for extra two hours each day from Thursday to Saturday. During the weekend, Sandringham House and Balmoral Castle were open to visitors, and the Manchester Flower Show featured royal-themed displays.



= 2 June



= The Queen's birthday parade, also known as Trooping the Colour, which usually takes place on the second Saturday of June, was held on Thursday, 2 June. Over 1,400 parading soldiers, 200 horses and 400 musicians came together in the traditional parade. The event closed with the Queen and Royal Family observing a flypast from the balcony of Buckingham Palace. The balcony was ""limited to Her Majesty and those members of the royal family who are currently undertaking official public duties on behalf of the Queen"". The flypast consisted of more than 70 aircraft of the Royal Air Force, Fleet Air Arm and Army Air Corps, including the Battle of Britain Memorial Flight, the Red Arrows and fifteen Typhoon fighters forming the number ""70"". A flotilla of 70 vessels, comprising sloops, trawlers, tugs, patrol boats and more, sailed from Hull Marina to the Humber Bridge. The event re-enacted the Humber flotilla of 60 boats in 2012 for the Queen's diamond jubilee, and the occasion in 1897 when watermen gathered their boats on the Humber in celebration of Queen Victoria's 60 years on the throne. In Herefordshire, a giant lion puppet was paraded during Leominster Festival. The tradition of lighting beacons was repeated across the Commonwealth. At Windsor Castle, the Queen lit the principal beacon by touching a glittering globe. At Buckingham Palace, the Duke of Cambridge represented the Queen as the ""Tree of Trees"" was lit. More than 3,500 beacons were lit around the world.



= 3 June



= On 3 June, a service of thanksgiving for the Queen's reign was held at St Paul's Cathedral. The Archbishop of York Stephen Cottrell praised the Queen for being ""still in the saddle"" and thanked her ""for staying the course"". After the service, members of the royal family attended a reception at London's Guildhall, hosted by the Lord Mayor. The Queen did not attend these events, after having experienced ""discomfort"" at Trooping the Colour on 2 June. Princess Anne visited Edinburgh Zoo, where she met Ukrainian orphans. She visited HMS Albion and inspected a guard of honour before boarding the ship, where she met members of the ship's company and representatives from charities across Scotland supported by the Queen and Anne as patrons. The Corby Pole Fair was held to coincide with the jubilee. In Newmarket, a parade was held. In central London, more than 100 corgis took part in a parade organised by the UK Corgi Club and Great Corgi Club of Britain.



= 4 June



= On 4 June, the Princess Royal attended the Derby at Epsom Downs. The Queen watched the Derby on television. The Royal Forth Yacht Club organised a Parade of Sail with about 20 boats sailing between Newhaven and Granton Harbour in Edinburgh. At Kelso, Scottish Borders, the celebrations involved a parade and re-enactment of the coronation. The Earl and Countess of Wessex and Forfar visited Northern Ireland. At Royal Avenue in Belfast, they attended a 1950s-themed celebration. The couple met groups of performers, and learnt about the city's diverse communities, which were explored through fashion, photography, music and dance. The Earl also met older members of the local community, brought together by Age-friendly Belfast, while the Countess joined in with craft activities, making crowns and toy corgis with school children. In Bangor, the Countess danced in the new Platinum Ballroom while the Earl pulled a pint in a 1950s-themed bar. In the evening, a concert, 'Platinum Party at the Palace', took place at Buckingham Palace. The BBC produced and broadcast it, and distributed it via the European Broadcasting Union's Eurovision network, like the Diamond Jubilee Concert. The public were invited to apply to attend the event. The event opened with a short two-minute film, produced by Buckingham Palace, BBC Studios, and Heyday Films/StudioCanal UK. The short film featured the Queen having tea with Paddington Bear, based on the 2014 film, and voiced by Ben Whishaw. It is one of the few times that the Queen has appeared in an acting role. Cardiff Castle hosted a concert featuring Welsh performers including Aled Jones, Bonnie Tyler, the Pendyrus Male Voice Choir, and ""drumming weatherman"" Owain Wyn Evans. The concert concluded with a specially produced ""Singing in the Reign"" programme celebrating Welsh hits from the past 70 years. The Duke and Duchess of Cambridge, along with Prince George and Princess Charlotte of Cambridge, attended concert rehearsals earlier in the day. A vegan festival took place at Bath Pavilion.



= 5 June



= People were encouraged to have a Big Jubilee Lunch on 5 June, the last day of the extended bank holiday, to enable communities to celebrate their connections and get to know each other better. More than 85,000 people signed up to host Big Lunches and 16,000 street parties were held across the United Kingdom. A platinum jubilee picnic in Windsor was expected to become the longest ever held, breaking a record set in Memphis, Tennessee, in 2019. The organiser said the party would involve a 500-metre-long (550 yd) table – 100 yards (91 m) longer than the previous record, set at the Memphis in May International Festival. The UK's longest ever street party was held in Morecambe, where 500 tables were set up over the length of 1.6 miles (2.6 km). The Prince of Wales and the Duchess of Cornwall attended a lunch at The Oval cricket ground in south London, where a 12-metre-long (39 ft) cake prepared by the National Bakery School was served. The Duke and Duchess of Cambridge joined a lunch in Ladbroke Grove, and earlier the Duchess and her three children had baked cakes for a street party in Cardiff. The Earl and Countess of Wessex and Forfar joined a lunch near Windsor Castle. Princess Beatrice and Princess Eugenie attended a lunch organised by Westminster City Council for local volunteer and community groups who responded to the crisis caused by the COVID-19 pandemic. A pageant featuring approximately 5,000 people from across the UK and the Commonwealth took place, with circus, carniva, costumed performers and 11 James Bond vehicles parading along The Mall through an array of over 200 silk flags, decorated with images drawn by children, as a 'River of Hope'. Actors, singers, presenters and sports stars rode on open-top buses. The Queen and her heirs appeared on the balcony of the Buckingham Palace for the finale of the pageant, and she later thanked everyone for their ""good wishes"" in a statement. The 2022 Thank You Day was also held, so people could thank the Queen, and their communities. 4.7 million people took part in organising jubilee events, while about 8.7 million attended a Thank You Day event and 3.3 million helped to organise one. A platinum jubilee Corgi Derby took place at Musselburgh Racecourse in Scotland with a number of the Queen's favourite dogs take part in a novelty race in front of the crowd.



Displays and exhibitions



There were special displays and exhibitions at the official royal residences, including Buckingham Palace, Windsor Castle, and the Palace of Holyroodhouse. The Queen's portraits, jewellery and tiaras, and carriages were on display at Buckingham Palace from 22 July to 8 September. At Windsor Castle, the Queen's coronation robe was shown to visitors from 7 July to 8 September. The Palace of Holyroodhouse displayed the outfits worn by the Queen for her silver, golden, and diamond jubilees from 3 July to 8 September. Balmoral Castle hosted the exhibition Life at Balmoral, which opened on 1 April and ran until 2 August. Set in the ballroom of Balmoral Castle, the exhibition had a collection of the Queen's clothing, including kilts, coats, hats and dresses. At St Paul's Cathedral, there was a special exhibition from 25 May 2022 to 7 January 2023, titled Jubilee: St. Paul's, The Monarch and the Changing World, which explored the jubilees of four British monarchs: George III, Victoria, George V and Elizabeth II. Between 28 May and 15 June, Sotheby's hosted the exhibition Power & Image: Royal & Aristocratic Tiaras that featured royal portraits, rare manuscripts, and tiaras, including Queen Victoria's emerald and diamond tiara, which was given to her by Prince Albert, and the Spencer tiara, a family heirloom which was frequently worn by Diana, Princess of Wales. An exhibition was held at the Royal Mint Experience during the Bank Holiday weekend, which explored the Queen's reign through coins. At the Imperial War Museum, London, the Queen's relationship with the Armed Forces was celebrated in an exhibition of photographs. The Royal Borough of Windsor and Maidenhead encouraged people to send photos of street parties or memorabilia of the Queen's past jubilees as part of an exhibition, titled 70 Years 70 Photos. They were displayed in libraries, ahead of the jubilee weekend. Historic Royal Palaces planned for a Commonwealth-themed garden in the historic moat of the Tower of London. The display, titled Superbloom, was held from 1 June to 18 September. More than 20 million seeds were sown in spring 2022. The Commonwealth of Nations Globe, a platinum, diamond, gold and silver blue globe set within a silver crown on a blue and gold cushion, was unveiled at the Tower of London. The piece was sent to the site accompanied by a 70-piece military band and was featured during the beacon-lighting ceremony in June. Titled Art Save The Queen, portraits of the Queen by artists ranging from graffitist musician Goldie to ballpoint specialist James Mylne were exhibited at GALLERY@OXO on London's South Bank, from 2 to 12 June. Westminster Abbey roof were opened to public for the first time. Tours ran from June to August. Madame Tussauds, London, displayed seven replica ensembles of Queen's outfits, which have been worn by some of the 24 lifelike wax figures of the Queen made by Tussauds during her reign, for the platinum jubilee. Waxwork figures of main royal family members also received a black tie makeover for the Jubilee. A portrait of the Queen by the humanoid robot Ai-Da, titled Algorithm Queen, was displayed in London on 27 May. From 1 to 29 June, fifty life-sized corgi sculptures were displayed in the windows and foyers of shops and businesses in Altrincham. Called Trooping the Corgis, the project featured mannequins hand-decorated by artists and children. To mark the jubilee, the Royal Academy of Arts presented the Queen with the Platinum Jubilee Gift, a collection of works of art on paper by 20 recently elected academicians. They were displayed at the Queen's Gallery, Buckingham Palace, between 12 January and 26 February 2023.



Other tributes and events



A platinum jubilee medal was awarded to people who work in public service, including members of the Armed Forces, emergency services, and the prison services. As part of the Platinum Jubilee Civic Honours, the Queen gave several settlements city status. 39 places applied in the competition. In May, it was announced that the eight places that would be awarded city status were: Bangor in Northern Ireland; Colchester, Doncaster and Milton Keynes in England; Dunfermline in Scotland; Wrexham in Wales; Douglas in the Isle of Man; and Stanley in the Falkland Islands. The city of Southampton won the lord mayor title. Six historic sites visited by Queen were given listed status: All Saints' Church in Shard End, Birmingham; The Queen's Theatre in Hornchurch, London; Art Deco Sun Pavilion and Colonnade in Harrogate, North Yorkshire; Hampshire Archives in Winchester; Imperial Hotel in Stroud, Gloucestershire; and commemorative motorway markers on the M62, running through Yorkshire and Lancashire. The Royal Collection Trust published a collection of 77 photographs under the title The Queen: 70 Glorious Years as an official souvenir publication. It also produced bottles of wine, labelled English Sparkling Wine: Platinum Jubilee Release and made using Chardonnay, Pinot noir, and Pinot Meunier grapes grown in Kent and West Sussex. In April, Heinz announced the production of limited-edition bottles of two of its favourite condiments, HP Sauce and Salad Cream, which were rebranded HM Sauce and Heinz Salad Queen respectively. Jubilee-themed food items were also released by other brands, including the Coronation Chicken Tower Burger by KFC, Clarence The Corgi Cake by Morrisons, the Crown Crust Pizza by Pizza Hut, Union Jack Mochi Donuts by Japan Centre, Coronation Tikka Sub by Subway, and three limited edition pizzas by Franco Manca. Eight London buses on royal routes, passing Kensington Palace and Westminster Abbey, have been given commemorative purple wraps. Celebratory messages were played on the Jubilee line, the new Elizabeth line and at stations that have a royal link in their name, like Queen's Road. Reading Buses also unveiled a special Jubilee bus, to be used in Reading, Windsor and London throughout the year. The Severn Valley Railway repainted the steam engine 34027 Taw Valley in purple, and temporarily renamed it ""Elizabeth II"". The new name was chosen by public vote. The engine returned to its traditional green after a few months. Primary school children in England and Northern Ireland received a free book, titled Queen Elizabeth: A Platinum Jubilee Celebration (with schools in the devolved countries of Wales and Scotland having to 'opt-in' to the programme). DK Books UK was commissioned by the British Government to publish the book, which was designed to celebrate the people, places, achievements of the United Kingdom and Commonwealth over the last 70 years. The book also explores the role of the Queen and what the Platinum Jubilee represents. In Northern Ireland, a design competition was held for primary school children to create a ""snapshot of Northern Ireland"". The winning entry, designed by Emily McMullan from Dundonald Primary School, was manufactured into a rug by Northern Ireland company Ulster Carpets, and later sent to the Queen. In addition, the Queen and other members of the Royal Family received Northern Ireland Platinum Jubilee Hampers, showcasing more than fifty products from food and drink producers across Northern Ireland. Starting on 18 January, GB News, a TV news broadcaster, announced that it would be playing the national anthem at 5:59 every morning before programmes commenced. In March, the Duchess of Cornwall, also president of the Royal Voluntary Service, launched the organisation's Platinum Champions Awards to honour 70 volunteers nominated by the public for their efforts in improving lives in their communities. The Prince of Wales and the Duchess penned the foreword to The Platinum Jubilee Cookbook, which was released in April. They also appeared in a special episode of the British soap opera EastEnders. The Prince's Foundation organised tea dances for people suffering from loneliness and isolation. In its April issue, British Vogue featured the Queen on its cover for the first time. Harper's Bazaar held a fashion shoot around the Tower of London, featuring designs by Victoria Beckham, Richard Quinn and Sarah Burton that were inspired by the Queen. Hello! commissioned a portrait by Ben Mosley. A portrait of the Queen was unveiled by Rob Munday. Titled Platinum Queen: Felicity, it was taken by Munday in 2004 during a session to create the first officially commissioned 3D hologram of the Queen. Tatler commissioned a new portrait of the Queen by Nigerian artist Oluwole Omofemi, for a special edition of Tatler magazine. Omofemi painted the Queen with black hair, which according to him represents the ""power of the woman"". He said, ""when I look at her, I see someone who has conquered life"". Women's Institute members knitted toy corgis and hid them across the United Kingdom. One contained a pair of free tickets to the Big Jubilee Lunch in London during the Jubilee weekend. The Elephant Family commissioned seven giant egg-shaped artefacts, each representing a decade of the Queen's reign. They were displayed across the Cadogan Estate in Chelsea as a part of the Eggs of an Era exhibition from 16 May to 12 June to raise awareness about poaching and collectability of wild birds' eggs. In March, a baby rhinoceros, born at Cotswold Wildlife Park in Burford, Oxfordshire, was christened ""Queenie"". In May, five Humboldt penguin chicks at London Zoo were named after famous people and events from the past 70 years. The names included Hillary, Apollo, Bobby, Bernie and Mac, after mountaineer Sir Edmund Hillary, the Apollo 11 Moon landing, footballer Bobby Moore, computer scientist Sir Tim Berners-Lee, and sailor Dame Ellen MacArthur. The BBC and The Reading Agency announced in April the Big Jubilee Read, a list of 70 books by Commonwealth authors, ten from each decade of the Queen's reign. Michael Morpurgo released a new book There Once Is A Queen. For the Jubilee, Poet Laureate Simon Armitage wrote ""Queenhood"". It was published in The Times on 3 June and as a signed limited-edition pamphlet sold through commercial outlets (ISBN 9780571379606). The Choir of the Earth invited people from around the world to learn and record a new arrangement of ""God Save the Queen"", which was presented to the Queen. Virgin Records announced plans to re-release the Sex Pistols' 1977 single ""God Save the Queen"". Across England, Jubilee-themed woolly postbox toppers appeared in towns and villages. St Mary's Church, Stogumber in Somerset was covered in more than 2,000 textile flowers for the occasion. The flowers were knitted, crocheted and sewn by volunteers. In May, at Ely Cathedral in Cambridgeshire, the Princess Royal officially unveiled a table made from a 5,000-year-old oak tree. The 13-metre (43 ft) table was created from a black oak, that was found buried and preserved in a farmland at Methwold Hythe, near Downham Market, in 2012. Specialists spent 10 years crafting the piece. In Weymouth, David Hicks carved a tribute in sand at a visitor attraction. It depicted the Queen on a commemorative 50p coin, and took 10 days to complete. In Barnsley town centre, a 20-tonne royal-themed sand sculpture was created. In May, the London Eye opened a Platinum Jubilee time capsule pod that ran until 4 September. Decorated with memorabilia, 1950s furnishings, as well as photographs of the Queen at every stage of her 70-year reign, it also served the Queen's favourite drinks. Portraits of the Queen from throughout her reign were projected onto Stonehenge and Marble Arch. The Jubilee was also marked at the Legoland Windsor Resort, where a pageant down The Mall in miniature and a picnic scene at Windsor Castle were created. The Herefordshire village of Wellington created 104 royal-themed scarecrows. The Worshipful Company of Goldsmiths and the Royal Liverpool Philharmonic each commissioned brooches to be gifted to the Queen to mark the occasion. The Platinum Jubilee Village Hall Improvement Grant Fund was launched in May by the UK government, to provide grant funding over three years to support capital improvement projects for village halls, such as installing Wi-Fi, extending buildings and modernising facilities. South Gloucestershire Council has suggested that the Severn Bridge be renamed in honour of the platinum jubilee. A newly constructed railway bridge near Stonehouse, Gloucestershire, was named Ocean Jubilee Bridge. A life-size bronze sculpture depicting the Queen in the uniform of the Grenadier Guards on her horse Burmese was unveiled at the Royal Military Academy Sandhurst by the Earl of Wessex and Forfar on 27 May. A statue of the Queen was posthumously unveiled by King Charles III at York Minster on 9 November. The 2-metre (6.6 ft) statue weighs approximately two tonnes. In June, Cabinet ministers gave the Queen a music box that plays Handel's Hallelujah. The small, hand-painted box, finished with a platinum mount, features an illustration of No. 10 on the lid and miniature portraits of all fourteen of her prime ministers around the sides from Winston Churchill to Boris Johnson. The portraits are surrounded by the same shade of yellow found on the walls of the staircase at No. 10, which feature pictures of all the British prime ministers. In August, the Princess Royal attended the Solent Platinum Jubilee event, a showcase by the Solent's sailing and yachting community which featured over 400 boats. At the Princess Royal & Duke of Fife Memorial Park, in Braemar, a new archway was built to commemorate the Queen's Platinum Jubilee. On 3 September, the Duke and Duchess of Rothesay unveiled the structure to celebrate the Braemar Royal Highland Gathering. The Queen also gave her blessing to female members of the royal family to take part in Good Housekeeping's Christmas 2022 and New Year 2023 issue to mark her Platinum Jubilee and the 100th anniversary of the magazine's publication in the UK. In December 2022, King Charles III unveiled the Platinum Jubilee gift, a pair of bronze sculpted lamps located between the Diamond Jubilee window in Westminster Hall and the Silver Jubilee fountain in New Palace Yard. The four nations of the United Kingdom are represented in the work in the form of heraldic beasts, including the Lion of England, the Unicorn of Scotland, the Dragon of Wales and the Irish Elk of Northern Ireland. The lanterns themselves resemble St Edward's Crown.

= Crown Dependencies 

=



Guernsey



A set of stamps was released by Guernsey Post on 4 February 2022. In each stamp, the Queen is wearing Queen Victoria's golden jubilee necklace, which is said to be one of her favourite pieces of jewellery. Coins commemorating the Jubilee were also released. At Sausmarez Manor, on 22 February, more than 70 Girlguides and their families planted 70 trees. There was a four-day bank holiday in Guernsey from 2 to 5 June. Celebrations in Guernsey commenced at Castle Cornet on 2 June, with the grounds being open all day for people to enjoy for free. At noon, a 21-gun salute was fired by the castle's cannons. The Guernsey Yacht Club organised a Sail Past at Castle Cornet. In the evening, the lighting of a beacon at Castle Cornet took place. On 4 June, a community fete was held in the grounds of Government House, with family entertainment, children's activities, and music, including performances from Belles and Broomstick, Kirsty and George, The Wright Singers and GATE. In the evening, the Guernsey Concert Band performed music from Baroque to Big Band, including performance by singer Poppy Neame, the granddaughter of Lieutenant General Sir Philip Neame who served as Lieutenant Governor of Guernsey from 1945 to 1952. On 5 June, Guernsey Arts held a Platinum Jubilee Celebration Seafront Sunday in Saint Peter Port. Each parish was invited to plant a display, to win a Platinum Jubilee Floral Guernsey Discretionary Award. Schools planted ""a tree for every class"" and a commemorative 50p coin was presented to every full-time student. Events also took place in Alderney during the weekend. On 2 June, the day started with a party on the Butes and end with the lighting of a beacon. A Gala Dinner took place on the evening of 3 June at the Braye Beach Hotel. On 4 June, a Saturday fete was held at Frette Farm by The Blonde Hedgehog. On 5 June, there was a Churches Together Service at St Anne's Church, followed by a parade. All of the island's restaurants served Jubilee-themed Sunday lunches. A competition to find the best decorated houses and gardens took place and sports clubs competed for Jubilee Trophies.



= Guernsey platinum jubilee flag



= The Committee for Education, Sport & Culture launched a competition for islanders to design a jubilee flag. More than 400 entries were sent. The winning design, by Ben Le Marchant, is based on a 1953 Coronation postage stamp with a wave pattern based on the sea as a connection to Guernsey. The colours red and yellow are taken from the Guernsey flag, and the purple and white represent the colours of the Platinum Jubilee emblem. The Weighbridge Mast flew the flag over the summer. A replica of the winning flag was sent to the Queen along with Guernsey's official Jubilee message. Six designs were also chosen as runners-up and featured on a set of Guernsey platinum jubilee postcards.



Jersey



Commemorative coins were issued in Jersey, with a stamp issued on 1 June. The stamp features a photograph taken by Dorothy Wilding in 1952, it is printed with several ""special ink effects"", including using an iridescent ink which gives the Queen's dress, crown and necklace a ""subtle sparkle"". On Accession Day, the bailiff of Jersey sent a congratulatory message to the Queen. Church across Jersey marked the occasion by ringing bells at noon for 15 minutes. On 1 June, a 21-gun salute was fired by the Jersey Militia, and a reception held at Government House. On 2 June, the Queen's Platinum Jubilee Beacons were lit at Glacis Field, in front of a crowd of 5,000 people. On 3 June, the Jersey International Motoring Festival Pageant included a formal march by representatives from all uniformed organisations in Jersey. On 5 June, a service was held at the Town Church, led by Mike Keirle, Dean of Jersey. High tea on the high street and a race at Les Landes race course also took place. Islanders were invited to enjoy a picnic at Elizabeth Castle.



Isle of Man



The Isle of Man Post Office released a new stamp collection on 6 February to mark the jubilee. Each of the eight commemorative stamps feature a picture of the Queen, who holds the title Lord of Mann, along with words from ""God Save the Queen"". At an event organised by the Douglas Borough Council, 70 trees were planted by schoolchildren next to a new cycleway at Spring Valley alongside the edge of Douglas Golf Course. Trees species found on the grounds of Buckingham Palace were chosen, and include silver birch, flowered wild cherry, English oak, and small leaved lime trees. The Isle of Man Government created a Platinum Jubilee Event Fund that provided up to £5,000 grant to help fund community-based projects and celebrations organised by the local authorities, non-profit making community/voluntary groups and local charities, in honour of the jubilee. In April 2022, a set of five commemorative 50p coins was released. The set outlines the Queen's role as Lord of Mann, and depicts royal beasts alongside words from God Save the Queen. The Treasury also released a sovereign in gold and silver, marking the 70 years in Roman Numerals, and a crown coin. Douglas, the capital of the Isle of Man, was granted city status. Chief Minister Alfred Cannan said it was ""a huge honour for the island"" that celebrates its ""unique mix of culture, history and heritage"". The Manx government gave the Queen a brooch in the shape of the Isle of Man, made there by Element Isle. The 'Infinity Isle of Man' brooch design outlines the island with four gems (Blue Topaz, Citrine, Amethyst and Emerald) representing the towns of Ramsey, Peel, Castletown and the city of Douglas. The colours of the stones were selected to represent Manx tartan. There was a four-day bank holiday from 2 to 5 June. On 2 June, beacons were lit at St Ninian's Church; Raglan Pier, Port Erin; Ballavell Farm, Ballasalla; Douglas Head, and Slieau Lhost. On 3 June, a street party took place at the Family Library, and a celebration by Arbory and Rushen Commissioners. A Service of Thanksgiving took place on 5 June, and Big Jubilee Lunches were held across the Island. On 25 June, Onchan District Commissioners organised the ""Party in the Park"". The Douglas Jubilee Carnival was held by the Douglas Borough Council on 23 July.

= British Overseas Territories 

=



Bermuda



In November 2021, the governor of Bermuda hosted a ceremony at Government House, Bermuda, with 70 trees planted. In May 2022, a giant photograph of the Queen was placed on the Seon Place Building in Hamilton. On 2 June, the governor hosted the Queen's Birthday and platinum jubilee reception at Government House. On 3 June, the governor and the premier planted two trees to mark the Jubilee. On 4 June, the annual Queen's Birthday Parade took place along Front Street. The governor also presented representatives of the uniformed services with platinum jubilee medals. On 5 June, a service of thanksgiving was held at the Cathedral of the Most Holy Trinity, Hamilton, and on 12 June, St. Peter's Church, St. George's, hosted a Service to mark the platinum jubilee and the tenth anniversary of the Intituling of St Peter's Church as ""Their Majesties Chappell"".



British Antarctic Territory



A new 50p coin was released by the British Antarctic Territory to mark the jubilee. The coin features the Queen's royal cypher surrounded by a rose, representing England, a daffodil, representing Wales, a thistle, representing Scotland, and shamrocks, representing Northern Ireland. The design also incorporates the jubilee emblem. Postage stamps commemorating the jubilee were released on 24 March.



British Virgin Islands



Beacon lighting and community events were held in the British Virgin Islands on 2 June.



Cayman Islands



Caymanian celebrations began with the opening of a commemorative exhibition by the Cayman Islands National Museum on 5 February. On Accession Day, the governor and the premier of Cayman Islands released statements. On the same day, a special sitting was held at the House of Parliament. The governor read a special proclamation, and speeches were given by the speaker of the parliament, premier and the leader of the opposition. A 70 seconds of moment of silence was observed across the Cayman Islands at 12:15 pm to mark seventy years since the passing of King George VI. During this time, radio stations remained silent and bells were rung in many churches. A commemorative exhibit began on Commonwealth Day and continued through the end of June in the foyer of the House of Parliament. The exhibition features historical photographs of the Queen's visits to the Cayman Islands, as well as royal memorabilia and Postal Service royal stamp issues. The Cayman Platinum Cake Competition was launched on 1 March. Nine finalists were invited to Government House on 28 April for a taste test by judges Lori-Ann Foley, Brittani Seymour, Elizabeth Larsen and Mark Lea. The winning recipe by Anne Frawley is called the ""Cayman Sunrise Cake"", which is adapted to include flavours and ingredients native to the Cayman Islands. The cake was served at the Queen's Birthday Party on 6 June. A competition was launched by the Ministry of Youth, Sports, Culture & Heritage to find a song or a jingle that ""exemplifies the celebration of 70 years of the Queen's reign"". The competition is open to national songwriters, vocal recording artists and composers until 3 June. The winning three best entries were announced on 11 June at the DART Park Amphitheatre. On 2 June, beacons were lit on the grounds of Pedro St. James, in Grand Cayman and at the Christopher Columbus Gardens in Cayman Brac. An outdoor concert showcased performances from the National Choir and the National Orchestra in Grand Cayman, while musical performances took place in the Brac. On 3 June, a live music concert took place in downtown George Town. Throughout the weekend, trees were planted across the Cayman Islands as part of The Queen's Green Canopy. On 5 June, a Service of Thanksgiving took place at Elmslie Memorial Church. On the same day, a children's tea party was held at the Queen Elizabeth II Botanical Park. On 6 June, Caymanians celebrated with the traditional parade and garden party at Government House. An evening fireworks display also took place along Seven Mile Beach. An international air show was held in Grand Cayman.



Falkland Islands



Commemorative stamps were released by the Falkland Islands on 24 March. Stanley, the capital of the Falkland Islands, was granted city status. The islands' government said it was ""over the moon"" and would be ""partying with the penguins"". There were public holidays on 2 and 3 June. On 1 June, a reception was held at the Town Hall. On 2 June, frontline serving members of the Royal Falkland Islands Police, Falklands Fire & Rescue, Falkland Islands Defence Force, and other emergency services were awarded commemorative platinum jubilee medals at Government House. Beacon lighting took place at Moody Brook and Government House. On 3 June, a church service was held at Christ Church Cathedral. On 4 June, community events and celebrations took place at the Town Hall. On 5 June, a cake competition was held at the Town Hall.



Gibraltar



On Accession Day, the Governor and the Chief Minister of Gibraltar issued statements and paid tribute to the Queen. The Union Flag was flown from the Moorish Castle throughout the day. On 7 February, a gun salute was fired by the Royal Gibraltar Regiment from Grand Battery. On 25 April, Gibraltar issued a set of commemorative stamps. As in the UK, there was a double bank holiday on 2 and 3 June. On 2 June, a food festival Jubilita took place at the three of Gibraltar's City Squares – the Theatre Royal Square, John Mackintosh Square and Campion Park. Jubilita offered a historical trail through the Queen's reign, with dishes from different eras. On 4 June, a street party was held at Governor's Parade. Gibraltar National Archives organised a jubilee exhibition at Gustavo Bacarisas Gallery from 7 June to 27 July.



Montserrat



In Montserrat, celebrations began in the middle of May with radio quizzes. Medal ceremonies took place between 13 and 30 May to honour uniformed personnel who had served 5 or more years within the Royal Montserrat Defence Force, Royal Police Service, Her Majesty's Prison and the Montserrat Fire and Rescue Services. There were public holidays on 2 and 3 June. At Little Bay, a beacon lighting ceremony took place on 2 June, with an outdoor concert. On 3 June, a ceremonial parade took place at Salem Park, followed by the Queen's Birthday Party on 4 June. Tree planting ceremonies took place across Montserrat. Other activities include poetry and art competitions for children and social activities for various age categories.



Pitcairn Islands



In Pitcairn Islands, the smallest British overseas territory with no more than 50 permanent inhabitants, a jubilee dinner was held on 2 June. The territory was also the last to light a jubilee beacon.



Turks and Caicos Islands



Governor Nigel Dakin approved an extra holiday on 6 June, throughout the Turks and Caicos Islands. In addition, the Queen's Birthday public holiday was observed on June 3, rather than the usual 13 June, to create a four-day weekend celebration as a tribute to the Queen's reign. Planned celebrations include events in Grand Turk, a tree planting ceremony, a beacon lighting ceremony and the Queen's Birthday Parade. Platinum jubilee medals were awarded to public servants for their service over the years, as well as to the persons for 18, 25 and 30 years of service to the Crown.

= Canada 

= The Platinum Jubilee of Her Majesty Queen Elizabeth II is the first time in Canada's history that a Canadian monarch celebrates 70 years on the throne.



Planning



A series of initiatives have been organised by the federal government. On 11 June 2021, Prime Minister Justin Trudeau had a virtual audience with the Queen, wherein they discussed preparations for Canadian celebrations. Provincial governments also started planning for the Jubilee in 2021, as did private organisations, like the Canadian branch of Rotary Club. An emblem for the jubilee was created by Cathy Bursey-Sabourin, the Fraser Herald of Arms, and registered with the Canadian Heraldic Authority in December 2021. A platinum jubilee flag that features the emblem on a white background was also created and flown at government houses and events throughout the jubilee year. The federal government also created lapel pins using the jubilee emblem, and distributed them to all parliamentarians, so they could award them to Canadians who greatly contributed to their communities. Platinum Jubilee lapel pins were also distributed across the country by the Monarchist League of Canada. The Department of Canadian Heritage created a program that provides up to CA$5,000 grant to help fund community-based projects and celebrations, as well as permitting larger initiatives to apply for the Commemorate Canada grant, as the jubilee was considered an anniversary of significance for the country. Through the Queen Elizabeth II's Platinum Jubilee Fund, Canadian Heritage invested CA$2.14 million to support celebrations in 360 local communities and three national projects. Approved projects include artistic performances and exhibitions, educational programs, garden and tea parties, geocaching programs, military parades, summer reading programs, and tree-planting events. Funded initiatives aim to educate Canadians about the role of the Canadian Crown and celebrate Canadian achievements over the past seven decades. The Platinum Jubilee was the first publicly celebrated jubilee in which the Canadian government didn't issue a jubilee medal. Responding to queries about the medal, Canadian Heritage noted the decision to not issue a medal was ""an approach consistent with that adopted by almost all Commonwealth realms"". However, the decision was criticised by the Royal Canadian Legion and the Monarchist League of Canada, the latter also criticising the scale of the federal government's planning for the event. Several provincial governments instituted their own Jubilee medals, with Alberta and Saskatchewan issuing 7,000 medals each; Nova Scotia issuing 5,000 medals; Manitoba issuing 1,000 medals; New Brunswick issuing 3000 medals; and Prince Edward Island issuing 584 medals. The same legislative act that authorized Alberta's Platinum Jubilee medals also replaced awards created for the Queen's Golden Jubilee in 2002, with platinum jubilee equivalents and increased their monetary prizes. The government of Ontario stated it would celebrate the anniversary through the province's existing honours and medals, as well as issuing commemorative Platinum Jubilee lapel pins. The government of Manitoba provided grant funding with a focus on reconciliation to Manitoba's six Royally-designated organizations to facilitate jubilee initiatives throughout the year.



Accession Day events in Canada



Celebrations were launched by the Department of Canadian Heritage on 6 February, as the government encouraged Canadians across the country to celebrate the jubilee in ""their own unique ways"". On the same day, Governor General Mary Simon, lieutenant governors, Prime Minister Trudeau, all issued statements congratulating the Queen, as did the provincial premiers, and the Speaker of the Senate of Canada. The Governor General said: Much has changed in the last seven decades. We extended the hand of friendship to nations around the world. We made advancements in medical research, most recently with vaccines. We established the Truth and Reconciliation Commission and took part in its work. We saw the first Canadian named governor general, then the first woman, and now, the first indigenous person. Flag raising ceremonies for the Canadian royal standard and the platinum jubilee flag occurred at Rideau Hall and several provincial legislatures and government houses. Evensong services were also held in a variety of churches of the Diocese of British Columbia and the Anglican Diocese of Toronto, with the Lieutenant Governor of Ontario attending a service in Cathedral Church of St James in Toronto.



Tributes across the country



The Royal Canadian Mint released a series of coins, including the two-coin jubilee set, a one-ounce platinum coin, a double-portrait proof silver dollar, and coins depicting the Queen's Diamond Diadem. Canada Post issued a commemorative stamp, which features a profile of the Queen by Arnold Machin. In the realms of arts and letters, the Royal Canadian Geographical Society and Canadian Geographic magazine created a series of commemorative pieces for the jubilee, the first of which were released on 6 February. The magazine also launched its own platinum jubilee website, and through its education wing, launched ""The Queen's Jubilee Classroom Challenge"", which ran from 1 April to 31 May 2022 and encouraged students to ""head out into their own communities to discover and learn about native plants"", drawing inspiration from The Queen's Commonwealth Canopy and The Queen's Green Canopy. The Lieutenant Governor's BC Journalism Fellowship and the Lieutenant Governor's Art and Music Award were launched by the Queen's representative in British Columbia. In May, it was announced that the year's Royal St. John's Regatta would be renamed Platinum Jubilee Royal St John's Regatta, and the event took place at Quidi Vidi Lake on 4 August. On 13 May, a battery of the 1st Regiment of the Royal Canadian Horse Artillery was also renamed The Queen's Battery. Special call-sign prefixes for the jubilee were approved by Innovation, Science, and Economic Development Canada for use by amateur radio operators from 15 May to 14 July. The Canadian Broadcasting Corporation produced a documentary, The Queen and Canada, airing on 4 June on CBC News Network. Lieutenant governors and commissioners across Canada dedicated special gardens in their respective provinces or territory. Each of the 13 gardens included plants suited to the local climate, including tobacco, where climate and protocols allowed, providing the gardens with a representation of the relationship between the Canadian Crown and indigenous peoples of Canada through the treaties. Tobacco seeds were provided to viceregal offices and commissioners from plants grown for the Chapel Royal at Massey College. Another garden to represent the Crown's association with indigenous Canadians was unveiled at Mount Pleasant Nature Park in the County of Brant on 4 June. The Prince Edward Island Crown-in-Council established a tree planting initiative to create a legacy for the jubilee by adding a stream to its Greening Spaces Program and, from Earth Day to 7 June, the town of Saint Andrews, New Brunswick, planted 70 trees. In May, members of the Royal Canadian Air Cadets also planted trees as a part of the Queen's Green Canopy project. A commemorative plaster sculpture honouring the Queen's 70-year reign was put on display in the Senate of Canada Building. When Centre Block is fully restored, a final stone version of the sculpture will eventually cap the main arch above Centre Block's Senate foyer, near the Diamond Jubilee Window created in 2010.



Events from February to May



Several government houses organised jubilee events throughout the year. An exhibition was mounted at the Lieutenant Governor of Saskatchewan's official residence in Regina; titled Platinum on the Prairie: The Queen in Saskatchewan, which focused on the Queen's connection to the province. The portrait of the Queen that was commissioned for the diamond jubilee in 2012 also went on display at Government House in Saskatchewan. On 14 March, a time capsule was buried at Government House, British Columbia, which contains messages of hope for the future from viceroys and commissioners across Canada and is scheduled to be opened in 2072. The Alberta Legislature Building hosted on-site tours and displays for the jubilee. An exhibit was unveiled on 2 March at the Canadian Museum of Nature, featuring a display of Canadian currency, postage stamps, and specimens of platinum. Woodstock Museum in Woodstock, Ontario, held several jubilee-themed programs from April to June and the Toronto Railway Museum hosted on 19 May an online lecture on Canadian royal trains used during the Queen's reign. Similarly, the Nova Scotia Archives launched a dedicated online collection of material related to the Queen's various tours of the province. As part of Winterlude in February, an ice sculpture was unveiled on Sparks Street, the main pedestrian mall in Ottawa, and, in the same vein, the city's ByWard Market was decorated in purple. In spring, Ottawa's Confederation Boulevard, as well as several places in provinces and territories, were decorated with banners featuring the jubilee colours. Prime Minister Justin Trudeau and Governor General Mary Simon were received in the audience by the Queen at Windsor Castle on 7 and 15 March respectively, where they both offered their congratulations to the Queen for reaching the milestone. At Canada House in London, a jubilee-themed window display was unveiled in April, featuring pictures from throughout the Queen's reign demonstrating her relationship with Canada. On 9 April, the town of Melfort, Saskatchewan, held a high tea and, later, in Ontario, the Durham Chamber Orchestra performed a concert in Ajax, on 15 May, followed by a jubilee weekend in Amherstburg, held between the 20th and 21st of the same month, and attended by the province's Lieutenant Governor. Back in Ottawa, a corgi parade took place on 22 May. Four days later, the Strathcona Ceremonial Mounted Troop were part of celebrations held in Armstrong, British Columbia; an event that was organized by the Armstrong Regional Co-op, the Canadian Armed Forces, and the Okanagan Military Tattoo Society. The Royal Canadian Mounted Police (of which the Queen is Commissioner-in-Chief) sent its Musical Ride to partake in the special Royal Windsor Horse Show, Platinum Jubilee Celebration: A Gallop Through History, at Windsor Castle on 15 May. RCMP officers greeted the Queen upon her arrival at the showground and performed other ceremonial duties riding the horses the force had given to the Queen. Ahead of their jubilee tour of Canada, the Prince of Wales and the Duchess of Cornwall visited Canada House in London on 12 May. The couple met members of the Canadian diaspora and watched a small performance. Canadian High Commissioner Ralph Goodale said that the Crown and Canada have a ""very egalitarian"" relationship. He said it is not about empire, but Commonwealth, and the relationship ""constantly reviews itself in modern terms, and that is the secret of its longevity"".



Commemorations throughout summer



A new segment specifically about the Queen's 70 years of service to Canada was added to the annual Northern Lights sound and light show that runs from June to September on Parliament Hill, including images of the Queen's tours of Canada displayed through dynamic animation. A Canadian Heritage outdoor exhibition, The Queen and Canada, was presented from August to October at the Château Laurier hotel and features images of the Queen in Canada arranged along the hotel's promenade that faces the Rideau Canal. Prior to the lighting of The Queen's Platinum Jubilee Beacon in Ottawa, on the evening of 2 June (the 69th anniversary of Elizabeth II's coronation), a specially-scripted proclamation was read by town criers in multiple cities across Canada. In the evening, bagpipers across the country played the bugle calls ""Diu Regnare"" and ""Majesty"" and major federal and provincial buildings throughout the country were illuminated purple. A beacon was also lit on top of Canada House in London in the presence of Governor-General Mary Simon. In a statement, Simon encouraged Canadians across the country to work together to ""truly honour the life, legacy and reign of Her Majesty The Queen"". Twelve Canadian Armed Forces members representing the forces' three elements took part in the Platinum Jubilee Pageant in London on 5 June, along with military personnel from other Commonwealth countries. In Aurora, Ontario, a commemorative bench was installed at Queen's Diamond Jubilee Park on 2 June, with a celebration taking place two days later, when seven images—one for each decade of the Queen's reign—were put on display and one of the town's Concerts in the Park series was dedicated to the jubilee as a musical tribute. The town also set up a website with educational resources and entertainments. ""Majestic Celebrations: 70 Hats for 70 Years"", a millinery exhibit, was held at the Burlington Central Library between 2 and 5 June. In Toronto, the Lieutenant Governor of Ontario hosted a platinum jubilee garden party on 5 June at the Aga Khan Museum and garden lunch and tea events took place on 4 and 5 June, as well as in Sarnia. The Royal Commonwealth Society of Toronto hosted a gala at the Fairmont Royal York on 17 June. The City of Toronto planted 70 large trees, one for each year of the Queen's reign, throughout Rowntree Mills Park, with the tree planting being attended by Mayor John Tory and Lieutenant Governor Elizabeth Dowdeswell. In Alberta, between 3 and 4 June, provincial museums and historic sites offered free admission and, on the second day, the Lieutenant Governor hosted a garden party on the grounds of Government House in Edmonton. Innisfail saw on 2 June the Royal Canadian Legion Pipe Band play and, two days later, at Ol' Moose Hall, the Innisfail and District Historical Society hosted the Queen's Platinum Jubilee Tea, which also honoured the Women's Institute, a community-based organization for women in the UK, Canada, South Africa, and New Zealand. An exhibit on the Queen's visits to Newfoundland and Labrador was curated by The Rooms and mounted at Government House, St John's, where an open house was held on 3 June. The Lieutenant Governor attended a tea party in the town of Placentia on 6 June. A tree planting ceremony was held on 5 June in Centennial Park in Saint Andrews, New Brunswick, followed by a community church service at All Saints Church on King Street and a community garden party in front of the Anglican Parish Hall. In Fredericton, several events were held from 2 to 9 June, including a tree planting, a flag raising ceremony, and a concert on 16 June, in front of City Hall, which was lit in purple from 2 to 5 June. The Lieutenant Governor of Nova Scotia hosted platinum jubilee garden parties in Yarmouth on 16 July and in Cape Breton on 30 July. On 23 July, a platinum jubilee concert, featuring the Stadacona Band of the Royal Canadian Navy, was held at Government House in Halifax. On 1 July, a ""double platinum"" themed Canada Day celebration was held in Pugwash to commemorate both the platinum jubilees for both the Queen and the local Gathering of the Clans. On 4 June, two refurbished British cannons, dating from 1810, were fired for a total of five times by the Westmount Battery, in Montreal's Mount Royal Cemetery, near Côte-des-Neiges Armoury. The last time they had been fired publicly was in 1897, for the Diamond Jubilee of Queen Victoria. A collection of memorabilia was displayed at Atwater Library and the proprietors of Clarence & Crisps shop in Hudson stated solar-powered, waving mini-statues of the Queen were the most popular item. On 13 July, a celebration was held at Davies Park, Montreal West. In a statement, the Lieutenant Governor of Quebec commended the Queen ""for her many sacrifices and her selflessness"". Government House, British Columbia, hosted Platinum Jubilee Music on the Lawn, an outdoor concert series, over three nights on 7 July, 14 July, and 21 July. On 19 August, the Lieutenant Governor of British Columbia hosted a Platinum Jubilee Festival at Government House. In Dawson City, a celebration was held at the local museum on 11 June. Starting 7 July, Taylor House, Yukon, hosted jubilee Thursdays all through July and August to celebrate the Queen's jubilee. On 13 August, the Commissioner of Yukon Angélique Bernard hosted a jubilee garden party at her residence in Dawson City. The next day, a celebration was held at the Keno City Mining Museum as part of the jubilee to mark the centennial of the visit of Governor General Lord Byng to the Keno region's silver mines.

= Australia 

= Queen Elizabeth II was the first Australian monarch to celebrate a platinum jubilee, and a range of national and community events were held across the country. ""We plan to hold a range of events to coincide with key dates throughout 2022, to show our respect and appreciation for seven decades of service"", said then Prime Minister Scott Morrison. The Australian Department of Agriculture, Water and the Environment also launched a tree planting initiative. The Australian Government provided up to A$15.1 million of grant funding in 2022 to eligible groups and organisations for community-based tree planting events. Australians were able to submit a personal message of congratulations and thanks to the Queen on the Australian Government's Platinum Jubilee website from 2 to 16 June 2022. Messages were collated and sent to Buckingham Palace and archived by the Commonwealth of Australia.



Accession Day events in Australia



On 6 February, buildings and monuments throughout Australia were lit in purple. Statements were released by Morrison, Governor-General David Hurley and the governors of the Australian states. Services were held in churches across Australia. In Canberra, evensong at St Paul's Church, Manuka was attended by the governor-general of Australia. Several state governors also attended evensong services, including the governor of New South Wales at St James' Church, Sydney, the governor of Tasmania at St David's Cathedral, Hobart, the governor of Victoria at St Paul's Cathedral, Melbourne, the governor of Western Australia at St George's Cathedral, Perth, and the governor of South Australia at St Paul's Anglican Church, Port Adelaide. The latter event was also attended by the premier of South Australia.



Memorabilia



Commemorative stamps and coins were released in Australia. On 5 April, two commemorative stamps were released by Australia Post: a $1.10 stamp featuring an image of the Queen from 1952 by Dorothy Wilding, and a $3.50 stamp which displays a 2019 photograph of the Queen. A range of collectables accompanied the stamp release. The Perth Mint released three celebratory coins on 5 April. The coins – two gold, and one silver – feature the shield of the royal coat of arms alongside the floral emblems of England, Ireland, Scotland and Australia on one side; and the Queen's first (1953) and current (2019) coin effigies on the other. The Royal Australian Mint released a commemorative 50c coin on 5 May. The coin depicts intertwining golden wattle branches, the national floral emblem of Australia; and the lily of the valley flowers, the Queen's favourite flower. The centre of the coin includes the Queen's royal cypher. Inspired by the 1977 Australian silver jubilee 50c coin, the platinum jubilee coin also features a fan of 70 crowns set behind a central St Edward's Crown.



Commemorations in June



The Queen's Platinum Jubilee was officially celebrated in Australia from 2 to 5 June 2022. During this period, buildings and monuments throughout Australia were illuminated in purple to mark the occasion. On 2 June, the Blue Mountains Pipe Band played the tune Diu Regnare, written especially for the jubilee, in the Blue Mountains. At Government House, Perth, the Governor of Western Australia dedicated a new garden to the Queen. On the same day, a beacon was lit in Canberra, by Prime Minister Anthony Albanese. He later remarked that his birth was ""somewhat potentially delayed"" during the Queen's tour in 1963 because his ""mother insisted on seeing the tribute to Queen Elizabeth on her way to the hospital, she insisted on going via the city to ensure she saw all of the commemorations at that time"". From 2 to 13 June, the Department of the Prime Minister and Cabinet Library hosted a display in the public foyer in the Andrew Fisher Building, featuring artifacts and contemporary items relating to the platinum jubilee. The Bible Museum celebrated the jubilee from 2 to 17 June with a big display of commemorative royal Bibles, which included a special Bible published for the platinum jubilee. From 2 June to 31 December, the National Capital Exhibition presented The Queen and Me, celebrating the Queen's 14 visits to Canberra during her 70-year reign. It featured family photographs, and mementos of the day, and personal stories of what their interactions with the Queen have meant to the people of Canberra. On 3 June, the Administrator of the Northern Territory hosted Music on the Lawn: A Jubilee Event at Government House, which featured The Band of the 1st Brigade and Australian Army Band Sydney who performed a contemporary program of music. On 4 June, Aspen Island in Canberra's Lake Burley Griffin, an island lying within the Parliamentary Triangle and which features the National Carillon, was renamed Queen Elizabeth II Island during a special event. The ceremony also included dedicating the new Queen Elizabeth Water Gardens, which transformed the nearby foreshore as well as improve water quality. The event also included a 21-gun salute and RAAF flypast. In a message, the Queen remarked that the renaming of the island was ""a lovely and kind gesture"", and hoped that ""Queen Elizabeth II Island continues to provide a place of enjoyment for all who go there"". St Andrew's Cathedral, Sydney, hosted a concert 'Happy and Glorious' on 4 June, with royal music including Handel's Zadok the Priest, Parry's I was glad, Walton's Orb and Sceptre Coronation march and works by Vaughan Williams, Byrd and Rutter, and the Australian premiere of the official platinum jubilee anthem, In Our Service. From 4 June to 13 June, Parliament House hosted special tours featuring representations of the Queen in the Parliament House art collection, such as Sir William Dargie's Wattle Queen and John Dowie's bronze statue of Queen Elizabeth II on Queen's Terrace. On 5 June, a Service of Thanksgiving took place at St John's Anglican Cathedral, Brisbane, attended by the governor of Queensland. Another service of thanksgiving was held at the Loch Public Hall. The same day, Government House, Adelaide, opened for visitors to view public rooms, and see the workings of the House and view the statue of the Queen. 41 members of the Australian Defence Force contingent from the Federation Guard took part in the Platinum Jubilee Pageant in London on 5 June. Cheers of ""Aussie Aussie Aussie"" were heard as the Australian contingent marched by. From 10 June to 30 December, the Australian Racing Museum, whose patron is the Queen, presented an online exhibition featuring a collection of objects, photographs and records held in the museum collection. The Australian Army continued Platinum Jubilee celebrations in Canberra with Royal Military College – Duntroon's Queen's Birthday Parade on 11 June. On 12 June, the Australian government announced a contribution of $10,000 to Wildlife SEQ Inc., in honour of the jubilee. The same day, All Saints Anglican Church, South Hobart, celebrated the jubilee with a Festal Choral Evensong. On 18 June, the Blackstone-Ipswich Cambrian Choir hosted a concert at St Paul's Anglican Church, Ipswich, featuring music from the Queen's Coronation, such as Handel's Zadok the Priest and Parry's I was glad.



Other events



On 3 February, the governor of Victoria hosted a reception at Government House, Melbourne. Those in attendance included representatives from Victorian organisations to which the Queen and other members of the royal family have a connection. On 5 February, the governor of New South Wales hosted a tree planting and garden reception to commemorate the jubilee, at Government House, Sydney. The governor planted a red oak. On 7 February, the governor of Tasmania hosted a reception for the Royal Over-Seas League and other Commonwealth societies. On 8 February, a motion introduced by Morrison was passed by the Australian House of Representatives, in which the House offered their ""warmest congratulations"" to the Queen. Morrison and the Leader of the Opposition, Anthony Albanese, also offered their personal congratulations to the Queen. From 5 February to 27 February, Parliament House hosted guided tours, titled Platinum Jubilee in portrait. These featured artistic representations of the Queen from the Parliament House art collection, including Sir William Dargie's Wattle Queen, the statue of the Queen in the Queen's Terrace Café, and depictions of the State Opening of Parliament in 1954 and 1974 and the opening of Parliament House in 1988. On 13 March, Government House, Brisbane hosted an open day, allowing the public to tour parts of the building and its gardens. On 5 August, all Royal Australian Infantry Corps battalion colours were paraded for the first time at the School of Infantry to mark the Jubilee. On 6 August, The Queen's Platinum Jubilee Concert, directed by Alexander Voltz, occurred at St John's Cathedral, Brisbane. The Royal Queensland Show and the Queensland Government hosted the Queen's Platinum Jubilee Celebration Cake Competition. The cakes were displayed from 6 to 14 August in the Fine Arts Precinct of the Ekka's Channel 7 Pavilion.

= New Zealand 

=



Tributes and commemoration



On Accession Day, Prime Minister Jacinda Ardern congratulated the Queen and wished her well on behalf of New Zealanders. Ardern announced that the government would donate $1 million to Trees That Count to assist with tree planting programmes across New Zealand. Trees That Count is working with the Department of Conservation to support the planting of 100,000 native trees at 15 native restoration projects across New Zealand. The project was launched on 16 May at Government House, where Dame Helen Winkelmann, the administrator of the government, and Kiri Allan, minister of conservation, planted a kauri. From Point Jerningham, Wellington, a 21-gun salute was fired by personnel from the 16th Field Regiment, Royal Regiment of New Zealand Artillery, on 7 February. On 9 February, Ardern moved a motion and was passed in the House of Representatives congratulating the Queen on her jubilee. Commemorative coins were released by NZ Post. A bulletin article – The Queen on New Zealand's Currency – was commissioned by the Reserve Bank of New Zealand to mark the Jubilee. At Te Awamutu, a plaque was erected to commemorate both the jubilee and the Queen and Prince Philip's visit to Te Awamutu in 1954. The plaque, which was approved by the Queen, was erected on the old Te Awamutu Post Office building.



Events from June



On 2 June, at midday, a 21-gun salute was fired at Point Jerningham, Wellington. In the evening, a beacon was lit on the steps to the Tangi Te Keo Mt Victoria lookout in Wellington, by former governor-general Sir Jerry Mateparae and the mayor of Wellington, Andy Foster. A bonfire was lit in Christchurch and the Sky Tower in Auckland was lit up in red, yellow, and orange as a jubilee beacon. A service of celebration took place on 3 June at Wellington Cathedral of St Paul. The service featured reflections about the Queen from former deputy prime minister and secretary-general of the Commonwealth, Sir Don McKinnon, and Queen's Young Leader award winner Ezekiel Raui. On 3 June, Prime Minister Ardern announced that a trail on Stewart Island / Rakiura, previously known as Observation Rock Track, would be renamed Queen Elizabeth II Platinum Jubilee Path. A contingent of 42 personnel from the New Zealand Defence Force marched in the Platinum Jubilee Pageant in London on 5 June. The 2022 Queen's Birthday and Platinum Jubilee Honours List was announced on 6 June 2022. A 21-round salute was fired using a 1941 field gun at Timaru's Caroline Bay. Auckland's Sky Tower was lit in purple for the occasion.

= Pakistan 

= On 2 June, a jubilee beacon by lit by the Ministry of Foreign Affairs in Islamabad. On 8 June, Prime Minister Shehbaz Sharif attended a jubilee celebration hosted by the High Commission of the United Kingdom, Islamabad. The Pakistan Monument was lit up in purple to mark the Jubilee.

= Ghana 

= On 2 June, First Lady Rebecca Akufo-Addo lit a beacon in Accra, at a ceremony organised by the Rotary Club Ghana. The Ghana Society-UK celebrated at the Luton International Carnival on 4 June. On 10 June, the Ministry of Lands and Natural Resources held a tree planting at the Achimota Forest.

= Malaysia 

= On 2 June, Rotary Malaysia District 3300 lit a beacon. The Malaysian British Society held a golf day for charity, on 2 June, and members of the British Armed Forces based at Butterworth Air Base held a garden party from all Five Power Defence Arrangements member nations. On 5 June, soldiers from the 1st Battalion of the Royal Malay Regiment (RMR) marched in the pageant in London. The Yang di-Pertuan Agong congratulated the Queen and hailed her as a ""ruler who cares about the welfare of the people"". The British High Commission hosted an official reception later in June.

= Jamaica 

= On Accession Day, Governor-General Sir Patrick Allen, congratulated the Queen. The Queen's Platinum Jubilee Medal was presented to members of the Jamaica Defence Force, the Jamaica Constabulary Force, the Department of Correctional Services, the Jamaica Fire Brigade and the Emergency Medical Services.

= Trinidad and Tobago 

= President Paula-Mae Weekes attended the Royal Windsor Horse Show in May. At Windsor Castle, Weekes presented the Queen with a gift from the people of Trinidad and Tobago. The gift, Woman on the Bass, was designed and produced by artist Gillian Bishop.

= Kenya 

= In Aberdare Open Fields, close to Treetops Hotel where the Queen received the news of her accession, the Earl of Wessex and Forfar planted a tree on 16 March. On 2 June, a beacon was lit jointly by the High Commissioners of Barbados and India to Kenya, at an event held by Nairobi's Rotary Club in Karen.

= Malta 

= The Central Bank of Malta commissioned two commemorative coins for the jubilee and they were minted by the Royal Dutch Mint. MaltaPost also issued a stamp in a miniature sheet for the occasion on 2 June. On 2 June, a tune called Diu Regnare, was played on bagpipes outside the Queen's former Pietá house – Villa Guardamangia. Rotary Club Malta lit a jubilee beacon at the Msida Bastion Historic Garden in Floriana; attendees to the event included British High Commissioner Katherine Ward. On the same day, the Gozo Community Choir sang A Life Lived With Grace in a ceremony at Munxar on Gozo.

= Zambia 

= To mark the Queen's jubilee, Rotary International District 9210 and the Wildlife Environment Conservation Society of Zambia (WECSZ) partnered to plant at least 50 indigenous trees in each of the 10 provincial capitals of Zambia.

= The Gambia 

= On 2 June, Rotary Club in the Gambia lit beacons at Tamala Beach Hotel. The British High Commission in Banjul hosted government officials, and members of the diplomatic community at a reception on 3 June.

= Barbados 

= Prime Minister Mia Mottley attended a celebration at the British High Commission on 1 June. Mottley congratulated the Queen and said ""all of us are grateful"" for the Queen's work at bringing stability to the Commonwealth.

= Samoa 

= On 6 June, the jubilee was marked with a tree planting ceremony at the Vailima Botanical Gardens. As part of the Queen's Green Canopy, the British High Commissioner announced UK's funding contribution of £10,000 (SAT $33.2K) towards the Vailima Botanical Garden Zoning Project for the installation of accessibility resources for people with disabilities. On 9 June, Samoan government officials, including acting Prime Minister Tuala Iosefo Ponifasio, opposition leader and former Prime Minister Tuilaʻepa Saʻilele Malielegaoi, and members of the Legislative Assembly, attended a platinum jubilee reception hosted by the British High Commissioner at the Robert Louis Stevenson Museum at Vailima.

= Bangladesh 

= President Mohammad Abdul Hamid and Prime Minister Sheikh Hasina sent congratulatory messages. On 25 May, the Speaker of the Bangladesh Parliament Shirin Sharmin Chaudhury was the guest of honour at a reception at the British High Commission. On 2 June, the High Commissions of Canada, India, and the United Kingdom in Dhaka were lit up in purple.

= Bahamas 

= At The Retreat Garden National Park in Nassau, on 28 January, two lignum vitae trees were planted by the commanding officer of HMS Medway, which is part of the Royal Navy's permanent presence in the region, providing humanitarian aid and working with local law enforcement on stopping the flow of illegal drugs. Also present were members of the Bahamas National Trust and the UK High Commission in Nassau. A series of commemorative stamps was released by The Bahamas on 17 March.

= Papua New Guinea 

= On Accession Day, Governor-General Sir Bob Dadae reflected on the Queen's life and said that Papua New Guineans are proud to have Elizabeth II as their Queen. He said: Despite personal tragedies and setbacks in both her personal and public life, the Queen has continued to hold fast to her duty and service throughout the last 70 years. As a nation, we are indeed proud to have the Queen as our Head of State. A nation of a thousand tribes and cultural diversity in a land of diverse biodiversity, we join our voices to congratulate our Queen and Head of State on achieving this historic milestone. Considerations were being made to reserve a portion of Papua New Guinea's rainforests in honour of the Queen, given how she is ""passionate for the preservation of rainforests"".

= Solomon Islands 

= The jubilee was celebrated in Solomon Islands on 2 and 3 June, with 3 June being an official public holiday. The celebrations began in the morning of 2 June with a police band drum-beating ceremony in open vehicles from Henderson Police Station to White River amidst cheering groups waving flags along the highway at various locations in the city. Later in the evening, a thanksgiving service, cake cutting and lighting of a bonfire took place at the Saint Barnabas Anglican Cathedral. On 3 June, the planting of trees took place at Government House, followed by a reception for dignitaries and guests.

= Tuvalu 

= Commemorative stamps were released by Tuvalu on 6 February.

= Saint Lucia 

= On 3 June 2022, Acting Governor-General Errol Charles and his wife congratulated the Queen on behalf of Saint Lucians.

= Belize 

= Platinum jubilee medals were awarded, including to those who served during Hurricanes Hurricane Eta and Iota that flooded much of Cayo, and to those who served during the COVID-19 pandemic. On 2 June, a beacon was lit at the Governor General's Field next to Belize House, Belmopan.

= Antigua and Barbuda 

= The Antigua and Barbuda Scout Association and the Rotary Club of Antigua lit a beacon at Government House, St John's on 2 June.

= Saint Kitts and Nevis 

= On Accession Day, Governor-General Sir Tapley Seaton, congratulated the Queen on behalf of the government and people of Saint Kitts and Nevis. At Government House in Nevis, tree planting ceremonies took place on 14 March that was attended by Hyleeta Liburd, the deputy governor-general of Nevis. The Nevisian premier's ministry plans to plant trees at six locations in Nevis, leading up to 2 June. On 2 June, a beacon was lit at the Nevis Athletic Stadium, with the public invited to attend.

= Brunei 

= The British High Commission held a photo exhibition for the jubilee. With the consent of Sultan Hassanal Bolkiah, the Sultan Haji Omar Ali Saifuddien Bridge was lit up in red, white and blue in the Queen's honour.

 Commemorations outside the Commonwealth 

Several world leaders congratulated the Queen on her milestone, including French president Emmanuel Macron, German president Frank-Walter Steinmeier, Irish president Michael D. Higgins, Israeli president Isaac Herzog, King Abdullah II of Jordan, North Korean leader Kim Jong-un, King Salman of Saudi Arabia, and Queen Margrethe II of Denmark. The latter, who was celebrating her golden jubilee that year, also sent a letter to Elizabeth II to highlight the ""unprecedented and remarkable achievement"" and how it underlined the ""importance of the Monarchy as a strong symbol of national identity and historic continuity in a rapidly changing modern world"". A congratulatory message was also sent from former US president, Barack Obama. Some world leaders provided gifts to the Queen to commemorate the milestone. Macron gifted the Queen several items including a ceremonial saddle, cavalry sabre, and a seven-year-old horse formerly with the French Republican Guard named Fabuleux de Maucourt. Azerbaijani president Ilham Aliyev gifted the Queen a Karabakh horse named ""Shohret"", and a sculpture of a Karabakh horse and a Dilbaz horse. Several companies also released products to commemorate the jubilee. Italian luxury brand Bulgari unveiled the jubilee emerald garden high jewellery tiara, which can be worn either as a headpiece or as a necklace. The American toy manufacturer Mattel released a Barbie bearing the Queen's likeness. The Barbie is fitted with an elegant ivory gown and blue ribbon adorned with decorations of order.

= Public celebrations 

= Several landmarks around the world were illuminated to commemorate the jubilee. On 2 June, buildings on the UK-facing coasts of Hauts-de-France were illuminated in red, blue and gold. Several Polish buildings were also illuminated in purple and white on that day, including the Palace of Culture and Science in Warsaw. On 4 June, the Empire State Building was illuminated in purple and gold. Several jubilee concerts were also held in June. On 2 June, in the US, concerts were held at ʻIolani Palace in Honolulu and Governor's Palace in Colonial Williamsburg. Both musical performances also included the lighting of jubilee beacons, although the former in Honolulu also included aspects that highlighted of the relationship between the Hawaiian monarchs and the British royal family. On 5 June, several concerts were held in Rome, including one by the New Chamber Singers and the All Saints' Orchestra at All Saints' Anglican Church, and another swing concert by the ""Smile Orchestra"" big band. The former performed music from the Queen's coronation whereas the latter performed music from the Queen's youth. The concert was the subject of interviews by RAI and BBC. Some private organisations also hosted jubilee dinners, including the Royal Commonwealth Society Hong Kong Branch on 1 June at the Hong Kong Club, and the Dubai-based Queen Elizabeth 2 on 3 and 4 June.



Commonwealth communities abroad



On 1 June, British and Canadian personnel of NATO's Allied Joint Force Command Brunssum took part in a parade to commemorate the platinum jubilee. The mayor of Brunssum served as the parade's guest of honour. Following the parade, British and Canadian communities hosted a jubilee street party in Brunssum, a tradition that dates back to the Queen's coronation in 1952. The British Residents Association planned a series of events across Switzerland during June.



Initiatives by British diplomatic missions



Tree planting ceremonies supported by British diplomatic missions took place in several countries as a part of The Queen's Green Canopy. On 3 October 2021, the Princess Royal planted a tree at the residence of the British Ambassador to France. On 3 November 2021, Nigel Baker, the British Ambassador to Slovakia, planted a tree at a local park in Žilina, Slovakia. The tree in Slovakia is twinned with a Prunus padus planted in Brookwood Cemetery in the UK, in commemoration of the UK's relationship with Slovakia and the Czech Republic. On 18 February 2022, Margareta, Custodian of the Crown of Romania and Andrew Noble, the British Ambassador to Romania, unveiled a plaque at Săvârșin Castle to mark the weeping hornbeam planted for the jubilee. On 30 April 2022, the Cambodian government, in collaboration with the Kampot Provincial Administration, and the British Embassy in Phnom Penh, planted 1,000 mangrove trees in Kampot province. The British Embassy in Tokyo also planted a tree. Several British embassies held arts and photo exhibitions. The British Embassy in Warsaw opened a photo exhibition along the side of Warsaw's largest park that featured images of the Queen meeting with Polish icons including Lech Wałęsa and Pope John Paul II. The British Embassy in Paris displayed a collection of 3-metre-high (9.8 ft) portraits of the Queen at the Ambassador's residence. The British Embassy in Baku displayed a carpet which uses traditional local weaving techniques to combine the English rose, Scottish thistle, Welsh daffodil, and Irish shamrock with Azerbaijan's national emblem, the pomegranate. Several British embassies held a jubilee lunch or dinner. The British Embassy in Mexico City held a jubilee dinner and a photo exhibition for the reign of Elizabeth II. The British Embassy in Tokyo hosted a ""Big Japan Jubilee Lunch"", and also organised a ""Platinum Jubilee Afternoon Tea and Cake Competition"". Ten hotels from Tokyo and Osaka entered the competition, with the finalists announced at a Queen's Birthday Party event at the embassy on 16 June. The British Embassy in Montevideo launched ""The Queen's Dessert"" contest in which entrants made a dessert for afternoon tea or after the main course. The desserts were evaluated by the chef of the British chancery and three Uruguayan chefs, including Sergio Puglia. The British Embassy in Montevideo also hosted a dinner at its diplomatic residence, with several Uruguayan officials, including Vice-president Beatriz Argimón, foreign minister Francisco Bustillo, First Lady Lorena Ponce de León, and former President Luis Alberto Lacalle attending the dinner. The winning dish was served as dessert. The British Embassy in Berne, in collaboration with World Radio Switzerland, asked people across Switzerland to nominate individuals who have made outstanding contributions to the lives of others within Switzerland for ""The Platinum Champions Awards"". The awardees were invited to the ""Cheers for Volunteers"" jubilee picnic, held at the Ambassador's Residence on 5 June. The embassy also organised a light display projected on four Bernese Alps, including the Eiger. It featured an image of the jubilee crown emblem and a silhouette of the Queen. The British Embassy in Bangkok arranged for a celebratory digital message was beamed from the top of the Baiyoke Tower on 2 June.



France



On Accession Day, the French Embassy in the United Kingdom planted a ""Royal Beauty"" apple tree from Normandy to highlight the UK's historic ties with the region. Later that year in autumn, an alley of 70 hornbeams were planted at the British Normandy Memorial in Ver-sur-Mer, as a part of The Queen's Green Canopy initiative. On 28 May, the Red Arrows took part in an aerial display over Le Touquet. Several days later, on 2 June, at the Arc de Triomphe, Macron participated in a flame rekindling ceremony to mark the jubilee. The anthem God Save the Queen was played by the Band of the Royal Regiment of Scotland, followed by La Marseillaise by the French Republican Guard Band. On 7 June, the Prince of Wales expressed the gratitude of the Royal Family to Macron for the ""gestures of deep friendship"" shown by France during the jubilee.



United States



A series of events celebrating the jubilee were held in Atlanta, Boston, Chicago, Houston, Los Angeles, Miami, Minneapolis, New York City, and San Francisco. From 2 June to 4 June, the Historical Society of Mt. Lebanon, Pennsylvania, held a toy soldier display of more than 500 pieces depicting the Trooping the Colour. A platinum jubilee evensong and reception took place on 5 June at Christ Church in Greenville, South Carolina.

 Jubilee visits 

=

 Akrotiri and Dhekelia 

= During their visit to the island of Cyprus from 20 to 22 June, the Earl and Countess of Wessex and Forfar spent time meeting British Armed Forces and their families based at the Sovereign Base Areas.

= Antigua and Barbuda 

= The Earl and Countess of Wessex and Forfar visited Antigua and Barbuda in April. Ahead of the visit, the Antigua and Barbuda Reparations Support Commission penned an open letter criticising the royal family's past comments on slavery. During their visit on 25 April, the couple interacted with local craftspeople, creatives and community groups, and visited Sir Vivian Richards Stadium and the National Sailing Academy. At Government House, they presented platinum jubilee medals to three people to recognise their service to national security. During their meeting with Prime Minister Gaston Browne and his cabinet, Browne stated that the country would continue to have the Queen as head of state but said it aspires ""at some point to become a republic"". He also asked the couple to use their ""diplomatic influence"" to get ""reparatory justice"" for Antigua and Barbuda.

= Australia 

= The Princess Royal, accompanied by her husband Vice Admiral Sir Timothy Laurence, toured Australia from 9 to 11 April. On the first day of her visit, she opened the 200th Sydney Royal Easter Show, which she first opened with her parents and brother Charles in 1970. She had last attended the event in 1988. She had an engagement as patron of the Royal Agricultural Society of the Commonwealth, before attending a dinner at the Sydney Olympic Park. The couple also met with representatives of the New South Wales Rural Fire Service, the Royal Australian Corps of Signals and Royal Australian Corps of Transport.

= Bahamas 

= Prince William, Duke of Cambridge, and his wife, Catherine, Duchess of Cambridge, toured The Bahamas from 24 to 26 March. They spent time with communities across the island, attending a junkanoo parade and The Bahamas Platinum Jubilee Sailing Regatta at Montagu foreshore, visiting Sybil Strachan Primary School and meeting healthcare workers in the Garden of Remembrance. Though the Duke and Duchess toured the country as representatives of the Bahamian monarch, at the request of the government of The Bahamas, the Bahamas National Reparations Committee still penned an open letter ahead of the royal tour, asking for reparations from the United Kingdom for slavery. In the evening of 25 March, the couple attended a reception hosted by the Queen's representative, Governor-General Sir Cornelius A. Smith, at the Baha Mar Resort on Cable Beach in Nassau. In his speech, the Duke said, ""I am delighted to convey to you a message of good wishes from my grandmother, the Queen of The Bahamas, on the occasion of her platinum jubilee."" He went on to assure the Caribbean nations that the monarchy would ""support with pride and respect your decisions about your future. Relationships evolve. Friendship endures"".

= Belize 

= The Duke and Duchess of Cambridge visited from 19 to 22 March. They visited the Mayan site of Caracol, explored Belize's Maya chocolate making, and met the Garifuna community in Hopkins. They also learned about the restoration of Belize's barrier reef, and scuba-dived there. A planned visit to the Akte 'il Ha cacao farm in Indian Creek was scrapped due to residents' protests over lack of consultation about the local football pitch earmarked for the couple's helicopter landing as well as an ongoing dispute over land with Fauna and Flora International, of which the Duke is a patron. In the evening of 21 March, Governor-General Dame Froyla Tzalam hosted a reception at the Mayan ruins at Cahal Pech.

= Canada 

= The Prince of Wales, heir apparent to the Canadian throne, and his wife, the Duchess of Cornwall, undertook a three-day tour of Canada as part of the jubilee celebrations. Beginning in St John's on 17 May, the royal couple participated in a moment of reflection and prayer with indigenous leaders and community members at the Heart Garden and unveiled a 1 km Platinum Jubilee Walkway on the grounds of Government House connecting 54 trees planted by members of the Canadian royal family (including Their Royal Highnesses that day) and viceregal representatives and is planned to open in September. The following day, Charles and Camilla were in Ottawa, where the Prince was invested by the Governor General into the Order of Military Merit as an Extraordinary Commander. The couple later participated in a wreath-laying ceremony at the National War Memorial and met with Canadian-Ukrainian organisations before the Prince of Wales discussed employment and sustainability with participants of The Prince's Trust Canada. In the evening, the Governor General hosted a reception at Rideau Hall. RoseAnne Archibald, National Chief of the Assembly of First Nations, said that Charles acknowledged failures by Canadian governments in handling the relationship between the Crown and indigenous people, which she said ""really meant something"". The couple arrived on 19 May in Yellowknife and Dettah. In the latter, they visited a Dene First Nation community and the Prince held discussions with local chiefs and elders, as well as met local food producers at the Prince of Wales Northern Heritage Centre. The Duchess visited Kaw Tay Whee School and a YWCA transitional housing centre for women and their children. Later, the Prince and the Duchess visited the Ceremonial Circle for a platinum jubilee flag raising and the unveiling of a plaque. In June, the government of Canada announced official donations on behalf of the royal couple to mark their jubilee tour. The government announced contributions of CA$15,000 to Conservation Corps Newfoundland and Labrador, CA$15,000 to Start2Finish Canada, CA$15,000 to Aboriginal Sport Circle of the Northwest Territories, and CA$25,000 to United Way Northwest Territories. The Premier of Newfoundland and Labrador, Andrew Furey, announced a $10,000 legacy gift to the East Coast Trail Association in commemoration of the royal tour.

= Cyprus 

= From 20 to 22 June 2022, the Earl and Countess of Wessex and Forfar visited Cyprus. They were received by President Nicos Anastasiades, and attended a reception hosted by the British High Commissioner to Cyprus to mark the jubilee. Highlights of the tour included a reception at the Presidential Palace and a visit to the UN Buffer Zone in Cyprus to recognise the UK's contributions to UNFICYP. The Countess met women and young people and learned about their contributions in Cyprus by being a member of projects such as the Women Mediators Across the Commonwealth network or the UN and British Council 'Young Leaders in Action' programme. The Earl met students who had taken part in the Duke of Edinburgh's Award.

= Gibraltar 

= The Earl and Countess of Wessex and Forfar visited Gibraltar from 7 to 9 June. Upon their arrival, the couple were greeted by Sir David Steel, the governor, and Fabian Picardo, the chief minister and received a military welcome by a Guard of Honour formed of the Royal Gibraltar Regiment. They also met with volunteers from various charities and held audiences with the Duke of Edinburgh's International Award participants. Among other places visited by the couple were the Moorish Castle Estate, the University of Gibraltar, and Sandy Bay. The trip also featured a special Queen's Birthday Parade near Grand Casemates Square on 9 June.

= Grenada 

= The Earl and Countess of Wessex and Forfar were set to visit Grenada in April. However, after talks with the island's government and governor general, the tour was postponed and the couple expressed their hopes to visit the country on a later date. It was reported that representatives of Grenada's National Reparations Committee had planned to meet the couple and discuss Britain and the royal family's past links to slavery in the region.

= Guernsey 

= The Earl and Countess of Wessex and Forfar visited Guernsey, Alderney and Sark, from 9 to 10 May, to mark Liberation Day as well as the jubilee. They first visited the Liberation Tea Dance at Beau Séjour, and later travelled to Castle Cornet for an Ecumenical Service, and delivered a message from the Queen, before watching a special performance of 'Sarnia Cherie' by the Guernsey Music Service Youth Choir. They later watched the Liberation Day Cavalcade as it travelled around the Model Yacht Pond. The next day, they visited Forest Primary School in Guernsey, to see preparations for their celebrations, where they also met the winner of the Guernsey platinum jubilee flag competition. In Alderney, they visited Victoria Street, St Anne, and the Alderney Wildlife Trust (AWT). At Island Hall, they attended a reception, and later at the Roman Fort heritage site at Longis, they formally broke ground for the forthcoming platinum jubilee Archaeological Dig. They later boarded the Channel Islands' only train service, at the Arsenal. In Sark, they presented emergency service personnel with Platinum Jubilee medals, and also met Sark's occupation generation in the Island Hall, where the Earl presented a message from the Queen.

= Ireland 

= The Prince of Wales and the Duchess of Cornwall visited the Republic of Ireland from 24 to 25 March. In County Waterford, the couple visited Waterford city centre, met with members of the Ukrainian community, toured a selection of museums and learned about the history of Reginald's Tower. In County Tipperary, they toured a farmers market in Cahir, and visited Cahir Castle and the Rock of Cashel.

= Jamaica 

= The Duke and Duchess of Cambridge toured Jamaica from 22 to 24 March, on behalf of the Queen of Jamaica. They joined young football players in Trench Town and celebrated the legacy of Bob Marley and other Jamaican musicians. At the Shortwood Teachers' College, they met students training to become early childhood education practitioners. At Spanish Town Hospital, they met frontline workers and, later, interacted with members of the Jamaica Defence Force at Flankers, near Montego Bay. A demonstration by the Advocates Network, a human rights coalition of Jamaican activists and equalities organisations, took place near the British High Commission in Kingston to ask for an apology and compensation from the Crown for chattel slavery. The Duke and Duchess were received by the Prime Minister, Andrew Holness. At the dinner hosted by the Governor-General at King's House, the Duke expressed his ""profound sorrow"" over slavery, adding that it ""should never have happened"" and ""forever stains our history"". On their final day in Jamaica, the couple attended the inaugural Commissioning Parade for service personnel from across the Caribbean who had recently completed the Caribbean Military Academy's Officer Training Programme. The tour was estimated to have cost JMD $8 million.

= Jersey 

= The Earl and Countess of Wessex and Forfar visited Jersey from 8 to 9 May to mark Liberation Day as well as the jubilee. At Government House in St Saviour, the Earl and Countess met members of the community and members of the Commonwealth Games Association Jersey, The Duke of Edinburgh's Award in Jersey and Jersey Mencap. To commemorate the platinum jubilee, the couple unveiled the Le temps s'passes vite Platinum Jubilee Sundial. Later, at the Royal Jersey Agricultural and Horticultural Society, the couple saw items related to the German Occupation. The next day, the couple unveiled a plaque on Jersey's new official saluting gun battery in memory of Prince Philip, Duke of Edinburgh. At the Liberation Day event, the Earl read a message from the Queen. The couple then met members of the 'occupation generation'. The Earl and Countess later viewed the Liberation Day March Past, which comprised marching bands, serving military units, veterans and youth organisations.

= Papua New Guinea 

= The Princess Royal visited the country from 11 to 13 April. She and her husband Vice Admiral Sir Timothy Laurence were greeted by Prime Minister James Marape upon their arrival, who also hosted a dinner for the couple on the last day of their tour. Among their engagements were visits to a Catholic boarding school, St John Ambulance PNG, the Bomana War Cemetery, Papua New Guinea National Museum and Art Gallery, Port Moresby General Hospital, Vabukori, and Hanuabada. During the Princess's visit, the Minister for National Events, Justin Tkatchenko, said that the country won't make a transition to a republic, and Papua New Guinea is embracing its monarchy and ""making it bigger and better than it was before"".

= Saint Lucia 

= The Earl and Countess of Wessex and Forfar arrived in Saint Lucia on 22 April. They met Prime Minister Philip J. Pierre, and acting Governor-General Errol Charles. On 24 April, they attended a jubilee church service and visited Morne Fortune. On 27 April, they met locals in Soufrière. They also toured a cocoa plantation and met representatives of female-led businesses before visiting Sulphur Springs and having lunch with the prime minister. They also watched a performance by young people at the Mini Stadium. On 28 April, they wrapped up their tour by meeting pupils from six separate Saint Lucian schools.

= Saint Vincent and the Grenadines 

= The Earl and Countess of Wessex and Forfar visited Saint Vincent and the Grenadines on 23 April. They were greeted by Governor-General Dame Susan Dougan and Deputy Prime Minister Montgomery Daniel. The Countess met members of the La Gracia Dance Company and representatives from two local organisations that assist blind and partially sighted people. The Earl met athletes who would take part in the 2022 Commonwealth Games. The couple also visited the Saint Vincent and the Grenadines Botanic Gardens, where they planted a tree. During the visit, a small group gathered outside the Government House to protest the visit.

 Online significance 

In May 2022, jubilee-themed emojis and stickers were released on social media, including Twitter and Instagram. Research into Google Search's trend data found that the UK, US, Canada, and Australia were the global hotspots for the word ""Jubilee"" from 2 June to 5 June. During the jubilee central weekend, Canada saw 227,000 searches for the word jubilee on Google, while over 200,000 were recorded in Australia. In the US, a total of 1.9 million searches for the word jubilee were made on Google. The British slang abbreviation ""Platty Joobs"", coined by comedian Kiell Smith-Bynoe, also became a trend online for the Platinum Jubilee.

 Death of the Queen 

On 8 September 2022, a few months after celebrating her Platinum Jubilee in the summer, the Queen died at Balmoral Castle in Scotland, aged 96. At the time of her death, the Queen had reigned for 70 years and 214 days, the longest of any monarch in British history. Her reign is the longest verifiable reign of any female sovereign, and is only second to that of Louis XIV.

 See also 

== Notes

 

References

 

External links

 platinumjubilee.royal.uk Buckingham Palace platinumjubilee.gov.au Australian government Governor of New South Wales nsw.gov.au/about-nsw/queen-platinum-jubilee-2022 New South Wales Government events.premiers.qld.gov.au/platinum-jubilee Queensland government platinumjubilee.gov.uk British government |canada.ca/platinum-jubilee Canadian government (in English) |canada.ca/jubile-platine Canadian government (in French) Canadian Geographic alberta.ca/queens-platinum-jubilee.aspx Government of Alberta novascotia.ca/iga/jubilee Government of Nova Scotia Government of New Brunswick ltgov.bc.ca/the-queens-platinum-jubilee Lieutenant Governor of British Columbia lgontario.ca/en/queens-platinum-jubilee Lieutenant Governor of Ontario lgpei.ca/celebrating-queen-elizabeth-iis-platinum-jubilee Lieutenant Governor of Prince Edward Island ltgov.sk.ca/platinumjubilee Lieutenant Governor of Saskatchewan lt.gov.ns.ca/platinum-jubilee Lieutenant Governor of Nova Scotia Commissioner of Yukon Cision: Celebrations and community projects across the country for Her Majesty The Queen's Platinum Jubilee (Canada) gg.govt.nz/office-governor-general/queens-platinum-jubilee Governor-General of New Zealand gov.ky/jubilee Cayman Islands government platinumjubilee.gg States of Guernsey Archived 3 June 2022 at the Wayback Machine","The Platinum Jubilee of Elizabeth II was the international celebration in 2022 marking the 70th anniversary of the accession of Queen Elizabeth II on 6 February 1952. It was the first time that any monarch in British history celebrated a platinum jubilee, as is the case in the histories of the other Commonwealth realms.
Initiatives to commemorate the jubilee were announced by the governments of many realms—including Australia, Canada, New Zealand, Papua New Guinea, and the United Kingdom—of territories, such as the Cayman Islands and Gibraltar, and celebrations were also held in other Commonwealth member states, like the Gambia, Malaysia, Malta, Pakistan, and Samoa. Leaders from across the world, including from China, North Korea, France, Germany, Israel, and the United States, sent messages of congratulations to the Queen on reaching the milestone. In the United Kingdom, there was an extra bank holiday on 3 June and the usual spring bank holiday was moved from the end of May to 2 June to create the four-day Platinum Jubilee Central Weekend from Thursday, 2 June, to Sunday, 5 June. Commemorative stamps and coins were issued by several Commonwealth nations and beacons were lit in every Commonwealth capital for the first time. In many places, trees were planted in the Queen's honour.
The Queen died in her Platinum Jubilee year, on 8 September 2022, at the age of 96. Her funeral took place at Westminster Abbey in London on 19 September 2022 and she was buried at the King George VI Memorial Chapel in Windsor Castle later that day.

",18721,115807.0,Queen Elizabeth II,2020s,biography,English,Formal,,
qe2_prince_philip_duke_of_edinburgh,related_article,"Prince Philip, Duke of Edinburgh","https://en.wikipedia.org/wiki/Prince_Philip,_Duke_of_Edinburgh","Prince Philip, Duke of Edinburgh",2025-10-04T13:41:41.310555,2025-10-04T14:01:53.766848,"Prince Philip, Duke of Edinburgh (born Prince Philip of Greece and Denmark, later Philip Mountbatten; 10 June 1921 – 9 April 2021), was the husband of Queen Elizabeth II. As such, he was the consort of the British monarch from his wife's accession on 6 February 1952 until his death in 2021, making him the longest-serving royal consort in history. Philip was born in Greece into the Greek and Danish royal families; his family was exiled from the country when he was eighteen months old. After being educated in France, Germany, and the United Kingdom, he joined the Royal Navy in 1939, when he was 18 years old. In July 1939, Philip began corresponding with the 13-year-old Princess Elizabeth, the elder daughter and heir presumptive of King George VI. During the Second World War, he served with distinction in the British Mediterranean and Pacific fleets. In the summer of 1946, the King granted Philip permission to marry Elizabeth, then aged 20. Before the official announcement of their engagement in July 1947, Philip stopped using his Greek and Danish royal titles and styles, became a naturalised British subject, and adopted his maternal grandparents' surname Mountbatten. In November 1947, he married Elizabeth, was granted the style His Royal Highness and was created Duke of Edinburgh, Earl of Merioneth, and Baron Greenwich. Philip left active military service when Elizabeth ascended the throne in 1952, having reached the rank of commander. In 1957, he was created a British prince. Philip had four children with Elizabeth: Charles, Anne, Andrew, and Edward. A sports enthusiast, Philip helped develop the equestrian event of carriage driving. He was patron, president, or member of over 780 organisations, including the World Wide Fund for Nature, and served as chairman of The Duke of Edinburgh's Award, a youth awards programme for people aged 14 to 24. Philip is the longest-lived male member of the British royal family. He retired from royal duties in 2017, aged 96, having completed 22,219 solo engagements and 5,493 speeches since 1952, and died two months before his centenary at Windsor Castle. 

Early life and education

 

= Family, infancy and exile from Greece

= Philip (Greek: Φίλιππος, romanised: Phílippos) was born on 10 June 1921 on the dining room table at Mon Repos, a villa on the Greek island of Corfu. He was the only son and fifth and final child of Prince Andrew of Greece and Denmark and his wife, Princess Alice of Battenberg. Philip's father was the fourth son of King George I and Queen Olga of Greece, and his mother was the eldest child of Louis Mountbatten, 1st Marquess of Milford Haven, and Victoria Mountbatten, Marchioness of Milford Haven (formerly Prince Louis of Battenberg and Princess Victoria of Hesse and by Rhine). A member of the House of Glücksburg, Philip was a prince of both Greece and Denmark by virtue of his patrilineal descent from George I of Greece and George's father, Christian IX of Denmark; he was from birth in the line of succession to both thrones. Philip's four elder sisters were Margarita, Theodora, Cecilie, and Sophie. He was baptised in the Greek Orthodox rite at St. George's Church in the Old Fortress in Corfu. His godparents were his paternal grandmother, Queen Olga of Greece; his cousin George, Crown Prince of Greece; his uncle Lord Louis Mountbatten; and the municipality of Corfu, represented by its mayor, Alexandros Kokotos, and by the president of the council, Stylianos Maniarizis. Shortly after Philip's birth, his maternal grandfather died in London. The Marquess of Milford Haven was a naturalised British subject who, after a career in the Royal Navy, had renounced his German titles and adopted the surname Mountbatten—an Anglicised version of Battenberg—during the First World War, owing to anti-German sentiment in the United Kingdom. After visiting London for his grandfather's memorial service, Philip and his mother returned to Greece, where Prince Andrew had remained to command a Greek Army division embroiled in the Greco-Turkish War. Greece suffered significant losses in the war, while the Turks made substantial gains. Philip's uncle and high commander of the Greek expeditionary force, King Constantine I, was blamed for the defeat and was forced to abdicate in September 1922. The new military government arrested Andrew, along with others. General Georgios Hatzianestis, who was commanding officer of the army, and five senior politicians were arrested, tried, and executed in the Trial of the Six. Andrew's life was also believed to be in danger and Alice was under surveillance. Finally, in December, a revolutionary court banished Andrew from Greece for life. The British naval vessel HMS Calypso evacuated Andrew's family, with Philip carried to safety in a fruit box. 

= Upbringing in France, Britain and Germany

= Philip's family settled in a house in the Paris suburb of Saint-Cloud lent to them by his wealthy aunt, Princess George of Greece and Denmark. During his time there, Philip was first educated at The Elms, an American school in Paris run by Donald MacJannet, who described Philip as a ""know it all smarty person, but always remarkably polite"". In 1930 Philip was sent to Britain to live with his maternal grandmother at Kensington Palace and his uncle George Mountbatten, 2nd Marquess of Milford Haven, at Lynden Manor in Bray, Berkshire. He was then enrolled at Cheam School. Over the next three years, his four sisters married German princes and moved to Germany, his mother was diagnosed with schizophrenia and placed in an asylum, and his father took up residence in Monte Carlo. Philip had little contact with his mother for the remainder of his childhood. In 1933 Philip was sent to Schule Schloss Salem in Germany, which had the ""advantage of saving school fees"", because it was owned by the family of his brother-in-law Berthold, Margrave of Baden. With the rise of Nazism in Germany, Salem's Jewish founder, Kurt Hahn, fled persecution and founded Gordonstoun School in Scotland, to which Philip moved after two terms at Salem. In 1937, his sister Cecilie; her husband, Georg Donatus, Hereditary Grand Duke of Hesse; their two sons; and Georg Donatus's mother were killed in an air crash at Ostend; Philip, then 16 years old, attended the funeral in Darmstadt. Cecilie and Georg Donatus were members of the Nazi Party. The following year, Philip's uncle and guardian Lord Milford Haven died of bone marrow cancer. Milford Haven's younger brother Lord Louis took parental responsibility for Philip for the remainder of his youth. Philip did not speak Greek because he had left Greece as an infant. In 1992 he said that he ""could understand a certain amount"". He stated that he thought of himself as Danish and spoke mostly English, while his family was multilingual. Known for his charm in his youth, Philip was linked to several women, including Osla Benning. 

Naval and wartime service

 After leaving Gordonstoun in early 1939, Philip completed a term as a cadet at the Royal Naval College, Dartmouth, then repatriated to Greece, living with his mother in Athens for a month in mid-1939. At the behest of King George II of Greece, his first cousin, he returned to Britain in September to resume training for the Royal Navy. He graduated from Dartmouth the next year as the best cadet in his course. During the Second World War, he continued to serve in the British forces, while two of his brothers-in-law, Prince Christoph of Hesse and Berthold, Margrave of Baden, fought on the opposing German side. Philip was appointed as a midshipman in January 1940. He spent four months on the battleship HMS Ramillies, protecting convoys of the Australian Expeditionary Force in the Indian Ocean, followed by shorter postings on HMS Kent, on HMS Shropshire, and in British Ceylon. After the invasion of Greece by Italy in October 1940, he was transferred from the Indian Ocean to the battleship HMS Valiant in the Mediterranean Fleet. Philip was commissioned as a sub-lieutenant on 1 February 1941 after a series of courses at Portsmouth, in which he gained the top grade in four out of five sections of the qualifying examination. Among other engagements, he was involved in the Battle of Crete and was mentioned in dispatches for his service during the Battle of Cape Matapan, in which he controlled the battleship's searchlights. He was also awarded the Greek War Cross. In June 1942, he was appointed to the destroyer HMS Wallace, which was involved in convoy escort tasks on the east coast of Britain, as well as the Allied invasion of Sicily. Promotion to lieutenant followed on 16 July 1942. In October of the same year, aged 21, Philip became first lieutenant of HMS Wallace. He was one of the youngest first lieutenants in the Royal Navy. During the invasion of Sicily, in July 1943, as second-in-command of Wallace, he saved his ship from a night bomber attack. He devised a plan to launch a raft with smoke floats that successfully distracted the bombers, allowing the ship to slip away unnoticed. In 1944, he moved on to the new destroyer, HMS Whelp, where he saw service with the British Pacific Fleet in the 27th Destroyer Flotilla. He was present in Tokyo Bay when the Japanese Instrument of Surrender was signed. Philip returned to the United Kingdom on the Whelp in January 1946 and was posted as an instructor at HMS Royal Arthur, the Petty Officers' School in Corsham, Wiltshire. 

Marriage

 In 1939 King George VI and Queen Elizabeth toured the Royal Naval College, Dartmouth. During the visit, the Queen and Lord Louis Mountbatten asked his nephew Philip to escort the royal couple's daughters, 13-year-old Elizabeth and 9-year-old Margaret, who were Philip's third cousins through Queen Victoria of the United Kingdom and second cousins once removed through King Christian IX of Denmark. Philip and Elizabeth had first met as children in 1934 at the wedding of Elizabeth's uncle Prince George, Duke of Kent, to Philip's first cousin, Princess Marina of Greece and Denmark. After their 1939 meeting, Elizabeth fell in love with Philip, and they began to exchange letters. Eventually, in the summer of 1946, Philip asked George VI for his daughter's hand in marriage. The King granted his request, provided that any formal engagement be delayed until Elizabeth's 21st birthday the following April. By March 1947, Philip had adopted the surname Mountbatten from his mother's family and had stopped using his Greek and Danish royal titles upon becoming a naturalised British subject. The engagement was announced to the public on 9 July 1947. The engagement attracted some controversy; Philip had no financial standing, was foreign-born, and had sisters who had married German noblemen with Nazi links. Marion Crawford wrote: ""Some of the King's advisors did not think him good enough for her. He was a prince without a home or kingdom. Some of the papers played long and loud tunes on the string of Philip's foreign origin."" Later biographies reported that Elizabeth's mother had reservations about the union initially and teased Philip as ""the Hun"". In later life, however, she told the biographer Tim Heald that Philip was ""an English gentleman"". Though Philip appeared ""always to have regarded himself as an Anglican"", and he had attended Anglican services with his classmates and relations in England and throughout his Royal Navy days, he was baptised in the Greek Orthodox Church. The Archbishop of Canterbury, Geoffrey Fisher, wanted to ""regularise"" Philip's position by officially receiving him into the Church of England, which he did in October 1947. The day before the wedding, the King bestowed the style of Royal Highness on Philip, and, on the morning of the wedding, 20 November 1947, he was made the Duke of Edinburgh, Earl of Merioneth, and Baron Greenwich of Greenwich in the County of London. Consequently, being already a Knight of the Garter, between 19 and 20 November 1947, he bore the unusual style Lieutenant His Royal Highness Sir Philip Mountbatten and is so described in the letters patent of 20 November 1947. Philip and Elizabeth were married in a ceremony at Westminster Abbey, recorded and broadcast by BBC radio to 200 million people around the world. In post-war Britain, it was unacceptable for any of Philip's German relations, including his three surviving sisters, to be invited to the wedding. After their marriage, Philip and Elizabeth took residence at Clarence House. Their first two children were born before Elizabeth's accession in 1952: Prince Charles in November 1948 and Princess Anne in August 1950. The couple's marriage was the longest of any British monarch, lasting over 73 years until Philip died in 2021. Concerned by her father's poor health, Elizabeth insisted that Philip give up smoking, which he did on their wedding day. Philip was introduced to the House of Lords on 21 July 1948, immediately before his uncle Louis Mountbatten, who had been made Earl Mountbatten of Burma. Philip ostensibly never spoke in the House of Lords. He, his sons and other royals ceased to be members of the House of Lords following the House of Lords Act 1999, although Philip's former brother-in-law, Lord Snowdon, remained in the House. 

Early duties

 After his honeymoon at the Mountbatten family home, Broadlands, Philip returned to the navy, at first in a desk job at the Admiralty and later on a staff course at the Naval Staff College, Greenwich. From 1949 he was stationed in Malta (residing at Villa Guardamangia) after being posted as the first lieutenant of the destroyer HMS Chequers, the lead ship of the 1st Destroyer Flotilla in the Mediterranean Fleet. He was promoted to lieutenant commander on 16 July 1950 and given command of the frigate HMS Magpie. Philip was promoted to commander on 30 June 1952, though his active naval career had ended in July 1951. With the King in ill health, Elizabeth and Philip were both appointed to the Privy Council on 4 November 1951, after a coast-to-coast tour of Canada. At the end of January 1952, the couple set out on a tour of the Commonwealth. They were in Kenya when Elizabeth's father died on 6 February 1952, and she became queen. Philip broke the news to Elizabeth at Sagana Lodge, and the royal party immediately returned to the United Kingdom. In December 1952, Philip was initiated into Freemasonry by the Worshipful Master of Navy Lodge No 2612, honouring a commitment he had made to George VI, who had made it clear that he expected Philip to maintain the tradition of royal patronage of Freemasonry. However, according to one journalist writing in 1983, Philip's mother-in-law and his uncle Lord Mountbatten had unfavourable views of Freemasonry; after his initiation, Philip took no further part in the organisation. Although as the consort of the Queen, he might in time have been made Grand Master of British Freemasonry, Elizabeth's cousin Prince Edward, Duke of Kent, assumed that role in 1967. Philip's son Charles apparently never joined Freemasonry. 

Consort of the Queen

 

= Royal house

= Elizabeth's accession to the throne brought up the question of the name of the royal house, as Elizabeth would typically have taken Philip's last name upon marriage. Lord Mountbatten advocated the name House of Mountbatten. Philip suggested House of Edinburgh after his ducal title. When Elizabeth's grandmother Queen Mary heard of this, she informed Winston Churchill, who later advised Elizabeth to issue a royal proclamation declaring that the royal house was to remain known as the House of Windsor. Philip privately complained, ""I am nothing but a bloody amoeba. I am the only man in the country not allowed to give his name to his own children."" In February 1960, the Queen issued an Order in Council declaring that Mountbatten-Windsor would be the surname of the couple's male-line descendants who are not styled as Royal Highness or titled as prince or princess. While it seems Elizabeth had ""absolutely set her heart"" on such a change and had it in mind for some time, it occurred only 11 days before the birth of their third child, Prince Andrew, and only after three months of protracted correspondence between English constitutional expert Edward Iwi (who averred that, without such a change, the royal child would be born with ""the Badge of Bastardy"") and Harold Macmillan, who had attempted to refute Iwi's arguments. Elizabeth and Philip's fourth child, Prince Edward, was born in March 1964. Six months after she acceded to the throne, Elizabeth announced that Philip was to have ""place, pre-eminence and precedence"" next to her ""on all occasions and in all meetings, except where otherwise provided by Act of Parliament"". She also intervened to ensure that Philip would serve as regent for their son Charles in the event of her unexpected death. Parliament passed a bill to that effect in 1953. Contrary to rumours over the years, Elizabeth and Philip were said by insiders to have had a strong relationship throughout their marriage, despite the challenges of Elizabeth's reign. Elizabeth referred to Philip in a speech on the occasion of her Diamond Jubilee in 2012 as her ""constant strength and guide"". Philip received a Parliamentary annuity (of £359,000 since 1990) to meet official expenses in carrying out public duties. The annuity was unaffected by the reform of royal finances under the Sovereign Grant Act 2011. Any part of the allowance that was not used to meet official expenditure was liable for tax. In practice, the entire allowance was used to fund his official duties. 

= Supporting the Queen

= As consort, Philip supported his wife in her duties as sovereign, accompanying her to ceremonies such as the State Opening of Parliament in various countries, state dinners, and tours abroad. As chairman of the Coronation Commission, he was the first member of the royal family to fly in a helicopter, visiting the troops that were to take part in the ceremony. Philip was not himself crowned in the coronation service, but knelt before Elizabeth, with her hands enclosing his, and swore to be her ""liege man of life and limb"". For six months, spanning 1953 and 1954, they toured the Commonwealth; as was customary during previous tours, the children remained in Britain. In the early 1950s, Philip's sister-in-law, Princess Margaret, considered marrying a divorced older man, Peter Townsend. The press accused Philip of being hostile to the match, to which he replied: ""I haven't done anything."" Eventually, Margaret and Townsend parted. In 1960 Margaret married Antony Armstrong-Jones, who was created Earl of Snowdon the following year. They divorced in 1978; Margaret did not remarry. In 1956 Philip and Kurt Hahn founded The Duke of Edinburgh's Award to give young people ""a sense of responsibility to themselves and their communities"". In the same year, he also established the Commonwealth Study Conferences. From 1956 to 1957, he travelled around the world aboard the newly commissioned HMY Britannia, during which he opened the 1956 Summer Olympics in Melbourne and visited the Antarctic, becoming the first royal to cross the Antarctic Circle. Elizabeth and the children remained in Britain. On the return leg of the journey, Philip's private secretary, Mike Parker, was sued for divorce by his wife. As with Townsend, the press still portrayed divorce as a scandal, and eventually, Parker resigned. He later said that Philip was very supportive and ""the Queen was wonderful throughout. She regarded divorce as a sadness, not a hanging offence."" In a public show of support, Elizabeth created Parker a Commander of the Royal Victorian Order. Further press reports claimed that the royal couple were drifting apart, which enraged Philip and dismayed Elizabeth, who issued a strongly worded denial. She granted him the style and title of a Prince of the United Kingdom by Letters Patent on 22 February 1957; it was gazetted that Philip was to be known as ""His Royal Highness The Prince Philip, Duke of Edinburgh"". Philip was appointed to the Queen's Privy Council for Canada on 14 October 1957, taking his Oath of Allegiance before the Queen in person at her Canadian residence, Rideau Hall. Remarks he made two years later to the Canadian Medical Association on the subject of youth and sport were taken as a suggestion that Canadian children were out of shape. This was at first considered ""tactless"", but Philip was later admired for his encouragement of physical fitness. While in Canada in 1969, he spoke about his views on republicanism: It is a complete misconception to imagine that the monarchy exists in the interests of the monarch. It doesn't. It exists in the interests of the people. If at any time any nation decides that the system is unacceptable, then it is up to them to change it. In 1960 Philip attended the National Eisteddfod of Wales wearing a long green robe, where he was initiated as an Honorary Ovate by the Archdruid of Wales Edgar Phillips through his bardic name Philip Meirionnydd, to reflect his title of Earl of Merioneth. In 1961 he became the first member of the royal family to be interviewed on television, after he appeared on Panorama to answer questions by Richard Dimbleby about the Commonwealth Technical Training Week, an initiative of which he was patron. In 1969 he made a similar appearance on Meet the Press during a tour of North America. 

= Charities and patronages

= Philip was patron of some 800 organisations, particularly focused on the environment, industry, sport, and education. His first solo engagement as Duke of Edinburgh was in March 1948, presenting prizes at the boxing finals of the London Federation of Boys' Clubs at the Royal Albert Hall. He was president of the National Playing Fields Association (now known as Fields in Trust) for 64 years, from 1947 until his grandson Prince William took over the role in 2013. He was appointed a fellow of the Royal Society in 1951. In 1952, he became patron of The Industrial Society (since renamed The Work Foundation). In the same year, and after his father-in-law's death, he took over the role of the Ranger of Windsor Great Park, overseeing its protection and maintenance. From 1955 to 1957, Philip was president of The Football Association and also served two terms as president of the Marylebone Cricket Club, with his tenures starting in 1949 and 1974, respectively. In the same decade, he became the first patron of Lord's Taverners, a youth cricket and disability sports charity, for which he organised fundraising events. Between 1959 and 1965 Philip was the president of BAFTA. He helped found the Australian Conservation Foundation in 1963 and the World Wildlife Fund in 1961 and served as the latter's UK president from 1961 to 1982, international president from 1981, and president emeritus from 1996. He was also president of the Zoological Society of London for two decades and was appointed an honorary fellow in 1977. Despite his involvement in initiatives for conserving nature, he was also criticised for practices such as fox hunting and shooting of game birds and the killing of a tiger in India in 1961. He was president of the International Equestrian Federation from 1964 to 1986. In 1980 he became world champion in four-in-hand driving with the British national team. He served as chancellor of the universities of Cambridge, Edinburgh, Salford, and Wales. In 1965, at the suggestion of Harold Wilson, Philip became chair to a scheme set up for awarding industrial innovations, which later became known as The Queen's Awards for Enterprise. In the same year, Philip became president of the Council of Engineering Institutions and in that capacity he assisted with the inception of the Fellowship of Engineering (later the Royal Academy of Engineering), of which he later became the senior fellow. He also commissioned the Prince Philip Designers Prize and the Prince Philip Medal to recognise designers and engineers with exceptional contributions. In 1970 he was involved with the founding of The Maritime Trust for restoring and preserving historic British ships. In 2017 the British Heart Foundation thanked Philip for being its patron for 55 years, during which time, in addition to organising fundraisers, he ""supported the creation of nine BHF-funded centres of excellence"". He was an honorary fellow of St Edmund's College, Cambridge. 

= Charles and Diana

= At the beginning of 1981 Philip wrote to his son Charles counselling him to make up his mind to either propose to Lady Diana Spencer or break off their courtship. Charles felt pressured by his father to make a decision and did so, proposing to Diana in February. They married five months later. By 1992 the marriage had broken down. Elizabeth and Philip hosted a meeting between Charles and Diana, trying to effect a reconciliation, but without success. Philip wrote to Diana, expressing his disappointment at Charles's and her extra-marital affairs and asking her to examine both his and her behaviour from the other's point of view. She found the letters hard to take but appreciated that he acted with good intent. Charles and Diana separated in 1992 and divorced in 1996. A year after the divorce, Diana was killed in a car crash in Paris on 31 August 1997. At the time, Philip was on holiday at Balmoral with the extended royal family. In their grief, Diana's sons, Princes William and Harry, wanted to attend church, so Elizabeth and Philip took them that morning. For five days, the royal couple shielded their grandsons from the ensuing press interest by keeping them at Balmoral, where they could grieve in private. The royal family's seclusion caused public dismay, but the public mood changed after a live broadcast made by Elizabeth on 5 September. Uncertain as to whether they should walk behind their mother's coffin during the funeral procession, William and Harry hesitated. Philip told William: ""If you don't walk, I think you'll regret it later. If I walk, will you walk with me?"" On the day of the funeral, Philip, William, Harry, Charles, and Diana's brother, Earl Spencer, walked through London behind her gun carriage. Over the next few years, Mohamed Al-Fayed, whose son Dodi Fayed was also killed in the crash, claimed that Philip had ordered the death of Diana and that the accident was staged. The inquest into Diana's death concluded in 2008 that there was no evidence of a conspiracy. 

= Longevity

= In April 2009, Philip became the longest-serving British royal consort, surpassing Charlotte of Mecklenburg-Strelitz, wife of George III. He became the oldest-ever male British royal in February 2013 and the third-longest-lived member of the British royal family (following Princess Alice, Duchess of Gloucester, and Queen Elizabeth The Queen Mother) in April 2019. Personally, he was not enthused about living an extremely long life, remarking in a 2000 interview (when he was 79) that he could not ""imagine anything worse"" and had ""no desire whatsoever"" to become a centenarian, saying ""bits of me are falling off already"". In 2008 Philip was admitted to King Edward VII's Hospital, London, for a chest infection; he walked into the hospital unaided, recovered quickly, and was discharged three days later. After the Evening Standard reported that Philip had prostate cancer, Buckingham Palace—which usually refuses to comment on health rumours—denied the story and the paper retracted it. In June 2011, in an interview marking his 90th birthday, Philip said that he would now slow down and reduce his duties, stating that he had ""done [his] bit"". The Queen gave him the title Lord High Admiral for his 90th birthday. While staying at Sandringham House in December 2011, Philip suffered chest pains and was taken to the cardio-thoracic unit at Papworth Hospital, Cambridgeshire, where he underwent successful coronary angioplasty and stenting. He was discharged a few days later. In June 2012, during the celebrations in honour of his wife's diamond jubilee, Philip was taken from Windsor Castle to King Edward VII's Hospital suffering from a bladder infection. He was subsequently discharged. After a recurrence of infection in August 2012, while staying at Balmoral Castle, he was admitted to Aberdeen Royal Infirmary for five nights as a precautionary measure. In June 2013, Philip was admitted to the London Clinic for an exploratory operation on his abdomen, spending 11 days in hospital. In May 2014, he appeared in public with a bandage on his right hand after a ""minor procedure"" was performed in Buckingham Palace the preceding day. In June 2017, Philip was taken from Windsor to London and admitted to King Edward VII's Hospital after being diagnosed with an infection. He spent two nights in the hospital and was unable to attend the State Opening of Parliament and Royal Ascot. 

= Final years and retirement

= Philip retired from royal duties on 2 August 2017, meeting Royal Marines in his final solo public engagement, aged 96. Since 1952, he had completed 22,219 solo engagements. British prime minister Theresa May thanked him for ""a remarkable lifetime of service"". On 20 November 2017, he celebrated his 70th wedding anniversary with Elizabeth, which made her the first British monarch to celebrate a platinum wedding anniversary. In April 2018, Philip was admitted to King Edward VII's Hospital for a planned hip replacement. This came after the Duke missed the annual Maundy and Easter Sunday services. Princess Anne spent about 50 minutes in the hospital and afterwards said her father was ""on good form"". He was discharged the next day. In May that year, he attended the wedding of Prince Harry and Meghan Markle and was able to walk with Elizabeth unaided. That October, he also accompanied Elizabeth to the wedding of their granddaughter Princess Eugenie of York with Jack Brooksbank, with The Telegraph reporting that Philip works on a ""wake up and see how I feel"" basis when deciding whether to attend an event or not. In January 2019, Philip was involved in a car collision as he drove out onto a main road near the Sandringham Estate. An official statement said he was uninjured. An eyewitness who helped him out of his car said there was ""a little bit of blood"". The driver and a passenger of the other car were injured and taken to hospital. Philip attended hospital the next morning as a precaution. He apologised, and three weeks later voluntarily surrendered his driving licence. In February, the Crown Prosecution Service announced that prosecuting Philip would not be in the public interest. Philip was still allowed to drive around private estates, and was seen behind the wheel in the grounds of Windsor Castle in April 2019. In December 2019, Philip stayed at King Edward VII's Hospital and received treatment for a ""pre-existing condition"" in a visit described by Buckingham Palace as a ""precautionary measure"". He had not been seen in public since attending Lady Gabriella Windsor's wedding in May 2019. A photo of the royal couple as they isolated at Windsor Castle during the COVID-19 pandemic was released ahead of his 99th birthday in June 2020. In July 2020, he stepped down as Colonel-in-Chief of The Rifles, a position he had held since 2007. He was succeeded by his daughter-in-law Camilla, Duchess of Cornwall. In January 2021, Philip and Elizabeth were vaccinated against COVID-19 by a household doctor at Windsor Castle. In February 2021, Philip was admitted to King Edward VII's Hospital as a ""precautionary measure"" after feeling unwell; he was visited by Prince Charles. Buckingham Palace confirmed that Philip was ""responding to treatment"" for an infection. In March, Philip was transferred by ambulance to St Bartholomew's Hospital to continue treatment for an infection, and to undergo ""testing and observation"" relating to a pre-existing heart condition. He underwent a successful procedure for his heart condition and was transferred back to King Edward VII's Hospital. He was discharged a week later and returned to Windsor Castle. 

Death

 Philip died of ""old age"" on the morning of 9 April 2021 at Windsor Castle, at the age of 99. He was the longest-serving royal consort in world history. Elizabeth, who was reportedly at her husband's bedside when he died, described his death as ""having left a huge void in her life"". The palace said Philip died peacefully, which was confirmed by his daughter-in-law Sophie, Countess of Wessex, who told the press it was ""so gentle. It was just like somebody took him by the hand and off he went."" His death led to the commencement of Operation Forth Bridge, the plan for publicly announcing his death and organising his funeral. The usual public ceremonial could not take place because of the regulations for the COVID-19 pandemic which restricted the number of mourners to thirty; it was later reported in the press that Elizabeth had rejected a government offer to relax the rules. The funeral took place on 17 April 2021 at St George's Chapel, Windsor Castle, and Philip was temporarily interred alongside 25 other coffins, including that of George III, in the Royal Vault inside St George's. Representatives of countries around the world sent condolences to the royal family upon his death. As with other senior members of the royal family, Philip's last will and testament will be sealed for at least 90 years, according to a High Court ruling, which deemed it necessary to protect the Sovereign's ""dignity and standing"". This led to speculation that the will might contain material harmful to the reputation of the royal family. The order was made by the President of the Family Division after a private hearing in July 2021, who said that he had neither seen the will nor been informed of any of its contents. In January 2022, The Guardian challenged the judge's decision to exclude the press from that hearing, arguing that the judge had ""erred by failing to consider any lesser interference with open justice than a private hearing"", and the newspaper was granted leave to appeal. In July 2022, the Court of Appeal dismissed the newspaper's arguments, stating that the press could not have been informed of the hearing ""without risking the media storm that was feared"". The court added that ""a perceived lack of transparency might be a matter of legitimate public debate, but the (Non-Contentious Probate Rules) allow wills and their values to be concealed from the public gaze in some cases"". A service of thanksgiving for Philip's life took place at Westminster Abbey on 29 March 2022, with Elizabeth, foreign royalty and politicians in attendance. Elizabeth died on 8 September 2022 and the royal couple's bodies were interred in the King George VI Memorial Chapel at St George's on the evening of 19 September after her state funeral. 

Legacy

 

= Interests

= Philip played polo until 1971 when he started to compete in carriage driving, a sport which he helped to expand; the sport's early rule book was drafted under his supervision. He was also a keen yachtsman and struck up a friendship in 1949 with boat designer and sailing enthusiast Uffa Fox in Cowes. Philip's first airborne flying lesson took place in 1952, and by his 70th birthday, he had accrued 5,150 pilot hours. He was presented with Royal Air Force wings in 1953, helicopter wings with the Royal Navy in 1956, and his private pilot's licence in 1959. After 44 years as a pilot, he retired in August 1997 with 5,986 hours spent in 59 different aircraft. In April 2014, it was reported that an old British Pathé newsreel film had been discovered of Philip's 1962 two-month flying tour of South America. Filmed sitting alongside him at the aircraft's controls was his co-pilot Captain Peter Middleton, the grandfather of Philip's granddaughter-in-law Catherine. In 1959, Philip flew solo in a Druine Turbulent, becoming the first and, as of April 2021, the only member of the royal family to have flown a single-seat aircraft. Philip painted with oils and collected artworks, including contemporary cartoons, which hang at Buckingham Palace, Windsor Castle, Sandringham House, and Balmoral Castle. Hugh Casson described Philip's own artwork as ""exactly what you'd expect... totally direct, no hanging about. Strong colours, vigorous brushstrokes."" He was patron of the Royal Society of Arts from 1952 until 2011. He was ""fascinated"" by cartoons about the monarchy and the royal family and was a patron of The Cartoon Museum. 

= Personality and image

= Philip's down-to-earth manner was attested to by a White House butler, who recalled that, on a visit in 1976, Philip engaged him and a fellow butler in a conversation and poured them drinks. As well as a reputation for bluntness and plain speaking, Philip was noted for occasionally making observations and jokes that have been construed as either funny, or as gaffes: awkward, politically incorrect, or even offensive, but sometimes perceived as stereotypical of someone of his age and background. In an address to the General Dental Council in 1960, he jokingly coined a new word for his blunders: ""Dontopedalogy is the science of opening your mouth and putting your foot in it, a science which I have practised for a good many years."" Later in life, he suggested his comments may have contributed to the perception that he was ""a cantankerous old sod"". In a private conversation with British students from Xi'an's Northwest University during a state visit to China in 1986, Philip joked: ""If you stay here much longer, you'll go slit-eyed."" The British press reported on the remark as indicative of racial intolerance, but the Chinese authorities were reportedly unconcerned. Chinese students studying in the UK, an official explained, were often told in jest not to stay away too long, lest they go ""round-eyed"". His comment did not affect Sino-British relations, but it shaped his reputation. Philip also made comments on the eating habits of Cantonese people, stating: ""If it has four legs and is not a chair, has wings and is not an airplane, or swims and is not a submarine, the Cantonese will eat it."" In Australia he asked an Indigenous Australian entrepreneur: ""Do you still throw spears at each other?"" In 2011 historian David Starkey described Philip as a kind of ""HRH Victor Meldrew"". For example, in May 1999, British newspapers accused Philip of insulting deaf children at a pop concert in Wales by saying: ""No wonder you are deaf listening to this row."" Later, Philip wrote: ""The story is largely invention. It so happens that my mother was quite seriously deaf and I have been Patron of the Royal National Institute for the Deaf for ages, so it's hardly likely that I would do any such thing."" When he and Elizabeth met Stephen Menary, an army cadet blinded by a Real IRA bomb, and Elizabeth enquired how much sight he retained, Philip quipped: ""Not a lot, judging by the tie he's wearing."" Menary later said: ""I think he just tries to put people at ease by trying to make a joke. I certainly didn't take any offence."" Philip's comparison of prostitutes and wives was also perceived as offensive after he reportedly stated: ""I don't think a prostitute is more moral than a wife, but they are doing the same thing."" 

= Centenary

= To mark the centenary of Philip's birth in June 2021, the Royal Collection Trust held an exhibition at Windsor Castle and the Palace of Holyroodhouse. Titled Prince Philip: A Celebration, it showcased around 150 personal items related to him, including his wedding card, wedding menu, midshipman's logbook from 1940 to 1941, Chair of Estate, and the coronation robes and coronet that he wore for his wife's coronation in 1953. George Alexis Weymouth's portrait of Philip in the ruins of Windsor Castle after the fire of 1992 formed part of a focus on Philip's involvement with the subsequent restoration. The Royal Horticultural Society also marked Philip's centenary by breeding a new rose in his honour, christened ""The Duke of Edinburgh Rose"", created by British rose breeder Harkness Roses. Elizabeth, as patron of the society, was given the deep pink commemorative rose in honour of her husband, and she remarked that ""It looks lovely"". A Duke of Edinburgh Rose has since been planted in the mixed rose border of Windsor Castle's East Terrace Garden. Philip played a major role in the garden's design. In September 2021, the Royal National Lifeboat Institution honoured Philip by naming their new state-of-the-art lifeboat Duke of Edinburgh. The tribute was initially planned to mark his 100th birthday. In the same month, a documentary initially planned for his centenary was broadcast on BBC One under the title Prince Philip: The Royal Family Remembers, with contributions from his children, their spouses, and seven of his grandchildren. 

= Portrayals

= Philip has been portrayed by several actors, including Stewart Granger (The Royal Romance of Charles and Diana, 1982), Christopher Lee (Charles & Diana: A Royal Love Story, 1982), David Threlfall (The Queen's Sister, 2005), James Cromwell (The Queen, 2006), and Finn Elliot, Matt Smith, Tobias Menzies, and Jonathan Pryce (The Crown, 2016 onwards). He also appears as a fictional character in Nevil Shute's novel In the Wet (1952), Paul Gallico's novel Mrs. 'Arris Goes to Moscow (1974), Tom Clancy's novel Patriot Games (1987), and Sue Townsend's novel The Queen and I (1992). 

Books

 Philip authored: Forewords to: 

Titles, styles, honours, and arms

 Philip held many titles throughout his life. Originally holding the title and style of a prince of Greece and Denmark, Philip abandoned these royal titles before he married and was thereafter created a British duke, among other noble titles. Elizabeth formally issued letters patent in 1957 making him a British prince. 

= Honours and honorary military appointments

= Philip was awarded medals from Britain, France, and Greece for his service during the Second World War, as well as ones commemorating the coronations of George VI and Elizabeth II and the silver, gold and diamond jubilees of Elizabeth. George VI appointed him to the Order of the Garter on the eve of his wedding on 19 November 1947. Since then, Philip received 17 appointments and decorations in the Commonwealth and 48 from foreign states. The inhabitants of some villages on the island of Tanna, Vanuatu, worship Philip as a god-like spiritual figure; the islanders possess portraits of him and hold feasts on his birthday. Upon his wife's accession to the throne in 1952, Philip was appointed Admiral of the Sea Cadet Corps, Colonel-in-Chief of the British Army Cadet Force, and Air Commodore-in-Chief of the Air Training Corps. The following year, he was appointed to the equivalent positions in Canada and made Admiral of the Fleet, Captain General Royal Marines, Field Marshal, and Marshal of the Royal Air Force in the United Kingdom. Subsequent military appointments were made in New Zealand and Australia. In 1975 he was appointed colonel of the Grenadier Guards, a position he handed over to his son Andrew in 2017. On 16 December 2015, he relinquished his role as Honorary Air Commodore-in-Chief and was succeeded by his granddaughter-in-law Catherine, then Duchess of Cambridge, as Honorary Air Commandant. To celebrate Philip's 90th birthday, Elizabeth appointed him Lord High Admiral, as well as to the highest ranks available in all three branches of the Canadian Armed Forces. On their 70th wedding anniversary, 20 November 2017, she appointed him Knight Grand Cross of the Royal Victorian Order, making him the first British national since his uncle Lord Mountbatten of Burma to be entitled to wear the breast stars of four orders of chivalry in the United Kingdom. 

= Arms

= 

Issue

 

Ancestry

 Both Philip and Elizabeth were great-great-grandchildren of Queen Victoria, Elizabeth by descent from Victoria's eldest son, King Edward VII, and Philip by descent from Victoria's second daughter, Princess Alice. Both were also descended from King Christian IX of Denmark. Philip was also related to the House of Romanov through all four of his grandparents. His paternal grandmother was the granddaughter of Emperor Nicholas I of Russia. His paternal grandfather was a brother of Maria Feodorovna (Dagmar of Denmark), wife of Emperor Alexander III. His maternal grandmother was a sister of Alexandra Feodorovna (Alix of Hesse), wife of Emperor Nicholas II, and Elizabeth Feodorovna (Elisabeth of Hesse), wife of Grand Duke Sergei Alexandrovich of Russia. His maternal grandfather was the nephew of Maria Alexandrovna (Marie of Hesse), who was the wife of Emperor Alexander II. In 1993 scientists were able to confirm the identity of the remains of several members of the Romanov family, more than seventy years after their murder in 1918, by comparing their mitochondrial DNA to living matrilineal relatives, including Philip. Philip, Alexandra Feodorovna, and her children were all descended from Princess Alice through a purely female line. 

Notes

 

References

 

= Citations

= 

= Bibliography

= 

External links

 The Duke of Edinburgh at the Royal Family website Prince Philip, Duke of Edinburgh at the website of the Royal Collection Trust The Duke of Edinburgh's Award Obituary at BBC News Online Newspaper clippings about Prince Philip, Duke of Edinburgh in the 20th Century Press Archives of the ZBW Portraits of Prince Philip, Duke of Edinburgh at the National Portrait Gallery, London Prince Philip at IMDb Appearances on C-SPAN","Prince Philip, Duke of Edinburgh (born Prince Philip of Greece and Denmark, later Philip Mountbatten; 10 June 1921 – 9 April 2021), was the husband of Queen Elizabeth II. As such, he was the consort of the British monarch from his wife's accession on 6 February 1952 until his death in 2021, making him the longest-serving royal consort in history.
Philip was born in Greece into the Greek and Danish royal families; his family was exiled from the country when he was eighteen months old. After being educated in France, Germany, and the United Kingdom, he joined the Royal Navy in 1939, when he was 18 years old. In July 1939, Philip began corresponding with the 13-year-old Princess Elizabeth, the elder daughter and heir presumptive of King George VI. During the Second World War, he served with distinction in the British Mediterranean and Pacific fleets.
In the summer of 1946, the King granted Philip permission to marry Elizabeth, then aged 20. Before the official announcement of their engagement in July 1947, Philip stopped using his Greek and Danish royal titles and styles, became a naturalised British subject, and adopted his maternal grandparents' surname Mountbatten. In November 1947, he married Elizabeth, was granted the style His Royal Highness and was created Duke of Edinburgh, Earl of Merioneth, and Baron Greenwich. Philip left active military service when Elizabeth ascended the throne in 1952, having reached the rank of commander. In 1957, he was created a British prince. Philip had four children with Elizabeth: Charles, Anne, Andrew, and Edward.
A sports enthusiast, Philip helped develop the equestrian event of carriage driving. He was patron, president, or member of over 780 organisations, including the World Wide Fund for Nature, and served as chairman of The Duke of Edinburgh's Award, a youth awards programme for people aged 14 to 24. Philip is the longest-lived male member of the British royal family. He retired from royal duties in 2017, aged 96, having completed 22,219 solo engagements and 5,493 speeches since 1952, and died two months before his centenary at Windsor Castle.

",7472,45500.0,Queen Elizabeth II,1952-2022,family,English,Formal,,
qe2_royal_christmas_message,related_article,Royal Christmas message,https://en.wikipedia.org/wiki/Royal_Christmas_message,Royal Christmas message,2025-10-04T13:36:57.343310,2025-10-04T14:01:53.766428,"The King's Christmas message (or The Queen's Christmas message in a queen's reign), formally as His Majesty's Most Gracious Speech, and informally as the Royal Christmas message) is a broadcast made by the sovereign of the United Kingdom and the other Commonwealth realms to the Commonwealth of Nations each year at Christmas. The tradition began in 1932 with a radio broadcast by King George V via the British Broadcasting Corporation's Empire Service. The message is broadcast on television, radio, and the Internet via various providers. It is usually broadcast at 15:00 GMT on Christmas Day. Unlike some other speeches, such as the King's Speech at the State Opening of Parliament which is written by the government, the Christmas speech is a personal message written by the monarch with input from spouses and direct advisors. 

History

 The idea for a Christmas message from the sovereign to the British Empire was first proposed by the founding director-general of the British Broadcasting Corporation (BBC), John Reith, in 1922 when he approached King George V about making a short broadcast on the newly created radio service. The King declined, however, believing that radio was mainly an entertainment. Reith approached the King again ten years later, in 1932, as a way to inaugurate the Empire Service (now the World Service) and the King finally agreed after being encouraged to do so by Queen Mary and Prime Minister Ramsay MacDonald. That year, King George V read the first Royal Christmas message, which was scripted by Rudyard Kipling; the King was originally hesitant about using the relatively untested medium of radio, but was reassured after a summertime visit to the BBC and agreed to carry out the concept and read the speech from a temporary studio set up at Sandringham House. The 1934 Christmas broadcast was introduced from Ilmington Manor by 65-year-old Walton Handy, a local shepherd, with carols from the church choir and the bells ringing from the town church, and reached an estimated 20 million people in Australia, Canada, India, Kenya, South Africa and the United Kingdom. While his brother, King Edward VIII, abdicated just before his first Christmas as king, King George VI continued his father's Christmas broadcasts; it was in his 1939 reading delivered in the opening stages of the Second World War that he uttered the famous lines: ""I said to the man who stood at the Gate of the Year, 'Give me a light that I may tread safely into the unknown.' And he replied, 'Go out into the darkness, and put your hand into the Hand of God. That shall be to you better than light, and safer than a known way.'"" For many years, the King's speech came at the end of an hour-long broadcast of greeting from various parts of the British Empire and Commonwealth which typically included interviews with ordinary people of many occupations such as an innkeeper in an English village, a miner in South Africa,a lifeguard in Australia, and a Royal Marine Commando - Sergeant Bulpett serving in Malaya, speaking from Singapore (1950) with the King's speech serving as a bond tying the Commonwealth together. King George VI's daughter and successor, Queen Elizabeth II, delivered her first Christmas message from her study at Sandringham House, at 3:07 PM on 25 December 1952, approximately ten months after her father's death. Five years later, the message was broadcast on television for the first time. It has been an annual television broadcast every year since, with the exception of 1959 and 1963 when the Queen was heavily pregnant; and 1969: that year, no message was given because a special documentary film, Royal Family, had been produced during the summer in connection with the investiture of the Prince of Wales. It was therefore decided not to do a broadcast at Christmas, but the Queen issued a written message instead. Until 1996, the Christmas broadcast was always produced by the BBC; the monopoly was ended when it was announced that, from 1997, the message would be produced and broadcast alternately by the BBC and its main rival, Independent Television News (ITN), with a biennial rotation. It was reported by The Daily Telegraph that this decision was made after the BBC decided to screen an interview with Diana, Princess of Wales, on its current affairs programme Panorama. This was denied by Buckingham Palace which said the new arrangements ""reflect the composition of the television and radio industries today"". Beginning in 2011, Sky News was added to the rotation. Sky News recorded the Queen's Christmas message for Christmas 2012, the Queen's Diamond Jubilee year, and for the first (and only) time it was recorded in 3D. Buckingham Palace was reported to have stated: ""We wanted to do something a bit different and special in this Jubilee year, so doing it for the first time in 3D seemed a good thing, technology wise, to do."" Under the reign of Queen Elizabeth II, the themes and direction of the speeches were decided by the Queen and the text was largely written by the Queen herself, sometimes with assistance from her husband Prince Philip and her staff. In the later years of her reign, the speeches became more personal and religious in tone. Her son and successor, King Charles III, reportedly writes the script of his Christmas messages himself without input from staff. Traditionally, the message begins with the British national anthem God Save the King (or Queen), (except for 1968, 1986–2000, 2002, and 2007 in which it ended the message). 

Broadcast

 The message typically combines a chronicle of that year's major events, with specific focus on the Commonwealth of Nations, and with the sovereign's own personal milestones and feelings on Christmas. It is one of the few instances when the sovereign speaks publicly without advice from any ministers of the Crown in any of the monarch's realms. Planning for each year's address begins months earlier, when the monarch establishes a theme and appropriate archival footage is collected and assembled; the actual speech is recorded a few days prior to Christmas. Timing: On the internet, as in the United Kingdom, broadcast of the King's Christmas message is embargoed until 15:00 GMT on 25 December. New Zealand is the first country in the Commonwealth to broadcast the message over the airwaves, at 18:06 local time (5:06 am GMT) by Radio New Zealand on RNZ National, then again at 18:50 by Television New Zealand on TVNZ1. In Australia, the message is broadcast by the Australian Broadcasting Corporation at 15:20 local time (5:20 am to 8:20 am GMT, depending on the time zone). In Canada, the Canadian Broadcasting Corporation broadcasts the message generally at noon local time on CBC Television (3:30 pm to 8 pm GMT depending on the time zone), and at 11:50 am local time on CBC Radio One and CBC Music. Some private stations such as CTV also carry the speech. Outside of the Commonwealth, C-SPAN in the United States airs the King's message at times that vary depending on the network's schedule. No American radio station airs the broadcast, although some areas bordering Canada can receive it via the CBC. 

Messages

 

= George V

= 

= Edward VIII

= No message as he abdicated prior to what would have been his first Christmas on the throne. 

= George VI

= 

== 1930s



=

= 1940s 

==



1950s



=

 Elizabeth II 

=



1950s



=

= 1960s 

==



1970s



=

= 1980s 

==



1990s



=

= 2000s 

==



2010s



=

= 2020s 

==

= Charles III 

=

 Similar messages elsewhere 

=

 Other Christmas messages 

= In the past, the Governor of Hong Kong, as the representative of the British monarch, played this role; the tradition was carried on by the Chief Executive of Hong Kong upon the territory's transfer of sovereignty to China in 1997. In 1931, Queen Wilhelmina of the Netherlands delivered her first Christmas message on the airwaves, which was also broadcast to the Dutch East Indies, Suriname and the other Dutch West Indies via shortwave radio station PCJJ. During the reign of her daughter Juliana, the Royal Christmas message was to become an annual tradition. Heads of state of other countries have adopted the tradition of a message at Christmas, including the King of Sweden, the King of the Belgians, the Grand Duke of Luxembourg, the Prince of Liechtenstein, the President of Germany, and the King of Spain. The Pope makes a Christmas address as part of his Urbi et Orbi. The President of the United States also gives out Christmas messages as part of the President's Weekly Address. Some of these messages come out within a few days before Christmas or on Christmas Day. The president may also give a Christmas message to soldiers serving in the U.S. Armed Forces. The opposition party may also give out their Christmas messages as part of their response to the President's weekly address. In addition, beginning in 1986, US President Ronald Reagan and Soviet Union general secretary Mikhail Gorbachev exchanged televised New Year's Day addresses to the other's respective nations. This exchange continued between President George H. W. Bush and Gorbachev until the dissolution of the Soviet Union. The Prime Minister of Canada records a short Christmas greeting.

= New Year messages 

= Others have modified the practice by issuing a statement to coincide with the New Year; this is done by the British Prime Minister, who issues a New Year message which extensively reflects on the last year and the government's intentions in the new year. The Archbishop of Canterbury, spiritual leader of the Anglican Communion, also gives a speech on New Year's Day. Foreign leaders also carrying this tradition include: the Governors-General of Canada, Jamaica, and New Zealand; the King of Denmark, the King of Norway, the Emperor of Japan, the Prince of Monaco, the King of Thailand, and the Sultan of Brunei; the Presidents of Cameroon, China, Finland, France, Hungary, Iceland, Italy, Ivory Coast, the Philippines, Poland, Portugal, Senegal, and the Russian Federation; the Chancellor of Germany and the Prime Ministers of Denmark and Iceland.

= Other 

= The Yang di-Pertuan Agong of Malaysia makes speeches on his official birthday in June and on National Heroes Day in July, while the Prime Minister of Malaysia also makes speeches not only on New Year's Eve but also on the night of Eid ul-Fitr, Eid ul-Adha and on the eve of Independence Day. The Prime Minister of Singapore addresses the nation on the country's national day. The King of Morocco makes speeches on the anniversaries of his accession (Throne Day), the Revolution of the King and the People and the Green March.

 See also 

Alternative Christmas message Special address by the British monarch Prime Minister's New Year message Cadena nacional

 References 

== External links

 Works related to Royal Christmas Message at Wikisource Media related to Royal Christmas messages of the United Kingdom at Wikimedia Commons The Royal Family Channel on YouTube The Royal Family and technology A history of Christmas Broadcasts","The King's Christmas message (or The Queen's Christmas message in a queen's reign), formally as His Majesty's Most Gracious Speech, and informally as the Royal Christmas message) is a broadcast made by the sovereign of the United Kingdom and the other Commonwealth realms to the Commonwealth of Nations each year at Christmas. The tradition began in 1932 with a radio broadcast by King George V via the British Broadcasting Corporation's Empire Service. The message is broadcast on television, radio, and the Internet via various providers. It is usually broadcast at 15:00 GMT on Christmas Day. Unlike some other speeches, such as the King's Speech at the State Opening of Parliament which is written by the government, the Christmas speech is a personal message written by the monarch with input from spouses and direct advisors.

",1827,11043.0,Queen Elizabeth II,1952-2022,tradition,English,Formal,,
qe2_royal_family,related_article,Royal family,https://en.wikipedia.org/wiki/Royal_family,Royal family,2025-10-04T13:52:56.597132,2025-10-04T14:01:53.767532,"A royal family is the immediate family of monarchs and sometimes their extended family. The term imperial family appropriately describes the family of an emperor or empress, and the term papal family describes the family of a pope, while the terms baronial family, comital family, ducal family, archducal family, grand ducal family, or princely family are more appropriate to describe, respectively, the relatives of a reigning baron, count/earl, duke, archduke, grand duke, or prince. However, in common parlance members of any family which reigns by hereditary right are often referred to as royalty or ""royals"". It is also customary in some circles to refer to the extended relations of a deposed monarch and their descendants as a royal family. A dynasty is sometimes referred to as the ""House of..."". In July 2013 there were 26 active sovereign dynasties in the world that ruled or reigned over 43 monarchies. 

Members of a royal family

 A royal family typically includes the spouse of the reigning monarch, surviving spouses of a deceased monarch, the children, grandchildren, brothers, sisters, and paternal cousins of the reigning monarch, as well as their spouses. In some cases, royal family membership may extend to great grandchildren and more distant descendants of a monarch. In certain monarchies where voluntary abdication is the norm, such as the Netherlands, a royal family may also include one or more former monarchs. In certain instances, such as in Canada, the royal family is defined by who holds the styles Majesty and Royal Highness. There is often a distinction between persons of the blood royal and those that marry into the royal family. Under most systems, only persons in the first category are dynasts, that is, potential successors to the throne (unless the member of the latter category is also in line to the throne in their own right, a frequent occurrence in royal families which frequently intermarry). This is not always observed; some monarchies have operated by the principle of jure uxoris. In addition, certain relatives of the monarch (by blood or marriage) possess special privileges and are subject to certain statutes, conventions, or special common law. The precise functions of a royal family vary depending on whether the polity in question is an absolute monarchy, a constitutional monarchy, or somewhere in between. In certain monarchies, such as that found in Saudi Arabia or Kuwait, or in political systems where the monarch actually exercises executive power, such as in Jordan, it is not uncommon for the members of a royal family to hold important government posts or military commands. In most constitutional monarchies, however, members of a royal family perform certain public, social, or ceremonial functions, but refrain from any involvement in electoral politics or the actual governance of the country. The specific composition of royal families varies from country to country, as do the titles and royal and noble styles held by members of the family. The composition of the royal family may be regulated by statute enacted by the legislature (e.g., Spain, the Netherlands, and Japan since 1947), the sovereign's prerogative and common law tradition (e.g., the United Kingdom), or a private house law (e.g., Liechtenstein, the former ruling houses of Bavaria, Prussia, Hanover, etc.). Public statutes, constitutional provisions, or conventions may also regulate the marriages, names, and personal titles of royal family members. The members of a royal family may or may not have a surname or dynastic name (see Royal House). In a constitutional monarchy, when the monarch dies, there is always a law or tradition of succession to the throne that either specifies a formula for identifying the precise order of succession among family members in line to the throne or specifies a process by which a family member is chosen to inherit the crown. Usually in the former case the exact line of hereditary succession among royal individuals may be identified at any given moment during prior reigns (e.g. United Kingdom, Sark, Nizari Ismailis, Japan, Balobedus, Sweden, Kingdom of Benin) whereas in the latter case the next sovereign may be selected (or changed) only during the reign or shortly after the demise of the immediately preceding monarch (e.g. Cambodia, KwaZulu Natal, Buganda, Saudi Arabia, Swaziland, Yorubaland, The Kingitanga). Some monarchies employ a mix of these selection processes (Malaysia, Monaco, Tonga, Jordan, Morocco), providing for both an identifiable line of succession as well as authority for the monarch, dynasty or other institution to alter the line in specific instances without changing the general law of succession. Some countries have abolished royalty altogether, as in post-revolutionary France (1870), post-revolutionary Russia (1917), Portugal (1910), post-war Germany (1918), post-war Italy (1946) and many ex European colonies. 

Current royal families

 

= Africa

= Lesotho royal family Moroccan royal family Swazi royal family List of current constituent African monarchs 

= Middle East

= Bahraini royal family Emirati princely families Jordanian royal family Kuwaiti princely family Omani sultanic family Qatari princely family Saudi royal family 

= Asia

= Bruneian royal family Bhutanese royal family Cambodian royal family House of Norodom House of Sisowath Japanese imperial family Malaysian royal families Johor royal family Kedah royal family Kelantan royal family Negeri Sembilan royal family Pahang royal family Perak royal family Perlis royal family Selangor royal family Terengganu royal family Thai royal family List of current constituent Asian monarchs 

= Europe

= Belgian royal family British royal family Danish royal family Dutch royal family Liechtenstein princely family Luxembourg grand ducal family Monegasque princely family Norwegian royal family Spanish royal family Swedish royal family 

= Oceania

= Australian royal family New Zealand royal family Papuan royal family Solomon Islands royal family Tongan royal family Tuvaluan royal family 

= North America

= Antiguan royal family Bahamian royal family Belizean royal family Canadian royal family Grenadian royal family Jamaican royal family Miskito royal family Saint Kitts and Nevis royal family Saint Lucian royal family Vincentian royal family 

Deposed royal families

 

= Africa

= Central African imperial family Egyptian royal family Ethiopian imperial family Gambian royal family Ghanaian royal family Kenyan royal family Libyan royal family Malawian royal family Mauritian royal family Nigerian royal family Rwandan royal family Rhodesian (Zimbabwean) royal family Sierra Leonean royal family South African royal family Tanganykan (Tanzanian) royal family Tunisian royal family Ugandan royal family Umurundi royal family 

= Middle East

= Ottoman (Turkish) imperial family Iranian imperial family Iraqi royal family Yemeni royal family 

= Asia

= Afghan royal family Bengali royal family Burmese royal family Ceylonese (Sri Lankan) royal family Chinese imperial family Indian imperial family Baroda royal family Royal family of Dhaka Jodhpur royal family Mysore royal family (Wadiyar dynasty) Korean imperial family Laotian royal family Maldivian sultanic family Nepalese royal family Pakistani royal family Singaporean sultanic family Uzbek royal families Khiva royal family Bhukaran royal family Vietnamese imperial family 

= Europe

= Albanian royal family Austrian imperial family Bohemian (Czech) royal family Bulgarian royal family Croatian royal family Finnish royal family French imperial family Georgian royal family German imperial family Bavarian royal family Saxon royal family Württemberg royal family Baden grand ducal family Hessian grand ducal family Mecklenburg (Schwerin and Strelitz) grand ducal family Oldenburg grand ducal family Saxe-Weimar-Eisenach grand ducal family Anhalt ducal family Brunswick ducal family Saxe-Coburg and Gotha ducal family Saxe-Meiningen ducal family Lippe-Detmold princely family Greek royal family Irish royal family Italian royal family Hungarian royal family Lithuanian royal family Maltese royal family Montenegrin royal family Polish royal family (Congress Poland) Portuguese royal family Romanian royal family Russian imperial family Serbian royal family 

= Oceania

= Fijian royal family Hawaiian royal family 

= North America

= Barbadian royal family Haitian imperial family Mexican imperial family Miskito royal family Trinidad and Tobago royal family 

= South America

= Brazilian imperial family Mask of Ferdinand VII context Argentine royal family (United Provinces of the Río de la Plata) Chilean royal family (Kingdom of Chile) Colombian royal family (Free and Independent State of Cundinamarca) Venezuelan royal family (Supreme Junta) Guyanese royal family 

Mediatised princely families

 Whilst mediatization occurred in other countries such as France, Italy and Russia, only the certain houses within the former Holy Roman Empire are collectively called the Mediatized Houses. Arenberg ducal family (Belgium) Fürstenberg princely family (Germany) Ligne princely family (Belgium) Merode princely family (Belgium) Schwarzenberg princely family (Bohemia) Thurn und Taxis princely family (Germany) 

Dynasties

 

See also

 

References

 

External links

 Media related to Royal families at Wikimedia Commons","A royal family is the immediate family of monarchs and sometimes their extended family.
The term imperial family appropriately describes the family of an emperor or empress, and the term papal family describes the family of a pope, while the terms baronial family, comital family, ducal family, archducal family, grand ducal family, or princely family are more appropriate to describe, respectively, the relatives of a reigning baron, count/earl, duke, archduke, grand duke, or prince.
However, in common parlance members of any family which reigns by hereditary right are often referred to as royalty or ""royals"". It is also customary in some circles to refer to the extended relations of a deposed monarch and their descendants as a royal family. A dynasty is sometimes referred to as the ""House of ..."". In July 2013 there were 26 active sovereign dynasties in the world that ruled or reigned over 43 monarchies.

",1392,9385.0,Queen Elizabeth II,1952-2022,family,English,Formal,,
qe2_royal_family_order_of_elizabeth_ii,related_article,Royal Family Order of Elizabeth II,https://en.wikipedia.org/wiki/Royal_Family_Order_of_Elizabeth_II,Royal Family Order of Elizabeth II,2025-10-04T13:41:25.878530,2025-10-04T14:01:53.766738,"The Royal Family Order of Elizabeth II is an honour which was bestowed on female members of the British royal family by Queen Elizabeth II. The order is worn by recipients on formal occasions. 

Appearance

 The Royal Family Order depicts a young Queen Elizabeth II in evening dress wearing the ribbon and star of the Order of the Garter. The miniature, painted on ivory (glass since 2017), is bordered by diamonds and surmounted by a Tudor Crown in diamonds and red enamel. The reverse, in silver-gilt, is patterned with rays and depicts the royal cypher and St Edward's Crown in gold and enamel. The watered silk ribbon is chartreuse yellow and formed into a bow. It is worn pinned to the dress of the recipient on the left shoulder. It was provided in two different sizes: the larger version was bestowed on the Queen's mother, grandmother and sister, and size two to the other recipients. (After the death of Queen Mary, Princess Margaret began wearing her grandmother's size 1 badge.) 

List of known recipients

 The initial badges were presented at Christmas 1952. 

= Deceased

= Size 1: 1952: Queen Elizabeth The Queen Mother (mother of Elizabeth II) 1952: Queen Mary (grandmother of Elizabeth II) 1952: Princess Margaret, Countess of Snowdon (younger sister of Elizabeth II) 1981: Diana, Princess of Wales (daughter-in-law of Elizabeth II) Size 2: 1952: Mary, Princess Royal and Countess of Harewood (aunt of Elizabeth II) 1952: Princess Alice, Duchess of Gloucester (aunt of Elizabeth II) 1952: Princess Marina, Duchess of Kent (aunt of Elizabeth II) 1952: Princess Alice, Countess of Athlone (great-aunt of Elizabeth II) 1961: Katharine, Duchess of Kent (wife of Elizabeth II's first cousin) 

= Living

= 1952: Princess Alexandra, The Hon. Lady Ogilvy (first cousin of Elizabeth II) 1969: Anne, Princess Royal (daughter of Elizabeth II) 1973: Birgitte, Duchess of Gloucester (wife of Elizabeth II's first cousin) 2004: Sophie, Duchess of Edinburgh (daughter-in-law of Elizabeth II) 2007: Queen Camilla (daughter-in-law of Elizabeth II) 2017: Catherine, Princess of Wales (granddaughter-in-law of Elizabeth II) 

Gallery

 

See also

 Royal family order Royal Family Orders of the United Kingdom Royal Family Order of George IV Royal Order of Victoria and Albert Royal Family Order of Edward VII Royal Family Order of George V Royal Family Order of George VI Royal Family Order of Charles III 

References","The Royal Family Order of Elizabeth II is an honour which was bestowed on female members of the British royal family by Queen Elizabeth II. The order is worn by recipients on formal occasions.

",388,2418.0,Queen Elizabeth II,1952-2022,biography,English,Formal,,
qe2_silver_jubilee_of_elizabeth_ii,related_article,Silver Jubilee of Elizabeth II,https://en.wikipedia.org/wiki/Silver_Jubilee_of_Elizabeth_II,Silver Jubilee of Elizabeth II,2025-10-04T13:36:40.553930,2025-10-04T14:01:53.765718,"The Silver Jubilee of Elizabeth II marked the 25th anniversary of the accession of Queen Elizabeth II on 6 February 1952. It was celebrated with large-scale parties and parades throughout the United Kingdom and the Commonwealth throughout 1977, culminating in June with the official ""Jubilee Days"", held to coincide with the Queen's Official Birthday. The anniversary date itself was commemorated in church services across the land on 6 February 1977, and continued to be for the rest of that month. In March, preparations started for large parties in every major city of the United Kingdom, as well as for smaller ones for countless individual streets throughout the country. 

National and international goodwill visits

 No monarch before Queen Elizabeth II had visited more of the United Kingdom in such a short span of time (the trips lasted three months). All in all, the Queen and her husband Prince Philip visited a total of 36 counties. The trip started with record crowds gathering to see the Queen and Prince Philip in Glasgow, Scotland, on 17 May. After moving to England (where a record one million spectators came to greet the couple in Lancashire) and Wales, the Queen and Prince Philip wrapped up the first of their trips with a visit to Northern Ireland. Among the places visited during the national trips were numerous schools, which were the subject of a television special hosted by presenter Valerie Singleton. Later in the summer, the Queen and Prince Philip embarked on a Commonwealth visit that first brought them to island nations such as Fiji and Tonga, following up with longer stints in New Zealand and Australia, with a final stop in Papua New Guinea before going on to the British holdings in the West Indies. The final stop on the international tour was a trip to Canada, in which Prince Charles joined the couple to greet the crowds. 

Jubilee celebrations

 

= Australia

= During the Queen's Silver Jubilee tour of Australia in March 1977, a Silver Jubilee Parade was held in front of Parliament House, Canberra. The Royal Australian Mint released a commemorative Silver Jubilee 50c coin, which featured twenty-five representations of St Edward's Crown. Two commemoratives stamps were released by Australia Post to celebrate the Jubilee. Australian artist, Paul Fitzgerald, was commissioned to complete the only official portrait of the Queen during the Silver Jubilee year. The 1977 Silver Jubilee and Queen's Birthday Honours in Australia were announced on 14 June 1977. Silver Jubilee celebrations culminated in December 1977 with 35,000 serving personnel taking part in open parades across Australia. 

= Canada

= The Queen and her husband visited Canada in 1977 to mark her Silver Jubilee. During the tour, the Queen attended the opening of the Parliamentary session and delivered the Speech from the throne, the second time in Canadian history that she had done so. To mark the milestone, Canada instituted a Silver Jubilee medal on 6 February 1977. It was awarded to individuals who had been deemed to have made a significant contribution to their fellow citizens, their community or to Canada. A 25-cent stamp was issued to celebrate the Silver Jubilee in Canada. The Queen Elizabeth II Silver Jubilee Endowment Fund for Study in a Second Language was launched that provided funding for young Canadians interested in increasing their proficiency in another language. 

= New Zealand

= During the Queen's Silver Jubilee tour of New Zealand from 22 February to 7 March 1977, she and Prince Philip visited 11 centres in New Zealand. The Queen opened the Beehive, Parliament's new executive wing in Wellington. A set of stamps was released by the New Zealand Post Office to mark the Queen's Silver Jubilee. To commemorate the Silver Jubilee, Queen Elizabeth the Second National Trust was established in New Zealand as a national trust to encourage and promote the provision, protection, and enhancement of open space for the benefit and enjoyment of the people of New Zealand. The 1977 Queen's Silver Jubilee and Birthday Honours in New Zealand were announced on 11 June 1977. 

= United Kingdom

= On 3 May, a humble address was presented to the Queen on the occasion of her Silver Jubilee. The next day, she addressed Parliament at Westminster Hall, and her speech was deemed controversial by some parliamentarians. The Queen referred to ""keen discussion of proposals for devolution to Scotland and Wales within the United Kingdom"". While she could ""readily understand these aspirations"", the Queen added that she could not ""forget that I was crowned Queen of the United Kingdom of Great Britain and Northern Ireland. Perhaps this Jubilee is a time to remind ourselves of the benefits which union has conferred, at home and in our international dealings, on the inhabitants of all parts of this United Kingdom"". The Scottish National Party MP Donald Stewart later asked if Prime Minister James Callaghan accepted ""responsibility"" for the Queen's remarks. On 6 June, the Queen lit a bonfire beacon at Windsor Castle, the light of which spread across the night in a chain of other beacons throughout the whole country. On 7 June, crowds lined the route of the procession to St Paul's Cathedral, where the royal family attended a national service of thanksgiving alongside many world leaders, including United States President Jimmy Carter, and Prime Minister James Callaghan as well as all of the living former prime ministers (Harold Macmillan, Alec Douglas-Home, Sir Harold Wilson and Edward Heath). The service was followed by lunch in the Guildhall, hosted by the Lord Mayor of the City of London Peter Vanneck. At the reception, the Queen was quoted as saying: When I was twenty-one I pledged my life to the service of our people and I asked for God's help to make good that vow. Although that vow was made in my salad days, when I was green in judgement, I do not regret nor retract one word of it. After the luncheon, the procession continued down The Mall to Buckingham Palace, where an estimated one million people lined the pavements to see the family wave to onlookers. A further 500 million people around the Commonwealth watched the day's events on live television. On 7 June, streets and villages threw elaborate parties for all their residents, and many streets strung bunting (the little flags were usually modelled in pattern after the Union Flag) from rooftop to rooftop across the street. In addition to parties, many streets decorated motor vehicles as historical events from Britain's past, and drove them about town, organising their very own parades. In London alone there were over 4000 organised parties for individual streets and neighbourhoods. Throughout the entire day, onlookers were greeted by the Queen many times as she made several appearances for pictures from the balcony of Buckingham Palace. On 9 June, the Queen made a Royal Progress trip via boat up the River Thames from Greenwich to Lambeth, in a re-enactment of the famous progresses taken by Queen Elizabeth I. On the trip, the Queen officially opened the Silver Jubilee Walkway and the South Bank Jubilee Gardens, two of numerous places named after the festivities. In the evening, she presided over a fireworks display and was taken subsequently by a procession of lighted carriages to Buckingham Palace, where she greeted onlookers yet again from her balcony. 

Lasting impact

 A fountain in the central lawn of the New Palace Yard was installed in 1977 to commemorate the Silver Jubilee and recalls the lost medieval fountain of Henry VI. The fountain stands in an octagonal pool in the centre of which is a large welded steel sculpture by Walenty Pytel. The sculpture is decorated with depictions of birds and beasts from six continents and is surmounted by a gilded crown. Various places were named after the Jubilee. The under-construction ""Fleet line"" of the London Underground was renamed the Jubilee line, and given a silver line colour, though it did not open until 1979. Other places named after the Jubilee were the Silver Jubilee Walkway and the Jubilee Gardens, South Bank, London. The Silver Jubilee Bridge – connecting Runcorn and Widnes across the Mersey – was also renamed in honour of this jubilee. Apart from names, the Jubilee also saw the borough of Derby granted the status of a city. Similar parties and parades were planned for the Golden Jubilee in 2002. For the Diamond Jubilee of Elizabeth II in 2012, a 100 m (330 ft) by 70 m (230 ft) print of a photograph of the British royal family taken during her Silver Jubilee celebrations at Buckingham Palace was erected in front of the Sea Containers House under renovation. 

Commemorative memorabilia

 A round silver pendant, designed by the then newly retired English rower, John Pinches, was issued by Franklin Mint in 1977 to commemorate the Silver Jubilee. The double-sided oval pendant has a distinctive design incorporating the four emblems of the countries of the United Kingdom: the Tudor rose for England, daffodils for Wales, thistles for Scotland and shamrocks for Northern Ireland. Around the edges of the pendant can be seen Silver Jubilee 1977, (C) JP 77 P and a full hallmark: JP (maker's mark for John Pinches), 925, London Assay Office mark for imported silver, date stamp C (for year 1977) and queen's head (for silver jubilee year). 

In popular culture

 Before, during, and after the events of Jubilee, the event was addressed in many media of popular culture throughout the Commonwealth. With the official UK record chart for Jubilee week about to be released, the Daily Mirror predicted that ""God Save the Queen"" by the British punk rock band the Sex Pistols would be number one. As it turned out, the controversial record placed second, behind a Rod Stewart single in its fourth week at the top. Many believed that the record had actually qualified for the top spot, but that the chart had been rigged to prevent a spectacle. Sex Pistols manager Malcolm McLaren later claimed that CBS Records, which was distributing both singles, told him that the Sex Pistols were actually outselling Stewart two to one. There is evidence that an exceptional directive was issued by the British Phonographic Institute, which oversaw the chart-compiling bureau, to exclude sales from record-company operated shops such as Virgin Records's for that week only. On 7 June, McLaren and the record label Virgin arranged to charter a private boat and have the Sex Pistols perform while sailing down the River Thames, passing Westminster Pier and the Houses of Parliament. The event, a mockery of the Queen's river procession planned for two days later, ended in chaos. Police launches forced the boat to dock, and constabulary surrounded the gangplanks at the pier. While the band members and their equipment were hustled down a side stairwell, McLaren, Vivienne Westwood, and many of the band's entourage were arrested. On 6 and 7 June, Queen finished their A Day at the Races Tour by playing two concerts at Earls Court, London to commemorate the Jubilee. The concerts also saw the band use a lighting rig in the shape of a crown for the first time. The soap opera Coronation Street wrote an elaborate Jubilee parade into the storyline, having Rovers' Return Inn manager Annie Walker dress up in elaborate costume as Elizabeth I. Ken Barlow and ""Uncle Albert"" played Sir Edmund Hillary and Sherpa Tenzing respectively. The Jubilee also figured into the time-travel storyline of a 1983 Doctor Who story, Mawdryn Undead. The Jubilee was depicted in the finale of the third season of The Crown with Olivia Colman as the Queen. 

See also

 List of events during the Silver Jubilee of Elizabeth II Queen Elizabeth II Silver Jubilee Medal 1977 Silver Jubilee and Birthday Honours Ruby Jubilee of Elizabeth II Golden Jubilee of Elizabeth II Diamond Jubilee of Elizabeth II Sapphire Jubilee of Elizabeth II Platinum Jubilee of Elizabeth II Rosa 'Silver Jubilee' List of monarchs in Britain by length of reign List of jubilees of British monarchs 

References

 

External links

 The Queen's Silver Jubilee, 1977 The Queen's Silver Jubilee address (4 May 1977), from the BBC This day in history (7 June 1977), from the BBC","The Silver Jubilee of Elizabeth II marked the 25th anniversary of the accession of Queen Elizabeth II on 6 February 1952. It was celebrated with large-scale parties and parades throughout the United Kingdom and the Commonwealth throughout 1977, culminating in June with the official ""Jubilee Days"", held to coincide with the Queen's Official Birthday. The anniversary date itself was commemorated in church services across the land on 6 February 1977, and continued to be for the rest of that month. In March, preparations started for large parties in every major city of the United Kingdom, as well as for smaller ones for countless individual streets throughout the country.

",2020,12231.0,Queen Elizabeth II,1970s,biography,English,Formal,,
qe2_wedding_of_princess_elizabeth_and_philip_mountbatten,related_article,Wedding of Princess Elizabeth and Philip Mountbatten,https://en.wikipedia.org/wiki/Wedding_of_Princess_Elizabeth_and_Philip_Mountbatten,Wedding of Princess Elizabeth and Philip Mountbatten,2025-10-04T13:41:33.215124,2025-10-04T14:01:53.766778,"The wedding of Princess Elizabeth and Philip Mountbatten (later Queen Elizabeth II and Prince Philip, Duke of Edinburgh) took place on Thursday 20 November 1947 at Westminster Abbey in London, United Kingdom. The bride was the elder daughter of King George VI and Queen Elizabeth (later the Queen Mother) as well as the heir presumptive to the British throne. Although Philip was born a prince of Greece and Denmark, he stopped using these foreign titles on his adoption of British nationality four months before the announcement of their marriage. On the morning of the wedding, he was made Duke of Edinburgh, Earl of Merioneth and Baron Greenwich. 

Engagement

 Elizabeth and Philip were second cousins once removed (by descent from Christian IX of Denmark and Louise of Hesse-Kassel) and third cousins (by descent from Queen Victoria and Prince Albert). Princess Elizabeth met Prince Philip in 1934, at the wedding of Philip's cousin Princess Marina of Greece and Denmark to Prince George, Duke of Kent, paternal uncle of Elizabeth, and again in 1937. After another meeting at the Royal Naval College in Dartmouth in July 1939, Elizabeth—though only 13 years old—fell in love with Philip and they began to exchange letters. An entry in Chips Channon's diary made reference to the future marriage of Elizabeth and Philip as early as 1941, ""He is to be our Prince Consort, and that is why he is serving in our Navy."" The couple became secretly engaged in 1946, when Philip asked King George VI for his daughter's hand in marriage. The King granted his request, providing any formal engagement was delayed until Elizabeth's 21st birthday the following April. Their engagement was officially announced on 9 July 1947. Philip proposed to Elizabeth with a 3-carat round diamond ring consisting of ""a centre stone flanked by 10 smaller pave diamonds."" The diamonds were taken from a tiara that belonged to Philip's mother, Princess Alice of Battenberg, and were also used to create a quatrefoil bracelet for Elizabeth. The King gave his formal consent to the marriage in his British Privy Council, in accordance with the Royal Marriages Act 1772. The same was done in Canada at a meeting of the King's Canadian Privy Council, with the chief justice of Canada, Thibaudeau Rinfret, standing in as deputy to the King's representative, the governor general of Canada. 

Wedding

 

= Venue

= Princess Elizabeth and Philip Mountbatten married at 11:30 GMT on 20 November 1947 at Westminster Abbey. Elizabeth became the tenth member of the royal family to be married at the Abbey. 

= Bridal party

= Princess Elizabeth was attended by eight bridesmaids: Princess Margaret (her younger sister), Princess Alexandra of Kent (her first cousin), Lady Caroline Montagu-Douglas-Scott (daughter of the Duke of Buccleuch and niece of the Duchess of Gloucester), Lady Mary Cambridge (her second cousin), Lady Elizabeth Lambart (daughter of the Earl of Cavan), Lady Pamela Mountbatten (Philip's first cousin), Margaret Elphinstone (her first cousin), and Diana Bowes-Lyon (her first cousin). Her cousins Prince William of Gloucester and Prince Michael of Kent served as page boys. The bridesmaids wore wreaths ""in their hair of miniature white sheaves, Lilies and London Pride, modelled in white satin and silver lame"", while the pages wore Royal Stewart tartan kilts. The best man was the Marquess of Milford Haven, the groom's maternal first cousin. The Marquess was a grandson of Prince Louis of Battenberg and Princess Victoria of Hesse and by Rhine; and a great-great-grandson of Queen Victoria. 

= Wedding attire

= For her wedding dress, Elizabeth still required ration coupons to buy the material for her gown, designed by Norman Hartnell. The dress was ""a duchesse satin bridal gown with motifs of star lilies and orange blossoms."" Elizabeth's wedding shoes were made out of satin and were trimmed with silver and seed pearl. Elizabeth did her own makeup for the wedding. Her wedding bouquet was prepared by the florist M. H. Longman, and consisted of ""white orchids with a sprig of myrtle"". The myrtle was taken from ""the bush grown from the original myrtle in Queen Victoria's wedding bouquet"". The bouquet was returned to the abbey the day after the service to be laid on the tomb of the Unknown Warrior, following a tradition started by Elizabeth's mother at her wedding in 1923. On the morning of her wedding, as Princess Elizabeth was dressing at Buckingham Palace before leaving for Westminster Abbey, her tiara snapped. The court jeweller, who was standing by in case of emergency, was rushed to his work room by a police escort. Queen Elizabeth reassured her daughter that it would be fixed in time, and it was. Elizabeth's father gave her a pair of pearl necklaces, which had belonged to Queen Anne and Queen Caroline, as a wedding present. Her diamond and pearl cluster earrings were also family heirlooms, passed down from Princess Mary to Queen Mary's mother the Duchess of Teck. On her wedding day, Elizabeth realised that she had left her pearls at St James's Palace. Her private secretary, Jock Colville, was asked to go and retrieve them. He was able to get the pearls to the princess in time for her portrait in the Music Room of Buckingham Palace. As a lieutenant in the Royal Navy, Philip wore his dress uniform which was adorned with his medal ribbons and the star emblems of the Order of the Garter and Order of the Redeemer. He also carried a ceremonial sword, with which he later cut the wedding cake. 

= Wedding service

= The royal parties were brought in large carriage processions, the first with the Queen and Princess Margaret and later a procession with Queen Mary. Philip left Kensington Palace with his best man, his maternal first cousin the Marquess of Milford Haven. Princess Elizabeth arrived at the Abbey with her father, the King, in the Irish State Coach. The ceremony was officiated by the Archbishop of Canterbury, Geoffrey Fisher, and the Dean of Westminster Alan Campbell Don. The Archbishop of York, Cyril Garbett, delivered the sermon. The ceremony was recorded and broadcast by BBC Radio to 200 million people around the British Empire and the world. 

= Wedding ring

= Like her mother's, Princess Elizabeth's wedding band was made of Welsh gold. The ring was made from a nugget of Welsh gold from the Clogau St David's mine, near Dolgellau; this nugget had been given to the then Lady Elizabeth Bowes-Lyon, and used to make her wedding ring and subsequently the wedding rings of both of her daughters. The same nugget was later used to create the wedding rings of Princess Anne and Lady Diana Spencer. 

= Music

= William Neil McKie, the Australian organist and Master of the Choristers at the abbey, was the director of music for the wedding, a role he again filled at Elizabeth's coronation in 1953. McKie also wrote a motet for the occasion, ""We wait for thy loving kindness, O God"". Psalm 67, ""God be merciful unto us and bless us"", was sung to a setting by Sir Edward Cuthbert Bairstow. The anthem was ""Blessed be the God and Father of our Lord Jesus Christ"" by Samuel Sebastian Wesley; the hymns were ""Praise, my soul, the king of heaven"", and ""The Lord's my Shepherd"" to the Scottish tune ""Crimond"" attributed to Jessie Seymour Irvine, which was largely unknown in the Church of England at the time. A descant to ""Crimond"" had been taught to Princesses Elizabeth and Margaret by a lady-in-waiting, Lady Margaret Egerton; the music for the descant could not be found two days before the wedding, so the princesses and Lady Margaret sang it to Sir William McKie, who wrote it down in shorthand. The service started with a specially composed fanfare by Arnold Bax and finished with Felix Mendelssohn's ""Wedding March"". The abbey choir was joined by the choirs of the Chapel Royal and St George's Chapel, Windsor. 

= Titles

= Before the wedding, Philip renounced his Greek and Danish titles, converted from Greek Orthodoxy to Anglicanism and adopted the style ""Lieutenant Philip Mountbatten"", taking the surname of his mother's British family. The day before the wedding, King George bestowed the style ""Royal Highness"" and, on the morning of the wedding, 20 November 1947, he gave Philip the titles Duke of Edinburgh, Earl of Merioneth, and Baron Greenwich of Greenwich in the County of London. Consequently, being already a Knight of the Garter, between 19 and 20 November 1947 he bore the unusual style His Royal Highness Sir Philip Mountbatten and is so described in the Letters Patent of 20 November 1947. Upon their marriage, Elizabeth took the title of her husband and became Princess Elizabeth, Duchess of Edinburgh. 

Family celebrations

 After the ceremony, Elizabeth and Philip then proceeded to Buckingham Palace, where the couple waved to the crowds from the balcony. 

= Wedding breakfast

= Their wedding breakfast was held in the Ball-Supper Room of the Palace. The menu included Filet de Sole Mountbatten, Perdreau en Casserole, and Bombe Glacee Princess Elizabeth. Music was played by the string band of the Grenadier Guards. The official wedding cake was baked by London bakery McVitie & Price. A fruitcake made of four tiers, it stood nine feet high, and weighed about 500 lbs. It was made with 80 oranges, 660 eggs, and over three gallons of Navy Rum. As World War II had ended a mere two years earlier and certain things were still subject to rationing, some of the ingredients used to make the cake were shipped to Britain from around the world; this led to the cake being given the nickname ""The 10,000 Mile Cake"". Decorations included the coats of arms of both the bride's and the groom's families, as well as the bride and groom's individual monograms, and sugar-iced figures depicting regimental and naval badges, as well as the couple's favourite activities. The couple cut the cake with the Duke of Edinburgh's Mountbatten sword, which had been a wedding gift from his father-in-law, the King. 

= Wedding presents

= The couple received over 2,500 wedding presents from around the world and around 10,000 telegrams of congratulations. The gifts were put on public display at St James's Palace and made available for public viewing. The day after the wedding the wedding bouquet was returned to Westminster Abbey and placed on the Tomb of the Unknown Warrior; this tradition was initiated by the bride's mother, Queen Elizabeth, following her marriage to the bride's father, then the Duke of York. The bouquet was composed of white cattleya, odontoglossum, and cypripedium orchids and a sprig of myrtle from the Osborne Myrtle Bush, which had been planted at Osborne House by Queen Victoria in 1846. The flowers in the bouquet were supplied by the Worshipful Company of Gardeners and were arranged by florist MH Longman. 

Guests

 Reference: 

= Bride's family

= The King and Queen, the bride's parents The Princess Margaret, the bride's sister Queen Mary, the bride's paternal grandmother The Princess Royal's family: The Earl of Harewood, the bride's first cousin The Hon. Gerald Lascelles, the bride's first cousin The Duke and Duchess of Gloucester, the bride's paternal uncle and aunt Prince William of Gloucester, the bride's first cousin Prince Richard of Gloucester, the bride's first cousin The Duchess of Kent, the bride's paternal aunt by marriage (and the groom's first cousin) The Duke of Kent, the bride's first cousin Princess Alexandra of Kent, the bride's first cousin Prince Michael of Kent, the bride's first cousin The Earl of Southesk, widower of the bride's first cousin once removed Lord Carnegie, the bride's second cousin Princess Helena Victoria, the bride's and the groom's first cousin twice removed Princess Marie Louise, the bride's and the groom's first cousin twice removed Lady Patricia and The Hon. Sir Alexander Ramsay, the bride's and the groom's first cousin twice removed and her husband Captain Alexander Ramsay, the bride's and the groom's second cousin once removed The Earl of Athlone and Princess Alice, Countess of Athlone, the bride's paternal great-uncle and great-aunt (also first cousin twice removed to the bride and groom) Lady May and Henry Abel Smith, the bride's first cousin once removed and her husband Anne Abel Smith, the bride's second cousin Elizabeth Abel Smith, the bride's second cousin The Marquess and Marchioness of Cambridge, the bride's first cousin once removed and his wife Lady Mary Cambridge, the bride's second cousin The Duchess and Duke of Beaufort, the bride's first cousin once removed and her husband Lady Helena Gibbs, the bride's first cousin once removed The Lady and Lord Elphinstone, the bride's maternal aunt and uncle Master of Elphinstone, the bride's first cousin The Hon. Jean and Captain John Wills, the bride's first cousin and her husband The Hon. Andrew and Mrs Elphinstone, the bride's first cousin and his wife The Hon. Margaret Elphinstone, the bride's first cousin The Earl of Strathmore and Kinghorne, the bride's maternal uncle The Hon. Mrs John Bowes-Lyon, the bride's maternal aunt by marriage Viscountess Anson, the bride's first cousin Diana Bowes-Lyon, the bride's first cousin The Countess and Earl Granville, the bride's maternal aunt and uncle Lady Mary Leveson-Gower, the bride's first cousin Lord Leveson, the bride's first cousin The Hon. Michael and Mrs Bowes-Lyon, the bride's maternal uncle and aunt The Hon. David and Mrs Bowes-Lyon, the bride's maternal uncle and aunt 

= Groom's family

= Princess Andrew of Greece and Denmark, the groom's mother The Dowager Marchioness of Milford Haven, the groom's maternal grandmother The Crown Princess and Crown Prince of Sweden, the groom's maternal aunt and uncle (representing the King of Sweden) The Marchioness of Milford Haven, the groom's maternal aunt by marriage Lady Tatiana Mountbatten, the groom's first cousin The Marquess of Milford Haven, the groom's first cousin (also the best man) The Earl and Countess Mountbatten of Burma, the groom's maternal uncle and aunt The Lady and Lord Brabourne, the groom's first cousin and her husband Lady Pamela Mountbatten, the groom's first cousin The Queen and King of Yugoslavia, the groom's first cousin, once removed, and her husband, the bride and groom's third cousin The Queen Mother of the Romanians, the groom's first cousin The King of the Romanians, the groom's first cousin, once removed The Queen of the Hellenes, wife of the groom's first cousin, also second cousin of the groom (representing the King of the Hellenes) The Duchess of Aosta, the groom's first cousin Lady Katherine and Major Richard Brandram, the groom's first cousin and her husband Prince and Princess George of Greece and Denmark, the groom's paternal uncle and aunt Princess Dominic Radziwiłł, the groom's first cousin The King and Queen of Denmark, the groom's second cousin and his wife Princess Axel of Denmark, the groom's second cousin (also wife of the groom's first cousin once removed) Prince Georg of Denmark, the groom's second cousin Prince Flemming of Denmark, the groom's second cousin The King of Norway, the groom's first cousin, once removed and the bride's paternal great-uncle Princess and Prince René of Bourbon-Parma, the groom's first cousin, once removed and her husband Princess Anne of Bourbon-Parma, the groom's second cousin Prince Michel of Bourbon-Parma, the groom's second cousin The Marquess and Marchioness of Carisbrooke, the groom's first cousin once removed and the bride's first cousin twice removed, and his wife Queen Victoria Eugenie of Spain, the groom's first cousin once removed and the bride's first cousin twice removed The Count and Countess of Barcelona, the groom's second cousin and his wife The Hereditary Grand Duke of Luxembourg, the groom's third cousin once removed (representing the Grand Duchess of Luxembourg) Princess Elisabeth of Luxembourg, the groom's third cousin once removed 

= Others

= Prince Tomislav of Yugoslavia, the bride and groom's third cousin Prince Andrew of Yugoslavia, the bride and groom's third cousin The Prince Regent of Belgium (representing the King of the Belgians) Princess Juliana and Prince Bernhard of the Netherlands (representing the Queen of the Netherlands) The King of Iraq The Duke of Windsor, the former king, was not invited, and his sister, the Princess Royal, did not attend as she said she was ill (her husband, Henry Lascelles, 6th Earl of Harewood, had died six months before). Ronald Storrs claimed that the Princess Royal did not attend in protest over her brother's exclusion. So soon after the end of World War II, it was not acceptable for the Duke of Edinburgh's German relations, including Philip's three surviving sisters, to be invited to the wedding. 

Honeymoon

 The couple boarded a train to Hampshire at London Waterloo railway station, and spent their wedding night at the home of the Duke of Edinburgh's uncle, the Earl Mountbatten of Burma, in Broadlands. From there the couple travelled to Birkhall on the Balmoral Estate, where they spent the remainder of their honeymoon. For her going-away outfit, Elizabeth wore ""a dress and matching coat in mist-blue with mushroom-coloured accessories"" that was designed by Hartnell. 

Notes

 

Footnotes

 

References

 

External links

 Order of Service for the wedding Archived 9 September 2022 at the Wayback Machine Sermon preached at the wedding Archived 12 October 2022 at the Wayback Machine","The wedding of Princess Elizabeth and Philip Mountbatten (later Queen Elizabeth II and Prince Philip, Duke of Edinburgh) took place on Thursday 20 November 1947 at Westminster Abbey in London, United Kingdom. The bride was the elder daughter of King George VI and Queen Elizabeth (later the Queen Mother) as well as the heir presumptive to the British throne. Although Philip was born a prince of Greece and Denmark, he stopped using these foreign titles on his adoption of British nationality four months before the announcement of their marriage.  On the morning of the wedding, he was made Duke of Edinburgh, Earl of Merioneth and Baron Greenwich.

",2847,17429.0,Queen Elizabeth II,1952-2022,family,English,Formal,,
qe2_winston_churchill,related_article,Winston Churchill,https://en.wikipedia.org/wiki/Winston_Churchill,Winston Churchill,2025-10-04T13:53:00.690979,2025-10-04T14:01:53.767570,"Sir Winston Leonard Spencer Churchill (30 November 1874 – 24 January 1965) was a British statesman, military officer, and writer who was Prime Minister of the United Kingdom from 1940 to 1945 (during the Second World War) and again from 1951 to 1955. For some 62 of the years between 1900 and 1964, he was a member of parliament (MP) and represented a total of five constituencies over that time. Ideologically an adherent to economic liberalism and imperialism, he was for most of his career a member of the Conservative Party, which he led from 1940 to 1955. He was a member of the Liberal Party from 1904 to 1924. Of mixed English and American parentage, Churchill was born in Oxfordshire into the wealthy, aristocratic Spencer family. He joined the British Army in 1895 and saw action in British India, the Mahdist War and the Second Boer War, gaining fame as a war correspondent and writing books about his campaigns. Elected a Conservative MP in 1900, he defected to the Liberals in 1904. In H. H. Asquith's Liberal government, Churchill was president of the Board of Trade and later Home Secretary, championing prison reform and workers' social security. As First Lord of the Admiralty before and during the First World War he oversaw the disastrous naval attack on the Dardanelles (a prelude to the Gallipoli campaign) and was demoted to Chancellor of the Duchy of Lancaster. He resigned in November 1915 and joined the Royal Scots Fusiliers on the Western Front for six months. In 1917, he returned to government under David Lloyd George and served successively as Minister of Munitions, Secretary of State for War, Secretary of State for Air, and Secretary of State for the Colonies, overseeing the Anglo-Irish Treaty and British foreign policy in the Middle East. After two years out of Parliament, he was Chancellor of the Exchequer in Stanley Baldwin's Conservative government, returning sterling in 1925 to the gold standard, depressing the UK economy. Out of government during his so-called ""wilderness years"" in the 1930s, Churchill took the lead in calling for rearmament to counter the threat of militarism in Nazi Germany. At the outbreak of the Second World War he was re-appointed First Lord of the Admiralty. In May 1940, he became prime minister, succeeding Neville Chamberlain. Churchill formed a national government and oversaw British involvement in the Allied war effort against the Axis powers, resulting in victory in 1945. After the Conservatives' defeat in the 1945 general election, he became Leader of the Opposition. Amid the developing Cold War with the Soviet Union, he publicly warned of an ""iron curtain"" of Soviet influence in Europe and promoted European unity. Between his terms, he wrote several books recounting his experience during the war. He was awarded the Nobel Prize in Literature in 1953. He lost the 1950 election but was returned to office in 1951. His second term was preoccupied with foreign affairs, especially Anglo-American relations and preservation of what remained of the British Empire, with India no longer a part of it. Domestically, his government's priority was their extensive and successful housebuilding programme. In declining health, Churchill resigned in 1955, remaining an MP until 1964. Upon his death in 1965, he was given a state funeral. One of the 20th century's most significant figures, Churchill remains popular in the UK and the rest of the Anglosphere. He is generally viewed as a victorious wartime leader who played an integral role in defending liberal democracy against the spread of fascism. A staunch imperialist, he has sometimes been criticised for comments on race, in addition to some wartime decisions such as area bombing. Historians rank Churchill as one of the greatest British prime ministers. 

Early life

 

= Childhood and schooling: 1874–1895

= Winston Leonard Spencer Churchill was born on 30 November 1874 at his family's ancestral home, Blenheim Palace in Oxfordshire. On his father's side, he was a member of the aristocracy as a descendant of John Churchill, 1st Duke of Marlborough. His father, Lord Randolph Churchill, representing the Conservative Party, had been elected member of parliament (MP) for Woodstock in February 1874. His mother was Jennie, Lady Randolph Churchill, a daughter of Leonard Jerome, an American businessman. In 1876, Churchill's paternal grandfather, John Spencer-Churchill, 7th Duke of Marlborough, was appointed Viceroy of Ireland. Randolph became his private secretary and the family relocated to Dublin. Winston's brother, Jack, was born there in 1880. For much of the 1880s, Randolph and Jennie were effectively estranged, and the brothers cared for by their nanny, Elizabeth Everest. When she died in 1895, Churchill wrote ""she had been my dearest and most intimate friend during the whole of the twenty years I had lived"". Churchill began boarding school at St George's in Ascot, Berkshire, aged 7, but he was not academic and his behaviour was poor. In 1884, he transferred to Brunswick School in Hove, where his academic performance improved. In April 1888, aged 13, he passed the entrance exam for Harrow School. His father wanted him to prepare for a military career, so his last three years at Harrow were in the army form. After two unsuccessful attempts to gain admittance to the Royal Military College, Sandhurst, he succeeded. He was accepted as a cadet in the cavalry, starting in September 1893. His father died in January 1895. 

= Cuba, India, and Sudan: 1895–1899

= In February 1895, Churchill was commissioned as a second lieutenant in the 4th Queen's Own Hussars regiment of the British Army, based at Aldershot. Eager to witness military action, he used his mother's influence to get posted to a war zone. In the autumn, he and friend Reggie Barnes, went to observe the Cuban War of Independence and became involved in skirmishes after joining Spanish troops attempting to suppress independence fighters. Churchill sent reports to the Daily Graphic in London. He proceeded to New York and wrote to his mother about ""what an extraordinary people the Americans are!"" With the Hussars, he went to Bombay in October 1896. Based in Bangalore, he was in India for 19 months, visiting Calcutta and joining expeditions to Hyderabad and the North West Frontier. In India, Churchill began a self-education project, reading widely including Plato, Edward Gibbon, Charles Darwin and Thomas Babington Macaulay. The books were sent by his mother, with whom he shared frequent correspondence. To learn about politics, he asked her to send him copies of The Annual Register, the political almanack. In an 1898 letter, he referred to his beliefs, saying: ""I do not accept the Christian or any other form of religious belief"". Churchill had been christened in the Church of England but underwent a virulently anti-Christian phase in his youth, and as an adult was an agnostic. In another letter to a cousin, he referred to religion as ""a delicious narcotic"" and expressed a preference for Protestantism over Roman Catholicism because he felt it ""a step nearer Reason"". Interested in parliamentary affairs, Churchill declared himself ""a Liberal in all but name"", adding he could never endorse the Liberal Party's support for Irish home rule. Instead, he allied himself to the Tory democracy wing of the Conservatives and on a visit home, gave his first speech for the party's Primrose League at Claverton Down. Mixing reformist and conservative perspectives, he supported the promotion of secular, non-denominational education while opposing women's suffrage. Churchill volunteered to join Bindon Blood's Malakand Field Force in its campaign against Mohmand rebels in the Swat Valley of north-west India. Blood accepted on condition he was assigned as a journalist, the beginning of Churchill's writing career. He returned to Bangalore in October 1897 and wrote his first book, The Story of the Malakand Field Force, which received positive reviews. He wrote his only work of fiction, Savrola, a Ruritanian romance. To keep occupied, Churchill embraced writing as what Roy Jenkins calls his ""whole habit"", especially through his career when he was out of office. Writing was his safeguard against recurring depression, which he referred to as his ""black dog"". Using London contacts, Churchill got attached to General Herbert Kitchener's campaign in the Sudan as a 21st Lancers subaltern while, working as a journalist for The Morning Post. After participating in one of the British Army's last cavalry charges in the Battle of Omdurman in September 1898, the 21st Lancers were stood down. In October, Churchill returned to England and began writing The River War about the campaign; it was published in 1899. He decided to leave the army as he was critical of Kitchener's actions, particularly the unmerciful treatment of enemy wounded and his desecration of Muhammad Ahmad's tomb. On 2 December 1898, Churchill embarked for India to settle his military business and complete his resignation. He spent much time playing polo, the only ball sport in which he was ever interested. Having left the Hussars, he sailed from Bombay on 20 March 1899, determined to launch a career in politics. 

= Politics and South Africa: 1899–1901

= Churchill spoke at Conservative meetings and was selected as one of the party's two candidates for the June 1899 Oldham by-election. While campaigning, he referred to himself as ""a Conservative and a Tory Democrat"". Although the seats had been held by the Conservatives, the result was a narrow Liberal victory. As a journalist for the Morning Post, Churchill anticipated the outbreak of the Second Boer War between Britain and the Boer republics, leading him to sail to South Africa. In October, he travelled to the conflict zone near Ladysmith, which was under siege by Boer troops, and then headed to Colenso. At the Battle of Chieveley, his train was derailed by Boer artillery shelling, and he was captured as a prisoner of war (POW) and interned in a POW camp in Pretoria. In December, Churchill escaped and evaded his captors by stowing aboard freight trains and hiding in a mine. He made it to safety in Portuguese East Africa. His escape attracted much publicity. In January 1900, Churchill briefly rejoined the army as a lieutenant in the South African Light Horse regiment, joining Redvers Buller's fight to relieve the Siege of Ladysmith and take Pretoria. He was among the first British troops into both places. With his cousin Charles Spencer-Churchill, 9th Duke of Marlborough, he demanded and received the surrender of 52 Boer prison camp guards. Throughout the war, he publicly chastised anti-Boer prejudices, calling for them to be treated with ""generosity and tolerance"", and afterwards urged the British to be magnanimous in victory. In July, having resigned his lieutenancy, he returned to Britain. His Morning Post dispatches had been published as London to Ladysmith via Pretoria and sold well. Churchill rented a flat in London's Mayfair, using it as his base for six years. He stood again as a Conservative candidate at Oldham in the October 1900 general election, securing a narrow victory to become a Member of Parliament aged 25. In the same month, he published Ian Hamilton's March, a book about his South African experiences, which became the focus of a lecture tour in November through Britain, America, and Canada. Members of Parliament were unpaid and the tour was a financial necessity. In America, Churchill met Mark Twain, William McKinley, and Theodore Roosevelt, who he did not get on with. In spring 1901, he gave lectures in Paris, Madrid, and Gibraltar. 

= Conservative MP: 1901–1904

= In February 1901, Churchill took his seat in the House of Commons, where his maiden speech gained widespread coverage. He associated with a group of Conservatives known as the Hughligans, but was critical of the Conservative government on various issues, especially increases in army funding. He believed additional military expenditure should go to the navy. This upset the Conservative front bench but was supported by Liberals, with whom he increasingly socialised, particularly Liberal Imperialists like H. H. Asquith. Churchill later wrote that he ""drifted steadily to the left"". He privately considered ""the gradual creation by an evolutionary process of a Democratic or Progressive wing to the Conservative Party"", or alternately a ""Central Party"" to unite the Conservatives and Liberals. By 1903, there was division between Churchill and the Conservatives, largely because he opposed their promotion of protectionism. As a free trader, he helped found the Free Food League. Churchill sensed that the animosity of party members would prevent him gaining a Cabinet position under a Conservative government. The Liberal Party was attracting growing support, and so his defection in 1904 may have been influenced by ambition. He increasingly voted with the Liberals. For example, he opposed an increase in military expenditure, supported a Liberal bill to restore legal rights to trade unions, and opposed the introduction of import tariffs. Arthur Balfour's government announced protectionist legislation in October 1903. Two months later, incensed by Churchill's criticism of the government, the Oldham Conservative Association informed him it would not support his candidature at the next election. In May 1904, Churchill opposed the government's proposed Aliens Bill, designed to curb Jewish immigration. He stated that the bill would ""appeal to insular prejudice against foreigners, to racial prejudice against Jews, and to labour prejudice against competition"" and expressed himself in favour of ""the old tolerant and generous practice of free entry and asylum to which this country has so long adhered and from which it has so greatly gained"". On 31 May 1904, he crossed the floor to sit as a member of the Liberal Party. 

Liberal MP: 1904–1908

 As a Liberal, Churchill attacked government policy and gained a reputation as a radical under the influences of John Morley and David Lloyd George. In December 1905, Balfour resigned as prime minister and King Edward VII invited the Liberal leader Henry Campbell-Bannerman to replace him. Hoping to secure a working majority, Campbell-Bannerman called a general election in January 1906, which the Liberals won in a massive landslide. Churchill won the Manchester North West seat, and his biography of his father was published, for which he received an advance payment of £8,000. It was generally well received. The first biography of Churchill himself, written by the Liberal MacCallum Scott, was also published around this time. In the new government, Churchill became Under-Secretary of State for the Colonial Office, a junior ministerial position he had requested. He worked beneath the Secretary of State for the Colonies, Victor Bruce, 9th Earl of Elgin, and took Edward Marsh as his secretary; Marsh remained his secretary for 25 years. Churchill's first task was helping to draft a constitution for the Transvaal; and he helped oversee the formation of a government in the Orange River Colony. In dealing with southern Africa, he sought to ensure equality between the British and Boers. He announced a gradual phasing out of the use of Chinese indentured labourers in South Africa; he and the government decided a sudden ban would cause too much upset and might damage the colony's economy. He expressed concerns about the relations between European settlers and the black African population; after the Zulu launched their Bambatha Rebellion in Natal, Churchill complained about the ""disgusting butchery of the natives"" by Europeans. 

Asquith government: 1908–1915

 

= President of the Board of Trade: 1908–1910

= With Campbell-Bannerman terminally ill, Asquith became prime minister in April 1908. He appointed Churchill as President of the Board of Trade. Aged 33, Churchill was the youngest Cabinet member since 1866. Newly appointed Cabinet ministers were legally obliged to seek re-election at a by-election. On 24 April, Churchill lost the Manchester North West by-election to the Conservative candidate by 429 votes. On 9 May, the Liberals stood him in the safe seat of Dundee, where he won comfortably. Churchill proposed marriage to Clementine Hozier; they were married on 12 September 1908 at St Margaret's, Westminster and honeymooned in Baveno, Venice, and Veveří Castle in Moravia. They lived at 33 Eccleston Square, London, and their first daughter, Diana, was born in 1909. The success of their marriage was important to Churchill's career as Clementine's unbroken affection provided him with a secure and happy background. One of Churchill's first tasks as a minister was to arbitrate in an industrial dispute among ship-workers and employers, on the River Tyne. He afterwards established a Standing Court of Arbitration to deal with industrial disputes, establishing a reputation as a conciliator. He worked with Lloyd George to champion social reform. He promoted what he called a ""network of State intervention and regulation"" akin to that in Germany. Continuing Lloyd George's work, Churchill introduced the Mines Eight Hours Bill, which prohibited miners from working more than an eight-hour day. In 1909, he introduced the Trade Boards Bill, creating Trade Boards which could prosecute exploitative employers. Passing with a large majority, it established the principle of a minimum wage and the right to have meal breaks. In May 1909, he proposed the Labour Exchanges Bill to establish over 200 Labour Exchanges through which the unemployed would be assisted in finding employment. He promoted the idea of an unemployment insurance scheme, which would be part-funded by the state. To ensure funding for their reforms, Lloyd George and Churchill denounced Reginald McKenna's policy of naval expansion, refusing to believe war with Germany was inevitable. As Chancellor, Lloyd George presented his ""People's Budget"" on 29 April 1909, calling it a war budget to eliminate poverty. With Churchill as his closest ally, Lloyd George proposed unprecedented taxes on the rich to fund Liberal welfare programmes. The budget was vetoed by the Conservative peers who dominated the House of Lords. His social reforms under threat, Churchill became president of the Budget League, and warned that upper-class obstruction could anger working-class Britons and lead to class war. The government called the January 1910 general election, which resulted in a Liberal victory; Churchill retained his seat at Dundee. He proposed abolition of the House of Lords in a cabinet memo, suggesting it be succeeded by a unicameral system, or smaller second chamber that lacked an in-built advantage for the Conservatives. In April, the Lords relented and the People's Budget passed. Churchill continued to campaign against the House of Lords and assisted passage of the Parliament Act 1911 which reduced and restricted its powers. 

= Home Secretary: 1910–1911

= In February 1910, Churchill was promoted to Home Secretary, giving him control over the police and prison services; he implemented a prison reform programme. Measures included a distinction between criminal and political prisoners, with rules for the latter being relaxed. There were educational innovations like the establishment of libraries, and a requirement to stage entertainments four times a year. The rules on solitary confinement were relaxed, and Churchill proposed abolition of automatic imprisonment of those who failed to pay fines. Imprisonment of people aged between 16 and 21 was abolished except for the most serious offences. Churchill reduced (""commuted"") 21 of the 43 death (""capital"") sentences passed while he was Home Secretary. A major domestic issue was women's suffrage. Churchill supported giving women the vote, but would only back a bill to that effect if it had majority support from the (male) electorate. His proposed solution was a referendum, but this found no favour with Asquith and women's suffrage remained unresolved until 1918. Many suffragettes believed Churchill was a committed opponent, and targeted his meetings for protest. In November 1910, the suffragist Hugh Franklin attacked Churchill with a whip; Franklin was imprisoned for six weeks. In November 1910, Churchill had to deal with the Tonypandy riots, in which coal miners in the Rhondda Valley violently protested against working conditions. The Chief Constable of Glamorgan requested troops to help police quell the rioting. Churchill, learning that the troops were already travelling, allowed them to go as far as Swindon and Cardiff, but blocked their deployment; he was concerned their use lead to bloodshed. Instead he sent 270 London police, who were not equipped with firearms, to assist. As the riots continued, he offered the protesters an interview with the government's chief industrial arbitrator, which they accepted. Privately, Churchill regarded the mine owners and striking miners as ""very unreasonable"". The Times and other media outlets accused him of being soft on the rioters; in contrast, many in the Labour Party, which was linked to the trade unions, regarded him as too heavy-handed. Churchill incurred the long-term suspicion of the labour movement. Asquith called a general election in December 1910, and the Liberals were re-elected with Churchill secure in Dundee. In January 1911, Churchill became involved in the Siege of Sidney Street; three Latvian burglars had killed police officers and hidden in a house in the East End of London, surrounded by police. Churchill stood with the police though he did not direct their operation. After the house caught fire, he told the fire brigade not to proceed into the house because of the threat posed by the armed men. Afterwards, two of the burglars were found dead. Although he faced criticism for his decision, he said he ""thought it better to let the house burn down rather than spend good British lives in rescuing those ferocious rascals"". In March 1911, Churchill introduced the second reading of the Coal Mines Bill; when implemented, it imposed stricter safety standards. He formulated the Shops Bill to improve working conditions of shop workers; it faced opposition from shop owners and only passed in a much emasculated form. In April, Lloyd George introduced the first health and unemployment insurance legislation, the National Insurance Act 1911, which Churchill had been instrumental in drafting. In May, Clementine gave birth to their second child, Randolph, named after Winston's father. In response to escalating civil strife in 1911, Churchill sent troops into Liverpool to quell protesting dockers and rallied against a national railway strike. During the Agadir Crisis of April 1911, when there was a threat of war between France and Germany, Churchill suggested an alliance with France and Russia to safeguard the independence of Belgium, Denmark and the Netherlands to counter possible German expansionism. The Crisis had a profound effect on Churchill and he altered his views about the need for naval expansion. 

= First Lord of the Admiralty

= In October 1911, Asquith appointed Churchill First Lord of the Admiralty, and he took up official residence at Admiralty House. He created a naval war staff and, over the next two and a half years, focused on naval preparation, visiting naval stations and dockyards, seeking to improve morale, and scrutinising German naval developments. After Germany passed its 1912 Naval Law to increase warship production, Churchill vowed that for every new German battleship, Britain would build two. He invited Germany to engage in a mutual de-escalation, but this was refused. Churchill pushed for higher pay and greater recreational facilities for naval staff, more submarines, and a renewed focus on the Royal Naval Air Service, encouraging them to experiment with how aircraft could be used for military purposes. He coined the term ""seaplane"" and ordered 100 to be constructed. Some Liberals objected to his level of naval expenditure; in December 1913 he threatened to resign if his proposal for 4 new battleships in 1914–15 was rejected. In June 1914, he convinced the House of Commons to authorise the government purchase of a 51% share in the profits of the Anglo-Persian Oil Company, to secure oil access for the navy. The central issue in Britain was Irish Home Rule and, in 1912, Asquith's government introduced the Home Rule Bill. Churchill supported it and urged Ulster Unionists to accept it as he opposed the Partition of Ireland. Concerning the possibility of partition, Churchill stated: ""Whatever Ulster's right may be, she cannot stand in the way of the whole of the rest of Ireland. Half a province cannot impose a permanent veto on the nation. Half a province cannot obstruct forever the reconciliation between the British and Irish democracies"". Speaking in the House of Commons on 16 February 1922, Churchill said: ""What Irishmen all over the world most desire is not hostility against this country, but the unity of their own"". Following a Cabinet decision, he boosted the naval presence in Ireland to deal with any Unionist uprising. Seeking a compromise, Churchill suggested Ireland remain part of a federal UK, but this angered Liberals and Irish nationalists. As First Lord, Churchill was tasked with overseeing Britain's naval effort when the First World War began in August 1914. The navy transported 120,000 troops to France and began a blockade of Germany's North Sea ports. Churchill sent submarines to the Baltic Sea to assist the Russian Navy and sent the Marine Brigade to Ostend, forcing a reallocation of German troops. In September, Churchill assumed full responsibility for Britain's aerial defence. On 7 October, Clementine gave birth to their third child, Sarah. In October, Churchill visited Antwerp to observe Belgian defences against the besieging Germans and promised reinforcements. Soon afterwards, Antwerp fell to the Germans and Churchill was criticised in the press. He maintained that his actions had prolonged resistance and enabled the Allies to secure Calais and Dunkirk. In November, Asquith called a War Council including Churchill. Churchill set the development of the tank on the right track and financed its creation with Admiralty funds. Churchill was interested in the Middle Eastern theatre, and wanted to relieve pressure on the Russians in the Caucasus by staging attacks against Turkey in the Dardanelles. He hoped that the British could even seize Constantinople. Approval was given and, in March 1915, an Anglo-French task force attempted a naval bombardment of Turkish defences. In April, the Mediterranean Expeditionary Force, including the Australian and New Zealand Army Corps (ANZAC), began its assault at Gallipoli. Both campaigns failed and Churchill was held by many MPs, particularly Conservatives, to be responsible. In May, Asquith agreed under parliamentary pressure to form an all-party coalition government, but the Conservatives' condition of entry was that Churchill must be removed from the Admiralty. Churchill pleaded his case with Asquith and Conservative leader Bonar Law but had to accept demotion. 

Military service, 1915–1916

 On 25 November 1915, Churchill resigned from the government, although he remained an MP. Asquith rejected his request to be appointed Governor-General of British East Africa. Churchill decided to return to active service with the Army and was attached to the 2nd Grenadier Guards, on the Western Front. In January 1916, he was temporarily promoted to lieutenant-colonel and given command of the 6th Royal Scots Fusiliers. The battalion was moved to a sector of the Belgian Front near Ploegsteert. For three months, they faced continual shelling, though no German offensive. Churchill narrowly escaped death when, during a visit by his cousin the Duke of Marlborough, a large piece of shrapnel fell between them. In May, the 6th Royal Scots Fusiliers were merged into the 15th Division. Churchill did not request a new command, instead securing permission to leave active service. His temporary promotion ended on 16 May 1916, when he returned to the rank of major. Back in the House of Commons, Churchill spoke out on war issues, calling for conscription to be extended to the Irish, greater recognition of soldiers' bravery, and for the introduction of steel helmets. It was in November 1916 that he penned ""The greater application of mechanical power to the prosecution of an offensive on land"", but it fell on deaf ears. He was frustrated at being out of office, but was repeatedly blamed for the Gallipoli disaster by the pro-Conservative press. Churchill argued his case before the Dardanelles Commission, whose report placed no blame on him personally for the campaign's failure. 

Lloyd George government: 1916–1922

 

= Minister of Munitions: 1917–1919

= In October 1916, Asquith resigned as prime minister and was succeeded by Lloyd George who, in May 1917, sent Churchill to inspect the French war effort. In July, Churchill was appointed Minister of Munitions. He negotiated an end to a strike in munitions factories along the Clyde and increased munitions production. In his October 1917 letter to his Cabinet colleagues, he penned the plan of attack for the next year, that would bring final victory to the Allies. He ended a second strike, in June 1918, by threatening to conscript strikers into the army. In the House of Commons, Churchill voted in support of the Representation of the People Act 1918, which gave some women the right to vote. In November 1918, four days after the Armistice, Churchill's fourth child, Marigold, was born. 

= Secretary of State for War and Air: 1919–1921

= Lloyd George called a general election for 14 December 1918. During the campaign, Churchill called for nationalisation of the railways, a control on monopolies, tax reform, and the creation of a League of Nations to prevent wars. He was returned as MP for Dundee and, though the Conservatives won a majority, Lloyd George was retained as prime minister. In January 1919, Lloyd George moved Churchill to the War Office as both Secretary of State for War and Secretary of State for Air. Churchill was responsible for demobilising the army, though he convinced Lloyd George to keep a million men conscripted for the British Army of the Rhine. Churchill was one of the few government figures who opposed harsh measures against Germany, and he cautioned against demobilising the German Army, warning they might be needed as a bulwark against Soviet Russia. He was outspoken against Vladimir Lenin's Bolshevik government in Russia. He initially supported using British troops to assist the anti-Bolshevik White forces in the Russian Civil War, but soon recognised the people's desire to bring them home. After the Soviets won the civil war, Churchill proposed a cordon sanitaire around the country. In the Irish War of Independence, he supported the use of the paramilitary Black and Tans to combat Irish revolutionaries. After British troops in Iraq clashed with Kurdish rebels, Churchill authorised two squadrons to the area, proposing they be equipped with ""poison gas"" to be used to ""inflict punishment upon recalcitrant natives without inflicting grave injury upon them"", although this was never implemented. He saw the occupation of Iraq as a drain on Britain and proposed, unsuccessfully, that the government should hand control back to Turkey. 

= Secretary of State for the Colonies: 1921–1922

= Churchill became Secretary of State for the Colonies in February 1921. The following month, the first exhibit of his paintings took place in Paris, with Churchill exhibiting under a pseudonym. In May, his mother died, followed in August by his daughter Marigold, from sepsis. Churchill was haunted by Marigold's death for the rest of his life. Churchill was involved in negotiations with Sinn Féin leaders and helped draft the Anglo-Irish Treaty. He was responsible for reducing the cost of occupying the Middle East, and was involved in the installations of Faisal I of Iraq and Abdullah I of Jordan. Churchill travelled to Mandatory Palestine where, as a supporter of Zionism, he refused an Arab Palestinian petition to prohibit Jewish migration. He did allow temporary restrictions following the Jaffa riots. In September 1922, the Chanak Crisis erupted as Turkish forces threatened to occupy the Dardanelles neutral zone, which was policed by the British army based in Chanak. Churchill and Lloyd George favoured military resistance to any Turkish advance but the majority Conservatives in the coalition government opposed it. A political debacle ensued which resulted in the Conservative withdrawal from the government, precipitating the November 1922 general election. Also in September, Churchill's fifth and last child, Mary, was born, and in the same month he purchased Chartwell, in Kent, which became his family home. In October 1922, he underwent an appendectomy. While he was in hospital, Lloyd George's coalition was dissolved. In the general election, Churchill lost his Dundee seat to Edwin Scrymgeour, a prohibitionist candidate. Later, he wrote that he was ""without an office, without a seat, without a party, and without an appendix"". He was elevated as one of 50 members of the Order of the Companions of Honour, as named in Lloyd George's 1922 Dissolution Honours list. 

Out of Parliament: 1922–1924

 Churchill spent much of the next six months at the Villa Rêve d'Or near Cannes, where he devoted himself to painting and writing his memoirs. He wrote an autobiographical history of the war, The World Crisis. The first volume was published in April 1923 and the rest over the next ten years. After the 1923 general election was called, seven Liberal associations asked Churchill to stand as their candidate, and he selected Leicester West, but did not win. A Labour government led by Ramsay MacDonald took power. Churchill had hoped they would be defeated by a Conservative-Liberal coalition. He strongly opposed the MacDonald government's decision to loan money to Soviet Russia and feared the signing of an Anglo-Soviet Treaty. In March 1924, alienated by Liberal support for Labour, Churchill stood as an independent anti-socialist candidate in the Westminster Abbey by-election but was defeated. In May, he addressed a Conservative meeting in Liverpool and declared there was no longer a place for the Liberal Party in politics. He said that Liberals must back the Conservatives to stop Labour and ensure ""the successful defeat of socialism"". In July, he agreed with Conservative leader Stanley Baldwin that he would be selected as a Conservative candidate in the next general election, which was held on 29 October. Churchill stood at Epping, but described himself as a ""Constitutionalist"". The Conservatives were victorious, and Baldwin formed the new government. Although Churchill had no background in finance or economics, Baldwin appointed him as Chancellor. 

Chancellor of the Exchequer: 1924–1929

 Becoming Chancellor on 6 November 1924, Churchill formally rejoined the Conservative Party a year later. As Chancellor, he intended to pursue his free trade principles in the form of laissez-faire economics, as under the Liberal social reforms. In April 1925, he controversially, albeit reluctantly, restored the gold standard in his first budget, at its 1914 parity, against the advice of leading economists including John Maynard Keynes. The return to gold is held to have caused deflation and resultant unemployment with a devastating impact on the coal industry. Churchill presented five budgets in all to April 1929. Among his measures were reduction of the state pension age from 70 to 65; immediate provision of widow's pensions; reduction of military expenditure; income tax reductions and imposition of taxes on luxury items. During the General Strike of 1926, Churchill edited the British Gazette, the government's anti-strike propaganda newspaper. After the strike ended, he acted as an intermediary between striking miners and their employers. He called for the introduction of a legally binding minimum wage. In a House of Commons speech in 1926 Churchill made his feelings on the issue of Irish unity clear. He stated that Ireland should be united within itself but also ""united to the British Empire."" In early 1927, Churchill visited Rome where he met Mussolini, whom he praised for his stand against Leninism. 

The ""Wilderness Years"": 1929–1939

 

= Marlborough and the India Question: 1929–1932

= In the 1929 general election, Churchill retained his Epping seat, but the Conservatives were defeated, and MacDonald formed his second Labour government. Out of office, Churchill was prone to depression (his ""black dog"") but addressed it by writing. He began work on Marlborough: His Life and Times, a biography of his ancestor John Churchill, 1st Duke of Marlborough. He had developed a reputation for being a heavy drinker, although Jenkins believes that was often exaggerated. Hoping that the Labour government could be ousted, he gained Baldwin's approval to work towards establishing a Conservative-Liberal coalition, although many Liberals were reluctant. In October 1930, after his return from a trip to North America, Churchill published his autobiography, My Early Life, which sold well and was translated into multiple languages. In January 1931, Churchill resigned from the Conservative Shadow Cabinet because Baldwin supported the government's decision to grant Dominion Status to India. Churchill believed that enhanced home rule status would hasten calls for full independence. He was particularly opposed to Mohandas Gandhi, whom he considered ""a seditious Middle Temple lawyer, now posing as a fakir"". His views enraged Labour and Liberal opinion, though he was supported by many grassroot Conservatives. The October 1931 general election was a landslide victory for the Conservatives. Churchill nearly doubled his majority in Epping, but was not given a ministerial position. The Commons debated Dominion Status for India on 3 December and Churchill insisted on dividing the House, but this backfired as only 43 MPs supported him. He embarked on a lecture tour of North America, hoping to recoup financial losses sustained in the Wall Street crash. On 13 December, he was crossing Fifth Avenue in New York when he was knocked down by a car, suffering a head wound from which he developed neuritis. To further his convalescence, he and Clementine took ship to Nassau for three weeks, but Churchill became depressed about his financial and political losses. He returned to America in late January 1932 and completed most of his lectures before arriving home on 18 March. Having worked on Marlborough for much of 1932, Churchill in August decided to visit his ancestor's battlefields. In Munich, he met Ernst Hanfstaengl, a friend of Hitler, who was then rising in prominence. Hanfstaengl tried to arrange a meeting between Churchill and Hitler, but Hitler was unenthusiastic: ""What on earth would I talk to him about?"" Soon after visiting Blenheim, Churchill was affected by paratyphoid fever and spent two weeks at a sanatorium in Salzburg. He returned to Chartwell on 25 September, still working on Marlborough. Two days later, he collapsed after a recurrence of paratyphoid which caused an ulcer to haemorrhage. He was taken to a London nursing home and remained there until late October. 

= Warnings about Germany and the abdication crisis: 1933–1936

= After Hitler came to power in January 1933, Churchill was quick to recognise the menace of such a regime, and expressed alarm that the British government had reduced air force spending, and warned that Germany would soon overtake Britain in air force production. Armed with data provided clandestinely by senior civil servants, Desmond Morton and Ralph Wigram, Churchill was able to speak with authority about what was happening in Germany, especially the development of the Luftwaffe. He spoke of his concerns in a radio broadcast in November 1934, having denounced the intolerance and militarism of Nazism in the House of Commons. While Churchill regarded Mussolini's regime as a bulwark against the threat of communist revolution, he opposed the Italian invasion of Ethiopia, despite describing the country as a primitive, uncivilised nation. He admired the exiled king of Spain Alfonso XIII and feared Communism was making inroads during the Spanish Civil War. He referred to Franco's army as the ""anti-red movement"", but later became critical of Franco as too close to Mussolini and Hitler. Between October 1933 and September 1938, the four volumes of Marlborough: His Life and Times were published and sold well. In December 1934, the India Bill entered Parliament and was passed in February 1935. Churchill and 83 other Conservative MPs voted against it. In June 1935, MacDonald resigned and was succeeded as prime minister by Baldwin. Baldwin then led the Conservatives to victory in the 1935 general election; Churchill retained his seat, but was again left out of the government. In January 1936, Edward VIII succeeded his father, George V, as monarch. His desire to marry an American divorcee, Wallis Simpson, caused the abdication crisis. Churchill supported Edward and clashed with Baldwin on the issue. Afterwards, although Churchill immediately pledged loyalty to George VI, he wrote that the abdication was ""premature and probably quite unnecessary"". 

= Anti-appeasement: 1937–1939

= In May 1937, Baldwin resigned and was succeeded as prime minister by Neville Chamberlain. At first, Churchill welcomed Chamberlain's appointment but, in February 1938, matters came to a head after Foreign Secretary Anthony Eden resigned over Chamberlain's appeasement of Mussolini, a policy which Chamberlain was extending towards Hitler. In 1938, Churchill warned the government against appeasement and called for collective action to deter German aggression. Following the Anschluss, Churchill spoke in the House of Commons: A country like ours, possessed of immense territory and wealth, whose defence has been neglected, cannot avoid war by dilating upon its horrors, or even by a continuous display of pacific qualities, or by ignoring the fate of the victims of aggression elsewhere. War will be avoided, in present circumstances, only by the accumulation of deterrents against the aggressor. He began calling for a mutual defence pact among European states threatened by German expansionism, arguing this was the only way to halt Hitler. In September, Germany mobilised to invade the Sudetenland in Czechoslovakia. Churchill visited Chamberlain and urged him to tell Germany that Britain would declare war if the Germans invaded Czechoslovak territory; Chamberlain was unwilling to do this. On 30 September, Chamberlain signed the Munich Agreement, agreeing to allow German annexation of the Sudetenland. Speaking in the House of Commons on 5 October, Churchill called the agreement ""a total and unmitigated defeat"". Following the dismemberment of Czechoslovakia in March 1939, Churchill and his supporters called for the foundation of a national coalition. His popularity increased as a result. 

First Lord of the Admiralty: September 1939 to May 1940

 

= Phoney War and the Norwegian Campaign

= On 3 September 1939, the day Britain declared war on Germany, Chamberlain reappointed Churchill as First Lord of the Admiralty and he joined Chamberlain's war cabinet. Churchill was a highest-profile minister during the so-called ""Phoney War"". Churchill was ebullient after the Battle of the River Plate on 13 December 1939 and welcomed home the crews, congratulating them on ""a brilliant sea fight"". On 16 February 1940, Churchill ordered Captain Philip Vian of the destroyer HMS Cossack to board the German supply ship Altmark in Norwegian waters freeing 299 British merchant seamen who had been captured by the Admiral Graf Spee. These actions, and his speeches, enhanced Churchill's reputation. He was concerned about German naval activity in the Baltic and wanted to send a naval force, but this was soon changed to a plan, codenamed Operation Wilfred, to mine Norwegian waters and stop iron ore shipments from Narvik to Germany. Due to disagreements, Wilfred was delayed until 8 April 1940, the day before the German invasion of Norway. 

= Norway Debate and Chamberlain's resignation

= After the Allies failed to prevent the German occupation of Norway, the Commons held a debate from 7 to 9 May on the government's conduct of the war. This became known as the Norway Debate, one of the most significant events in parliamentary history. On the second day, the Labour opposition called for a division which was in effect a vote of no confidence in Chamberlain's government. Churchill was called upon to wind up the debate, which placed him in the difficult position of having to defend the government without damaging his prestige. Although the government won the vote, its majority was drastically reduced amid calls for a national government. Early on 10 May, German forces invaded Belgium, Luxembourg and the Netherlands as a prelude to their assault on France. Since the division vote, Chamberlain had been trying to form a coalition, but Labour declared on the Friday they would not serve under his leadership, although they would accept another Conservative. The only two candidates were Churchill and Lord Halifax, the Foreign Secretary. The matter had already been discussed at a meeting on the 9th between Chamberlain, Halifax, Churchill, and David Margesson, the government Chief Whip. Halifax admitted he could not govern effectively as a member of the House of Lords, so Chamberlain advised the King to send for Churchill, who became prime minister. Churchill later wrote of a profound sense of relief, as he now had authority over the whole scene. He believed his life so far had been ""a preparation for this hour and for this trial"". 

Prime Minister: 1940–45

 

= Dunkirk to Pearl Harbor: May 1940 to December 1941

= 

== War ministry created



Churchill began his premiership by forming a war cabinet: Chamberlain as Lord President of the Council, Labour leader Clement Attlee as Lord Privy Seal (later Deputy Prime Minister), Halifax as Foreign Secretary and Labour's Arthur Greenwood as a minister without portfolio. In practice, these five were augmented by the service chiefs and ministers who attended most meetings. The cabinet changed in size and membership as the war progressed, a key appointment being the leading trades unionist Ernest Bevin as Minister of Labour and National Service. In response to criticisms, Churchill created and assumed the position of Minister of Defence, making him the most powerful wartime prime minister in history. He drafted outside experts into government to fulfil vital functions, especially on the Home Front. These included friends like Lord Beaverbrook and Frederick Lindemann, who became the government's scientific advisor. In May, Churchill had still been unpopular with many Conservatives and most of the Labour Party. Chamberlain remained Conservative Party leader until, dying of cancer, he retired in October. By that time, Churchill had won over his doubters and his succession as leader was a formality.



Resolve to fight on



At the end of May, with the British Expeditionary Force in retreat to Dunkirk and the Fall of France imminent, Halifax proposed the government should explore a peace settlement using the still-neutral Mussolini as an intermediary. There were high-level meetings from 26 to 28 May, including with the French premier Paul Reynaud. Churchill's resolve was to fight on, even if France capitulated, but his position remained precarious until Chamberlain resolved to support him. Churchill had the full support of the two Labour members but knew he could not survive as prime minister if both Chamberlain and Halifax were against him. By gaining the support of his outer cabinet, Churchill outmanoeuvred Halifax and won Chamberlain over. Churchill succeeded as an orator despite being handicapped from childhood with a speech impediment. He had a lateral lisp and was unable to pronounce the letter s, verbalising it with a slur. He worked on his pronunciation by repeating phrases designed to cure his problem with the sibilant ""s"". He was ultimately successful, turning the impediment into an asset, as when he called Hitler a ""Nar-zee"" (rhymes with ""khazi""; emphasis on the ""z""), rather than a Nazi (""ts""). His first speech as prime minister, delivered to the Commons on 13 May, was the ""blood, toil, tears and sweat"" speech. Churchill made it plain to the nation that a long road lay ahead and that victory was the final goal: I would say to the House... that I have nothing to offer but blood, toil, tears and sweat. We have before us an ordeal of the most grievous kind. You ask, what is our policy? I will say: it is to wage war, by sea, land and air, with all our might and with all the strength that God can give us; to wage war against a monstrous tyranny, never surpassed in the dark, lamentable catalogue of human crime. That is our policy. You ask, what is our aim? I can answer in one word: it is victory, victory at all costs, victory in spite of all terror, victory, however long and hard the road may be; for without victory, there is no survival. Churchill's use of rhetoric hardened public opinion against a peaceful resolution – Jenkins says Churchill's speeches were ""an inspiration for the nation, and a catharsis for Churchill himself"".



Operation Dynamo and the Battle of France



The Dunkirk evacuation of 338,226 Allied servicemen, ended on 4 June when the French rearguard surrendered. The total was far in excess of expectations and gave rise to a popular view Dunkirk had been a miracle, even a victory. Churchill himself referred to ""a miracle of deliverance"" in his ""we shall fight on the beaches"" speech to the Commons that afternoon. The speech ended on a note of defiance, with a clear appeal to the United States: We shall go on to the end. We shall fight in France, we shall fight on the seas and oceans, we shall fight with growing confidence and growing strength in the air. We shall defend our island, whatever the cost may be. We shall fight on the beaches, we shall fight on the landing grounds, we shall fight in the fields and in the streets, we shall fight in the hills. We shall never surrender, and even if, which I do not for a moment believe, this island or a large part of it were subjugated and starving, then our Empire beyond the seas, armed and guarded by the British Fleet, would carry on the struggle, until, in God's good time, the New World, with all its power and might, steps forth to the rescue and the liberation of the Old. Germany initiated Fall Rot, in France, the following day, and Italy entered the war on the 10th. The Wehrmacht occupied Paris on the 14th and completed their conquest of France on 25 June. It was now inevitable that Hitler would attack and probably try to invade Great Britain. Faced with this, Churchill addressed the Commons on 18 June with one of his most famous speeches, ending with this peroration: What General Weygand called the ""Battle of France"" is over. I expect that the Battle of Britain is about to begin. Hitler knows that he will have to break us in this island or lose the war. Let us therefore brace ourselves to our duty and so bear ourselves that if the British Commonwealth and Empire lasts for a thousand years, men will still say: ""This was their finest hour"". Churchill ordered the commencement of the Western Desert campaign on 11 June, a response to the Italian declaration of war. This went well at first while Italy was the sole opposition and Operation Compass was a success. In early 1941, however, Mussolini requested German support. Hitler sent the Afrika Korps to Tripoli under Generalleutnant Erwin Rommel, who arrived not long after Churchill had halted Compass so he could reassign forces to Greece where the Balkans campaign was entering a critical phase. In other initiatives through June and July 1940, Churchill ordered the formation of the Special Operations Executive (SOE) and Commandos. The SOE was ordered to promote and execute subversive activity in Nazi-occupied Europe, while the Commandos were charged with raids on military targets there. Hugh Dalton, the Minister of Economic Warfare, took political responsibility for the SOE and recorded that Churchill told him: ""And now go and set Europe ablaze"".



Battle of Britain and the Blitz



On 20 August 1940, at the height of the Battle of Britain, Churchill addressed the Commons to outline the situation. In the middle of it, he made a statement that created a famous nickname for the RAF fighter pilots involved in the battle: The gratitude of every home in our Island, in our Empire, and indeed throughout the world, except in the abodes of the guilty, goes out to the British airmen who, undaunted by odds, unwearied in their constant challenge and mortal danger, are turning the tide of the World War by their prowess and by their devotion. Never in the field of human conflict was so much owed by so many to so few. The Luftwaffe altered its strategy from 7 September 1940 and began the Blitz, which was intensive through October and November. Churchill's morale was high and told his private secretary John Colville, in November, he thought the threat of invasion was past. He was confident Great Britain could hold its own, given the increase in output, but was realistic about its chances of winning the war without American intervention.



Lend-Lease



In September 1940, the British and American governments concluded the destroyers-for-bases deal, by which 50 American destroyers were transferred to the Royal Navy in exchange for free US base rights in Bermuda, the Caribbean and Newfoundland. An added advantage for Britain was that its military assets in those bases could be redeployed elsewhere. Churchill's good relations with President Franklin D. Roosevelt helped secure vital food, oil and munitions via the North Atlantic shipping routes. It was for this reason that Churchill was relieved when Roosevelt was re-elected in 1940. Roosevelt set about implementing a new method of providing necessities to Great Britain, without the need for monetary payment. He persuaded Congress that repayment for this costly service would take the form of defending the US. The policy was known as Lend-Lease and was formally enacted on 11 March 1941.



Operation Barbarossa



Hitler launched his invasion of the Soviet Union on 22 June 1941. Churchill had known since April, from Enigma decrypts at Bletchley Park, that the attack was imminent. He had tried to warn Joseph Stalin via the ambassador to Moscow, Stafford Cripps, but Stalin did not trust Churchill. The night before the attack, already intending to address the nation, Churchill alluded to his hitherto anti-communist views by saying to Colville: ""If Hitler invaded Hell, I would at least make a favourable reference to the Devil"".



Atlantic Charter



In August 1941, Churchill made his first transatlantic crossing of the war on board HMS Prince of Wales and met Roosevelt in Placentia Bay, Newfoundland. On 14 August, they issued the joint statement known as the Atlantic Charter. This outlined the goals of both countries for the future of the world and is seen as the inspiration for the 1942 Declaration by United Nations, itself the basis of the UN, founded in 1945.

= Pearl Harbor to D-Day: December 1941 to June 1944 

=



Pearl Harbor and United States entry into the war



In December 1941, the Japanese attack on Pearl Harbor was followed by their invasion of Malaya and, on the 8th, Churchill declared war on Japan. With the hope of using Irish ports for counter-submarine operations, Churchill sent a telegram to Irish Prime Minister Éamon de Valera in which he obliquely offers Irish unity: ""Now is your chance. Now or never! A nation once again! I will meet you wherever you wish."" No meeting took place and there is no record of a response. Churchill went to Washington to meet Roosevelt for the Arcadia Conference. This was important for ""Europe first"", the decision to prioritise victory in Europe over victory in the Pacific, taken by Roosevelt while Churchill was still in the mid-Atlantic. The Americans agreed with Churchill that Hitler was the main enemy and defeat of Germany was key to Allied success. It was also agreed that the first joint Anglo-American strike would be Operation Torch, the invasion of French North Africa. Originally planned for the spring 1942, it was launched in November 1942 when the crucial Second Battle of El Alamein was underway. On 26 December, Churchill addressed a joint meeting of the United States Congress. Later that night, he suffered a heart attack, which was diagnosed by his physician, Sir Charles Wilson, as a coronary deficiency, requiring several weeks' bed rest. Churchill insisted he did not need bed rest and journeyed to Ottawa by train, where he gave a speech to the Canadian Parliament that included the ""some chicken, some neck"" line in which he recalled French predictions in 1940 that ""Britain alone would have her neck wrung like a chicken"". He arrived home mid-January, having flown from Bermuda to Plymouth in the first transatlantic air crossing by a head of government, to find there was a crisis of confidence in his government and him; he decided to face a vote of confidence in the Commons, which he won easily. While he was away, the Eighth Army, having relieved the Siege of Tobruk, had pursued Operation Crusader against Rommel's forces in Libya, successfully driving them back to a defensive position at El Agheila in Cyrenaica. On 21 January 1942, however, Rommel launched a surprise counter-attack which drove the Allies back to Gazala. Elsewhere, British success in the Battle of the Atlantic was compromised by the Kriegsmarine's introduction of its M4 4-rotor Enigma, whose signals could not be deciphered by Bletchley Park for nearly a year. At a press conference in Washington, Churchill had to play down his increasing doubts about the security of Singapore, given Japanese advances.



Fall of Singapore and loss of Burma



Churchill already had grave concerns about the quality of British troops after the defeats in Norway, France, Greece and Crete. Following the fall of Singapore to the Japanese on 15 February 1942, he felt his misgivings were confirmed and said: ""(this is) the worst disaster and largest capitulation in British military history"". On 11 February the Kriegsmarine pulled off its audacious ""Channel Dash"", a massive blow to British naval prestige. The combined effect of these events was to sink Churchill's morale to its lowest point of the war.



The Bengal Famine



Meanwhile, the Japanese had occupied most of Burma by the end of April 1942. Counter-offensives were hampered by the monsoon season and disordered conditions in Bengal and Bihar, as well as a severe cyclone which devastated the region in October 1942. A combination of factors, including the curtailment of essential rice imports from Burma, poor administration, wartime inflation and large-scale natural disasters such as flooding and crop disease led to the Bengal famine of 1943, in which an estimated 2.1–3.8 million people died. From December 1942, food shortages had prompted senior officials to ask London for grain imports, although the colonial authorities failed to recognise the seriousness of the famine and responded ineptly. Churchill's government was criticised for refusing to approve more imports, a policy it ascribed to an acute shortage of shipping. When the British realised the full extent of the famine in September 1943, Churchill ordered the transportation of 130,000 tons of grain and the cabinet agreed to send 200,000 tons by the end of the year. During the last quarter of 1943, 100,000 tons of rice and 176,000 tons of wheat were imported, compared to averages of 55,000 and 54,000 tons respectively earlier in the year. In October, Churchill wrote to the Viceroy of India, Lord Wavell, charging him with the responsibility of ending the famine. In February 1944, as preparation for Operation Overlord placed greater demands on Allied shipping, Churchill cabled Wavell saying: ""I will certainly help you all I can, but you must not ask the impossible"". Grain shipment requests continued to be turned down by the government throughout 1944, and Wavell complained to Churchill in October that ""the vital problems of India are being treated by His Majesty's Government with neglect, even sometimes with hostility and contempt"". The impact of British policies on the famine death toll remains controversial.



International conferences in 1942



On 20 May 1942, the Soviet Foreign minister, Vyacheslav Molotov, arrived in London to sign a treaty of friendship. Molotov wanted it done on the basis of territorial concessions regarding Poland and the Baltic countries. Churchill and Eden worked for a compromise and a twenty-year treaty was formalised, with the question of frontiers placed on hold. Molotov also sought a Second Front in Europe; Churchill confirmed preparations were in progress and made no promises on a date. Churchill felt pleased with these negotiations. However, Rommel had launched his counter-offensive, Operation Venice, to begin the Battle of Gazala on 26 May. The Allies were driven out of Libya and suffered a defeat in the fall of Tobruk on 21 June. Churchill was with Roosevelt when the news reached him, and was shocked by the surrender of 35,000 troops which was, apart from Singapore, ""the heaviest blow"" he received in the war. The Axis advance was halted at the First Battle of El Alamein in July and the Battle of Alam el Halfa in September. Both sides were exhausted and in need of reinforcements and supplies. Churchill returned to Washington on 17 June. He and Roosevelt agreed on the implementation of Operation Torch as the necessary precursor to an invasion of Europe. Roosevelt had appointed General Dwight D. Eisenhower as commanding officer of the European Theater of Operations, United States Army (ETOUSA). Having received the news from North Africa, Churchill obtained shipment from America to the Eighth Army of 300 Sherman tanks and 100 howitzers. He returned to Britain on 25 June and had to face another motion of no confidence, this time in his direction of the war, but again he won easily. In August, despite health concerns, Churchill visited British forces in North Africa, raising morale, en route to Moscow for his first meeting with Stalin. He was accompanied by Roosevelt's special envoy Averell Harriman. He was in Moscow 12–16 August and had lengthy meetings with Stalin. Though they got along well personally, there was little chance of real progress given the state of the war. Stalin was desperate for the Allies to open the Second Front in Europe, as Churchill had discussed with Molotov in May, and the answer was the same.



El Alamein and Stalingrad



While he was in Cairo in August, Churchill appointed Field Marshal Alexander as Field Marshal Auchinleck's successor as Commander-in-Chief of the Middle East Theatre. Command of the Eighth Army was given to General William Gott but he was shot down and killed while flying to Cairo, and General Montgomery succeeded him. As 1942 drew to a close, the tide of war began to turn with Allied victories in El Alamein, successful North Africa landings going on and Stalingrad. Until November, the Allies had been on the defensive, but afterwards, the Germans were. Churchill ordered church bells to be rung throughout Great Britain for the first time since 1940. On 10 November, knowing El Alamein was a victory and Operation Torch yet a success, he delivered one of his most memorable speeches at Mansion House in London: ""This is not the end. It is not even the beginning of the end. But it is, perhaps, the end of the beginning"".



International conferences in 1943



In January 1943, Churchill met Roosevelt at the Casablanca Conference. It was attended by General Charles de Gaulle from the Free French Forces. Stalin had hoped to attend but declined because of Stalingrad. Although Churchill expressed doubts on the matter, the so-called Casablanca Declaration committed the Allies to securing ""unconditional surrender"". From Morocco, Churchill went to Cairo, Adana, Cyprus, Cairo again and Algiers. He arrived home on 7 February having been out of the country for a month. He addressed the Commons on the 11th and became seriously ill with pneumonia the following day, necessitating more than a month of convalescence: he moved to Chequers. He returned to work in London on 15 March. Churchill made two transatlantic crossings during the year, meeting Roosevelt at the third Washington Conference in May and the first Quebec Conference in August. In November, Churchill and Roosevelt met Chinese Generalissimo Chiang Kai-shek at the Cairo Conference. The most important conference of the year was 28 November to 1 December at Tehran, where Churchill and Roosevelt met Stalin in the first of the ""Big Three"" meetings, preceding those at Yalta and Potsdam. Roosevelt and Stalin co-operated in persuading Churchill to commit to opening of second front in western Europe and it was agreed Germany would be divided after the war, but no decisions were made about how. On their way back, Churchill and Roosevelt held a Second Cairo Conference with Turkish president İsmet İnönü, but were unable to gain commitment from Turkey to join the Allies. Churchill went to Tunis, arriving on 10 December, initially as Eisenhower's guest (soon afterwards, Eisenhower took over as Supreme Allied Commander of the new SHAEF). Churchill became seriously ill with atrial fibrillation and was forced to remain in Tunis, until after Christmas while specialists were drafted in to ensure recovery. Clementine and Colville arrived to keep him company; Colville had just returned to Downing Street after two years in the RAF. On 27 December, the party went on to Marrakesh for convalescence. Feeling much better, Churchill flew to Gibraltar on 14 January 1944 and sailed home on the King George V. He was back in London on 18 January and surprised MPs by attending Prime Minister's Questions in the Commons. Since 12 January 1943, when he set off for Casablanca, Churchill had been abroad or seriously ill for 203 of the 371 days.



Invasions of Sicily and Italy



In the autumn of 1942, after Churchill's meeting with Stalin, he was approached by Eisenhower, commanding the North African Theater of Operations, US Army (NATOUSA), and his aides on the subject of where the Western Allies should launch their first strike in Europe. According to General Mark W. Clark, the Americans admitted a cross-Channel operation in the near future was ""utterly impossible"". As an alternative, Churchill recommended ""slit(ting) the soft belly of the Mediterranean"" and persuaded them to invade Sicily and then mainland Italy, after they had defeated the Afrika Korps. After the war, Clark still agreed Churchill's analysis was correct, but added that, when the Allies landed at Salerno, they found Italy was ""a tough old gut"". The invasion of Sicily began on 9 July and was completed by 17 August. Churchill was not keen on Overlord as he feared an Anglo-American army in France might not be a match for the fighting efficiency of the Wehrmacht. He preferred peripheral operations, including a plan called Operation Jupiter for an invasion of Norway. Events in Sicily had an unexpected impact in Italy. King Victor Emmanuel sacked Mussolini on 25 July and appointed Marshal Badoglio as prime minister. Badoglio opened negotiations with the Allies which resulted in the Armistice of Cassibile on 3 September. In response, the Germans activated Operation Achse and took control of most of Italy. Although he still preferred Italy to Normandy as the Allies' main route into the Third Reich, Churchill was concerned about the strong German resistance at Salerno and, after the Allies successfully gained their bridgehead at Anzio but still failed to break the stalemate, he caustically said that instead of ""hurling a wildcat onto the shore"", the Allied force had become a ""stranded whale"". The big obstacle was Monte Cassino and it was not until May 1944 when it was finally overcome, enabling the Allies to advance on Rome, which was taken on 4 June.



Preparations for D-Day



The difficulties in Italy caused Churchill to change heart about strategy; when the Anzio stalemate developed after his return to England from North Africa, he threw himself into the planning of Overlord and set up meetings with SHAEF and the British Chiefs of Staff. These were attended by Eisenhower or his chief of staff General Walter Bedell Smith. Churchill was especially taken by the Mulberry harbours, but was keen to make the most of Allied airpower which by 1944, had become overwhelming. Churchill never lost his apprehension about the invasion, and underwent mood fluctuation as D-Day approached. Jenkins says he faced potential victory with much less buoyancy than when he defiantly faced the prospect of defeat four years earlier.



Need for post-war reform



Churchill could not ignore the need for post-war reforms. The Beveridge Report with its five ""Giant Evils"" was published in November 1942 and assumed great importance amid popular acclaim. Even so, Churchill spent most of his focus on the war, and saw reform in terms of tidying up. His attitude was demonstrated in a radio broadcast on 26 March 1944. He was obliged to devote most of it to reform and showed a distinct lack of interest. Colville said Churchill had broadcast ""indifferently"" and Harold Nicolson said that, to many people, Churchill came across the air as ""a worn and petulant old man"". In the end, however, it was demand for reform that decided the 1945 general election. Labour was perceived as the party that would deliver Beveridge. Attlee, Bevin and Labour's other coalition ministers, were seen as working towards reform and earned the trust of the electorate.

= Defeat of Germany: June 1944 to May 1945 

=



D-Day: Allied invasion of Normandy



Churchill was determined to be actively involved in the Normandy invasion and hoped to cross the Channel on D-Day (6 June 1944) or at least D-Day+1. His desire caused unnecessary consternation at SHAEF, until he was effectively vetoed by the King. Churchill expected an Allied death toll of 20,000 on D-Day but fewer than 8,000 died in all of June. He made his first visit to Normandy on 12 June to visit Montgomery, whose HQ was five miles inland. That evening, as he was returning to London, the first V-1 flying bombs were launched. On 22–23 July, Churchill went to Cherbourg and Arromanches where he saw the Mulberry Harbour.



Quebec Conference, September 1944



Churchill met Roosevelt at the Second Quebec Conference in September 1944. They reached agreement on the Morgenthau Plan for the Allied occupation of Germany, the intention of which was not only to demilitarise, but de-industrialise. Eden opposed it and was able to persuade Churchill to disown it. US Secretary of State Cordell Hull opposed it and convinced Roosevelt it was infeasible.



Moscow Conference, October 1944



At the fourth Moscow conference in October 1944, Churchill and Eden met Stalin and Molotov. This conference has gained notoriety for the so-called ""Percentages agreement"" in which Churchill and Stalin effectively agreed the post-war fate of the Balkans. By then, the Soviet armies were in Rumania and Bulgaria. Churchill suggested a scale of predominance throughout the whole region so as not to, as he put it, ""get at cross-purposes in small ways"". He wrote down some suggested percentages of influence per country and gave it to Stalin who ticked it. The agreement was that Russia would have 90% control of Romania and 75% control of Bulgaria. The United Kingdom and United States would have 90% control of Greece. Hungary and Yugoslavia would be 50% each. In 1958, five years after the account of this meeting was published (in The Second World War), Soviet authorities denied Stalin had accepted such an ""imperialist proposal"".



Yalta Conference, February 1945



From 30 January to 2 February 1945, Churchill and Roosevelt met for their Malta Conference ahead of the second ""Big Three"" event at Yalta from 4 to 11 February. Yalta had massive implications for the post-war world. There were two predominant issues: the question of setting up the United Nations Organisation, on which much progress was made; and the more vexed question of Poland's post-war status, which Churchill saw as a test case for Eastern Europe. Churchill faced criticism for the agreement on Poland. For example, 27 Tory MPs voted against him when the matter was debated in the Commons at the end of the month. Jenkins, however, maintains that Churchill did as well as possible in difficult circumstances, not least the fact that Roosevelt was seriously ill and could not provide Churchill with meaningful support. Another outcome of Yalta was the so-called Operation Keelhaul. The Western Allies agreed to the forcible repatriation of all Soviet citizens in the Allied zones, including prisoners of war, to the Soviet Union and the policy was later extended to all Eastern European refugees, many of whom were anti-communist. Keelhaul was implemented between August 1946 and May 1947.



Area bombing controversy



On the nights of 13–15 February 1945, 1,200 British and US bombers attacked Dresden, which was crowded with wounded and refugees from the Eastern Front. The attacks were part of an area bombing campaign initiated by Churchill in January with the intention of shortening the war. Churchill came to regret the bombing because initial reports suggested an excessive number of civilian casualties close to the end of the war, though an independent commission in 2010 confirmed a death toll of about 24,000. On 28 March, he decided to restrict area bombing and sent a memo to General Ismay for the Chiefs of Staff Committee: The destruction of Dresden remains a serious query against the conduct of Allied bombing.... I feel the need for more precise concentration upon military objectives.... rather than on mere acts of terror and wanton destruction, however impressive. Historian Frederick Taylor has pointed out that the number of Soviets who died from German bombing was roughly equivalent to the number of Germans who died from Allied raids. Jenkins asks if Churchill was moved more by foreboding than by regret, but admits it is easy to criticise with the hindsight of victory. He adds that the area bombing campaign was no more reprehensible than President Truman's use of the second atomic bomb on Nagasaki six months later. Andrew Marr, quoting Max Hastings, says that Churchill's memo was a ""calculated political attempt...to distance himself...from the rising controversy surrounding the area offensive"".



VE Day (Victory in Europe Day)



On 7 May 1945 at the SHAEF headquarters in Reims the Allies accepted Germany's surrender. The next day was Victory in Europe Day (VE Day) when Churchill broadcast to the nation that Germany had surrendered and that a final ceasefire would come into effect at one minute past midnight that night. Churchill went to Buckingham Palace where he appeared on the balcony with the Royal Family before a huge crowd of celebrating citizens. He went from the palace to Whitehall where he addressed another large crowd: ""God bless you all. This is your victory. In our long history, we have never seen a greater day than this. Everyone, man or woman, has done their best"". He asked Bevin to come forward and share the applause. Bevin said: ""No, Winston, this is your day"", and proceeded to conduct the people in the singing of ""For He's a Jolly Good Fellow"". In the evening, Churchill made another broadcast correctly asserting that the defeat of Japan would follow in the coming months. Later in the month France attempted to put down a nationalist uprising in the Syria. Churchill intervened and on 31 May gave de Gaulle an ultimatum to desist, but this was ignored. In what became known as the Levant Crisis, British forces from Transjordan were mobilised to restore order. The French, outnumbered, had no option but to return to their bases. De Gaulle felt humiliated, and a diplomatic row broke out – Churchill reportedly told a colleague that de Gaulle was ""a great danger to peace and for Great Britain"".



Operation Unthinkable



In May 1945, Winston Churchill commissioned the Chiefs of Staff Committee to provide its thoughts on a possible military campaign against the USSR, code-named Operation Unthinkable. One plan involved a surprise attack on Soviet troops stationed in Germany to impose ""the will of the United States and the British Empire"" on the Soviets. The hypothetical start date for the Allied invasion of Soviet-held Europe was set for 1 July 1945.

= Caretaker government: May 1945 to July 1945 

= With a general election looming, and with Labour ministers refusing to continue the coalition, Churchill resigned as prime minister on 23 May 1945. Later that day, he accepted the King's invitation to form a new government, known officially as the National Government but sometimes called the caretaker ministry. It contained Conservatives, National Liberals and a few non-party figures such as Sir John Anderson and Lord Woolton, but not Labour or Archibald Sinclair's Official Liberals. Churchill was formally reappointed on 28 May.



Potsdam Conference



Churchill was Great Britain's representative at the Potsdam Conference when it opened on 17 July and was accompanied at its sessions by Eden and Attlee. They attended nine sessions in nine days before returning to England for their election counts. After the landslide Labour victory, Attlee returned with Bevin as the new Foreign Secretary and there were five days of discussion. Potsdam went badly for Churchill. Eden later described his performance as ""appalling"", saying he was unprepared and verbose. Churchill upset the Chinese, exasperated the Americans and was easily led by Stalin, whom he was supposed to be resisting.



General election, July 1945



Churchill mishandled the election campaign by resorting to party politics and trying to denigrate Labour. On 4 June, he committed a serious gaffe by saying in a radio broadcast that a Labour government would require ""some form of Gestapo"" to enforce its agenda. It backfired and Attlee made political capital by saying in his reply broadcast next day: ""The voice we heard last night was that of Mr Churchill, but the mind was that of Lord Beaverbrook"". Jenkins says that this broadcast was ""the making of Attlee"". Although polling day was 5 July, the results did not become known until 26 July, owing to the need to collect votes of those serving overseas. Clementine and daughter Mary had been at the count in Woodford, Churchill's new constituency, and had returned to Downing Street to meet him for lunch. Churchill was unopposed by the major parties in Woodford, but his majority over a sole independent candidate was much less than expected. He anticipated defeat by Labour and Mary later described the lunch as ""an occasion of Stygian gloom"". To Clementine's suggestion that defeat might be ""a blessing in disguise"", Churchill retorted: ""At the moment it seems very effectively disguised"". That afternoon Churchill's doctor Lord Moran commiserated with him on the ""ingratitude"" of the public, to which Churchill replied: ""I wouldn't call it that. They have had a very hard time"". Having lost, despite enjoying personal support amongst the population, he resigned as prime minister and was succeeded by Attlee who formed the first majority Labour government. Many reasons have been given for Churchill's defeat, key being a widespread desire for reform and that the man who had led Britain in war was not seen as the man to lead in peace. Although the Conservative Party was unpopular, many electors appear to have wanted Churchill to continue as prime minister whatever the outcome, or to have wrongly believed this would be possible.

 Leader of the Opposition: 1945–1951 

=

 ""Iron Curtain"" speech 

= Churchill continued to lead the Conservative Party and served as Leader of the Opposition. In 1946, he was in America from early January to late March. It was on this trip he gave his ""Iron Curtain"" speech about the USSR and its creation of the Eastern Bloc. His view was that, though the Soviet Union did not want war with the western Allies, its entrenched position in Eastern Europe had made it impossible for the three great powers to provide the world with a ""triangular leadership"". Churchill's desire was closer collaboration between Britain and America. Within the same speech, he called for ""a special relationship between the British Commonwealth and Empire and the United States"", but emphasised the need for co-operation within the framework of the United Nations Charter. Churchill was an early proponent of pan-Europeanism, having called for a ""United States of Europe"" in a 1930 article. He supported the creations of the Council of Europe in 1949 and the European Coal and Steel Community in 1951, but his support was always with the firm proviso that Britain must not actually join any federal grouping. Labour won the 1950 general election, but with a much-reduced majority. A fresh election was called the following year and the Conservatives won a majority.

 Prime Minister: 1951–1955 

=

 Election result and cabinet appointments 

= Despite losing the popular vote, the Conservatives won a majority of 17 seats in the October 1951 general election and Churchill became prime minister, remaining in office until his resignation on 5 April 1955. Eden was restored to Foreign Affairs. Future prime minister Harold Macmillan was appointed Minister of Housing and Local Government with a manifesto commitment to build 300,000 new houses per year, Churchill's only real domestic concern. He achieved the target and, in 1954, was promoted to Minister of Defence.

= Health issues to eventual resignation 

= Churchill was nearly 77 when he took office and not in good health following minor strokes. By December 1951, George VI had become concerned about Churchill's decline and intended asking him to stand down in favour of Eden, but the King had his own health issues and died on 6 February 1952. Churchill developed a friendship with Elizabeth II and, in spring 1953, accepted the Order of the Garter at her request. He was knighted as Sir Winston on 24 April 1953. It was widely expected he would retire after the Queen's Coronation in June 1953 but, after Eden became seriously ill, Churchill increased his own responsibilities by taking over at the Foreign Office. Eden was incapacitated until the end of the year and was never completely well again. On the evening of 23 June 1953, Churchill suffered a serious stroke; the matter was kept secret and Churchill went to Chartwell to recuperate. He had recovered by November. He retired in April 1955 and was succeeded by Eden.

= Foreign affairs 

= Churchill feared a global conflagration and firmly believed the only way to preserve peace and freedom was friendship and co-operation between Britain and America. He made four official transatlantic visits from January 1952 to July 1954. He enjoyed a good relationship with Truman, but difficulties arose over the planned European Defence Community (EDC), by which Truman hoped to reduce America's military presence in West Germany. Churchill wanted US military support of British interests in Egypt and the Middle East, but while Truman expected British military involvement in Korea, he viewed any US commitment to the Middle East as maintaining British imperialism. The Americans recognised the British Empire was in terminal decline and had welcomed the Attlee government's policy of decolonisation. Churchill believed Britain's position as a world power depended on the empire's continued existence. Churchill had been obliged to recognise Colonel Nasser's revolutionary government of Egypt, which took power in 1952. Much to Churchill's dismay, agreement was reached in October 1954 on the phased evacuation of British troops from their Suez base. Britain agreed to terminate its rule in Anglo-Egyptian Sudan by 1956, though this was in return for Nasser's abandonment of Egyptian claims over the region. Elsewhere, the Malayan Emergency, a guerrilla war fought by Communist fighters against Commonwealth forces, had begun in 1948 and continued until 1960. Churchill's government maintained the military response to the crisis and adopted a similar strategy for the Mau Mau Uprising in British Kenya (1952–1960). Churchill was uneasy about the election of Eisenhower as Truman's successor. After Stalin died in March 1953, Churchill sought a summit meeting with the Soviets, but Eisenhower refused out of fear the Soviets would use it for propaganda. By July, Churchill was deeply regretting that the Democrats had not been returned. Churchill believed Eisenhower did not fully comprehend the danger posed by the H-bomb and he greatly distrusted Eisenhower's Secretary of State, John Foster Dulles. Churchill hosted Eisenhower at the Three-Powers Bermuda Conference, with French Prime Minister Joseph Laniel, in December; they met again in June/July 1954 at the White House. In the end, the Soviets proposed a four-power summit, but it did not meet until July 1955, three months after Churchill's retirement.

 Later life: 1955–1965 

=

 Retirement: 1955–1964 

= Elizabeth II offered to create Churchill Duke of London, but he declined because of the objections of Randolph, who would have inherited the title. Although publicly supportive, Churchill was privately scathing about Eden's handling of the Suez Crisis and Clementine believed that many of his visits to the US in the following years were attempts to repair Anglo-American relations. Churchill remained an MP until he stood down at the 1964 general election. By the time of the 1959 general election, he seldom attended the House of Commons. Despite the Conservative landslide in 1959, his own majority fell by more than 1,000. He spent most of his retirement at Chartwell or at his London home in Hyde Park Gate, and became a habitué of high society at La Pausa on the French Riviera. In June 1962, aged 87, Churchill had a fall in Monte Carlo and broke his hip. He was flown home to a London hospital where he remained for 3 weeks. Jenkins says Churchill was never the same after this. In 1963, US President John F. Kennedy, acting under authorisation granted by an Act of Congress, proclaimed him an honorary citizen of the United States, but he was unable to attend the White House ceremony. There has been speculation he became very depressed in his final years, but this was emphatically denied by his secretary Anthony Montague Browne, who was with him for his last 10 years. Montague Browne wrote that he never heard Churchill refer to depression and certainly did not suffer from it.

= Death, funeral and memorials 

= Churchill suffered his final stroke on 10 January 1965 and died on 24 January, in his home at 28 Hyde Park Gate, London. Like the Duke of Wellington in 1852 and William Gladstone in 1898, Churchill was given a state funeral. His coffin lay in state at Westminster Hall for three days. The funeral ceremony was at St Paul's Cathedral on 30 January. Afterwards, the coffin was taken by boat along the River Thames to Waterloo Station and from there by a special train to the family plot at St Martin's Church, Bladon. Worldwide, numerous memorials have been dedicated to Churchill. His statue in Parliament Square was unveiled by his widow Clementine in 1973 and is one of only twelve in the square. Elsewhere in London, the Cabinet War Rooms have been renamed the Churchill War Rooms. Churchill College, Cambridge, was established as a national memorial to Churchill. In a 2002 BBC poll that attracted 447,423 votes, he was voted the greatest-ever Briton, his nearest rival being Isambard Kingdom Brunel some 56,000 votes behind. Churchill was the first of only eight people to be granted honorary citizenship of the United States. The United States Navy honoured him in 1999 by naming a Arleigh Burke-class destroyer as the USS Winston S. Churchill. Other memorials in North America include the National Churchill Museum in Fulton, where he made the 1946 ""Iron Curtain"" speech; Churchill Square in Edmonton, Alberta; and the Winston Churchill Range, a mountain range northwest of Lake Louise, also in Alberta, which was renamed after Churchill in 1956.

 Artist, historian, and writer 

Churchill was a prolific writer. His output included a novel (Savrola), two biographies, memoirs, histories, and press articles. Two of his most famous works were his six-volume memoir, The Second World War, and the four-volume A History of the English-Speaking Peoples. In recognition of his ""mastery of historical and biographical description"" and oratorial output, Churchill received the Nobel Prize in Literature in 1953. He used either ""Winston S. Churchill"" or ""Winston Spencer Churchill"" as his pen name to avoid confusion with the American novelist Winston Churchill, whom he had a friendly correspondence with. For many years, he relied on his press articles to assuage his financial worries. Churchill became an accomplished amateur artist beginning after his resignation from the Admiralty in 1915. Often using the pseudonym ""Charles Morin"", he completed hundreds of paintings, many of which are on show in Chartwell and in private collections. Churchill was an amateur bricklayer, constructing buildings and garden walls at Chartwell. He joined the Amalgamated Union of Building Trade Workers, but was expelled after he rejoined the Conservative Party. He bred butterflies. He was known for his love of animals and always had several pets, mainly cats but also dogs, pigs, lambs, bantams, goats and fox cubs among others. Churchill has been quoted as saying that ""Dogs look up to you, cats look down on you. Give me a pig! He looks you in the eye and treats you as an equal"".

 Legacy and assessments 

=

 Political ideology 

= As a politician, Churchill was perceived by some to have been largely motivated by personal ambition rather than political principle. During his early career, he was often provocative and argumentative to an unusual degree; and his barbed rhetorical style earned him enemies in parliament. Others deemed him to be an honest politician who displayed particular loyalty to his family and close friends. Robert Rhodes James said he ""lacked any capacity for intrigue and was refreshingly innocent and straightforward"". Until the outbreak of the Second World War, Churchill's approach to politics generated widespread ""mistrust and dislike"", largely on account of his two party defections. His biographers have variously categorised him, in terms of political ideology, as ""fundamentally conservative"", ""(always) liberal in outlook"", and ""never circumscribed by party affiliation"". He was nearly always opposed to socialism because of its propensity for state planning and his belief in free markets. The exception was during his wartime coalition when he was reliant upon the support of his Labour colleagues. Churchill had long been regarded as an enemy of the working class, and his response to the Rhondda Valley unrest and his anti-socialist rhetoric brought condemnation from socialists who saw him as a reactionary. His role in opposing the General Strike earned the enmity of strikers and most members of the Labour movement. Paradoxically, Churchill was supportive of trade unionism, which he saw as the ""antithesis of socialism"". On the other hand, his detractors did not take Churchill's domestic reforms into account, for he was in many respects a radical and reformer, but always with the intention of preserving the existing social structure, displaying what Addison calls the attitude of a ""benevolent paternalist"". Jenkins, himself a senior Labour minister, remarked that Churchill had ""a substantial record as a social reformer"" for his work in his ministerial career. Similarly, Rhodes James thought that Churchill's achievements were ""considerable"".

= Imperialism and racial views 

= Churchill was a staunch imperialist and monarchist, and consistently exhibited a ""romanticised view"" of the British Empire and reigning monarch, especially during his last term as premier. Churchill has been described as a ""liberal imperialist"" who saw British imperialism as a form of altruism that benefited its subject peoples. He advocated against black or indigenous self-rule in Africa, Australia, the Caribbean, the Americas and India, believing the British Empire maintained the welfare of those who lived in the colonies. When he was Home Secretary in 1910–1911, Churchill supported the forced sterilization of the ""feeble minded."" In a letter to Prime Minister H. H. Asquith in February 1910, he wrote "" The unnatural and increasingly rapid growth of the Feeble-Minded and Insane classes […] constitutes a national and race danger which it is impossible to exaggerate. […] I feel that the source from which the stream of madness is fed should be cut off and sealed up before another year has passed."" According to Addison, Churchill was opposed to immigration from the Commonwealth. Addison makes the point that Churchill opposed anti-Semitism (as in 1904, when he was critical of the proposed Aliens Bill) and argues he would never have tried ""to stoke up racial animosity against immigrants, or to persecute minorities"". In the 1920s, Churchill supported Zionism but believed that communism was the product of an international Jewish conspiracy. Although this belief was not unique among politicians, few had his stature, and the article he wrote on the subject was criticised by The Jewish Chronicle. Churchill made disparaging remarks about non-white ethnicities throughout his life. Philip Murphy partly attributes the strength of this vitriol to an ""almost childish desire to shock"" his inner circle. Churchill's response to the Bengal famine was criticised by contemporaries as slow, a controversy later increased by the publication of private remarks made to Secretary for India Leo Amery, in which Churchill allegedly said aid would be inadequate because ""Indians [were] breeding like rabbits"". Philip Murphy says that, following the independence of India in 1947, Churchill adopted a pragmatic stance towards empire, although he continued to use imperial rhetoric. During his second term as prime minister, he was seen as a moderating influence on Britain's suppression of armed insurgencies in Malaya and Kenya; he argued that ruthless policies contradicted British values and international opinion.

 Cultural depictions 

While biographies by Addison, Gilbert, Jenkins and Rhodes James are among the most acclaimed works about Churchill, he has been the subject of numerous others. David Freeman counted 62 in English to the end of the 20th century. At a public ceremony in Westminster Hall on 30 November 1954, Churchill's 80th birthday, the joint Houses of Parliament presented him with a full-length portrait of himself, painted by Graham Sutherland. Churchill and Clementine reportedly hated it and she had it destroyed. Biographical films include Young Winston (1972), directed by Richard Attenborough and featuring Simon Ward in the title role; Winston Churchill: The Wilderness Years (1981), starring Robert Hardy; The Gathering Storm (2002), starring Albert Finney as Churchill; Into the Storm (2009), starring Brendan Gleeson as Churchill; Darkest Hour (2017), starring Gary Oldman as Churchill. John Lithgow played Churchill in The Crown (2016–2019). Finney, Gleeson, Oldman and Lithgow all won awards for their performances.

 Family 

Churchill married Clementine Hozier in September 1908. They remained married for 57 years until his death. Churchill was aware of the strain his career placed on their marriage. According to Colville, he had an affair in the 1930s with Doris Castlerosse, although this is discounted by Andrew Roberts. The Churchills' first child, Diana, was born in July 1909; Randolph, in May 1911. Sarah, was born in October 1914, and Marigold, in November 1918. Marigold died in August 1921, from sepsis. On 15 September 1922, the Churchills' last child, Mary, was born. Later that month, the Churchills bought Chartwell, which would be their home until Winston's death in 1965.

 See also 

British Empire portal Literature portal United Kingdom portal

 Notes 

== References

 

= Citations

= 

= Print sources

= 

External links

 Churchill's First World War from the Imperial War Museum. Winston Churchill on Nobelprize.org Other references and online collections Works by Winston Churchill at Project Gutenberg Works by Winston S. (Spencer) Churchill at Faded Page (Canada) Works by or about Winston Churchill at the Internet Archive Works by Winston Churchill at LibriVox (public domain audiobooks) Recordings EarthStation1: Winston Churchill Speech Audio Archive. Amateur colour film footage of Churchill's funeral from the Imperial War Museum. Museums, archives and libraries Portraits of Winston Churchill at the National Portrait Gallery, London Hansard 1803–2005: contributions in Parliament by Winston Churchill ""Archival material relating to Winston Churchill"". UK National Archives. Records and images from the UK Parliament Collections. The International Churchill Society (ICS). Imperial War Museum: Churchill War Rooms. Comprising the original underground War Rooms preserved since 1945, including the Cabinet Room, the Map Room and Churchill's bedroom, and the new Museum dedicated to Churchill's life. War Cabinet Minutes (1942), (1942–43), (1945–46), (1946). Locations of correspondence and papers of Churchill at the UK National Archives. Newspaper clippings about Winston Churchill in the 20th Century Press Archives of the ZBW 191 artworks by or after Winston Churchill at the Art UK site Churchill: The Power of Words 2012 exhibition at the Morgan Library & Museum which focused, in part, on his relationship with the United States. Successes in Rhetoric: Language in the Life of Churchill New York Times review. As part of the exhibition, the Library and the Churchill Archives Centre launched DiscoverChurchill.org geared toward educators and young people.","Sir Winston Leonard Spencer Churchill (30 November 1874 – 24 January 1965) was a British statesman, military officer, and writer who was Prime Minister of the United Kingdom from 1940 to 1945 (during the Second World War) and again from 1951 to 1955. For some 62 of the years between 1900 and 1964, he was a member of parliament (MP) and represented a total of five constituencies over that time. Ideologically an adherent to economic liberalism and imperialism, he was for most of his career a member of the Conservative Party, which he led from 1940 to 1955. He was a member of the Liberal Party from 1904 to 1924.
Of mixed English and American parentage, Churchill was born in Oxfordshire into the wealthy, aristocratic Spencer family. He joined the British Army in 1895 and saw action in British India, the Mahdist War and the Second Boer War, gaining fame as a war correspondent and writing books about his campaigns. Elected a Conservative MP in 1900, he defected to the Liberals in 1904. In H. H. Asquith's Liberal government, Churchill was president of the Board of Trade and later Home Secretary, championing prison reform and workers' social security. As First Lord of the Admiralty before and during the First World War he oversaw the disastrous naval attack on the Dardanelles (a prelude to the Gallipoli campaign) and was demoted to Chancellor of the Duchy of Lancaster. He resigned in November 1915 and joined the Royal Scots Fusiliers on the Western Front for six months. In 1917, he returned to government under David Lloyd George and served successively as Minister of Munitions, Secretary of State for War, Secretary of State for Air, and Secretary of State for the Colonies, overseeing the Anglo-Irish Treaty and British foreign policy in the Middle East. After two years out of Parliament, he was Chancellor of the Exchequer in Stanley Baldwin's Conservative government, returning sterling in 1925 to the gold standard, depressing the UK economy.
Out of government during his so-called ""wilderness years"" in the 1930s, Churchill took the lead in calling for rearmament to counter the threat of militarism in Nazi Germany. At the outbreak of the Second World War he was re-appointed First Lord of the Admiralty. In May 1940, he became prime minister, succeeding Neville Chamberlain. Churchill formed a national government and oversaw British involvement in the Allied war effort against the Axis powers, resulting in victory in 1945. After the Conservatives' defeat in the 1945 general election, he became Leader of the Opposition. Amid the developing Cold War with the Soviet Union, he publicly warned of an ""iron curtain"" of Soviet influence in Europe and promoted European unity. Between his terms, he wrote several books recounting his experience during the war. He was awarded the Nobel Prize in Literature in 1953. He lost the 1950 election but was returned to office in 1951. His second term was preoccupied with foreign affairs, especially Anglo-American relations and preservation of what remained of the British Empire, with India no longer a part of it. Domestically, his government's priority was their extensive and successful housebuilding programme. In declining health, Churchill resigned in 1955, remaining an MP until 1964. Upon his death in 1965, he was given a state funeral.
One of the 20th century's most significant figures, Churchill remains popular in the UK and the rest of the Anglosphere. He is generally viewed as a victorious wartime leader who played an integral role in defending liberal democracy against the spread of fascism. A staunch imperialist, he has sometimes been criticised for comments on race, in addition to some wartime decisions such as area bombing. Historians rank Churchill as one of the greatest British prime ministers.

",15800,98842.0,Queen Elizabeth II,1940s-1960s,political_figures,English,Formal,,
